{
"type": "FeatureCollection",
"name": "pricing_hex",
"crs": { "type": "name", "properties": { "name": "urn:ogc:def:crs:OGC:1.3:CRS84" } },
"features": [
{ "type": "Feature", "properties": { "hex_id": "88446c0211fffff", "price_median": 2.2, "n": 2, "qtile": 3.0 }, "geometry": { "type": "Polygon", "coordinates": [ [ [ -95.130825162376411, 29.60098786663184 ], [ -95.125929825653472, 29.603633925968705 ], [ -95.126138535639839, 29.608750670051396 ], [ -95.131243031882548, 29.611221505630905 ], [ -95.136138732372558, 29.608575381044801 ], [ -95.135929572842954, 29.60345848614261 ], [ -95.130825162376411, 29.60098786663184 ] ] ] } },
{ "type": "Feature", "properties": { "hex_id": "88446c0241fffff", "price_median": 1.0, "n": 3, "qtile": 0.0 }, "geometry": { "type": "Polygon", "coordinates": [ [ [ -95.114265270611, 29.562873488059481 ], [ -95.109371671524556, 29.565519676751972 ], [ -95.109579569059534, 29.570636687901843 ], [ -95.114681514850517, 29.573107661455563 ], [ -95.119575477709759, 29.570461407489798 ], [ -95.119367130995315, 29.565344245257762 ], [ -95.114265270611, 29.562873488059481 ] ] ] } },
{ "type": "Feature", "properties": { "hex_id": "88446c0243fffff", "price_median": 1.0, "n": 5, "qtile": 0.0 }, "geometry": { "type": "Polygon", "coordinates": [ [ [ -95.119575477709759, 29.570461407489798 ], [ -95.114681514850517, 29.573107661455563 ], [ -95.114889664632088, 29.578224649809744 ], [ -95.119992226523607, 29.580695535214549 ], [ -95.124886553125066, 29.578049215961254 ], [ -95.124677954082927, 29.572932076604857 ], [ -95.119575477709759, 29.570461407489798 ] ] ] } },
{ "type": "Feature", "properties": { "hex_id": "88446c0247fffff", "price_median": 1.0, "n": 30, "qtile": 1.0 }, "geometry": { "type": "Polygon", "coordinates": [ [ [ -95.109579569059534, 29.570636687901843 ], [ -95.104685687711026, 29.573282486385047 ], [ -95.10489338827395, 29.578399323599765 ], [ -95.109995419394153, 29.580870513484907 ], [ -95.114889664632088, 29.578224649809744 ], [ -95.114681514850517, 29.573107661455563 ], [ -95.109579569059534, 29.570636687901843 ] ] ] } },
{ "type": "Feature", "properties": { "hex_id": "88446c0249fffff", "price_median": 1.0, "n": 8, "qtile": 1.0 }, "geometry": { "type": "Polygon", "coordinates": [ [ [ -95.118950492939192, 29.555109724457246 ], [ -95.114057176148137, 29.557756303178735 ], [ -95.114265270611, 29.562873488059481 ], [ -95.119367130995315, 29.565344245257762 ], [ -95.124260811442539, 29.562697601181693 ], [ -95.124052267839403, 29.557580265276101 ], [ -95.118950492939192, 29.555109724457246 ] ] ] } },
{ "type": "Feature", "properties": { "hex_id": "88446c024dfffff", "price_median": 1.84, "n": 3, "qtile": 1.0 }, "geometry": { "type": "Polygon", "coordinates": [ [ [ -95.108955931707087, 29.5552854581384 ], [ -95.104062696423938, 29.557931581571864 ], [ -95.10427034178845, 29.563048615290533 ], [ -95.109371671524556, 29.565519676751972 ], [ -95.114265270611, 29.562873488059481 ], [ -95.114057176148137, 29.557756303178735 ], [ -95.108955931707087, 29.5552854581384 ] ] ] } },
{ "type": "Feature", "properties": { "hex_id": "88446c0253fffff", "price_median": 2.2, "n": 2, "qtile": 3.0 }, "geometry": { "type": "Polygon", "coordinates": [ [ [ -95.140196976698206, 29.585460565005423 ], [ -95.135302205466161, 29.588107405230726 ], [ -95.1355113093922, 29.593224498155031 ], [ -95.140615634005115, 29.59569490157314 ], [ -95.14551076877072, 29.593047995936182 ], [ -95.14530121538003, 29.587930752306949 ], [ -95.140196976698206, 29.585460565005423 ] ] ] } },
{ "type": "Feature", "properties": { "hex_id": "88446c0259fffff", "price_median": 1.3456521739130434, "n": 1, "qtile": 1.0 }, "geometry": { "type": "Polygon", "coordinates": [ [ [ -95.139569129844972, 29.570108566782139 ], [ -95.134675004855794, 29.5727557317026 ], [ -95.134884053200409, 29.577873021923942 ], [ -95.139987675868639, 29.580343297966639 ], [ -95.144882164305386, 29.57769606756758 ], [ -95.144672666616515, 29.572578626618604 ], [ -95.139569129844972, 29.570108566782139 ] ] ] } },
{ "type": "Feature", "properties": { "hex_id": "88446c025bfffff", "price_median": 3.4, "n": 1, "qtile": 3.0 }, "geometry": { "type": "Polygon", "coordinates": [ [ [ -95.144882164305386, 29.57769606756758 ], [ -95.139987675868639, 29.580343297966639 ], [ -95.140196976698206, 29.585460565005423 ], [ -95.14530121538003, 29.587930752306949 ], [ -95.150196067233608, 29.585283456415009 ], [ -95.149986316978712, 29.580166038728617 ], [ -95.144882164305386, 29.57769606756758 ] ] ] } },
{ "type": "Feature", "properties": { "hex_id": "88446c06d3fffff", "price_median": 1.0, "n": 9, "qtile": 1.0 }, "geometry": { "type": "Polygon", "coordinates": [ [ [ -95.322119531544587, 29.743493395971885 ], [ -95.317216596381272, 29.74614481648613 ], [ -95.317434179035502, 29.751262407287605 ], [ -95.322555148296289, 29.753728725643146 ], [ -95.327458445290148, 29.75107723874504 ], [ -95.327240411183197, 29.745959499889619 ], [ -95.322119531544587, 29.743493395971885 ] ] ] } },
{ "type": "Feature", "properties": { "hex_id": "88446c06dbfffff", "price_median": 1.0, "n": 5, "qtile": 0.0 }, "geometry": { "type": "Polygon", "coordinates": [ [ [ -95.326804401026735, 29.735723816683148 ], [ -95.321901752167832, 29.738375628374147 ], [ -95.322119531544587, 29.743493395971885 ], [ -95.327240411183197, 29.745959499889619 ], [ -95.332143421755148, 29.743307621734122 ], [ -95.331925190965976, 29.73818970613975 ], [ -95.326804401026735, 29.735723816683148 ] ] ] } },
{ "type": "Feature", "properties": { "hex_id": "88446c1081fffff", "price_median": 1.84, "n": 5, "qtile": 3.0 }, "geometry": { "type": "Polygon", "coordinates": [ [ [ -95.142997353143173, 29.531636743762949 ], [ -95.138104802676409, 29.534284946475861 ], [ -95.138313936680703, 29.539402802175751 ], [ -95.143416070206328, 29.541872605892262 ], [ -95.148308983832209, 29.539224337485305 ], [ -95.148099400763513, 29.534106331070053 ], [ -95.142997353143173, 29.531636743762949 ] ] ] } },
{ "type": "Feature", "properties": { "hex_id": "88446c1083fffff", "price_median": 1.84, "n": 27, "qtile": 2.0 }, "geometry": { "type": "Polygon", "coordinates": [ [ [ -95.148308983832209, 29.539224337485305 ], [ -95.143416070206328, 29.541872605892262 ], [ -95.143625456558055, 29.546990439304633 ], [ -95.148728205671219, 29.549460154959643 ], [ -95.153621482425464, 29.546811820844461 ], [ -95.153411646928376, 29.541693836796664 ], [ -95.148308983832209, 29.539224337485305 ] ] ] } },
{ "type": "Feature", "properties": { "hex_id": "88446c108bfffff", "price_median": 1.0, "n": 2, "qtile": 0.0 }, "geometry": { "type": "Polygon", "coordinates": [ [ [ -95.152992031694737, 29.531457673373989 ], [ -95.148099400763513, 29.534106331070053 ], [ -95.148308983832209, 29.539224337485305 ], [ -95.153411646928376, 29.541693836796664 ], [ -95.15830464087135, 29.539045113311079 ], [ -95.158094608696601, 29.533926956317842 ], [ -95.152992031694737, 29.531457673373989 ] ] ] } },
{ "type": "Feature", "properties": { "hex_id": "88446c1091fffff", "price_median": 1.0, "n": 1, "qtile": 0.0 }, "geometry": { "type": "Polygon", "coordinates": [ [ [ -95.163618117966621, 29.546632442629619 ], [ -95.158724761042748, 29.549281231918897 ], [ -95.158934849044314, 29.554399193372205 ], [ -95.164038743227948, 29.556868515968507 ], [ -95.168932463101882, 29.554219660861349 ], [ -95.168721925832372, 29.549101548989974 ], [ -95.163618117966621, 29.546632442629619 ] ] ] } },
{ "type": "Feature", "properties": { "hex_id": "88446c1095fffff", "price_median": 1.0, "n": 9, "qtile": 1.0 }, "geometry": { "type": "Polygon", "coordinates": [ [ [ -95.153621482425464, 29.546811820844461 ], [ -95.148728205671219, 29.549460154959643 ], [ -95.148937844446465, 29.554577965857483 ], [ -95.154041209192513, 29.557047593209798 ], [ -95.158934849044314, 29.554399193372205 ], [ -95.158724761042748, 29.549281231918897 ], [ -95.153621482425464, 29.546811820844461 ] ] ] } },
{ "type": "Feature", "properties": { "hex_id": "88446c109dfffff", "price_median": 1.0, "n": 1, "qtile": 0.0 }, "geometry": { "type": "Polygon", "coordinates": [ [ [ -95.15830464087135, 29.539045113311079 ], [ -95.153411646928376, 29.541693836796664 ], [ -95.153621482425464, 29.546811820844461 ], [ -95.158724761042748, 29.549281231918897 ], [ -95.163618117966621, 29.546632442629619 ], [ -95.163407833282548, 29.54151430808378 ], [ -95.15830464087135, 29.539045113311079 ] ] ] } },
{ "type": "Feature", "properties": { "hex_id": "88446c10a3fffff", "price_median": 1.84, "n": 8, "qtile": 2.0 }, "geometry": { "type": "Polygon", "coordinates": [ [ [ -95.123635236054994, 29.547345397479852 ], [ -95.11874220159261, 29.549992366049949 ], [ -95.118950492939192, 29.555109724457246 ], [ -95.124052267839403, 29.557580265276101 ], [ -95.128945665841329, 29.554933231270098 ], [ -95.128736925393653, 29.54981572189531 ], [ -95.123635236054994, 29.547345397479852 ] ] ] } },
{ "type": "Feature", "properties": { "hex_id": "88446c10a7fffff", "price_median": 3.4, "n": 1, "qtile": 3.0 }, "geometry": { "type": "Polygon", "coordinates": [ [ [ -95.113641042524037, 29.547521737454737 ], [ -95.108748089419691, 29.550168250835867 ], [ -95.108955931707087, 29.5552854581384 ], [ -95.114057176148137, 29.557756303178735 ], [ -95.118950492939192, 29.555109724457246 ], [ -95.11874220159261, 29.549992366049949 ], [ -95.113641042524037, 29.547521737454737 ] ] ] } },
{ "type": "Feature", "properties": { "hex_id": "88446c10b1fffff", "price_median": 1.0, "n": 8, "qtile": 1.0 }, "geometry": { "type": "Polygon", "coordinates": [ [ [ -95.13894144986125, 29.554755978446838 ], [ -95.134047970945502, 29.557403467733756 ], [ -95.134256963730792, 29.56252095452691 ], [ -95.139359884645955, 29.564991102797578 ], [ -95.14425372692331, 29.562343547965028 ], [ -95.144044284914102, 29.557225910421629 ], [ -95.13894144986125, 29.554755978446838 ] ] ] } },
{ "type": "Feature", "properties": { "hex_id": "88446c10b3fffff", "price_median": 1.42, "n": 6, "qtile": 1.0 }, "geometry": { "type": "Polygon", "coordinates": [ [ [ -95.14425372692331, 29.562343547965028 ], [ -95.139359884645955, 29.564991102797578 ], [ -95.139569129844972, 29.570108566782139 ], [ -95.144672666616515, 29.572578626618604 ], [ -95.149566872224767, 29.569931006226195 ], [ -95.149357177720788, 29.564813391571366 ], [ -95.14425372692331, 29.562343547965028 ] ] ] } },
{ "type": "Feature", "properties": { "hex_id": "88446c10b7fffff", "price_median": 3.4, "n": 1, "qtile": 3.0 }, "geometry": { "type": "Polygon", "coordinates": [ [ [ -95.134256963730792, 29.56252095452691 ], [ -95.12936320221992, 29.565168053983029 ], [ -95.129571998155726, 29.570285367159975 ], [ -95.134675004855794, 29.5727557317026 ], [ -95.139569129844972, 29.570108566782139 ], [ -95.139359884645955, 29.564991102797578 ], [ -95.134256963730792, 29.56252095452691 ] ] ] } },
{ "type": "Feature", "properties": { "hex_id": "88446c10bbfffff", "price_median": 2.2, "n": 6, "qtile": 3.0 }, "geometry": { "type": "Polygon", "coordinates": [ [ [ -95.148937844446465, 29.554577965857483 ], [ -95.144044284914102, 29.557225910421629 ], [ -95.14425372692331, 29.562343547965028 ], [ -95.149357177720788, 29.564813391571366 ], [ -95.154251100467405, 29.562165381366093 ], [ -95.154041209192513, 29.557047593209798 ], [ -95.148937844446465, 29.554577965857483 ] ] ] } },
{ "type": "Feature", "properties": { "hex_id": "88446c1505fffff", "price_median": 1.0, "n": 1, "qtile": 0.0 }, "geometry": { "type": "Polygon", "coordinates": [ [ [ -95.170196078539149, 29.584926956943828 ], [ -95.16530106633499, 29.587575164157919 ], [ -95.165511518780079, 29.592692708784945 ], [ -95.17061743300917, 29.595162196504866 ], [ -95.175512808303978, 29.592513923592627 ], [ -95.175301906269283, 29.58739622867283 ], [ -95.170196078539149, 29.584926956943828 ] ] ] } },
{ "type": "Feature", "properties": { "hex_id": "88446c1561fffff", "price_median": 2.62, "n": 4, "qtile": 3.0 }, "geometry": { "type": "Polygon", "coordinates": [ [ [ -95.159565224742224, 29.569752685362211 ], [ -95.154670938812217, 29.572400761222848 ], [ -95.154880885887081, 29.577518352762088 ], [ -95.159985568309807, 29.579988018907795 ], [ -95.164880217392337, 29.577339877377572 ], [ -95.164669820889856, 29.572222135385438 ], [ -95.159565224742224, 29.569752685362211 ] ] ] } },
{ "type": "Feature", "properties": { "hex_id": "88446c1567fffff", "price_median": 1.0, "n": 5, "qtile": 2.0 }, "geometry": { "type": "Polygon", "coordinates": [ [ [ -95.154880885887081, 29.577518352762088 ], [ -95.149986316978712, 29.580166038728617 ], [ -95.150196067233608, 29.585283456415009 ], [ -95.155300835854064, 29.587753338659343 ], [ -95.160195768031713, 29.585105587104447 ], [ -95.159985568309807, 29.579988018907795 ], [ -95.154880885887081, 29.577518352762088 ] ] ] } },
{ "type": "Feature", "properties": { "hex_id": "88446c2121fffff", "price_median": 1.0, "n": 4, "qtile": 0.0 }, "geometry": { "type": "Polygon", "coordinates": [ [ [ -95.243500727575281, 30.021314346530684 ], [ -95.238586790657351, 30.023955715703952 ], [ -95.238801339115426, 30.029068152396142 ], [ -95.243930277752284, 30.031539368790334 ], [ -95.248844579393904, 30.02889793526796 ], [ -95.248629577665255, 30.023785349714871 ], [ -95.243500727575281, 30.021314346530684 ] ] ] } },
{ "type": "Feature", "properties": { "hex_id": "88446c2135fffff", "price_median": 1.0, "n": 7, "qtile": 1.0 }, "geometry": { "type": "Polygon", "coordinates": [ [ [ -95.254189306575924, 30.036481389799093 ], [ -95.249274640242561, 30.039122887686073 ], [ -95.249489699367672, 30.044235254390959 ], [ -95.254619878250324, 30.04670627192187 ], [ -95.259534909243413, 30.044064709654766 ], [ -95.259319396684404, 30.038952194251276 ], [ -95.254189306575924, 30.036481389799093 ] ] ] } },
{ "type": "Feature", "properties": { "hex_id": "88446c213dfffff", "price_median": 1.42, "n": 2, "qtile": 1.0 }, "geometry": { "type": "Polygon", "coordinates": [ [ [ -95.258888429089893, 30.028726944411201 ], [ -95.253974049470614, 30.031368839207335 ], [ -95.254189306575924, 30.036481389799093 ], [ -95.259319396684404, 30.038952194251276 ], [ -95.264234140845147, 30.036310234994918 ], [ -95.264018430346255, 30.031197535760978 ], [ -95.258888429089893, 30.028726944411201 ] ] ] } },
{ "type": "Feature", "properties": { "hex_id": "88446c2a89fffff", "price_median": 1.42, "n": 4, "qtile": 2.0 }, "geometry": { "type": "Polygon", "coordinates": [ [ [ -95.24008903082148, 30.059741239664298 ], [ -95.235173504544832, 30.062381545753198 ], [ -95.235387969460106, 30.067493359584915 ], [ -95.240518414196984, 30.069965016209832 ], [ -95.245434305488303, 30.067324645981035 ], [ -95.245219387018352, 30.062212683281597 ], [ -95.24008903082148, 30.059741239664298 ] ] ] } },
{ "type": "Feature", "properties": { "hex_id": "88446c2a8bfffff", "price_median": 1.0, "n": 9, "qtile": 1.0 }, "geometry": { "type": "Polygon", "coordinates": [ [ [ -95.245434305488303, 30.067324645981035 ], [ -95.240518414196984, 30.069965016209832 ], [ -95.240733134547455, 30.075076794270526 ], [ -95.245864199815912, 30.077548350903324 ], [ -95.250780456089942, 30.07490791651902 ], [ -95.250565282103068, 30.069795989671817 ], [ -95.245434305488303, 30.067324645981035 ] ] ] } },
{ "type": "Feature", "properties": { "hex_id": "88446c2aa9fffff", "price_median": 1.0, "n": 4, "qtile": 0.0 }, "geometry": { "type": "Polygon", "coordinates": [ [ [ -95.215297129679939, 30.06782846324036 ], [ -95.210381474593675, 30.070467448174355 ], [ -95.210594834284294, 30.075578779050492 ], [ -95.215724302563032, 30.07805127420599 ], [ -95.220640323082591, 30.075412225403568 ], [ -95.220426509880326, 30.070300745328439 ], [ -95.215297129679939, 30.06782846324036 ] ] ] } },
{ "type": "Feature", "properties": { "hex_id": "88446c2ac1fffff", "price_median": 1.84, "n": 6, "qtile": 2.0 }, "geometry": { "type": "Polygon", "coordinates": [ [ [ -95.239445099033702, 30.044405024985867 ], [ -95.234530224299903, 30.047045664314755 ], [ -95.234744631967274, 30.052157698038098 ], [ -95.239874367791387, 30.054629241339473 ], [ -95.244789607453455, 30.051988537806185 ], [ -95.244574746353408, 30.046876355190292 ], [ -95.239445099033702, 30.044405024985867 ] ] ] } },
{ "type": "Feature", "properties": { "hex_id": "88446c2ac3fffff", "price_median": 1.0, "n": 3, "qtile": 0.0 }, "geometry": { "type": "Polygon", "coordinates": [ [ [ -95.244789607453455, 30.051988537806185 ], [ -95.239874367791387, 30.054629241339473 ], [ -95.24008903082148, 30.059741239664298 ], [ -95.245219387018352, 30.062212683281597 ], [ -95.250134991576758, 30.059571915528348 ], [ -95.249919875032234, 30.054459768392139 ], [ -95.244789607453455, 30.051988537806185 ] ] ] } },
{ "type": "Feature", "properties": { "hex_id": "88446c2ac5fffff", "price_median": 1.0, "n": 7, "qtile": 2.0 }, "geometry": { "type": "Polygon", "coordinates": [ [ [ -95.229401108803387, 30.044574021571727 ], [ -95.22448631265172, 30.047214199427614 ], [ -95.224700266927897, 30.052326084120882 ], [ -95.229829470737172, 30.054797940002707 ], [ -95.234744631967274, 30.052157698038098 ], [ -95.234530224299903, 30.047045664314755 ], [ -95.229401108803387, 30.044574021571727 ] ] ] } },
{ "type": "Feature", "properties": { "hex_id": "88446c2acbfffff", "price_median": 1.84, "n": 5, "qtile": 2.0 }, "geometry": { "type": "Polygon", "coordinates": [ [ [ -95.249489699367672, 30.044235254390959 ], [ -95.244574746353408, 30.046876355190292 ], [ -95.244789607453455, 30.051988537806185 ], [ -95.249919875032234, 30.054459768392139 ], [ -95.254835192824544, 30.05181860329278 ], [ -95.254619878250324, 30.04670627192187 ], [ -95.249489699367672, 30.044235254390959 ] ] ] } },
{ "type": "Feature", "properties": { "hex_id": "88446c2acdfffff", "price_median": 1.0, "n": 1, "qtile": 0.0 }, "geometry": { "type": "Polygon", "coordinates": [ [ [ -95.234101466195341, 30.036821377536675 ], [ -95.229186956421714, 30.039461952676728 ], [ -95.229401108803387, 30.044574021571727 ], [ -95.234530224299903, 30.047045664314755 ], [ -95.239445099033702, 30.044405024985867 ], [ -95.239230493301051, 30.03929280711715 ], [ -95.234101466195341, 30.036821377536675 ] ] ] } },
{ "type": "Feature", "properties": { "hex_id": "88446c2ad5fffff", "price_median": 3.4, "n": 11, "qtile": 3.0 }, "geometry": { "type": "Polygon", "coordinates": [ [ [ -95.250134991576758, 30.059571915528348 ], [ -95.245219387018352, 30.062212683281597 ], [ -95.245434305488303, 30.067324645981035 ], [ -95.250565282103068, 30.069795989671817 ], [ -95.255481251525808, 30.067155157683025 ], [ -95.255265879459728, 30.062043046253393 ], [ -95.250134991576758, 30.059571915528348 ] ] ] } },
{ "type": "Feature", "properties": { "hex_id": "88446c2ad7fffff", "price_median": 2.0, "n": 3, "qtile": 3.0 }, "geometry": { "type": "Polygon", "coordinates": [ [ [ -95.255481251525808, 30.067155157683025 ], [ -95.250565282103068, 30.069795989671817 ], [ -95.250780456089942, 30.07490791651902 ], [ -95.255912053167719, 30.077379160040795 ], [ -95.260828387422748, 30.07473826380086 ], [ -95.260612759758033, 30.069626188304685 ], [ -95.255481251525808, 30.067155157683025 ] ] ] } },
{ "type": "Feature", "properties": { "hex_id": "88446c2ae1fffff", "price_median": 1.0, "n": 1, "qtile": 0.0 }, "geometry": { "type": "Polygon", "coordinates": [ [ [ -95.214656512897008, 30.052493696187057 ], [ -95.209741509435744, 30.055133015006906 ], [ -95.209954812171915, 30.060244566072559 ], [ -95.215083571749261, 30.062716947556577 ], [ -95.219998940557275, 30.060077564803816 ], [ -95.219785184431416, 30.054965864514305 ], [ -95.214656512897008, 30.052493696187057 ] ] ] } },
{ "type": "Feature", "properties": { "hex_id": "88446c2ae7fffff", "price_median": 3.4, "n": 1, "qtile": 3.0 }, "geometry": { "type": "Polygon", "coordinates": [ [ [ -95.209954812171915, 30.060244566072559 ], [ -95.205039522550692, 30.062883487153723 ], [ -95.20525262705155, 30.067994853557369 ], [ -95.210381474593675, 30.070467448174355 ], [ -95.215297129679939, 30.06782846324036 ], [ -95.215083571749261, 30.062716947556577 ], [ -95.209954812171915, 30.060244566072559 ] ] ] } },
{ "type": "Feature", "properties": { "hex_id": "88446c3049fffff", "price_median": 1.0, "n": 10, "qtile": 0.0 }, "geometry": { "type": "Polygon", "coordinates": [ [ [ -95.375547893344773, 29.819326175801734 ], [ -95.370641341337887, 29.821978260817524 ], [ -95.370861474693839, 29.827095552499276 ], [ -95.375988612308063, 29.829560906425534 ], [ -95.380895525819724, 29.826908754878207 ], [ -95.380674940202965, 29.821791315950581 ], [ -95.375547893344773, 29.819326175801734 ] ] ] } },
{ "type": "Feature", "properties": { "hex_id": "88446c304bfffff", "price_median": 1.0, "n": 19, "qtile": 1.0 }, "geometry": { "type": "Polygon", "coordinates": [ [ [ -95.380895525819724, 29.826908754878207 ], [ -95.375988612308063, 29.829560906425534 ], [ -95.376209001155289, 29.83467816694483 ], [ -95.381336755846334, 29.837143423096151 ], [ -95.3862440308299, 29.834491205002436 ], [ -95.386023189641108, 29.829373797318205 ], [ -95.380895525819724, 29.826908754878207 ] ] ] } },
{ "type": "Feature", "properties": { "hex_id": "88446c305bfffff", "price_median": 1.0, "n": 7, "qtile": 1.0 }, "geometry": { "type": "Polygon", "coordinates": [ [ [ -95.401630016250849, 29.841885628465398 ], [ -95.396722306374443, 29.844538372000123 ], [ -95.39694365893719, 29.849655716515286 ], [ -95.402073173910225, 29.852120464374945 ], [ -95.406981245041749, 29.849467654168787 ], [ -95.406759439935783, 29.844350162788857 ], [ -95.401630016250849, 29.841885628465398 ] ] ] } },
{ "type": "Feature", "properties": { "hex_id": "88446c305dfffff", "price_median": 1.0, "n": 7, "qtile": 0.0 }, "geometry": { "type": "Polygon", "coordinates": [ [ [ -95.3862440308299, 29.834491205002436 ], [ -95.381336755846334, 29.837143423096151 ], [ -95.3815574002614, 29.842260652225598 ], [ -95.386685772073037, 29.844725810359712 ], [ -95.391593408495609, 29.842073525704695 ], [ -95.391372311658145, 29.836956149491293 ], [ -95.3862440308299, 29.834491205002436 ] ] ] } },
{ "type": "Feature", "properties": { "hex_id": "88446c3201fffff", "price_median": 3.4, "n": 15, "qtile": 3.0 }, "geometry": { "type": "Polygon", "coordinates": [ [ [ -95.399636780920332, 29.795825405746513 ], [ -95.394731017997302, 29.798479124460194 ], [ -95.394952193653893, 29.803597097390554 ], [ -95.40007958440313, 29.806061498557597 ], [ -95.404985708326791, 29.803407712975957 ], [ -95.404764080491248, 29.798289593109647 ], [ -95.399636780920332, 29.795825405746513 ] ] ] } },
{ "type": "Feature", "properties": { "hex_id": "88446c3203fffff", "price_median": 1.92, "n": 8, "qtile": 3.0 }, "geometry": { "type": "Polygon", "coordinates": [ [ [ -95.404985708326791, 29.803407712975957 ], [ -95.40007958440313, 29.806061498557597 ], [ -95.400301015644203, 29.811179440684054 ], [ -95.405429023059256, 29.813643744098286 ], [ -95.410335507950535, 29.810989891633884 ], [ -95.410113624449835, 29.805871802652426 ], [ -95.404985708326791, 29.803407712975957 ] ] ] } },
{ "type": "Feature", "properties": { "hex_id": "88446c3205fffff", "price_median": 1.0, "n": 5, "qtile": 2.0 }, "geometry": { "type": "Polygon", "coordinates": [ [ [ -95.389604243870323, 29.796014625782608 ], [ -95.384698554402974, 29.798667886202892 ], [ -95.384919277920631, 29.803785712059092 ], [ -95.390046143035178, 29.806250424583595 ], [ -95.394952193653893, 29.803597097390554 ], [ -95.394731017997302, 29.798479124460194 ], [ -95.389604243870323, 29.796014625782608 ] ] ] } },
{ "type": "Feature", "properties": { "hex_id": "88446c3207fffff", "price_median": 2.0, "n": 7, "qtile": 2.0 }, "geometry": { "type": "Polygon", "coordinates": [ [ [ -95.394952193653893, 29.803597097390554 ], [ -95.390046143035178, 29.806250424583595 ], [ -95.390267122056613, 29.811368219716808 ], [ -95.395394603907064, 29.813832834664641 ], [ -95.400301015644203, 29.811179440684054 ], [ -95.40007958440313, 29.806061498557597 ], [ -95.394952193653893, 29.803597097390554 ] ] ] } },
{ "type": "Feature", "properties": { "hex_id": "88446c3209fffff", "price_median": 3.1, "n": 5, "qtile": 3.0 }, "geometry": { "type": "Polygon", "coordinates": [ [ [ -95.404320883868408, 29.788053145169258 ], [ -95.399415408673391, 29.790707255222848 ], [ -95.399636780920332, 29.795825405746513 ], [ -95.404764080491248, 29.798289593109647 ], [ -95.409669916569143, 29.795635416107679 ], [ -95.409448092183908, 29.790517118705395 ], [ -95.404320883868408, 29.788053145169258 ] ] ] } },
{ "type": "Feature", "properties": { "hex_id": "88446c320bfffff", "price_median": 3.4, "n": 34, "qtile": 3.0 }, "geometry": { "type": "Polygon", "coordinates": [ [ [ -95.409669916569143, 29.795635416107679 ], [ -95.404764080491248, 29.798289593109647 ], [ -95.404985708326791, 29.803407712975957 ], [ -95.410113624449835, 29.805871802652426 ], [ -95.415019821377541, 29.803217558687319 ], [ -95.414797741323071, 29.798099292023309 ], [ -95.409669916569143, 29.795635416107679 ] ] ] } },
{ "type": "Feature", "properties": { "hex_id": "88446c320dfffff", "price_median": 3.4, "n": 7, "qtile": 3.0 }, "geometry": { "type": "Polygon", "coordinates": [ [ [ -95.394288725611077, 29.788242970415304 ], [ -95.38938332372166, 29.790896622275806 ], [ -95.389604243870323, 29.796014625782608 ], [ -95.394731017997302, 29.798479124460194 ], [ -95.399636780920332, 29.795825405746513 ], [ -95.399415408673391, 29.790707255222848 ], [ -95.394288725611077, 29.788242970415304 ] ] ] } },
{ "type": "Feature", "properties": { "hex_id": "88446c3211fffff", "price_median": 2.0, "n": 9, "qtile": 3.0 }, "geometry": { "type": "Polygon", "coordinates": [ [ [ -95.420370598413584, 29.81079957243837 ], [ -95.415464040669193, 29.813453883381424 ], [ -95.415686179911603, 29.818571941250543 ], [ -95.420815329269317, 29.821035834826827 ], [ -95.425722247797268, 29.818381456891032 ], [ -95.425499656174665, 29.813263252386147 ], [ -95.420370598413584, 29.81079957243837 ] ] ] } },
{ "type": "Feature", "properties": { "hex_id": "88446c3213fffff", "price_median": 3.4, "n": 5, "qtile": 3.0 }, "geometry": { "type": "Polygon", "coordinates": [ [ [ -95.425722247797268, 29.818381456891032 ], [ -95.420815329269317, 29.821035834826827 ], [ -95.421037724330034, 29.826153861356115 ], [ -95.426167490370219, 29.828617656518816 ], [ -95.431074769648518, 29.825963211575452 ], [ -95.43085192212699, 29.820845038491402 ], [ -95.425722247797268, 29.818381456891032 ] ] ] } },
{ "type": "Feature", "properties": { "hex_id": "88446c3215fffff", "price_median": 1.8652173913043477, "n": 18, "qtile": 3.0 }, "geometry": { "type": "Polygon", "coordinates": [ [ [ -95.410335507950535, 29.810989891633884 ], [ -95.405429023059256, 29.813643744098286 ], [ -95.405650709961378, 29.818761655193363 ], [ -95.41077933408576, 29.821225860612518 ], [ -95.415686179911603, 29.818571941250543 ], [ -95.415464040669193, 29.813453883381424 ], [ -95.410335507950535, 29.810989891633884 ] ] ] } },
{ "type": "Feature", "properties": { "hex_id": "88446c3217fffff", "price_median": 1.6675, "n": 1, "qtile": 1.0 }, "geometry": { "type": "Polygon", "coordinates": [ [ [ -95.415686179911603, 29.818571941250543 ], [ -95.41077933408576, 29.821225860612518 ], [ -95.411001276725528, 29.826343740448735 ], [ -95.416130517602781, 29.828807847630493 ], [ -95.421037724330034, 29.826153861356115 ], [ -95.420815329269317, 29.821035834826827 ], [ -95.415686179911603, 29.818571941250543 ] ] ] } },
{ "type": "Feature", "properties": { "hex_id": "88446c3219fffff", "price_median": 3.4, "n": 9, "qtile": 3.0 }, "geometry": { "type": "Polygon", "coordinates": [ [ [ -95.425054532244076, 29.803026634396829 ], [ -95.420148262613324, 29.805681336740165 ], [ -95.420370598413584, 29.81079957243837 ], [ -95.425499656174665, 29.813263252386147 ], [ -95.430406286471111, 29.810608482969712 ], [ -95.430183498331459, 29.80549010069306 ], [ -95.425054532244076, 29.803026634396829 ] ] ] } },
{ "type": "Feature", "properties": { "hex_id": "88446c321bfffff", "price_median": 1.0, "n": 29, "qtile": 2.0 }, "geometry": { "type": "Polygon", "coordinates": [ [ [ -95.430406286471111, 29.810608482969712 ], [ -95.425499656174665, 29.813263252386147 ], [ -95.425722247797268, 29.818381456891032 ], [ -95.43085192212699, 29.820845038491402 ], [ -95.435758913055906, 29.818190201987068 ], [ -95.435535869013336, 29.813071850984727 ], [ -95.430406286471111, 29.810608482969712 ] ] ] } },
{ "type": "Feature", "properties": { "hex_id": "88446c321dfffff", "price_median": 1.0, "n": 4, "qtile": 0.0 }, "geometry": { "type": "Polygon", "coordinates": [ [ [ -95.415019821377541, 29.803217558687319 ], [ -95.410113624449835, 29.805871802652426 ], [ -95.410335507950535, 29.810989891633884 ], [ -95.415464040669193, 29.813453883381424 ], [ -95.420370598413584, 29.81079957243837 ], [ -95.420148262613324, 29.805681336740165 ], [ -95.415019821377541, 29.803217558687319 ] ] ] } },
{ "type": "Feature", "properties": { "hex_id": "88446c3221fffff", "price_median": 2.47, "n": 4, "qtile": 3.0 }, "geometry": { "type": "Polygon", "coordinates": [ [ [ -95.374886961688574, 29.803973557109682 ], [ -95.369981058582255, 29.806625967510438 ], [ -95.370201133284681, 29.811743468242661 ], [ -95.375327563223479, 29.81420870585811 ], [ -95.380233827749592, 29.811556228860258 ], [ -95.380013300907706, 29.806438580858469 ], [ -95.374886961688574, 29.803973557109682 ] ] ] } },
{ "type": "Feature", "properties": { "hex_id": "88446c3223fffff", "price_median": 1.0, "n": 3, "qtile": 0.0 }, "geometry": { "type": "Polygon", "coordinates": [ [ [ -95.380233827749592, 29.811556228860258 ], [ -95.375327563223479, 29.81420870585811 ], [ -95.375547893344773, 29.819326175801734 ], [ -95.380674940202965, 29.821791315950581 ], [ -95.385581566116045, 29.819138772340796 ], [ -95.385360783774544, 29.814021155208518 ], [ -95.380233827749592, 29.811556228860258 ] ] ] } },
{ "type": "Feature", "properties": { "hex_id": "88446c3227fffff", "price_median": 1.5, "n": 2, "qtile": 1.0 }, "geometry": { "type": "Polygon", "coordinates": [ [ [ -95.370201133284681, 29.811743468242661 ], [ -95.365294942815368, 29.814395486741773 ], [ -95.365514820756673, 29.819512809358606 ], [ -95.370641341337887, 29.821978260817524 ], [ -95.375547893344773, 29.819326175801734 ], [ -95.375327563223479, 29.81420870585811 ], [ -95.370201133284681, 29.811743468242661 ] ] ] } },
{ "type": "Feature", "properties": { "hex_id": "88446c3229fffff", "price_median": 1.84, "n": 13, "qtile": 2.0 }, "geometry": { "type": "Polygon", "coordinates": [ [ [ -95.379572305980659, 29.796203076343971 ], [ -95.374666690269763, 29.798855878465812 ], [ -95.374886961688574, 29.803973557109682 ], [ -95.380013300907706, 29.806438580858469 ], [ -95.384919277920631, 29.803785712059092 ], [ -95.384698554402974, 29.798667886202892 ], [ -95.379572305980659, 29.796203076343971 ] ] ] } },
{ "type": "Feature", "properties": { "hex_id": "88446c322bfffff", "price_median": 1.0, "n": 20, "qtile": 1.0 }, "geometry": { "type": "Polygon", "coordinates": [ [ [ -95.384919277920631, 29.803785712059092 ], [ -95.380013300907706, 29.806438580858469 ], [ -95.380233827749592, 29.811556228860258 ], [ -95.385360783774544, 29.814021155208518 ], [ -95.390267122056613, 29.811368219716808 ], [ -95.390046143035178, 29.806250424583595 ], [ -95.384919277920631, 29.803785712059092 ] ] ] } },
{ "type": "Feature", "properties": { "hex_id": "88446c322dfffff", "price_median": 1.0, "n": 16, "qtile": 1.0 }, "geometry": { "type": "Polygon", "coordinates": [ [ [ -95.369540967812696, 29.796390757558736 ], [ -95.364635426158955, 29.799043101377194 ], [ -95.364855245519095, 29.804160632670623 ], [ -95.369981058582255, 29.806625967510438 ], [ -95.374886961688574, 29.803973557109682 ], [ -95.374666690269763, 29.798855878465812 ], [ -95.369540967812696, 29.796390757558736 ] ] ] } },
{ "type": "Feature", "properties": { "hex_id": "88446c3231fffff", "price_median": 1.0, "n": 3, "qtile": 0.0 }, "geometry": { "type": "Polygon", "coordinates": [ [ [ -95.395615838508832, 29.818950598847422 ], [ -95.39070913899053, 29.821603601046299 ], [ -95.390930176908228, 29.826721187081652 ], [ -95.396058366675916, 29.829185917902098 ], [ -95.400965427397509, 29.826532848981223 ], [ -95.40074393713877, 29.821415115976333 ], [ -95.395615838508832, 29.818950598847422 ] ] ] } },
{ "type": "Feature", "properties": { "hex_id": "88446c3233fffff", "price_median": 3.4, "n": 3, "qtile": 3.0 }, "geometry": { "type": "Polygon", "coordinates": [ [ [ -95.400965427397509, 29.826532848981223 ], [ -95.396058366675916, 29.829185917902098 ], [ -95.396279660246407, 29.83430347261309 ], [ -95.40140846695094, 29.836768105306213 ], [ -95.406315888842798, 29.834114969648471 ], [ -95.406094142850534, 29.828997268048916 ], [ -95.400965427397509, 29.826532848981223 ] ] ] } },
{ "type": "Feature", "properties": { "hex_id": "88446c3235fffff", "price_median": 1.5, "n": 2, "qtile": 1.0 }, "geometry": { "type": "Polygon", "coordinates": [ [ [ -95.385581566116045, 29.819138772340796 ], [ -95.380674940202965, 29.821791315950581 ], [ -95.380895525819724, 29.826908754878207 ], [ -95.386023189641108, 29.829373797318205 ], [ -95.390930176908228, 29.826721187081652 ], [ -95.39070913899053, 29.821603601046299 ], [ -95.385581566116045, 29.819138772340796 ] ] ] } },
{ "type": "Feature", "properties": { "hex_id": "88446c3237fffff", "price_median": 1.0, "n": 1, "qtile": 0.0 }, "geometry": { "type": "Polygon", "coordinates": [ [ [ -95.390930176908228, 29.826721187081652 ], [ -95.386023189641108, 29.829373797318205 ], [ -95.3862440308299, 29.834491205002436 ], [ -95.391372311658145, 29.836956149491293 ], [ -95.396279660246407, 29.83430347261309 ], [ -95.396058366675916, 29.829185917902098 ], [ -95.390930176908228, 29.826721187081652 ] ] ] } },
{ "type": "Feature", "properties": { "hex_id": "88446c3239fffff", "price_median": 1.0, "n": 4, "qtile": 1.0 }, "geometry": { "type": "Polygon", "coordinates": [ [ [ -95.400301015644203, 29.811179440684054 ], [ -95.395394603907064, 29.813832834664641 ], [ -95.395615838508832, 29.818950598847422 ], [ -95.40074393713877, 29.821415115976333 ], [ -95.405650709961378, 29.818761655193363 ], [ -95.405429023059256, 29.813643744098286 ], [ -95.400301015644203, 29.811179440684054 ] ] ] } },
{ "type": "Feature", "properties": { "hex_id": "88446c323bfffff", "price_median": 1.0, "n": 2, "qtile": 0.0 }, "geometry": { "type": "Polygon", "coordinates": [ [ [ -95.405650709961378, 29.818761655193363 ], [ -95.40074393713877, 29.821415115976333 ], [ -95.400965427397509, 29.826532848981223 ], [ -95.406094142850534, 29.828997268048916 ], [ -95.411001276725528, 29.826343740448735 ], [ -95.41077933408576, 29.821225860612518 ], [ -95.405650709961378, 29.818761655193363 ] ] ] } },
{ "type": "Feature", "properties": { "hex_id": "88446c323dfffff", "price_median": 1.0, "n": 4, "qtile": 0.0 }, "geometry": { "type": "Polygon", "coordinates": [ [ [ -95.390267122056613, 29.811368219716808 ], [ -95.385360783774544, 29.814021155208518 ], [ -95.385581566116045, 29.819138772340796 ], [ -95.39070913899053, 29.821603601046299 ], [ -95.395615838508832, 29.818950598847422 ], [ -95.395394603907064, 29.813832834664641 ], [ -95.390267122056613, 29.811368219716808 ] ] ] } },
{ "type": "Feature", "properties": { "hex_id": "88446c3243fffff", "price_median": 1.3456521739130434, "n": 17, "qtile": 2.0 }, "geometry": { "type": "Polygon", "coordinates": [ [ [ -95.409004502510612, 29.78028031604352 ], [ -95.404099315075896, 29.78293481725618 ], [ -95.404320883868408, 29.788053145169258 ], [ -95.409448092183908, 29.790517118705395 ], [ -95.414353640383752, 29.787862550463927 ], [ -95.414131619493645, 29.782744075729557 ], [ -95.409004502510612, 29.78028031604352 ] ] ] } },
{ "type": "Feature", "properties": { "hex_id": "88446c3245fffff", "price_median": 2.0, "n": 16, "qtile": 3.0 }, "geometry": { "type": "Polygon", "coordinates": [ [ [ -95.393625434309897, 29.77288822009502 ], [ -95.388720680979588, 29.77554219629609 ], [ -95.388941542278914, 29.780660407452043 ], [ -95.394067608876199, 29.783124789461766 ], [ -95.398972723155339, 29.780470746341798 ], [ -95.398751409879011, 29.775352388145439 ], [ -95.393625434309897, 29.77288822009502 ] ] ] } },
{ "type": "Feature", "properties": { "hex_id": "88446c3247fffff", "price_median": 3.4, "n": 5, "qtile": 3.0 }, "geometry": { "type": "Polygon", "coordinates": [ [ [ -95.398972723155339, 29.780470746341798 ], [ -95.394067608876199, 29.783124789461766 ], [ -95.394288725611077, 29.788242970415304 ], [ -95.399415408673391, 29.790707255222848 ], [ -95.404320883868408, 29.788053145169258 ], [ -95.404099315075896, 29.78293481725618 ], [ -95.398972723155339, 29.780470746341798 ] ] ] } },
{ "type": "Feature", "properties": { "hex_id": "88446c3249fffff", "price_median": 3.4, "n": 39, "qtile": 3.0 }, "geometry": { "type": "Polygon", "coordinates": [ [ [ -95.408339265704299, 29.764924593615309 ], [ -95.403434726742574, 29.76757941871162 ], [ -95.403656236515587, 29.772697953946839 ], [ -95.408782737217308, 29.775161810944972 ], [ -95.413687636859478, 29.772506918754111 ], [ -95.41346567511016, 29.767388236674108 ], [ -95.408339265704299, 29.764924593615309 ] ] ] } },
{ "type": "Feature", "properties": { "hex_id": "88446c324bfffff", "price_median": 1.38163290513834, "n": 20, "qtile": 2.0 }, "geometry": { "type": "Polygon", "coordinates": [ [ [ -95.413687636859478, 29.772506918754111 ], [ -95.408782737217308, 29.775161810944972 ], [ -95.409004502510612, 29.78028031604352 ], [ -95.414131619493645, 29.782744075729557 ], [ -95.419036879783178, 29.780089116429473 ], [ -95.418814662433007, 29.774970464567009 ], [ -95.413687636859478, 29.772506918754111 ] ] ] } },
{ "type": "Feature", "properties": { "hex_id": "88446c324dfffff", "price_median": 3.4, "n": 27, "qtile": 3.0 }, "geometry": { "type": "Polygon", "coordinates": [ [ [ -95.398308842278681, 29.765115464643628 ], [ -95.393404376473256, 29.767769831842859 ], [ -95.393625434309897, 29.77288822009502 ], [ -95.398751409879011, 29.775352388145439 ], [ -95.403656236515587, 29.772697953946839 ], [ -95.403434726742574, 29.76757941871162 ], [ -95.398308842278681, 29.765115464643628 ] ] ] } },
{ "type": "Feature", "properties": { "hex_id": "88446c3253fffff", "price_median": 1.0, "n": 11, "qtile": 1.0 }, "geometry": { "type": "Polygon", "coordinates": [ [ [ -95.429737981415684, 29.795253127510655 ], [ -95.424831999930817, 29.79790822107341 ], [ -95.425054532244076, 29.803026634396829 ], [ -95.430183498331459, 29.80549010069306 ], [ -95.435089840364199, 29.802834939976844 ], [ -95.434866855752375, 29.797716380132318 ], [ -95.429737981415684, 29.795253127510655 ] ] ] } },
{ "type": "Feature", "properties": { "hex_id": "88446c3255fffff", "price_median": 1.5, "n": 6, "qtile": 2.0 }, "geometry": { "type": "Polygon", "coordinates": [ [ [ -95.414353640383752, 29.787862550463927 ], [ -95.409448092183908, 29.790517118705395 ], [ -95.409669916569143, 29.795635416107679 ], [ -95.414797741323071, 29.798099292023309 ], [ -95.419703650254917, 29.795444656738294 ], [ -95.419481373691511, 29.790326212595637 ], [ -95.414353640383752, 29.787862550463927 ] ] ] } },
{ "type": "Feature", "properties": { "hex_id": "88446c3257fffff", "price_median": 1.84, "n": 17, "qtile": 2.0 }, "geometry": { "type": "Polygon", "coordinates": [ [ [ -95.419703650254917, 29.795444656738294 ], [ -95.414797741323071, 29.798099292023309 ], [ -95.415019821377541, 29.803217558687319 ], [ -95.420148262613324, 29.805681336740165 ], [ -95.425054532244076, 29.803026634396829 ], [ -95.424831999930817, 29.79790822107341 ], [ -95.419703650254917, 29.795444656738294 ] ] ] } },
{ "type": "Feature", "properties": { "hex_id": "88446c3259fffff", "price_median": 3.0, "n": 1, "qtile": 3.0 }, "geometry": { "type": "Polygon", "coordinates": [ [ [ -95.429069854411253, 29.779897147372086 ], [ -95.424164521567761, 29.782552564754226 ], [ -95.424386994595295, 29.787671186171586 ], [ -95.42951525263426, 29.790134536765937 ], [ -95.434420945941071, 29.787479052164702 ], [ -95.434198020736304, 29.782360284202674 ], [ -95.429069854411253, 29.779897147372086 ] ] ] } },
{ "type": "Feature", "properties": { "hex_id": "88446c3263fffff", "price_median": 1.92, "n": 8, "qtile": 2.0 }, "geometry": { "type": "Polygon", "coordinates": [ [ [ -95.384257166173299, 29.788432026329918 ], [ -95.379351837890241, 29.791085219992212 ], [ -95.379572305980659, 29.796203076343971 ], [ -95.384698554402974, 29.798667886202892 ], [ -95.389604243870323, 29.796014625782608 ], [ -95.38938332372166, 29.790896622275806 ], [ -95.384257166173299, 29.788432026329918 ] ] ] } },
{ "type": "Feature", "properties": { "hex_id": "88446c3265fffff", "price_median": 1.0, "n": 2, "qtile": 0.0 }, "geometry": { "type": "Polygon", "coordinates": [ [ [ -95.368880978207756, 29.781037422620074 ], [ -95.363976085199297, 29.783690091431186 ], [ -95.364195846001635, 29.788807830677005 ], [ -95.369320951740391, 29.791273048500184 ], [ -95.374226206116447, 29.788620313041093 ], [ -95.374005993376727, 29.783502426421212 ], [ -95.368880978207756, 29.781037422620074 ] ] ] } },
{ "type": "Feature", "properties": { "hex_id": "88446c3267fffff", "price_median": 1.0, "n": 9, "qtile": 0.0 }, "geometry": { "type": "Polygon", "coordinates": [ [ [ -95.374226206116447, 29.788620313041093 ], [ -95.369320951740391, 29.791273048500184 ], [ -95.369540967812696, 29.796390757558736 ], [ -95.374666690269763, 29.798855878465812 ], [ -95.379572305980659, 29.796203076343971 ], [ -95.379351837890241, 29.791085219992212 ], [ -95.374226206116447, 29.788620313041093 ] ] ] } },
{ "type": "Feature", "properties": { "hex_id": "88446c3269fffff", "price_median": 1.0, "n": 13, "qtile": 2.0 }, "geometry": { "type": "Polygon", "coordinates": [ [ [ -95.383595230803735, 29.773077717326398 ], [ -95.378690551080297, 29.775731235524784 ], [ -95.378910960442667, 29.780849299502119 ], [ -95.384036501456066, 29.78331399247412 ], [ -95.388941542278914, 29.780660407452043 ], [ -95.388720680979588, 29.77554219629609 ], [ -95.383595230803735, 29.773077717326398 ] ] ] } },
{ "type": "Feature", "properties": { "hex_id": "88446c326bfffff", "price_median": 2.0, "n": 13, "qtile": 3.0 }, "geometry": { "type": "Polygon", "coordinates": [ [ [ -95.388941542278914, 29.780660407452043 ], [ -95.384036501456066, 29.78331399247412 ], [ -95.384257166173299, 29.788432026329918 ], [ -95.38938332372166, 29.790896622275806 ], [ -95.394288725611077, 29.788242970415304 ], [ -95.394067608876199, 29.783124789461766 ], [ -95.388941542278914, 29.780660407452043 ] ] ] } },
{ "type": "Feature", "properties": { "hex_id": "88446c3289fffff", "price_median": 2.77, "n": 2, "qtile": 3.0 }, "geometry": { "type": "Polygon", "coordinates": [ [ [ -95.441782431233435, 29.841126329759987 ], [ -95.436874430554241, 29.843780908763051 ], [ -95.437097593529444, 29.848898839907747 ], [ -95.442229209877254, 29.85136233837547 ], [ -95.447137571206866, 29.848707692320239 ], [ -95.446913955528984, 29.84358961486393 ], [ -95.441782431233435, 29.841126329759987 ] ] ] } },
{ "type": "Feature", "properties": { "hex_id": "88446c32c5fffff", "price_median": 1.6720170454545455, "n": 12, "qtile": 3.0 }, "geometry": { "type": "Polygon", "coordinates": [ [ [ -95.431074769648518, 29.825963211575452 ], [ -95.426167490370219, 29.828617656518816 ], [ -95.426390141325825, 29.833735651480751 ], [ -95.43152052409188, 29.836199347987524 ], [ -95.436428164087275, 29.833544836021737 ], [ -95.43620506059024, 29.828426694586064 ], [ -95.431074769648518, 29.825963211575452 ] ] ] } },
{ "type": "Feature", "properties": { "hex_id": "88446c32cbfffff", "price_median": 1.0, "n": 2, "qtile": 0.0 }, "geometry": { "type": "Polygon", "coordinates": [ [ [ -95.451150651176533, 29.825579599439187 ], [ -95.446243227700009, 29.828234961704538 ], [ -95.446466783778206, 29.833353249475607 ], [ -95.451598215944486, 29.835816321192794 ], [ -95.4565059998355, 29.833160891714755 ], [ -95.456281991136493, 29.828042457746683 ], [ -95.451150651176533, 29.825579599439187 ] ] ] } },
{ "type": "Feature", "properties": { "hex_id": "88446c32cdfffff", "price_median": 3.4, "n": 1, "qtile": 3.0 }, "geometry": { "type": "Polygon", "coordinates": [ [ [ -95.435758913055906, 29.818190201987068 ], [ -95.43085192212699, 29.820845038491402 ], [ -95.431074769648518, 29.825963211575452 ], [ -95.43620506059024, 29.828426694586064 ], [ -95.441112412118315, 29.825771790979012 ], [ -95.440889112096229, 29.820653471478526 ], [ -95.435758913055906, 29.818190201987068 ] ] ] } },
{ "type": "Feature", "properties": { "hex_id": "88446c32ddfffff", "price_median": 1.0, "n": 2, "qtile": 0.0 }, "geometry": { "type": "Polygon", "coordinates": [ [ [ -95.4565059998355, 29.833160891714755 ], [ -95.451598215944486, 29.835816321192794 ], [ -95.451822028155391, 29.840934577006884 ], [ -95.456954076949415, 29.843397549473337 ], [ -95.461862221221466, 29.840742052767752 ], [ -95.461637956309204, 29.835623650837746 ], [ -95.4565059998355, 29.833160891714755 ] ] ] } },
{ "type": "Feature", "properties": { "hex_id": "88446c32e1fffff", "price_median": 1.0, "n": 3, "qtile": 0.0 }, "geometry": { "type": "Polygon", "coordinates": [ [ [ -95.416352716056764, 29.833925695980369 ], [ -95.411445221162467, 29.836579290412615 ], [ -95.411667222964866, 29.841696960379373 ], [ -95.416797172194677, 29.844161182597635 ], [ -95.421705028075138, 29.841507521318441 ], [ -95.421482573730316, 29.836389704682382 ], [ -95.416352716056764, 29.833925695980369 ] ] ] } },
{ "type": "Feature", "properties": { "hex_id": "88446c32e5fffff", "price_median": 1.84, "n": 6, "qtile": 2.0 }, "geometry": { "type": "Polygon", "coordinates": [ [ [ -95.406315888842798, 29.834114969648471 ], [ -95.40140846695094, 29.836768105306213 ], [ -95.401630016250849, 29.841885628465398 ], [ -95.406759439935783, 29.844350162788857 ], [ -95.411667222964866, 29.841696960379373 ], [ -95.411445221162467, 29.836579290412615 ], [ -95.406315888842798, 29.834114969648471 ] ] ] } },
{ "type": "Feature", "properties": { "hex_id": "88446c32e7fffff", "price_median": 1.5, "n": 4, "qtile": 2.0 }, "geometry": { "type": "Polygon", "coordinates": [ [ [ -95.411667222964866, 29.841696960379373 ], [ -95.406759439935783, 29.844350162788857 ], [ -95.406981245041749, 29.849467654168787 ], [ -95.412111285750683, 29.851932089880229 ], [ -95.417019429883865, 29.849278820704111 ], [ -95.416797172194677, 29.844161182597635 ], [ -95.411667222964866, 29.841696960379373 ] ] ] } },
{ "type": "Feature", "properties": { "hex_id": "88446c32e9fffff", "price_median": 1.0, "n": 1, "qtile": 0.0 }, "geometry": { "type": "Polygon", "coordinates": [ [ [ -95.421037724330034, 29.826153861356115 ], [ -95.416130517602781, 29.828807847630493 ], [ -95.416352716056764, 29.833925695980369 ], [ -95.421482573730316, 29.836389704682382 ], [ -95.426390141325825, 29.833735651480751 ], [ -95.426167490370219, 29.828617656518816 ], [ -95.421037724330034, 29.826153861356115 ] ] ] } },
{ "type": "Feature", "properties": { "hex_id": "88446c32ebfffff", "price_median": 1.0, "n": 2, "qtile": 0.0 }, "geometry": { "type": "Polygon", "coordinates": [ [ [ -95.426390141325825, 29.833735651480751 ], [ -95.421482573730316, 29.836389704682382 ], [ -95.421705028075138, 29.841507521318441 ], [ -95.426835502588446, 29.84397143129835 ], [ -95.431743431018973, 29.841317311154597 ], [ -95.43152052409188, 29.836199347987524 ], [ -95.426390141325825, 29.833735651480751 ] ] ] } },
{ "type": "Feature", "properties": { "hex_id": "88446c32edfffff", "price_median": 1.42, "n": 4, "qtile": 2.0 }, "geometry": { "type": "Polygon", "coordinates": [ [ [ -95.411001276725528, 29.826343740448735 ], [ -95.406094142850534, 29.828997268048916 ], [ -95.406315888842798, 29.834114969648471 ], [ -95.411445221162467, 29.836579290412615 ], [ -95.416352716056764, 29.833925695980369 ], [ -95.416130517602781, 29.828807847630493 ], [ -95.411001276725528, 29.826343740448735 ] ] ] } },
{ "type": "Feature", "properties": { "hex_id": "88446c3341fffff", "price_median": 1.0, "n": 1, "qtile": 0.0 }, "geometry": { "type": "Polygon", "coordinates": [ [ [ -95.33345321339749, 29.774013674213098 ], [ -95.328548906215175, 29.776664902323848 ], [ -95.328767056496233, 29.781782228336546 ], [ -95.333889965685657, 29.784248474121899 ], [ -95.338794634718909, 29.781597179663748 ], [ -95.338576032702321, 29.776479705782023 ], [ -95.33345321339749, 29.774013674213098 ] ] ] } },
{ "type": "Feature", "properties": { "hex_id": "88446c3343fffff", "price_median": 1.5, "n": 6, "qtile": 2.0 }, "geometry": { "type": "Polygon", "coordinates": [ [ [ -95.338794634718909, 29.781597179663748 ], [ -95.333889965685657, 29.784248474121899 ], [ -95.334108370917718, 29.78936577041711 ], [ -95.339231896989958, 29.791831920056786 ], [ -95.344136927841689, 29.78918055923647 ], [ -95.343918070793237, 29.784063115153014 ], [ -95.338794634718909, 29.781597179663748 ] ] ] } },
{ "type": "Feature", "properties": { "hex_id": "88446c334dfffff", "price_median": 2.0, "n": 3, "qtile": 3.0 }, "geometry": { "type": "Polygon", "coordinates": [ [ [ -95.328112663756841, 29.766430043353942 ], [ -95.323208718457906, 29.769081205132029 ], [ -95.32342661386447, 29.774198560634908 ], [ -95.328548906215175, 29.776664902323848 ], [ -95.33345321339749, 29.774013674213098 ], [ -95.333234866336213, 29.768896170760449 ], [ -95.328112663756841, 29.766430043353942 ] ] ] } },
{ "type": "Feature", "properties": { "hex_id": "88446c3351fffff", "price_median": 1.0, "n": 3, "qtile": 0.0 }, "geometry": { "type": "Polygon", "coordinates": [ [ [ -95.35416608638981, 29.788994579365976 ], [ -95.349260980729511, 29.79164639840398 ], [ -95.349480092886338, 29.796763812461819 ], [ -95.354604762631624, 29.799229555065445 ], [ -95.359510229927608, 29.796577669555205 ], [ -95.3592906658332, 29.791460107927971 ], [ -95.35416608638981, 29.788994579365976 ] ] ] } },
{ "type": "Feature", "properties": { "hex_id": "88446c3353fffff", "price_median": 1.0, "n": 7, "qtile": 1.0 }, "geometry": { "type": "Polygon", "coordinates": [ [ [ -95.359510229927608, 29.796577669555205 ], [ -95.354604762631624, 29.799229555065445 ], [ -95.35482412997338, 29.80434693887031 ], [ -95.359949416620097, 29.806812584667892 ], [ -95.364855245519095, 29.804160632670623 ], [ -95.364635426158955, 29.799043101377194 ], [ -95.359510229927608, 29.796577669555205 ] ] ] } },
{ "type": "Feature", "properties": { "hex_id": "88446c3355fffff", "price_median": 1.0, "n": 5, "qtile": 0.0 }, "geometry": { "type": "Polygon", "coordinates": [ [ [ -95.344136927841689, 29.78918055923647 ], [ -95.339231896989958, 29.791831920056786 ], [ -95.339450557249563, 29.79694918640719 ], [ -95.344574700248657, 29.799415239659091 ], [ -95.349480092886338, 29.796763812461819 ], [ -95.349260980729511, 29.79164639840398 ], [ -95.344136927841689, 29.78918055923647 ] ] ] } },
{ "type": "Feature", "properties": { "hex_id": "88446c3359fffff", "price_median": 1.0, "n": 9, "qtile": 0.0 }, "geometry": { "type": "Polygon", "coordinates": [ [ [ -95.358851596135054, 29.781224776934078 ], [ -95.35394677748458, 29.783876987632308 ], [ -95.35416608638981, 29.788994579365976 ], [ -95.3592906658332, 29.791460107927971 ], [ -95.364195846001635, 29.788807830677005 ], [ -95.363976085199297, 29.783690091431186 ], [ -95.358851596135054, 29.781224776934078 ] ] ] } },
{ "type": "Feature", "properties": { "hex_id": "88446c335bfffff", "price_median": 1.0, "n": 12, "qtile": 1.0 }, "geometry": { "type": "Polygon", "coordinates": [ [ [ -95.364195846001635, 29.788807830677005 ], [ -95.3592906658332, 29.791460107927971 ], [ -95.359510229927608, 29.796577669555205 ], [ -95.364635426158955, 29.799043101377194 ], [ -95.369540967812696, 29.796390757558736 ], [ -95.369320951740391, 29.791273048500184 ], [ -95.364195846001635, 29.788807830677005 ] ] ] } },
{ "type": "Feature", "properties": { "hex_id": "88446c335dfffff", "price_median": 3.4, "n": 1, "qtile": 3.0 }, "geometry": { "type": "Polygon", "coordinates": [ [ [ -95.348822814785265, 29.781411362572477 ], [ -95.343918070793237, 29.784063115153014 ], [ -95.344136927841689, 29.78918055923647 ], [ -95.349260980729511, 29.79164639840398 ], [ -95.35416608638981, 29.788994579365976 ], [ -95.35394677748458, 29.783876987632308 ], [ -95.348822814785265, 29.781411362572477 ] ] ] } },
{ "type": "Feature", "properties": { "hex_id": "88446ca1a7fffff", "price_median": 1.5, "n": 8, "qtile": 2.0 }, "geometry": { "type": "Polygon", "coordinates": [ [ [ -95.505962883008166, 29.701526958063162 ], [ -95.501060221167293, 29.704187646240051 ], [ -95.501286011795585, 29.709308466667441 ], [ -95.506414916141836, 29.711768744485884 ], [ -95.511317936815146, 29.709107988000486 ], [ -95.511091694300674, 29.703987022019639 ], [ -95.505962883008166, 29.701526958063162 ] ] ] } },
{ "type": "Feature", "properties": { "hex_id": "88446ca1b5fffff", "price_median": 1.0, "n": 4, "qtile": 0.0 }, "geometry": { "type": "Polygon", "coordinates": [ [ [ -95.521350453315677, 29.708906740557943 ], [ -95.516447362940227, 29.711567954185995 ], [ -95.516673861568748, 29.716688890637926 ], [ -95.521803902568919, 29.719148758810157 ], [ -95.52670735159144, 29.716487476764204 ], [ -95.526480400957624, 29.711366394978427 ], [ -95.521350453315677, 29.708906740557943 ] ] ] } },
{ "type": "Feature", "properties": { "hex_id": "88446ca1b7fffff", "price_median": 1.0, "n": 2, "qtile": 0.0 }, "geometry": { "type": "Polygon", "coordinates": [ [ [ -95.52670735159144, 29.716487476764204 ], [ -95.521803902568919, 29.719148758810157 ], [ -95.522030657387859, 29.72426966550535 ], [ -95.527161313305584, 29.726729435421969 ], [ -95.53206512094124, 29.724068084943628 ], [ -95.531837914036956, 29.718947032995558 ], [ -95.52670735159144, 29.716487476764204 ] ] ] } },
{ "type": "Feature", "properties": { "hex_id": "88446ca801fffff", "price_median": 2.0, "n": 1, "qtile": 2.0 }, "geometry": { "type": "Polygon", "coordinates": [ [ [ -95.394992088754748, 29.688329797868075 ], [ -95.390090862767437, 29.690985780551738 ], [ -95.390311626464751, 29.696105194422323 ], [ -95.395434067470759, 29.698568772723263 ], [ -95.400335653865952, 29.695912722710403 ], [ -95.400114438837917, 29.690793161740217 ], [ -95.394992088754748, 29.688329797868075 ] ] ] } },
{ "type": "Feature", "properties": { "hex_id": "88446ca803fffff", "price_median": 1.75, "n": 8, "qtile": 2.0 }, "geometry": { "type": "Polygon", "coordinates": [ [ [ -95.400335653865952, 29.695912722710403 ], [ -95.395434067470759, 29.698568772723263 ], [ -95.395655086246279, 29.703688158409264 ], [ -95.400778142818837, 29.70615164111571 ], [ -95.405680089588984, 29.703495523759134 ], [ -95.405458619402296, 29.698375991054245 ], [ -95.400335653865952, 29.695912722710403 ] ] ] } },
{ "type": "Feature", "properties": { "hex_id": "88446ca805fffff", "price_median": 1.0, "n": 1, "qtile": 0.0 }, "geometry": { "type": "Polygon", "coordinates": [ [ [ -95.384969037284478, 29.688522106898336 ], [ -95.380067884756841, 29.691177632658032 ], [ -95.380288197163395, 29.69629689929079 ], [ -95.385410113378981, 29.698760787416084 ], [ -95.390311626464751, 29.696105194422323 ], [ -95.390090862767437, 29.690985780551738 ], [ -95.384969037284478, 29.688522106898336 ] ] ] } },
{ "type": "Feature", "properties": { "hex_id": "88446ca807fffff", "price_median": 1.0, "n": 13, "qtile": 1.0 }, "geometry": { "type": "Polygon", "coordinates": [ [ [ -95.390311626464751, 29.696105194422323 ], [ -95.385410113378981, 29.698760787416084 ], [ -95.385630680783237, 29.703880025944937 ], [ -95.390753212635175, 29.706343818651586 ], [ -95.395655086246279, 29.703688158409264 ], [ -95.395434067470759, 29.698568772723263 ], [ -95.390311626464751, 29.696105194422323 ] ] ] } },
{ "type": "Feature", "properties": { "hex_id": "88446ca809fffff", "price_median": 1.84, "n": 7, "qtile": 2.0 }, "geometry": { "type": "Polygon", "coordinates": [ [ [ -95.399672067665634, 29.680553836667933 ], [ -95.39477112880904, 29.683210208860149 ], [ -95.394992088754748, 29.688329797868075 ], [ -95.400114438837917, 29.690793161740217 ], [ -95.405015737984925, 29.688136722138132 ], [ -95.404794326749069, 29.683016986088184 ], [ -95.399672067665634, 29.680553836667933 ] ] ] } },
{ "type": "Feature", "properties": { "hex_id": "88446ca80bfffff", "price_median": 1.0, "n": 8, "qtile": 0.0 }, "geometry": { "type": "Polygon", "coordinates": [ [ [ -95.405015737984925, 29.688136722138132 ], [ -95.400114438837917, 29.690793161740217 ], [ -95.400335653865952, 29.695912722710403 ], [ -95.405458619402296, 29.698375991054245 ], [ -95.410360278806834, 29.695719484027833 ], [ -95.410138612408204, 29.69059977609632 ], [ -95.405015737984925, 29.688136722138132 ] ] ] } },
{ "type": "Feature", "properties": { "hex_id": "88446ca80dfffff", "price_median": 1.2210526315789472, "n": 4, "qtile": 1.0 }, "geometry": { "type": "Polygon", "coordinates": [ [ [ -95.389649394135603, 29.680746749701765 ], [ -95.384748528589, 29.683402665070691 ], [ -95.384969037284478, 29.688522106898336 ], [ -95.390090862767437, 29.690985780551738 ], [ -95.394992088754748, 29.688329797868075 ], [ -95.39477112880904, 29.683210208860149 ], [ -95.389649394135603, 29.680746749701765 ] ] ] } },
{ "type": "Feature", "properties": { "hex_id": "88446ca811fffff", "price_median": 1.3456521739130434, "n": 19, "qtile": 2.0 }, "geometry": { "type": "Polygon", "coordinates": [ [ [ -95.415705690250988, 29.703302121867413 ], [ -95.410803670621931, 29.70595869633264 ], [ -95.411025396043641, 29.711078200544677 ], [ -95.416149592616549, 29.713541277105762 ], [ -95.421051972437084, 29.710884635187195 ], [ -95.42082979548394, 29.705764984175296 ], [ -95.415705690250988, 29.703302121867413 ] ] ] } },
{ "type": "Feature", "properties": { "hex_id": "88446ca813fffff", "price_median": 3.4, "n": 12, "qtile": 3.0 }, "geometry": { "type": "Polygon", "coordinates": [ [ [ -95.421051972437084, 29.710884635187195 ], [ -95.416149592616549, 29.713541277105762 ], [ -95.416371573349636, 29.718660752597362 ], [ -95.421496385505847, 29.721123732903912 ], [ -95.426399125484807, 29.718467023517476 ], [ -95.426176693139865, 29.713347401306798 ], [ -95.421051972437084, 29.710884635187195 ] ] ] } },
{ "type": "Feature", "properties": { "hex_id": "88446ca815fffff", "price_median": 1.0, "n": 25, "qtile": 1.0 }, "geometry": { "type": "Polygon", "coordinates": [ [ [ -95.405680089588984, 29.703495523759134 ], [ -95.400778142818837, 29.70615164111571 ], [ -95.400999416748903, 29.711270998389569 ], [ -95.406123088931452, 29.71373438525946 ], [ -95.411025396043641, 29.711078200544677 ], [ -95.410803670621931, 29.70595869633264 ], [ -95.405680089588984, 29.703495523759134 ] ] ] } },
{ "type": "Feature", "properties": { "hex_id": "88446ca817fffff", "price_median": 2.0, "n": 27, "qtile": 3.0 }, "geometry": { "type": "Polygon", "coordinates": [ [ [ -95.411025396043641, 29.711078200544677 ], [ -95.406123088931452, 29.71373438525946 ], [ -95.406344618092447, 29.718853713893662 ], [ -95.411468905928416, 29.721317004684899 ], [ -95.416371573349636, 29.718660752597362 ], [ -95.416149592616549, 29.713541277105762 ], [ -95.411025396043641, 29.711078200544677 ] ] ] } },
{ "type": "Feature", "properties": { "hex_id": "88446ca81bfffff", "price_median": 2.2, "n": 6, "qtile": 3.0 }, "geometry": { "type": "Polygon", "coordinates": [ [ [ -95.425731887671645, 29.703107952607059 ], [ -95.42082979548394, 29.705764984175296 ], [ -95.421051972437084, 29.710884635187195 ], [ -95.426176693139865, 29.713347401306798 ], [ -95.431079145368429, 29.710690302190127 ], [ -95.430856516844131, 29.705570504516718 ], [ -95.425731887671645, 29.703107952607059 ] ] ] } },
{ "type": "Feature", "properties": { "hex_id": "88446ca81dfffff", "price_median": 2.0, "n": 3, "qtile": 3.0 }, "geometry": { "type": "Polygon", "coordinates": [ [ [ -95.410360278806834, 29.695719484027833 ], [ -95.405458619402296, 29.698375991054245 ], [ -95.405680089588984, 29.703495523759134 ], [ -95.410803670621931, 29.70595869633264 ], [ -95.415705690250988, 29.703302121867413 ], [ -95.415483768613271, 29.698182442281915 ], [ -95.410360278806834, 29.695719484027833 ] ] ] } },
{ "type": "Feature", "properties": { "hex_id": "88446ca821fffff", "price_median": 1.5, "n": 10, "qtile": 2.0 }, "geometry": { "type": "Polygon", "coordinates": [ [ [ -95.370265366521807, 29.696487837443144 ], [ -95.36536400095477, 29.699142516382423 ], [ -95.365583665736551, 29.704261460182416 ], [ -95.370705147367204, 29.706725872491024 ], [ -95.375606873759992, 29.704071126493503 ], [ -95.375386757687025, 29.69895203526 ], [ -95.370265366521807, 29.696487837443144 ] ] ] } },
{ "type": "Feature", "properties": { "hex_id": "88446ca825fffff", "price_median": 1.0, "n": 25, "qtile": 1.0 }, "geometry": { "type": "Polygon", "coordinates": [ [ [ -95.360243135099722, 29.696678009006877 ], [ -95.355341843741897, 29.699332230910976 ], [ -95.355561057272638, 29.704451027139292 ], [ -95.360682013402865, 29.706915749049557 ], [ -95.365583665736551, 29.704261460182416 ], [ -95.36536400095477, 29.699142516382423 ], [ -95.360243135099722, 29.696678009006877 ] ] ] } },
{ "type": "Feature", "properties": { "hex_id": "88446ca82bfffff", "price_median": 1.0, "n": 5, "qtile": 1.0 }, "geometry": { "type": "Polygon", "coordinates": [ [ [ -95.380288197163395, 29.69629689929079 ], [ -95.375386757687025, 29.69895203526 ], [ -95.375606873759992, 29.704071126493503 ], [ -95.380728880631267, 29.706535229067558 ], [ -95.385630680783237, 29.703880025944937 ], [ -95.385410113378981, 29.698760787416084 ], [ -95.380288197163395, 29.69629689929079 ] ] ] } },
{ "type": "Feature", "properties": { "hex_id": "88446ca82dfffff", "price_median": 1.0, "n": 1, "qtile": 0.0 }, "geometry": { "type": "Polygon", "coordinates": [ [ [ -95.364924729863176, 29.688904425368762 ], [ -95.360023725154562, 29.691559037264319 ], [ -95.360243135099722, 29.696678009006877 ], [ -95.36536400095477, 29.699142516382423 ], [ -95.370265366521807, 29.696487837443144 ], [ -95.370045505366008, 29.691368718186403 ], [ -95.364924729863176, 29.688904425368762 ] ] ] } },
{ "type": "Feature", "properties": { "hex_id": "88446ca831fffff", "price_median": 1.0, "n": 1, "qtile": 0.0 }, "geometry": { "type": "Polygon", "coordinates": [ [ [ -95.390974035113487, 29.711463028849028 ], [ -95.386071874318716, 29.714118299139578 ], [ -95.386292500455156, 29.719237333644156 ], [ -95.391415738869327, 29.721701245006528 ], [ -95.396318260274086, 29.719045907533499 ], [ -95.396097182645335, 29.713926725894993 ], [ -95.390974035113487, 29.711463028849028 ] ] ] } },
{ "type": "Feature", "properties": { "hex_id": "88446ca833fffff", "price_median": 1.92, "n": 2, "qtile": 2.0 }, "geometry": { "type": "Polygon", "coordinates": [ [ [ -95.396318260274086, 29.719045907533499 ], [ -95.391415738869327, 29.721701245006528 ], [ -95.39163662015207, 29.726820250805385 ], [ -95.396760474403052, 29.729284066198819 ], [ -95.401663356384901, 29.726628661528743 ], [ -95.401442023529327, 29.721509508676696 ], [ -95.396318260274086, 29.719045907533499 ] ] ] } },
{ "type": "Feature", "properties": { "hex_id": "88446ca835fffff", "price_median": 2.6153846153846163, "n": 3, "qtile": 3.0 }, "geometry": { "type": "Polygon", "coordinates": [ [ [ -95.380949251697785, 29.711654292050348 ], [ -95.376047164511931, 29.714309105120634 ], [ -95.376267339196048, 29.719427992353069 ], [ -95.381390052508991, 29.721892213801755 ], [ -95.386292500455156, 29.719237333644156 ], [ -95.386071874318716, 29.714118299139578 ], [ -95.380949251697785, 29.711654292050348 ] ] ] } },
{ "type": "Feature", "properties": { "hex_id": "88446ca837fffff", "price_median": 3.4, "n": 15, "qtile": 3.0 }, "geometry": { "type": "Polygon", "coordinates": [ [ [ -95.386292500455156, 29.719237333644156 ], [ -95.381390052508991, 29.721892213801755 ], [ -95.38161048225885, 29.727011072409205 ], [ -95.386733811478408, 29.729475198064865 ], [ -95.39163662015207, 29.726820250805385 ], [ -95.391415738869327, 29.721701245006528 ], [ -95.386292500455156, 29.719237333644156 ] ] ] } },
{ "type": "Feature", "properties": { "hex_id": "88446ca839fffff", "price_median": 2.0, "n": 19, "qtile": 1.0 }, "geometry": { "type": "Polygon", "coordinates": [ [ [ -95.395655086246279, 29.703688158409264 ], [ -95.390753212635175, 29.706343818651586 ], [ -95.390974035113487, 29.711463028849028 ], [ -95.396097182645335, 29.713926725894993 ], [ -95.400999416748903, 29.711270998389569 ], [ -95.400778142818837, 29.70615164111571 ], [ -95.395655086246279, 29.703688158409264 ] ] ] } },
{ "type": "Feature", "properties": { "hex_id": "88446ca83bfffff", "price_median": 2.0, "n": 4, "qtile": 3.0 }, "geometry": { "type": "Polygon", "coordinates": [ [ [ -95.400999416748903, 29.711270998389569 ], [ -95.396097182645335, 29.713926725894993 ], [ -95.396318260274086, 29.719045907533499 ], [ -95.401442023529327, 29.721509508676696 ], [ -95.406344618092447, 29.718853713893662 ], [ -95.406123088931452, 29.71373438525946 ], [ -95.400999416748903, 29.711270998389569 ] ] ] } },
{ "type": "Feature", "properties": { "hex_id": "88446ca83dfffff", "price_median": 1.0, "n": 1, "qtile": 0.0 }, "geometry": { "type": "Polygon", "coordinates": [ [ [ -95.385630680783237, 29.703880025944937 ], [ -95.380728880631267, 29.706535229067558 ], [ -95.380949251697785, 29.711654292050348 ], [ -95.386071874318716, 29.714118299139578 ], [ -95.390974035113487, 29.711463028849028 ], [ -95.390753212635175, 29.706343818651586 ], [ -95.385630680783237, 29.703880025944937 ] ] ] } },
{ "type": "Feature", "properties": { "hex_id": "88446ca843fffff", "price_median": 1.5, "n": 4, "qtile": 2.0 }, "geometry": { "type": "Polygon", "coordinates": [ [ [ -95.404351563209829, 29.672777311207728 ], [ -95.399450911516183, 29.675434072727121 ], [ -95.399672067665634, 29.680553836667933 ], [ -95.404794326749069, 29.683016986088184 ], [ -95.409695338615734, 29.680360157078269 ], [ -95.409473731216664, 29.675240246153031 ], [ -95.404351563209829, 29.672777311207728 ] ] ] } },
{ "type": "Feature", "properties": { "hex_id": "88446ca851fffff", "price_median": 1.0, "n": 10, "qtile": 0.0 }, "geometry": { "type": "Polygon", "coordinates": [ [ [ -95.419719206425768, 29.680165710805859 ], [ -95.414818121849024, 29.682822996627756 ], [ -95.415039984414904, 29.687942879581438 ], [ -95.420163382917991, 29.69040562349306 ], [ -95.425064827484277, 29.687748270071101 ], [ -95.424842513548654, 29.682628240352013 ], [ -95.419719206425768, 29.680165710805859 ] ] ] } },
{ "type": "Feature", "properties": { "hex_id": "88446ca855fffff", "price_median": 1.0, "n": 7, "qtile": 0.0 }, "geometry": { "type": "Polygon", "coordinates": [ [ [ -95.409695338615734, 29.680360157078269 ], [ -95.404794326749069, 29.683016986088184 ], [ -95.405015737984925, 29.688136722138132 ], [ -95.410138612408204, 29.69059977609632 ], [ -95.415039984414904, 29.687942879581438 ], [ -95.414818121849024, 29.682822996627756 ], [ -95.409695338615734, 29.680360157078269 ] ] ] } },
{ "type": "Feature", "properties": { "hex_id": "88446ca857fffff", "price_median": 1.5928260869565216, "n": 36, "qtile": 2.0 }, "geometry": { "type": "Polygon", "coordinates": [ [ [ -95.415039984414904, 29.687942879581438 ], [ -95.410138612408204, 29.69059977609632 ], [ -95.410360278806834, 29.695719484027833 ], [ -95.415483768613271, 29.698182442281915 ], [ -95.420385500727008, 29.695525478247596 ], [ -95.420163382917991, 29.69040562349306 ], [ -95.415039984414904, 29.687942879581438 ] ] ] } },
{ "type": "Feature", "properties": { "hex_id": "88446ca859fffff", "price_median": 1.0, "n": 27, "qtile": 1.0 }, "geometry": { "type": "Polygon", "coordinates": [ [ [ -95.424397944851947, 29.672387978087112 ], [ -95.419497147737317, 29.675045653034509 ], [ -95.419719206425768, 29.680165710805859 ], [ -95.424842513548654, 29.682628240352013 ], [ -95.429743670535387, 29.679970497723922 ], [ -95.429521160517837, 29.674850293244805 ], [ -95.424397944851947, 29.672387978087112 ] ] ] } },
{ "type": "Feature", "properties": { "hex_id": "88446ca85dfffff", "price_median": 2.0, "n": 5, "qtile": 3.0 }, "geometry": { "type": "Polygon", "coordinates": [ [ [ -95.414374455770798, 29.672583027916748 ], [ -95.409473731216664, 29.675240246153031 ], [ -95.409695338615734, 29.680360157078269 ], [ -95.414818121849024, 29.682822996627756 ], [ -95.419719206425768, 29.680165710805859 ], [ -95.419497147737317, 29.675045653034509 ], [ -95.414374455770798, 29.672583027916748 ] ] ] } },
{ "type": "Feature", "properties": { "hex_id": "88446ca867fffff", "price_median": 1.42, "n": 2, "qtile": 1.0 }, "geometry": { "type": "Polygon", "coordinates": [ [ [ -95.369605841575222, 29.681130276610386 ], [ -95.364705123548205, 29.683785278316272 ], [ -95.364924729863176, 29.688904425368762 ], [ -95.370045505366008, 29.691368718186403 ], [ -95.374946584134037, 29.688713649356107 ], [ -95.374726526648857, 29.683594354846953 ], [ -95.369605841575222, 29.681130276610386 ] ] ] } },
{ "type": "Feature", "properties": { "hex_id": "88446ca885fffff", "price_median": 3.4, "n": 1, "qtile": 3.0 }, "geometry": { "type": "Polygon", "coordinates": [ [ [ -95.422385448366541, 29.741601108851917 ], [ -95.417481772622736, 29.744257105555263 ], [ -95.417703871617221, 29.749376170682662 ], [ -95.422830098200393, 29.75183938579363 ], [ -95.427734134271589, 29.749183321754316 ], [ -95.427511583422927, 29.744064109954444 ], [ -95.422385448366541, 29.741601108851917 ] ] ] } },
{ "type": "Feature", "properties": { "hex_id": "88446ca889fffff", "price_median": 1.3456521739130434, "n": 11, "qtile": 2.0 }, "geometry": { "type": "Polygon", "coordinates": [ [ [ -95.437096044643567, 29.733631423330621 ], [ -95.432192584447208, 29.736288267696448 ], [ -95.432415331572756, 29.741407655661252 ], [ -95.437541990738566, 29.743870345751297 ], [ -95.442445810993831, 29.741213433873916 ], [ -95.442222612015158, 29.73609389943249 ], [ -95.437096044643567, 29.733631423330621 ] ] ] } },
{ "type": "Feature", "properties": { "hex_id": "88446ca88bfffff", "price_median": 2.385, "n": 2, "qtile": 3.0 }, "geometry": { "type": "Polygon", "coordinates": [ [ [ -95.442445810993831, 29.741213433873916 ], [ -95.437541990738566, 29.743870345751297 ], [ -95.437764993481125, 29.748989704085304 ], [ -95.442892268403213, 29.751452296952134 ], [ -95.447796448684102, 29.748795317548584 ], [ -95.447572994008027, 29.743675812818829 ], [ -95.442445810993831, 29.741213433873916 ] ] ] } },
{ "type": "Feature", "properties": { "hex_id": "88446ca88dfffff", "price_median": 2.0, "n": 5, "qtile": 3.0 }, "geometry": { "type": "Polygon", "coordinates": [ [ [ -95.427066540994502, 29.733825480625391 ], [ -95.422163153054413, 29.736481867502107 ], [ -95.422385448366541, 29.741601108851917 ], [ -95.427511583422927, 29.744064109954444 ], [ -95.432415331572756, 29.741407655661252 ], [ -95.432192584447208, 29.736288267696448 ], [ -95.427066540994502, 29.733825480625391 ] ] ] } },
{ "type": "Feature", "properties": { "hex_id": "88446ca893fffff", "price_median": 2.5, "n": 2, "qtile": 3.0 }, "geometry": { "type": "Polygon", "coordinates": [ [ [ -95.458500338562843, 29.763958702412559 ], [ -95.453595438330737, 29.766615816912331 ], [ -95.45381920838291, 29.771735084988272 ], [ -95.458948330832726, 29.774197384731895 ], [ -95.463853590990354, 29.771540202662031 ], [ -95.463629368763435, 29.766420788433109 ], [ -95.458500338562843, 29.763958702412559 ] ] ] } },
{ "type": "Feature", "properties": { "hex_id": "88446ca897fffff", "price_median": 1.2470588235294118, "n": 1, "qtile": 0.0 }, "geometry": { "type": "Polygon", "coordinates": [ [ [ -95.448466931766575, 29.764153419218687 ], [ -95.443562103186849, 29.766810075849023 ], [ -95.443785421103826, 29.771929197633543 ], [ -95.448914019726502, 29.774391809093622 ], [ -95.45381920838291, 29.771735084988272 ], [ -95.453595438330737, 29.766615816912331 ], [ -95.448466931766575, 29.764153419218687 ] ] ] } },
{ "type": "Feature", "properties": { "hex_id": "88446ca899fffff", "price_median": 3.1, "n": 36, "qtile": 3.0 }, "geometry": { "type": "Polygon", "coordinates": [ [ [ -95.457828499318609, 29.748600162017265 ], [ -95.452924247384033, 29.751257599094309 ], [ -95.453147957833934, 29.756377073884767 ], [ -95.458276372262659, 29.758839257789049 ], [ -95.463180984038416, 29.756181753076142 ], [ -95.462956821535059, 29.751062132109283 ], [ -95.457828499318609, 29.748600162017265 ] ] ] } },
{ "type": "Feature", "properties": { "hex_id": "88446ca89bfffff", "price_median": 1.0, "n": 5, "qtile": 1.0 }, "geometry": { "type": "Polygon", "coordinates": [ [ [ -95.463180984038416, 29.756181753076142 ], [ -95.458276372262659, 29.758839257789049 ], [ -95.458500338562843, 29.763958702412559 ], [ -95.463629368763435, 29.766420788433109 ], [ -95.468534340346935, 29.763763216069723 ], [ -95.468309921912919, 29.758643625350743 ], [ -95.463180984038416, 29.756181753076142 ] ] ] } },
{ "type": "Feature", "properties": { "hex_id": "88446ca8a1fffff", "price_median": 3.4, "n": 17, "qtile": 3.0 }, "geometry": { "type": "Polygon", "coordinates": [ [ [ -95.407674206079577, 29.749568250997516 ], [ -95.40277031542071, 29.752223399650244 ], [ -95.402991766197744, 29.757342141482781 ], [ -95.408117559479365, 29.759805881545276 ], [ -95.413021810734008, 29.757150665732201 ], [ -95.412799908101917, 29.752031777031419 ], [ -95.407674206079577, 29.749568250997516 ] ] ] } },
{ "type": "Feature", "properties": { "hex_id": "88446ca8a3fffff", "price_median": 2.62, "n": 6, "qtile": 3.0 }, "geometry": { "type": "Polygon", "coordinates": [ [ [ -95.413021810734008, 29.757150665732201 ], [ -95.408117559479365, 29.759805881545276 ], [ -95.408339265704299, 29.764924593615309 ], [ -95.41346567511016, 29.767388236674108 ], [ -95.418370286927541, 29.764732953686043 ], [ -95.418148128767001, 29.759614094828606 ], [ -95.413021810734008, 29.757150665732201 ] ] ] } },
{ "type": "Feature", "properties": { "hex_id": "88446ca8a5fffff", "price_median": 2.0, "n": 18, "qtile": 3.0 }, "geometry": { "type": "Polygon", "coordinates": [ [ [ -95.397645138219886, 29.749759562826252 ], [ -95.392741320718045, 29.752414253777538 ], [ -95.392962319679938, 29.757532848603585 ], [ -95.398087587949476, 29.759996899499257 ], [ -95.402991766197744, 29.757342141482781 ], [ -95.40277031542071, 29.752223399650244 ], [ -95.397645138219886, 29.749759562826252 ] ] ] } },
{ "type": "Feature", "properties": { "hex_id": "88446ca8a7fffff", "price_median": 3.2, "n": 8, "qtile": 3.0 }, "geometry": { "type": "Polygon", "coordinates": [ [ [ -95.402991766197744, 29.757342141482781 ], [ -95.398087587949476, 29.759996899499257 ], [ -95.398308842278681, 29.765115464643628 ], [ -95.403434726742574, 29.76757941871162 ], [ -95.408339265704299, 29.764924593615309 ], [ -95.408117559479365, 29.759805881545276 ], [ -95.402991766197744, 29.757342141482781 ] ] ] } },
{ "type": "Feature", "properties": { "hex_id": "88446ca8a9fffff", "price_median": 1.185, "n": 10, "qtile": 2.0 }, "geometry": { "type": "Polygon", "coordinates": [ [ [ -95.412356161936628, 29.741793793573009 ], [ -95.40745255889945, 29.744449332680922 ], [ -95.407674206079577, 29.749568250997516 ], [ -95.412799908101917, 29.752031777031419 ], [ -95.417703871617221, 29.749376170682662 ], [ -95.417481772622736, 29.744257105555263 ], [ -95.412356161936628, 29.741793793573009 ] ] ] } },
{ "type": "Feature", "properties": { "hex_id": "88446ca8adfffff", "price_median": 2.0, "n": 14, "qtile": 3.0 }, "geometry": { "type": "Polygon", "coordinates": [ [ [ -95.402327472844362, 29.741985709951699 ], [ -95.397423942814299, 29.744640791458725 ], [ -95.397645138219886, 29.749759562826252 ], [ -95.40277031542071, 29.752223399650244 ], [ -95.407674206079577, 29.749568250997516 ], [ -95.40745255889945, 29.744449332680922 ], [ -95.402327472844362, 29.741985709951699 ] ] ] } },
{ "type": "Feature", "properties": { "hex_id": "88446ca8b1fffff", "price_median": 2.2, "n": 2, "qtile": 3.0 }, "geometry": { "type": "Polygon", "coordinates": [ [ [ -95.428401905386863, 29.764540544728352 ], [ -95.423497221014557, 29.767196285602743 ], [ -95.423719634780014, 29.772315114389265 ], [ -95.428847184964411, 29.774778348884031 ], [ -95.433752229715452, 29.772122540724833 ], [ -95.433529363894095, 29.767003565370128 ], [ -95.428401905386863, 29.764540544728352 ] ] ] } },
{ "type": "Feature", "properties": { "hex_id": "88446ca8b3fffff", "price_median": 3.4, "n": 4, "qtile": 3.0 }, "geometry": { "type": "Polygon", "coordinates": [ [ [ -95.433752229715452, 29.772122540724833 ], [ -95.428847184964411, 29.774778348884031 ], [ -95.429069854411253, 29.779897147372086 ], [ -95.434198020736304, 29.782360284202674 ], [ -95.439103425832869, 29.779704408743964 ], [ -95.438880304249608, 29.774585463768638 ], [ -95.433752229715452, 29.772122540724833 ] ] ] } },
{ "type": "Feature", "properties": { "hex_id": "88446ca8b5fffff", "price_median": 1.0, "n": 13, "qtile": 2.0 }, "geometry": { "type": "Polygon", "coordinates": [ [ [ -95.418370286927541, 29.764732953686043 ], [ -95.41346567511016, 29.767388236674108 ], [ -95.413687636859478, 29.772506918754111 ], [ -95.418814662433007, 29.774970464567009 ], [ -95.423719634780014, 29.772315114389265 ], [ -95.423497221014557, 29.767196285602743 ], [ -95.418370286927541, 29.764732953686043 ] ] ] } },
{ "type": "Feature", "properties": { "hex_id": "88446ca8b7fffff", "price_median": 1.63125, "n": 10, "qtile": 3.0 }, "geometry": { "type": "Polygon", "coordinates": [ [ [ -95.423719634780014, 29.772315114389265 ], [ -95.418814662433007, 29.774970464567009 ], [ -95.419036879783178, 29.780089116429473 ], [ -95.424164521567761, 29.782552564754226 ], [ -95.429069854411253, 29.779897147372086 ], [ -95.428847184964411, 29.774778348884031 ], [ -95.423719634780014, 29.772315114389265 ] ] ] } },
{ "type": "Feature", "properties": { "hex_id": "88446ca8bdfffff", "price_median": 1.0, "n": 8, "qtile": 2.0 }, "geometry": { "type": "Polygon", "coordinates": [ [ [ -95.423052452727376, 29.756958421224361 ], [ -95.418148128767001, 29.759614094828606 ], [ -95.418370286927541, 29.764732953686043 ], [ -95.423497221014557, 29.767196285602743 ], [ -95.428401905386863, 29.764540544728352 ], [ -95.428179295250928, 29.759421539221847 ], [ -95.423052452727376, 29.756958421224361 ] ] ] } },
{ "type": "Feature", "properties": { "hex_id": "88446ca8c1fffff", "price_median": 2.2, "n": 2, "qtile": 3.0 }, "geometry": { "type": "Polygon", "coordinates": [ [ [ -95.436427273936928, 29.718272526527052 ], [ -95.431524461700647, 29.720929693206664 ], [ -95.431747149513754, 29.726049286388545 ], [ -95.436873101285883, 29.728511859405167 ], [ -95.441776273496671, 29.725854625148049 ], [ -95.441553133951601, 29.720734885466261 ], [ -95.436427273936928, 29.718272526527052 ] ] ] } },
{ "type": "Feature", "properties": { "hex_id": "88446ca8c3fffff", "price_median": 1.685, "n": 32, "qtile": 3.0 }, "geometry": { "type": "Polygon", "coordinates": [ [ [ -95.441776273496671, 29.725854625148049 ], [ -95.436873101285883, 29.728511859405167 ], [ -95.437096044643567, 29.733631423330621 ], [ -95.442222612015158, 29.73609389943249 ], [ -95.447126144167186, 29.733436597583321 ], [ -95.446902748997175, 29.728316887238783 ], [ -95.441776273496671, 29.725854625148049 ] ] ] } },
{ "type": "Feature", "properties": { "hex_id": "88446ca8c5fffff", "price_median": 1.84, "n": 7, "qtile": 3.0 }, "geometry": { "type": "Polygon", "coordinates": [ [ [ -95.426399125484807, 29.718467023517476 ], [ -95.421496385505847, 29.721123732903912 ], [ -95.421718621626695, 29.726243179447501 ], [ -95.42684404940951, 29.728706063257398 ], [ -95.431747149513754, 29.726049286388545 ], [ -95.431524461700647, 29.720929693206664 ], [ -95.426399125484807, 29.718467023517476 ] ] ] } },
{ "type": "Feature", "properties": { "hex_id": "88446ca8c7fffff", "price_median": 2.7, "n": 22, "qtile": 3.0 }, "geometry": { "type": "Polygon", "coordinates": [ [ [ -95.431747149513754, 29.726049286388545 ], [ -95.42684404940951, 29.728706063257398 ], [ -95.427066540994502, 29.733825480625391 ], [ -95.432192584447208, 29.736288267696448 ], [ -95.437096044643567, 29.733631423330621 ], [ -95.436873101285883, 29.728511859405167 ], [ -95.431747149513754, 29.726049286388545 ] ] ] } },
{ "type": "Feature", "properties": { "hex_id": "88446ca8d1fffff", "price_median": 2.0, "n": 14, "qtile": 3.0 }, "geometry": { "type": "Polygon", "coordinates": [ [ [ -95.457156839003673, 29.733241003256698 ], [ -95.452253235196636, 29.735898762583385 ], [ -95.452476886068013, 29.741018443363011 ], [ -95.457604592669441, 29.743480511030185 ], [ -95.462508556233388, 29.740822684001802 ], [ -95.462284453429788, 29.735702857022403 ], [ -95.457156839003673, 29.733241003256698 ] ] ] } },
{ "type": "Feature", "properties": { "hex_id": "88446ca8d3fffff", "price_median": 3.4, "n": 35, "qtile": 3.0 }, "geometry": { "type": "Polygon", "coordinates": [ [ [ -95.462508556233388, 29.740822684001802 ], [ -95.457604592669441, 29.743480511030185 ], [ -95.457828499318609, 29.748600162017265 ], [ -95.462956821535059, 29.751062132109283 ], [ -95.467861144822464, 29.748404237364607 ], [ -95.467636786160753, 29.74328444025868 ], [ -95.462508556233388, 29.740822684001802 ] ] ] } },
{ "type": "Feature", "properties": { "hex_id": "88446ca8d5fffff", "price_median": 2.1720170454545453, "n": 6, "qtile": 3.0 }, "geometry": { "type": "Polygon", "coordinates": [ [ [ -95.447126144167186, 29.733436597583321 ], [ -95.442222612015158, 29.73609389943249 ], [ -95.442445810993831, 29.741213433873916 ], [ -95.447572994008027, 29.743675812818829 ], [ -95.452476886068013, 29.741018443363011 ], [ -95.452253235196636, 29.735898762583385 ], [ -95.447126144167186, 29.733436597583321 ] ] ] } },
{ "type": "Feature", "properties": { "hex_id": "88446ca8d7fffff", "price_median": 3.4, "n": 18, "qtile": 3.0 }, "geometry": { "type": "Polygon", "coordinates": [ [ [ -95.452476886068013, 29.741018443363011 ], [ -95.447572994008027, 29.743675812818829 ], [ -95.447796448684102, 29.748795317548584 ], [ -95.452924247384033, 29.751257599094309 ], [ -95.457828499318609, 29.748600162017265 ], [ -95.457604592669441, 29.743480511030185 ], [ -95.452476886068013, 29.741018443363011 ] ] ] } },
{ "type": "Feature", "properties": { "hex_id": "88446ca8d9fffff", "price_median": 1.75375, "n": 10, "qtile": 2.0 }, "geometry": { "type": "Polygon", "coordinates": [ [ [ -95.461836307503845, 29.725462997615399 ], [ -95.456932991981773, 29.728121146631512 ], [ -95.457156839003673, 29.733241003256698 ], [ -95.462284453429788, 29.735702857022403 ], [ -95.46718812859109, 29.733044640224129 ], [ -95.466963829677852, 29.727924637456763 ], [ -95.461836307503845, 29.725462997615399 ] ] ] } },
{ "type": "Feature", "properties": { "hex_id": "88446ca8dbfffff", "price_median": 3.1, "n": 61, "qtile": 3.0 }, "geometry": { "type": "Polygon", "coordinates": [ [ [ -95.46718812859109, 29.733044640224129 ], [ -95.462284453429788, 29.735702857022403 ], [ -95.462508556233388, 29.740822684001802 ], [ -95.467636786160753, 29.74328444025868 ], [ -95.472540820927819, 29.740626155663669 ], [ -95.472316266152561, 29.735506182622984 ], [ -95.46718812859109, 29.733044640224129 ] ] ] } },
{ "type": "Feature", "properties": { "hex_id": "88446ca8ddfffff", "price_median": 3.4, "n": 5, "qtile": 3.0 }, "geometry": { "type": "Polygon", "coordinates": [ [ [ -95.451805993013934, 29.725659195599214 ], [ -95.446902748997175, 29.728316887238783 ], [ -95.447126144167186, 29.733436597583321 ], [ -95.452253235196636, 29.735898762583385 ], [ -95.457156839003673, 29.733241003256698 ], [ -95.456932991981773, 29.728121146631512 ], [ -95.451805993013934, 29.725659195599214 ] ] ] } },
{ "type": "Feature", "properties": { "hex_id": "88446ca8e1fffff", "price_median": 3.4, "n": 16, "qtile": 3.0 }, "geometry": { "type": "Polygon", "coordinates": [ [ [ -95.411690690396711, 29.726436304451866 ], [ -95.406787735407008, 29.729092166527092 ], [ -95.407009323565802, 29.734211290365131 ], [ -95.412134318398216, 29.736674698976508 ], [ -95.41703763378149, 29.734018769594527 ], [ -95.416815593929499, 29.728899498922353 ], [ -95.411690690396711, 29.726436304451866 ] ] ] } },
{ "type": "Feature", "properties": { "hex_id": "88446ca8e3fffff", "price_median": 3.0, "n": 41, "qtile": 3.0 }, "geometry": { "type": "Polygon", "coordinates": [ [ [ -95.41703763378149, 29.734018769594527 ], [ -95.412134318398216, 29.736674698976508 ], [ -95.412356161936628, 29.741793793573009 ], [ -95.417481772622736, 29.744257105555263 ], [ -95.422385448366541, 29.741601108851917 ], [ -95.422163153054413, 29.736481867502107 ], [ -95.41703763378149, 29.734018769594527 ] ] ] } },
{ "type": "Feature", "properties": { "hex_id": "88446ca8e5fffff", "price_median": 3.4, "n": 9, "qtile": 3.0 }, "geometry": { "type": "Polygon", "coordinates": [ [ [ -95.401663356384901, 29.726628661528743 ], [ -95.396760474403052, 29.729284066198819 ], [ -95.396981610908497, 29.734403043064439 ], [ -95.40210608103979, 29.736866762246827 ], [ -95.407009323565802, 29.734211290365131 ], [ -95.406787735407008, 29.729092166527092 ], [ -95.401663356384901, 29.726628661528743 ] ] ] } },
{ "type": "Feature", "properties": { "hex_id": "88446ca8e7fffff", "price_median": 2.0, "n": 23, "qtile": 3.0 }, "geometry": { "type": "Polygon", "coordinates": [ [ [ -95.407009323565802, 29.734211290365131 ], [ -95.40210608103979, 29.736866762246827 ], [ -95.402327472844362, 29.741985709951699 ], [ -95.40745255889945, 29.744449332680922 ], [ -95.412356161936628, 29.741793793573009 ], [ -95.412134318398216, 29.736674698976508 ], [ -95.407009323565802, 29.734211290365131 ] ] ] } },
{ "type": "Feature", "properties": { "hex_id": "88446ca8e9fffff", "price_median": 3.4, "n": 16, "qtile": 3.0 }, "geometry": { "type": "Polygon", "coordinates": [ [ [ -95.416371573349636, 29.718660752597362 ], [ -95.411468905928416, 29.721317004684899 ], [ -95.411690690396711, 29.726436304451866 ], [ -95.416815593929499, 29.728899498922353 ], [ -95.421718621626695, 29.726243179447501 ], [ -95.421496385505847, 29.721123732903912 ], [ -95.416371573349636, 29.718660752597362 ] ] ] } },
{ "type": "Feature", "properties": { "hex_id": "88446ca8ebfffff", "price_median": 1.92, "n": 30, "qtile": 3.0 }, "geometry": { "type": "Polygon", "coordinates": [ [ [ -95.421718621626695, 29.726243179447501 ], [ -95.416815593929499, 29.728899498922353 ], [ -95.41703763378149, 29.734018769594527 ], [ -95.422163153054413, 29.736481867502107 ], [ -95.427066540994502, 29.733825480625391 ], [ -95.42684404940951, 29.728706063257398 ], [ -95.421718621626695, 29.726243179447501 ] ] ] } },
{ "type": "Feature", "properties": { "hex_id": "88446ca8edfffff", "price_median": 2.62, "n": 2, "qtile": 3.0 }, "geometry": { "type": "Polygon", "coordinates": [ [ [ -95.406344618092447, 29.718853713893662 ], [ -95.401442023529327, 29.721509508676696 ], [ -95.401663356384901, 29.726628661528743 ], [ -95.406787735407008, 29.729092166527092 ], [ -95.411690690396711, 29.726436304451866 ], [ -95.411468905928416, 29.721317004684899 ], [ -95.406344618092447, 29.718853713893662 ] ] ] } },
{ "type": "Feature", "properties": { "hex_id": "88446ca911fffff", "price_median": 3.64, "n": 1, "qtile": 3.0 }, "geometry": { "type": "Polygon", "coordinates": [ [ [ -95.345539048927762, 29.704639827491928 ], [ -95.340637545611898, 29.707293202082845 ], [ -95.34085611143243, 29.712411674825468 ], [ -95.345976631810558, 29.714876920758758 ], [ -95.35087849636966, 29.712223479380697 ], [ -95.35065947929796, 29.707104858870871 ], [ -95.345539048927762, 29.704639827491928 ] ] ] } },
{ "type": "Feature", "properties": { "hex_id": "88446ca913fffff", "price_median": 1.0, "n": 4, "qtile": 0.0 }, "geometry": { "type": "Polygon", "coordinates": [ [ [ -95.35087849636966, 29.712223479380697 ], [ -95.345976631810558, 29.714876920758758 ], [ -95.346195452378595, 29.719995365345884 ], [ -95.351316588828098, 29.722460516255879 ], [ -95.356218814597909, 29.719807008076117 ], [ -95.355999542698058, 29.714688415802446 ], [ -95.35087849636966, 29.712223479380697 ] ] ] } },
{ "type": "Feature", "properties": { "hex_id": "88446ca917fffff", "price_median": 1.5, "n": 6, "qtile": 2.0 }, "geometry": { "type": "Polygon", "coordinates": [ [ [ -95.34085611143243, 29.712411674825468 ], [ -95.335954321682053, 29.715064658962625 ], [ -95.336172690958591, 29.720182955725154 ], [ -95.341293301267541, 29.7226484161895 ], [ -95.346195452378595, 29.719995365345884 ], [ -95.345976631810558, 29.714876920758758 ], [ -95.34085611143243, 29.712411674825468 ] ] ] } },
{ "type": "Feature", "properties": { "hex_id": "88446ca919fffff", "price_median": 1.0, "n": 6, "qtile": 0.0 }, "geometry": { "type": "Polygon", "coordinates": [ [ [ -95.35022150345668, 29.696867414109626 ], [ -95.34532028660783, 29.699521178973374 ], [ -95.345539048927762, 29.704639827491928 ], [ -95.35065947929796, 29.707104858870871 ], [ -95.355561057272638, 29.704451027139292 ], [ -95.355341843741897, 29.699332230910976 ], [ -95.35022150345668, 29.696867414109626 ] ] ] } },
{ "type": "Feature", "properties": { "hex_id": "88446ca91bfffff", "price_median": 1.92, "n": 6, "qtile": 2.0 }, "geometry": { "type": "Polygon", "coordinates": [ [ [ -95.355561057272638, 29.704451027139292 ], [ -95.35065947929796, 29.707104858870871 ], [ -95.35087849636966, 29.712223479380697 ], [ -95.355999542698058, 29.714688415802446 ], [ -95.360901481766007, 29.712034517188496 ], [ -95.360682013402865, 29.706915749049557 ], [ -95.355561057272638, 29.704451027139292 ] ] ] } },
{ "type": "Feature", "properties": { "hex_id": "88446ca981fffff", "price_median": 1.84, "n": 23, "qtile": 3.0 }, "geometry": { "type": "Polygon", "coordinates": [ [ [ -95.36221870106975, 29.74274569459234 ], [ -95.357315466071796, 29.745398945642947 ], [ -95.357534854779615, 29.750517127832168 ], [ -95.362657930090208, 29.752982206486966 ], [ -95.36756152631861, 29.750328888671429 ], [ -95.367341685996536, 29.745210558980396 ], [ -95.36221870106975, 29.74274569459234 ] ] ] } },
{ "type": "Feature", "properties": { "hex_id": "88446ca983fffff", "price_median": 1.6880434782608695, "n": 96, "qtile": 2.0 }, "geometry": { "type": "Polygon", "coordinates": [ [ [ -95.36756152631861, 29.750328888671429 ], [ -95.362657930090208, 29.752982206486966 ], [ -95.362877573846944, 29.758100359464343 ], [ -95.368001265517591, 29.760565342061629 ], [ -95.372905222943757, 29.757911957466487 ], [ -95.37268512749209, 29.752793657068072 ], [ -95.36756152631861, 29.750328888671429 ] ] ] } },
{ "type": "Feature", "properties": { "hex_id": "88446ca985fffff", "price_median": 1.83375, "n": 18, "qtile": 2.0 }, "geometry": { "type": "Polygon", "coordinates": [ [ [ -95.352193007077432, 29.742933771172709 ], [ -95.347289846588069, 29.745586564596486 ], [ -95.347508783721892, 29.750704599145809 ], [ -95.352631332909638, 29.753169987925631 ], [ -95.357534854779615, 29.750517127832168 ], [ -95.357315466071796, 29.745398945642947 ], [ -95.352193007077432, 29.742933771172709 ] ] ] } },
{ "type": "Feature", "properties": { "hex_id": "88446ca987fffff", "price_median": 2.0, "n": 39, "qtile": 3.0 }, "geometry": { "type": "Polygon", "coordinates": [ [ [ -95.357534854779615, 29.750517127832168 ], [ -95.352631332909638, 29.753169987925631 ], [ -95.352850525011675, 29.758287993343867 ], [ -95.357973690628967, 29.760753286242181 ], [ -95.362877573846944, 29.758100359464343 ], [ -95.362657930090208, 29.752982206486966 ], [ -95.357534854779615, 29.750517127832168 ] ] ] } },
{ "type": "Feature", "properties": { "hex_id": "88446ca98bfffff", "price_median": 2.0, "n": 29, "qtile": 3.0 }, "geometry": { "type": "Polygon", "coordinates": [ [ [ -95.372244995202934, 29.742556850307956 ], [ -95.367341685996536, 29.745210558980396 ], [ -95.36756152631861, 29.750328888671429 ], [ -95.37268512749209, 29.752793657068072 ], [ -95.377588797778643, 29.750139881535471 ], [ -95.377368505802153, 29.745021404480763 ], [ -95.372244995202934, 29.742556850307956 ] ] ] } },
{ "type": "Feature", "properties": { "hex_id": "88446ca98dfffff", "price_median": 1.42, "n": 10, "qtile": 1.0 }, "geometry": { "type": "Polygon", "coordinates": [ [ [ -95.356876747076967, 29.735162375698735 ], [ -95.351973873342089, 29.737815559999067 ], [ -95.352193007077432, 29.742933771172709 ], [ -95.357315466071796, 29.745398945642947 ], [ -95.36221870106975, 29.74274569459234 ], [ -95.361999115800828, 29.737627335836155 ], [ -95.356876747076967, 29.735162375698735 ] ] ] } },
{ "type": "Feature", "properties": { "hex_id": "88446ca991fffff", "price_median": 2.5, "n": 6, "qtile": 3.0 }, "geometry": { "type": "Polygon", "coordinates": [ [ [ -95.382933471741637, 29.757722787222214 ], [ -95.378029440407687, 29.760376629629626 ], [ -95.3782497910654, 29.76549490050801 ], [ -95.38337462486345, 29.767959476195497 ], [ -95.388279017212028, 29.765305566898604 ], [ -95.388058214738578, 29.76018714881813 ], [ -95.382933471741637, 29.757722787222214 ] ] ] } },
{ "type": "Feature", "properties": { "hex_id": "88446ca993fffff", "price_median": 2.235, "n": 12, "qtile": 3.0 }, "geometry": { "type": "Polygon", "coordinates": [ [ [ -95.388279017212028, 29.765305566898604 ], [ -95.38337462486345, 29.767959476195497 ], [ -95.383595230803735, 29.773077717326398 ], [ -95.388720680979588, 29.77554219629609 ], [ -95.393625434309897, 29.77288822009502 ], [ -95.393404376473256, 29.767769831842859 ], [ -95.388279017212028, 29.765305566898604 ] ] ] } },
{ "type": "Feature", "properties": { "hex_id": "88446ca995fffff", "price_median": 1.0, "n": 5, "qtile": 1.0 }, "geometry": { "type": "Polygon", "coordinates": [ [ [ -95.372905222943757, 29.757911957466487 ], [ -95.368001265517591, 29.760565342061629 ], [ -95.368221164399728, 29.765683465599761 ], [ -95.373345472474227, 29.76814835189742 ], [ -95.3782497910654, 29.76549490050801 ], [ -95.378029440407687, 29.760376629629626 ], [ -95.372905222943757, 29.757911957466487 ] ] ] } },
{ "type": "Feature", "properties": { "hex_id": "88446ca997fffff", "price_median": 1.84, "n": 18, "qtile": 2.0 }, "geometry": { "type": "Polygon", "coordinates": [ [ [ -95.3782497910654, 29.76549490050801 ], [ -95.373345472474227, 29.76814835189742 ], [ -95.373565626558232, 29.773266445768872 ], [ -95.378690551080297, 29.775731235524784 ], [ -95.383595230803735, 29.773077717326398 ], [ -95.38337462486345, 29.767959476195497 ], [ -95.3782497910654, 29.76549490050801 ] ] ] } },
{ "type": "Feature", "properties": { "hex_id": "88446ca999fffff", "price_median": 1.8972727272727272, "n": 16, "qtile": 3.0 }, "geometry": { "type": "Polygon", "coordinates": [ [ [ -95.387616668599293, 29.749950106296346 ], [ -95.382712924554895, 29.752604339540895 ], [ -95.382933471741637, 29.757722787222214 ], [ -95.388058214738578, 29.76018714881813 ], [ -95.392962319679938, 29.757532848603585 ], [ -95.392741320718045, 29.752414253777538 ], [ -95.387616668599293, 29.749950106296346 ] ] ] } },
{ "type": "Feature", "properties": { "hex_id": "88446ca99bfffff", "price_median": 1.0, "n": 2, "qtile": 0.0 }, "geometry": { "type": "Polygon", "coordinates": [ [ [ -95.392962319679938, 29.757532848603585 ], [ -95.388058214738578, 29.76018714881813 ], [ -95.388279017212028, 29.765305566898604 ], [ -95.393404376473256, 29.767769831842859 ], [ -95.398308842278681, 29.765115464643628 ], [ -95.398087587949476, 29.759996899499257 ], [ -95.392962319679938, 29.757532848603585 ] ] ] } },
{ "type": "Feature", "properties": { "hex_id": "88446ca99dfffff", "price_median": 3.4, "n": 18, "qtile": 3.0 }, "geometry": { "type": "Polygon", "coordinates": [ [ [ -95.377588797778643, 29.750139881535471 ], [ -95.37268512749209, 29.752793657068072 ], [ -95.372905222943757, 29.757911957466487 ], [ -95.378029440407687, 29.760376629629626 ], [ -95.382933471741637, 29.757722787222214 ], [ -95.382712924554895, 29.752604339540895 ], [ -95.377588797778643, 29.750139881535471 ] ] ] } },
{ "type": "Feature", "properties": { "hex_id": "88446ca9a1fffff", "price_median": 1.84, "n": 10, "qtile": 3.0 }, "geometry": { "type": "Polygon", "coordinates": [ [ [ -95.337483313705462, 29.750891302740634 ], [ -95.332579941452835, 29.753543247375283 ], [ -95.332798230366478, 29.758660957261053 ], [ -95.337920343097295, 29.761126870361789 ], [ -95.34282407699817, 29.758474859233306 ], [ -95.34260533651053, 29.753357001512288 ], [ -95.337483313705462, 29.750891302740634 ] ] ] } },
{ "type": "Feature", "properties": { "hex_id": "88446ca9a3fffff", "price_median": 1.0, "n": 3, "qtile": 2.0 }, "geometry": { "type": "Polygon", "coordinates": [ [ [ -95.34282407699817, 29.758474859233306 ], [ -95.337920343097295, 29.761126870361789 ], [ -95.338138886894086, 29.766244551050566 ], [ -95.343261616237086, 29.76871036837975 ], [ -95.348165711753722, 29.766058290742738 ], [ -95.347946716302147, 29.760940462299445 ], [ -95.34282407699817, 29.758474859233306 ] ] ] } },
{ "type": "Feature", "properties": { "hex_id": "88446ca9a7fffff", "price_median": 2.32, "n": 2, "qtile": 3.0 }, "geometry": { "type": "Polygon", "coordinates": [ [ [ -95.332798230366478, 29.758660957261053 ], [ -95.32789457157439, 29.761312510557698 ], [ -95.328112663756841, 29.766430043353942 ], [ -95.333234866336213, 29.768896170760449 ], [ -95.338138886894086, 29.766244551050566 ], [ -95.337920343097295, 29.761126870361789 ], [ -95.332798230366478, 29.758660957261053 ] ] ] } },
{ "type": "Feature", "properties": { "hex_id": "88446ca9a9fffff", "price_median": 1.92, "n": 10, "qtile": 3.0 }, "geometry": { "type": "Polygon", "coordinates": [ [ [ -95.342167913785957, 29.743121080177211 ], [ -95.337264828105276, 29.74577341596925 ], [ -95.337483313705462, 29.750891302740634 ], [ -95.34260533651053, 29.753357001512288 ], [ -95.347508783721892, 29.750704599145809 ], [ -95.347289846588069, 29.745586564596486 ], [ -95.342167913785957, 29.743121080177211 ] ] ] } },
{ "type": "Feature", "properties": { "hex_id": "88446ca9abfffff", "price_median": 1.84, "n": 19, "qtile": 2.0 }, "geometry": { "type": "Polygon", "coordinates": [ [ [ -95.347508783721892, 29.750704599145809 ], [ -95.34260533651053, 29.753357001512288 ], [ -95.34282407699817, 29.758474859233306 ], [ -95.347946716302147, 29.760940462299445 ], [ -95.352850525011675, 29.758287993343867 ], [ -95.352631332909638, 29.753169987925631 ], [ -95.347508783721892, 29.750704599145809 ] ] ] } },
{ "type": "Feature", "properties": { "hex_id": "88446ca9adfffff", "price_median": 1.0, "n": 4, "qtile": 0.0 }, "geometry": { "type": "Polygon", "coordinates": [ [ [ -95.332143421755148, 29.743307621734122 ], [ -95.327240411183197, 29.745959499889619 ], [ -95.327458445290148, 29.75107723874504 ], [ -95.332579941452835, 29.753543247375283 ], [ -95.337483313705462, 29.750891302740634 ], [ -95.337264828105276, 29.74577341596925 ], [ -95.332143421755148, 29.743307621734122 ] ] ] } },
{ "type": "Feature", "properties": { "hex_id": "88446ca9b1fffff", "price_median": 1.0, "n": 3, "qtile": 0.0 }, "geometry": { "type": "Polygon", "coordinates": [ [ [ -95.358193137775672, 29.765871262301925 ], [ -95.353288967600534, 29.768523797861299 ], [ -95.353508218092529, 29.773641596799486 ], [ -95.358632090526143, 29.776107007728378 ], [ -95.363536622134248, 29.773454405550503 ], [ -95.363316919866392, 29.768336459076629 ], [ -95.358193137775672, 29.765871262301925 ] ] ] } },
{ "type": "Feature", "properties": { "hex_id": "88446ca9b3fffff", "price_median": 1.0, "n": 6, "qtile": 1.0 }, "geometry": { "type": "Polygon", "coordinates": [ [ [ -95.363536622134248, 29.773454405550503 ], [ -95.358632090526143, 29.776107007728378 ], [ -95.358851596135054, 29.781224776934078 ], [ -95.363976085199297, 29.783690091431186 ], [ -95.368880978207756, 29.781037422620074 ], [ -95.368661020742209, 29.775919505959497 ], [ -95.363536622134248, 29.773454405550503 ] ] ] } },
{ "type": "Feature", "properties": { "hex_id": "88446ca9b5fffff", "price_median": 1.0, "n": 1, "qtile": 0.0 }, "geometry": { "type": "Polygon", "coordinates": [ [ [ -95.348165711753722, 29.766058290742738 ], [ -95.343261616237086, 29.76871036837975 ], [ -95.343480414993522, 29.773828019644178 ], [ -95.348603760992702, 29.776293740959744 ], [ -95.353508218092529, 29.773641596799486 ], [ -95.353288967600534, 29.768523797861299 ], [ -95.348165711753722, 29.766058290742738 ] ] ] } },
{ "type": "Feature", "properties": { "hex_id": "88446ca9b7fffff", "price_median": 1.42, "n": 4, "qtile": 1.0 }, "geometry": { "type": "Polygon", "coordinates": [ [ [ -95.353508218092529, 29.773641596799486 ], [ -95.348603760992702, 29.776293740959744 ], [ -95.348822814785265, 29.781411362572477 ], [ -95.35394677748458, 29.783876987632308 ], [ -95.358851596135054, 29.781224776934078 ], [ -95.358632090526143, 29.776107007728378 ], [ -95.353508218092529, 29.773641596799486 ] ] ] } },
{ "type": "Feature", "properties": { "hex_id": "88446ca9b9fffff", "price_median": 1.84, "n": 108, "qtile": 3.0 }, "geometry": { "type": "Polygon", "coordinates": [ [ [ -95.362877573846944, 29.758100359464343 ], [ -95.357973690628967, 29.760753286242181 ], [ -95.358193137775672, 29.765871262301925 ], [ -95.363316919866392, 29.768336459076629 ], [ -95.368221164399728, 29.765683465599761 ], [ -95.368001265517591, 29.760565342061629 ], [ -95.362877573846944, 29.758100359464343 ] ] ] } },
{ "type": "Feature", "properties": { "hex_id": "88446ca9bbfffff", "price_median": 2.7, "n": 4, "qtile": 3.0 }, "geometry": { "type": "Polygon", "coordinates": [ [ [ -95.368221164399728, 29.765683465599761 ], [ -95.363316919866392, 29.768336459076629 ], [ -95.363536622134248, 29.773454405550503 ], [ -95.368661020742209, 29.775919505959497 ], [ -95.373565626558232, 29.773266445768872 ], [ -95.373345472474227, 29.76814835189742 ], [ -95.368221164399728, 29.765683465599761 ] ] ] } },
{ "type": "Feature", "properties": { "hex_id": "88446ca9bdfffff", "price_median": 2.0, "n": 5, "qtile": 3.0 }, "geometry": { "type": "Polygon", "coordinates": [ [ [ -95.352850525011675, 29.758287993343867 ], [ -95.347946716302147, 29.760940462299445 ], [ -95.348165711753722, 29.766058290742738 ], [ -95.353288967600534, 29.768523797861299 ], [ -95.358193137775672, 29.765871262301925 ], [ -95.357973690628967, 29.760753286242181 ], [ -95.352850525011675, 29.758287993343867 ] ] ] } },
{ "type": "Feature", "properties": { "hex_id": "88446ca9c1fffff", "price_median": 1.84, "n": 59, "qtile": 3.0 }, "geometry": { "type": "Polygon", "coordinates": [ [ [ -95.366242777056968, 29.719617883787805 ], [ -95.361340476928348, 29.722271849298675 ], [ -95.361560003732734, 29.727390413108768 ], [ -95.366682282109025, 29.729855158890139 ], [ -95.371584943265688, 29.727201126467754 ], [ -95.371364965008624, 29.722082415189917 ], [ -95.366242777056968, 29.719617883787805 ] ] ] } },
{ "type": "Feature", "properties": { "hex_id": "88446ca9c3fffff", "price_median": 2.0, "n": 13, "qtile": 2.0 }, "geometry": { "type": "Polygon", "coordinates": [ [ [ -95.371584943265688, 29.727201126467754 ], [ -95.366682282109025, 29.729855158890139 ], [ -95.366902063894358, 29.734973694009209 ], [ -95.372024958360242, 29.737438344107339 ], [ -95.376927980512249, 29.73478424475886 ], [ -95.37670774719362, 29.729665562252759 ], [ -95.371584943265688, 29.727201126467754 ] ] ] } },
{ "type": "Feature", "properties": { "hex_id": "88446ca9c5fffff", "price_median": 2.0, "n": 8, "qtile": 2.0 }, "geometry": { "type": "Polygon", "coordinates": [ [ [ -95.356218814597909, 29.719807008076117 ], [ -95.351316588828098, 29.722460516255879 ], [ -95.351535664220009, 29.727578932460109 ], [ -95.35665741678477, 29.730043988104818 ], [ -95.361560003732734, 29.727390413108768 ], [ -95.361340476928348, 29.722271849298675 ], [ -95.356218814597909, 29.719807008076117 ] ] ] } },
{ "type": "Feature", "properties": { "hex_id": "88446ca9c7fffff", "price_median": 1.5, "n": 4, "qtile": 2.0 }, "geometry": { "type": "Polygon", "coordinates": [ [ [ -95.361560003732734, 29.727390413108768 ], [ -95.35665741678477, 29.730043988104818 ], [ -95.356876747076967, 29.735162375698735 ], [ -95.361999115800828, 29.737627335836155 ], [ -95.366902063894358, 29.734973694009209 ], [ -95.366682282109025, 29.729855158890139 ], [ -95.361560003732734, 29.727390413108768 ] ] ] } },
{ "type": "Feature", "properties": { "hex_id": "88446ca9c9fffff", "price_median": 1.0, "n": 3, "qtile": 2.0 }, "geometry": { "type": "Polygon", "coordinates": [ [ [ -95.370925067061975, 29.711844788120967 ], [ -95.366023053785071, 29.714499143965682 ], [ -95.366242777056968, 29.719617883787805 ], [ -95.371364965008624, 29.722082415189917 ], [ -95.376267339196048, 29.719427992353069 ], [ -95.376047164511931, 29.714309105120634 ], [ -95.370925067061975, 29.711844788120967 ] ] ] } },
{ "type": "Feature", "properties": { "hex_id": "88446ca9cbfffff", "price_median": 2.0, "n": 27, "qtile": 3.0 }, "geometry": { "type": "Polygon", "coordinates": [ [ [ -95.376267339196048, 29.719427992353069 ], [ -95.371364965008624, 29.722082415189917 ], [ -95.371584943265688, 29.727201126467754 ], [ -95.37670774719362, 29.729665562252759 ], [ -95.38161048225885, 29.727011072409205 ], [ -95.381390052508991, 29.721892213801755 ], [ -95.376267339196048, 29.719427992353069 ] ] ] } },
{ "type": "Feature", "properties": { "hex_id": "88446ca9cdfffff", "price_median": 1.0, "n": 2, "qtile": 0.0 }, "geometry": { "type": "Polygon", "coordinates": [ [ [ -95.360901481766007, 29.712034517188496 ], [ -95.355999542698058, 29.714688415802446 ], [ -95.356218814597909, 29.719807008076117 ], [ -95.361340476928348, 29.722271849298675 ], [ -95.366242777056968, 29.719617883787805 ], [ -95.366023053785071, 29.714499143965682 ], [ -95.360901481766007, 29.712034517188496 ] ] ] } },
{ "type": "Feature", "properties": { "hex_id": "88446ca9d1fffff", "price_median": 2.8720170454545455, "n": 22, "qtile": 3.0 }, "geometry": { "type": "Polygon", "coordinates": [ [ [ -95.386954496370421, 29.734594027819835 ], [ -95.382051400460142, 29.737248584684679 ], [ -95.382271888916748, 29.742367238191576 ], [ -95.387395924928271, 29.744831482016142 ], [ -95.392299381650773, 29.742176858115389 ], [ -95.392078441540193, 29.73705805744039 ], [ -95.386954496370421, 29.734594027819835 ] ] ] } },
{ "type": "Feature", "properties": { "hex_id": "88446ca9d3fffff", "price_median": 2.0, "n": 50, "qtile": 3.0 }, "geometry": { "type": "Polygon", "coordinates": [ [ [ -95.392299381650773, 29.742176858115389 ], [ -95.387395924928271, 29.744831482016142 ], [ -95.387616668599293, 29.749950106296346 ], [ -95.392741320718045, 29.752414253777538 ], [ -95.397645138219886, 29.749759562826252 ], [ -95.397423942814299, 29.744640791458725 ], [ -95.392299381650773, 29.742176858115389 ] ] ] } },
{ "type": "Feature", "properties": { "hex_id": "88446ca9d5fffff", "price_median": 2.0, "n": 21, "qtile": 3.0 }, "geometry": { "type": "Polygon", "coordinates": [ [ [ -95.376927980512249, 29.73478424475886 ], [ -95.372024958360242, 29.737438344107339 ], [ -95.372244995202934, 29.742556850307956 ], [ -95.377368505802153, 29.745021404480763 ], [ -95.382271888916748, 29.742367238191576 ], [ -95.382051400460142, 29.737248584684679 ], [ -95.376927980512249, 29.73478424475886 ] ] ] } },
{ "type": "Feature", "properties": { "hex_id": "88446ca9d7fffff", "price_median": 2.0, "n": 34, "qtile": 3.0 }, "geometry": { "type": "Polygon", "coordinates": [ [ [ -95.382271888916748, 29.742367238191576 ], [ -95.377368505802153, 29.745021404480763 ], [ -95.377588797778643, 29.750139881535471 ], [ -95.382712924554895, 29.752604339540895 ], [ -95.387616668599293, 29.749950106296346 ], [ -95.387395924928271, 29.744831482016142 ], [ -95.382271888916748, 29.742367238191576 ] ] ] } },
{ "type": "Feature", "properties": { "hex_id": "88446ca9d9fffff", "price_median": 2.0, "n": 13, "qtile": 2.0 }, "geometry": { "type": "Polygon", "coordinates": [ [ [ -95.39163662015207, 29.726820250805385 ], [ -95.386733811478408, 29.729475198064865 ], [ -95.386954496370421, 29.734594027819835 ], [ -95.392078441540193, 29.73705805744039 ], [ -95.396981610908497, 29.734403043064439 ], [ -95.396760474403052, 29.729284066198819 ], [ -95.39163662015207, 29.726820250805385 ] ] ] } },
{ "type": "Feature", "properties": { "hex_id": "88446ca9dbfffff", "price_median": 3.25, "n": 18, "qtile": 3.0 }, "geometry": { "type": "Polygon", "coordinates": [ [ [ -95.396981610908497, 29.734403043064439 ], [ -95.392078441540193, 29.73705805744039 ], [ -95.392299381650773, 29.742176858115389 ], [ -95.397423942814299, 29.744640791458725 ], [ -95.402327472844362, 29.741985709951699 ], [ -95.40210608103979, 29.736866762246827 ], [ -95.396981610908497, 29.734403043064439 ] ] ] } },
{ "type": "Feature", "properties": { "hex_id": "88446ca9ddfffff", "price_median": 1.5, "n": 10, "qtile": 2.0 }, "geometry": { "type": "Polygon", "coordinates": [ [ [ -95.38161048225885, 29.727011072409205 ], [ -95.37670774719362, 29.729665562252759 ], [ -95.376927980512249, 29.73478424475886 ], [ -95.382051400460142, 29.737248584684679 ], [ -95.386954496370421, 29.734594027819835 ], [ -95.386733811478408, 29.729475198064865 ], [ -95.38161048225885, 29.727011072409205 ] ] ] } },
{ "type": "Feature", "properties": { "hex_id": "88446ca9e1fffff", "price_median": 1.5, "n": 4, "qtile": 2.0 }, "geometry": { "type": "Polygon", "coordinates": [ [ [ -95.34151192528725, 29.727766684649794 ], [ -95.336609487656716, 29.730419344778124 ], [ -95.336827915083489, 29.735537436907478 ], [ -95.341949231543879, 29.738003016724182 ], [ -95.346852030620084, 29.735350289955445 ], [ -95.346633151780765, 29.730232050024778 ], [ -95.34151192528725, 29.727766684649794 ] ] ] } },
{ "type": "Feature", "properties": { "hex_id": "88446ca9e3fffff", "price_median": 2.7, "n": 6, "qtile": 3.0 }, "geometry": { "type": "Polygon", "coordinates": [ [ [ -95.346852030620084, 29.735350289955445 ], [ -95.341949231543879, 29.738003016724182 ], [ -95.342167913785957, 29.743121080177211 ], [ -95.347289846588069, 29.745586564596486 ], [ -95.352193007077432, 29.742933771172709 ], [ -95.351973873342089, 29.737815559999067 ], [ -95.346852030620084, 29.735350289955445 ] ] ] } },
{ "type": "Feature", "properties": { "hex_id": "88446ca9e5fffff", "price_median": 1.0, "n": 10, "qtile": 0.0 }, "geometry": { "type": "Polygon", "coordinates": [ [ [ -95.331488787494052, 29.727953669805991 ], [ -95.32658642497212, 29.730605872493122 ], [ -95.326804401026735, 29.735723816683148 ], [ -95.331925190965976, 29.73818970613975 ], [ -95.336827915083489, 29.735537436907478 ], [ -95.336609487656716, 29.730419344778124 ], [ -95.331488787494052, 29.727953669805991 ] ] ] } },
{ "type": "Feature", "properties": { "hex_id": "88446ca9e7fffff", "price_median": 1.0, "n": 3, "qtile": 0.0 }, "geometry": { "type": "Polygon", "coordinates": [ [ [ -95.336827915083489, 29.735537436907478 ], [ -95.331925190965976, 29.73818970613975 ], [ -95.332143421755148, 29.743307621734122 ], [ -95.337264828105276, 29.74577341596925 ], [ -95.342167913785957, 29.743121080177211 ], [ -95.341949231543879, 29.738003016724182 ], [ -95.336827915083489, 29.735537436907478 ] ] ] } },
{ "type": "Feature", "properties": { "hex_id": "88446ca9e9fffff", "price_median": 1.13125, "n": 10, "qtile": 1.0 }, "geometry": { "type": "Polygon", "coordinates": [ [ [ -95.346195452378595, 29.719995365345884 ], [ -95.341293301267541, 29.7226484161895 ], [ -95.34151192528725, 29.727766684649794 ], [ -95.346633151780765, 29.730232050024778 ], [ -95.351535664220009, 29.727578932460109 ], [ -95.351316588828098, 29.722460516255879 ], [ -95.346195452378595, 29.719995365345884 ] ] ] } },
{ "type": "Feature", "properties": { "hex_id": "88446ca9ebfffff", "price_median": 1.0, "n": 5, "qtile": 0.0 }, "geometry": { "type": "Polygon", "coordinates": [ [ [ -95.351535664220009, 29.727578932460109 ], [ -95.346633151780765, 29.730232050024778 ], [ -95.346852030620084, 29.735350289955445 ], [ -95.351973873342089, 29.737815559999067 ], [ -95.356876747076967, 29.735162375698735 ], [ -95.35665741678477, 29.730043988104818 ], [ -95.351535664220009, 29.727578932460109 ] ] ] } },
{ "type": "Feature", "properties": { "hex_id": "88446ca9edfffff", "price_median": 2.2, "n": 2, "qtile": 3.0 }, "geometry": { "type": "Polygon", "coordinates": [ [ [ -95.336172690958591, 29.720182955725154 ], [ -95.331270614806158, 29.722835549227682 ], [ -95.331488787494052, 29.727953669805991 ], [ -95.336609487656716, 29.730419344778124 ], [ -95.34151192528725, 29.727766684649794 ], [ -95.341293301267541, 29.7226484161895 ], [ -95.336172690958591, 29.720182955725154 ] ] ] } },
{ "type": "Feature", "properties": { "hex_id": "88446caa11fffff", "price_median": 1.0, "n": 3, "qtile": 2.0 }, "geometry": { "type": "Polygon", "coordinates": [ [ [ -95.448454205930489, 29.648853774352563 ], [ -95.443554199582707, 29.651513071988596 ], [ -95.44377729757781, 29.656633799520058 ], [ -95.448900853158037, 29.659095375826169 ], [ -95.453801218875014, 29.656436010172481 ], [ -95.453577669633376, 29.651315136244776 ], [ -95.448454205930489, 29.648853774352563 ] ] ] } },
{ "type": "Feature", "properties": { "hex_id": "88446caa33fffff", "price_median": 1.25, "n": 2, "qtile": 0.0 }, "geometry": { "type": "Polygon", "coordinates": [ [ [ -95.429076199706032, 29.664609681811353 ], [ -95.424175690085619, 29.667267745702649 ], [ -95.424397944851947, 29.672387978087112 ], [ -95.429521160517837, 29.674850293244805 ], [ -95.434422029892914, 29.672192161592179 ], [ -95.434199323838172, 29.667071782557606 ], [ -95.429076199706032, 29.664609681811353 ] ] ] } },
{ "type": "Feature", "properties": { "hex_id": "88446caa3bfffff", "price_median": 1.0, "n": 2, "qtile": 0.0 }, "geometry": { "type": "Polygon", "coordinates": [ [ [ -95.433753971000613, 29.656830822364864 ], [ -95.428853748906491, 29.659489275018391 ], [ -95.429076199706032, 29.664609681811353 ], [ -95.434199323838172, 29.667071782557606 ], [ -95.439099905569506, 29.664413262062094 ], [ -95.438877003522236, 29.659292708676734 ], [ -95.433753971000613, 29.656830822364864 ] ] ] } },
{ "type": "Feature", "properties": { "hex_id": "88446caa81fffff", "price_median": 1.5928260869565216, "n": 10, "qtile": 2.0 }, "geometry": { "type": "Polygon", "coordinates": [ [ [ -95.465170154941262, 29.686962159960657 ], [ -95.460268423139013, 29.689621340951785 ], [ -95.460492346985973, 29.694741781614599 ], [ -95.465618454234189, 29.697203187431672 ], [ -95.470520545389689, 29.694543938445861 ], [ -95.470296169934542, 29.689423351652113 ], [ -95.465170154941262, 29.686962159960657 ] ] ] } },
{ "type": "Feature", "properties": { "hex_id": "88446caa85fffff", "price_median": 1.0, "n": 9, "qtile": 0.0 }, "geometry": { "type": "Polygon", "coordinates": [ [ [ -95.455142930922094, 29.687159838551516 ], [ -95.450241270478344, 29.689818562659408 ], [ -95.450464742756523, 29.694938857052804 ], [ -95.455590327038024, 29.697400573622168 ], [ -95.460492346985973, 29.694741781614599 ], [ -95.460268423139013, 29.689621340951785 ], [ -95.455142930922094, 29.687159838551516 ] ] ] } },
{ "type": "Feature", "properties": { "hex_id": "88446caa8bfffff", "price_median": 1.5928260869565216, "n": 2, "qtile": 1.0 }, "geometry": { "type": "Polygon", "coordinates": [ [ [ -95.475197972794845, 29.686763713783947 ], [ -95.470296169934542, 29.689423351652113 ], [ -95.470520545389689, 29.694543938445861 ], [ -95.475647175343497, 29.697005033378304 ], [ -95.480549337406046, 29.694345327420468 ], [ -95.480324510303376, 29.689224594634325 ], [ -95.475197972794845, 29.686763713783947 ] ] ] } },
{ "type": "Feature", "properties": { "hex_id": "88446caa8dfffff", "price_median": 2.0920170454545457, "n": 12, "qtile": 3.0 }, "geometry": { "type": "Polygon", "coordinates": [ [ [ -95.459820635055067, 29.679380256355625 ], [ -95.454919262639493, 29.682039369366525 ], [ -95.455142930922094, 29.687159838551516 ], [ -95.460268423139013, 29.689621340951785 ], [ -95.465170154941262, 29.686962159960657 ], [ -95.464946035130708, 29.68184154456393 ], [ -95.459820635055067, 29.679380256355625 ] ] ] } },
{ "type": "Feature", "properties": { "hex_id": "88446caa91fffff", "price_median": 1.0, "n": 36, "qtile": 1.0 }, "geometry": { "type": "Polygon", "coordinates": [ [ [ -95.485901572707974, 29.701926815210616 ], [ -95.480999051476743, 29.70458658927258 ], [ -95.481223938450086, 29.709707118177167 ], [ -95.486351798453413, 29.712168018864972 ], [ -95.491254678819729, 29.709508176684416 ], [ -95.491029340038509, 29.704387501949125 ], [ -95.485901572707974, 29.701926815210616 ] ] ] } },
{ "type": "Feature", "properties": { "hex_id": "88446caa93fffff", "price_median": 1.0, "n": 21, "qtile": 1.0 }, "geometry": { "type": "Polygon", "coordinates": [ [ [ -95.491254678819729, 29.709508176684416 ], [ -95.486351798453413, 29.712168018864972 ], [ -95.486576941300356, 29.717288518483379 ], [ -95.491705416392577, 29.719749321685502 ], [ -95.496608655860356, 29.717089411371848 ], [ -95.496383061125343, 29.711968766003643 ], [ -95.491254678819729, 29.709508176684416 ] ] ] } },
{ "type": "Feature", "properties": { "hex_id": "88446caa95fffff", "price_median": 1.0, "n": 13, "qtile": 2.0 }, "geometry": { "type": "Polygon", "coordinates": [ [ [ -95.475871806519578, 29.70212559134135 ], [ -95.470969356044279, 29.704784908336293 ], [ -95.471193791248979, 29.709905291271625 ], [ -95.476321128688468, 29.712366503195742 ], [ -95.481223938450086, 29.709707118177167 ], [ -95.480999051476743, 29.70458658927258 ], [ -95.475871806519578, 29.70212559134135 ] ] ] } },
{ "type": "Feature", "properties": { "hex_id": "88446caa97fffff", "price_median": 1.0, "n": 10, "qtile": 1.0 }, "geometry": { "type": "Polygon", "coordinates": [ [ [ -95.481223938450086, 29.709707118177167 ], [ -95.476321128688468, 29.712366503195742 ], [ -95.476545819686578, 29.717486856925753 ], [ -95.481673772285987, 29.719947971540059 ], [ -95.486576941300356, 29.717288518483379 ], [ -95.486351798453413, 29.712168018864972 ], [ -95.481223938450086, 29.709707118177167 ] ] ] } },
{ "type": "Feature", "properties": { "hex_id": "88446caa99fffff", "price_median": 1.0, "n": 14, "qtile": 1.0 }, "geometry": { "type": "Polygon", "coordinates": [ [ [ -95.49057872247316, 29.694145948412469 ], [ -95.485676489804192, 29.696806111336016 ], [ -95.485901572707974, 29.701926815210616 ], [ -95.491029340038509, 29.704387501949125 ], [ -95.49593193172494, 29.701727270826485 ], [ -95.495706397054235, 29.69660642117891 ], [ -95.49057872247316, 29.694145948412469 ] ] ] } },
{ "type": "Feature", "properties": { "hex_id": "88446caa9bfffff", "price_median": 1.0, "n": 22, "qtile": 1.0 }, "geometry": { "type": "Polygon", "coordinates": [ [ [ -95.49593193172494, 29.701727270826485 ], [ -95.491029340038509, 29.704387501949125 ], [ -95.491254678819729, 29.709508176684416 ], [ -95.496383061125343, 29.711968766003643 ], [ -95.501286011795585, 29.709308466667441 ], [ -95.501060221167293, 29.704187646240051 ], [ -95.49593193172494, 29.701727270826485 ] ] ] } },
{ "type": "Feature", "properties": { "hex_id": "88446caa9dfffff", "price_median": 1.84, "n": 3, "qtile": 3.0 }, "geometry": { "type": "Polygon", "coordinates": [ [ [ -95.480549337406046, 29.694345327420468 ], [ -95.475647175343497, 29.697005033378304 ], [ -95.475871806519578, 29.70212559134135 ], [ -95.480999051476743, 29.70458658927258 ], [ -95.485901572707974, 29.701926815210616 ], [ -95.485676489804192, 29.696806111336016 ], [ -95.480549337406046, 29.694345327420468 ] ] ] } },
{ "type": "Feature", "properties": { "hex_id": "88446caaa9fffff", "price_median": 2.0, "n": 1, "qtile": 2.0 }, "geometry": { "type": "Polygon", "coordinates": [ [ [ -95.445116301298754, 29.687356749682653 ], [ -95.440214712513892, 29.690015016901221 ], [ -95.440437733262769, 29.695135164886732 ], [ -95.445562794316587, 29.697597192076007 ], [ -95.450464742756523, 29.694938857052804 ], [ -95.450241270478344, 29.689818562659408 ], [ -95.445116301298754, 29.687356749682653 ] ] ] } },
{ "type": "Feature", "properties": { "hex_id": "88446caaadfffff", "price_median": 1.0, "n": 2, "qtile": 0.0 }, "geometry": { "type": "Polygon", "coordinates": [ [ [ -95.4350902666325, 29.68755289348038 ], [ -95.430188749806788, 29.690210703803587 ], [ -95.430411319065925, 29.695330705242803 ], [ -95.435535856631247, 29.697793042919535 ], [ -95.440437733262769, 29.695135164886732 ], [ -95.440214712513892, 29.690015016901221 ], [ -95.4350902666325, 29.68755289348038 ] ] ] } },
{ "type": "Feature", "properties": { "hex_id": "88446caab3fffff", "price_median": 1.0, "n": 7, "qtile": 1.0 }, "geometry": { "type": "Polygon", "coordinates": [ [ [ -95.466515291581345, 29.717684426825031 ], [ -95.461612264376228, 29.720342965349044 ], [ -95.461836307503845, 29.725462997615399 ], [ -95.466963829677852, 29.727924637456763 ], [ -95.471867216404533, 29.725266031070113 ], [ -95.471642721426463, 29.720145852719199 ], [ -95.466515291581345, 29.717684426825031 ] ] ] } },
{ "type": "Feature", "properties": { "hex_id": "88446caab7fffff", "price_median": 1.0, "n": 1, "qtile": 0.0 }, "geometry": { "type": "Polygon", "coordinates": [ [ [ -95.456485357546768, 29.717881228307412 ], [ -95.451582401697337, 29.720539309555914 ], [ -95.451805993013934, 29.725659195599214 ], [ -95.456932991981773, 29.728121146631512 ], [ -95.461836307503845, 29.725462997615399 ], [ -95.461612264376228, 29.720342965349044 ], [ -95.456485357546768, 29.717881228307412 ] ] ] } },
{ "type": "Feature", "properties": { "hex_id": "88446caabbfffff", "price_median": 1.92, "n": 4, "qtile": 3.0 }, "geometry": { "type": "Polygon", "coordinates": [ [ [ -95.471193791248979, 29.709905291271625 ], [ -95.466291052392791, 29.712564219121944 ], [ -95.466515291581345, 29.717684426825031 ], [ -95.471642721426463, 29.720145852719199 ], [ -95.476545819686578, 29.717486856925753 ], [ -95.476321128688468, 29.712366503195742 ], [ -95.471193791248979, 29.709905291271625 ] ] ] } },
{ "type": "Feature", "properties": { "hex_id": "88446caac3fffff", "price_median": 1.72, "n": 8, "qtile": 1.0 }, "geometry": { "type": "Polygon", "coordinates": [ [ [ -95.474524318440885, 29.671401226432096 ], [ -95.469623163025901, 29.674061184845009 ], [ -95.469847478755284, 29.679181974770998 ], [ -95.47497340141696, 29.681642952314014 ], [ -95.479874915950163, 29.678982925745299 ], [ -95.479650148694319, 29.673861989803839 ], [ -95.474524318440885, 29.671401226432096 ] ] ] } },
{ "type": "Feature", "properties": { "hex_id": "88446caac5fffff", "price_median": 1.0, "n": 16, "qtile": 1.0 }, "geometry": { "type": "Polygon", "coordinates": [ [ [ -95.459149101914534, 29.664018122495396 ], [ -95.454248376861656, 29.666677556181117 ], [ -95.454471985611917, 29.671798228100631 ], [ -95.459596770812823, 29.674259612583651 ], [ -95.464497855168233, 29.671600110851525 ], [ -95.464273795011039, 29.666479292697225 ], [ -95.459149101914534, 29.664018122495396 ] ] ] } },
{ "type": "Feature", "properties": { "hex_id": "88446caacdfffff", "price_median": 1.0, "n": 10, "qtile": 0.0 }, "geometry": { "type": "Polygon", "coordinates": [ [ [ -95.463825734331508, 29.656237454196045 ], [ -95.458925297253245, 29.658897276340543 ], [ -95.459149101914534, 29.664018122495396 ], [ -95.464273795011039, 29.666479292697225 ], [ -95.469174591274367, 29.663819402425723 ], [ -95.468950335246959, 29.658698410093841 ], [ -95.463825734331508, 29.656237454196045 ] ] ] } },
{ "type": "Feature", "properties": { "hex_id": "88446caae1fffff", "price_median": 1.42, "n": 2, "qtile": 1.0 }, "geometry": { "type": "Polygon", "coordinates": [ [ [ -95.444446710333153, 29.671995578305456 ], [ -95.43954576899776, 29.674654166657355 ], [ -95.439768730384017, 29.679774517705859 ], [ -95.444893084504713, 29.682236426847879 ], [ -95.449794385410925, 29.679577770625194 ], [ -95.449570972616385, 29.674457273145727 ], [ -95.444446710333153, 29.671995578305456 ] ] ] } },
{ "type": "Feature", "properties": { "hex_id": "88446caae5fffff", "price_median": 1.0, "n": 1, "qtile": 0.0 }, "geometry": { "type": "Polygon", "coordinates": [ [ [ -95.434422029892914, 29.672192161592179 ], [ -95.429521160517837, 29.674850293244805 ], [ -95.429743670535387, 29.679970497723922 ], [ -95.434867501287457, 29.682432717134226 ], [ -95.439768730384017, 29.679774517705859 ], [ -95.43954576899776, 29.674654166657355 ], [ -95.434422029892914, 29.672192161592179 ] ] ] } },
{ "type": "Feature", "properties": { "hex_id": "88446caae7fffff", "price_median": 1.5, "n": 4, "qtile": 2.0 }, "geometry": { "type": "Polygon", "coordinates": [ [ [ -95.439768730384017, 29.679774517705859 ], [ -95.434867501287457, 29.682432717134226 ], [ -95.4350902666325, 29.68755289348038 ], [ -95.440214712513892, 29.690015016901221 ], [ -95.445116301298754, 29.687356749682653 ], [ -95.444893084504713, 29.682236426847879 ], [ -95.439768730384017, 29.679774517705859 ] ] ] } },
{ "type": "Feature", "properties": { "hex_id": "88446caaebfffff", "price_median": 2.2, "n": 2, "qtile": 3.0 }, "geometry": { "type": "Polygon", "coordinates": [ [ [ -95.454471985611917, 29.671798228100631 ], [ -95.449570972616385, 29.674457273145727 ], [ -95.449794385410925, 29.679577770625194 ], [ -95.454919262639493, 29.682039369366525 ], [ -95.459820635055067, 29.679380256355625 ], [ -95.459596770812823, 29.674259612583651 ], [ -95.454471985611917, 29.671798228100631 ] ] ] } },
{ "type": "Feature", "properties": { "hex_id": "88446caaedfffff", "price_median": 1.0, "n": 2, "qtile": 0.0 }, "geometry": { "type": "Polygon", "coordinates": [ [ [ -95.439099905569506, 29.664413262062094 ], [ -95.434199323838172, 29.667071782557606 ], [ -95.434422029892914, 29.672192161592179 ], [ -95.43954576899776, 29.674654166657355 ], [ -95.444446710333153, 29.671995578305456 ], [ -95.444223552950405, 29.666875052759195 ], [ -95.439099905569506, 29.664413262062094 ] ] ] } },
{ "type": "Feature", "properties": { "hex_id": "88446cad01fffff", "price_median": 1.0, "n": 8, "qtile": 1.0 }, "geometry": { "type": "Polygon", "coordinates": [ [ [ -95.469881269561, 29.794479309469434 ], [ -95.464975000875071, 29.797136236088004 ], [ -95.465199342620565, 29.802255234665544 ], [ -95.470330405499709, 29.804717452606432 ], [ -95.475237034128455, 29.802060458454001 ], [ -95.475012239926016, 29.796941313909013 ], [ -95.469881269561, 29.794479309469434 ] ] ] } },
{ "type": "Feature", "properties": { "hex_id": "88446cad05fffff", "price_median": 1.0, "n": 4, "qtile": 0.0 }, "geometry": { "type": "Polygon", "coordinates": [ [ [ -95.459844554124615, 29.794673919403778 ], [ -95.454938356787181, 29.797330387766859 ], [ -95.455162246115194, 29.80244924023847 ], [ -95.460292785188898, 29.80491177046741 ], [ -95.465199342620565, 29.802255234665544 ], [ -95.464975000875071, 29.797136236088004 ], [ -95.459844554124615, 29.794673919403778 ] ] ] } },
{ "type": "Feature", "properties": { "hex_id": "88446cad07fffff", "price_median": 1.0, "n": 5, "qtile": 1.0 }, "geometry": { "type": "Polygon", "coordinates": [ [ [ -95.465199342620565, 29.802255234665544 ], [ -95.460292785188898, 29.80491177046741 ], [ -95.460516930584902, 29.810030591649237 ], [ -95.465648085901265, 29.812493023068576 ], [ -95.470555003393642, 29.809836419813152 ], [ -95.470330405499709, 29.804717452606432 ], [ -95.465199342620565, 29.802255234665544 ] ] ] } },
{ "type": "Feature", "properties": { "hex_id": "88446cad0dfffff", "price_median": 1.0, "n": 7, "qtile": 2.0 }, "geometry": { "type": "Polygon", "coordinates": [ [ [ -95.464526377160581, 29.786898030583608 ], [ -95.459620468451021, 29.789554889683068 ], [ -95.459844554124615, 29.794673919403778 ], [ -95.464975000875071, 29.797136236088004 ], [ -95.469881269561, 29.794479309469434 ], [ -95.469656731510895, 29.789360133700232 ], [ -95.464526377160581, 29.786898030583608 ] ] ] } },
{ "type": "Feature", "properties": { "hex_id": "88446cad21fffff", "price_median": 1.0, "n": 6, "qtile": 0.0 }, "geometry": { "type": "Polygon", "coordinates": [ [ [ -95.44512574517546, 29.802642475299844 ], [ -95.440219331041874, 29.805298094383499 ], [ -95.440442571560652, 29.810416623100267 ], [ -95.445572678622568, 29.812879679049583 ], [ -95.450479453119527, 29.810223992702561 ], [ -95.45025576018196, 29.805105317684056 ], [ -95.44512574517546, 29.802642475299844 ] ] ] } },
{ "type": "Feature", "properties": { "hex_id": "88446cad23fffff", "price_median": 1.0, "n": 5, "qtile": 0.0 }, "geometry": { "type": "Polygon", "coordinates": [ [ [ -95.450479453119527, 29.810223992702561 ], [ -95.445572678622568, 29.812879679049583 ], [ -95.445796175124826, 29.817998176411038 ], [ -95.450926898614185, 29.820461133660636 ], [ -95.455834033441164, 29.817805380035459 ], [ -95.455610084439556, 29.812686736453298 ], [ -95.450479453119527, 29.810223992702561 ] ] ] } },
{ "type": "Feature", "properties": { "hex_id": "88446cad25fffff", "price_median": 1.0, "n": 4, "qtile": 1.0 }, "geometry": { "type": "Polygon", "coordinates": [ [ [ -95.435089840364199, 29.802834939976844 ], [ -95.430183498331459, 29.80549010069306 ], [ -95.430406286471111, 29.810608482969712 ], [ -95.435535869013336, 29.813071850984727 ], [ -95.440442571560652, 29.810416623100267 ], [ -95.440219331041874, 29.805298094383499 ], [ -95.435089840364199, 29.802834939976844 ] ] ] } },
{ "type": "Feature", "properties": { "hex_id": "88446cad27fffff", "price_median": 1.0, "n": 4, "qtile": 0.0 }, "geometry": { "type": "Polygon", "coordinates": [ [ [ -95.440442571560652, 29.810416623100267 ], [ -95.435535869013336, 29.813071850984727 ], [ -95.435758913055906, 29.818190201987068 ], [ -95.440889112096229, 29.820653471478526 ], [ -95.445796175124826, 29.817998176411038 ], [ -95.445572678622568, 29.812879679049583 ], [ -95.440442571560652, 29.810416623100267 ] ] ] } },
{ "type": "Feature", "properties": { "hex_id": "88446cad29fffff", "price_median": 1.0, "n": 8, "qtile": 2.0 }, "geometry": { "type": "Polygon", "coordinates": [ [ [ -95.449808433913077, 29.794867758970693 ], [ -95.444902308225352, 29.79752376907258 ], [ -95.44512574517546, 29.802642475299844 ], [ -95.45025576018196, 29.805105317684056 ], [ -95.455162246115194, 29.80244924023847 ], [ -95.454938356787181, 29.797330387766859 ], [ -95.449808433913077, 29.794867758970693 ] ] ] } },
{ "type": "Feature", "properties": { "hex_id": "88446cad2bfffff", "price_median": 1.0, "n": 7, "qtile": 0.0 }, "geometry": { "type": "Polygon", "coordinates": [ [ [ -95.455162246115194, 29.80244924023847 ], [ -95.45025576018196, 29.805105317684056 ], [ -95.450479453119527, 29.810223992702561 ], [ -95.455610084439556, 29.812686736453298 ], [ -95.460516930584902, 29.810030591649237 ], [ -95.460292785188898, 29.80491177046741 ], [ -95.455162246115194, 29.80244924023847 ] ] ] } },
{ "type": "Feature", "properties": { "hex_id": "88446cad31fffff", "price_median": 1.0, "n": 13, "qtile": 2.0 }, "geometry": { "type": "Polygon", "coordinates": [ [ [ -95.465872487441786, 29.817611812733023 ], [ -95.460965281117822, 29.820268024910334 ], [ -95.461189486260025, 29.825386636828537 ], [ -95.466321350336401, 29.827849182585144 ], [ -95.471228916805487, 29.825192903019776 ], [ -95.471004259043866, 29.820074145100349 ], [ -95.465872487441786, 29.817611812733023 ] ] ] } },
{ "type": "Feature", "properties": { "hex_id": "88446cad35fffff", "price_median": 1.42, "n": 4, "qtile": 1.0 }, "geometry": { "type": "Polygon", "coordinates": [ [ [ -95.455834033441164, 29.817805380035459 ], [ -95.450926898614185, 29.820461133660636 ], [ -95.451150651176533, 29.825579599439187 ], [ -95.456281991136493, 29.828042457746683 ], [ -95.461189486260025, 29.825386636828537 ], [ -95.460965281117822, 29.820268024910334 ], [ -95.455834033441164, 29.817805380035459 ] ] ] } },
{ "type": "Feature", "properties": { "hex_id": "88446cad39fffff", "price_median": 1.0, "n": 8, "qtile": 1.0 }, "geometry": { "type": "Polygon", "coordinates": [ [ [ -95.470555003393642, 29.809836419813152 ], [ -95.465648085901265, 29.812493023068576 ], [ -95.465872487441786, 29.817611812733023 ], [ -95.471004259043866, 29.820074145100349 ], [ -95.475911536563402, 29.817417474376594 ], [ -95.47568668244449, 29.812298538768328 ], [ -95.470555003393642, 29.809836419813152 ] ] ] } },
{ "type": "Feature", "properties": { "hex_id": "88446cad3dfffff", "price_median": 1.3456521739130434, "n": 11, "qtile": 2.0 }, "geometry": { "type": "Polygon", "coordinates": [ [ [ -95.460516930584902, 29.810030591649237 ], [ -95.455610084439556, 29.812686736453298 ], [ -95.455834033441164, 29.817805380035459 ], [ -95.460965281117822, 29.820268024910334 ], [ -95.465872487441786, 29.817611812733023 ], [ -95.465648085901265, 29.812493023068576 ], [ -95.460516930584902, 29.810030591649237 ] ] ] } },
{ "type": "Feature", "properties": { "hex_id": "88446cad43fffff", "price_median": 2.7, "n": 10, "qtile": 3.0 }, "geometry": { "type": "Polygon", "coordinates": [ [ [ -95.479243668207616, 29.778925755981014 ], [ -95.474337977109201, 29.781583463689376 ], [ -95.47456271141904, 29.786702816446141 ], [ -95.479693589193076, 29.789164607361553 ], [ -95.484599639998578, 29.786506831958686 ], [ -95.484374453313777, 29.781387333349414 ], [ -95.479243668207616, 29.778925755981014 ] ] ] } },
{ "type": "Feature", "properties": { "hex_id": "88446cad47fffff", "price_median": 1.0, "n": 22, "qtile": 2.0 }, "geometry": { "type": "Polygon", "coordinates": [ [ [ -95.469207715235939, 29.779121574163224 ], [ -95.464302095186284, 29.781778823817852 ], [ -95.464526377160581, 29.786898030583608 ], [ -95.469656731510895, 29.789360133700232 ], [ -95.47456271141904, 29.786702816446141 ], [ -95.474337977109201, 29.781583463689376 ], [ -95.469207715235939, 29.779121574163224 ] ] ] } },
{ "type": "Feature", "properties": { "hex_id": "88446cad61fffff", "price_median": 1.0, "n": 1, "qtile": 0.0 }, "geometry": { "type": "Polygon", "coordinates": [ [ [ -95.449137593485844, 29.779510900417819 ], [ -95.444232116437178, 29.782167233947529 ], [ -95.44445549385884, 29.787286148315886 ], [ -95.449584800576474, 29.789748875436914 ], [ -95.454490637786236, 29.787092474497882 ], [ -95.454266808108031, 29.781973413861607 ], [ -95.449137593485844, 29.779510900417819 ] ] ] } },
{ "type": "Feature", "properties": { "hex_id": "88446cad63fffff", "price_median": 2.0, "n": 1, "qtile": 2.0 }, "geometry": { "type": "Polygon", "coordinates": [ [ [ -95.454490637786236, 29.787092474497882 ], [ -95.449584800576474, 29.789748875436914 ], [ -95.449808433913077, 29.794867758970693 ], [ -95.454938356787181, 29.797330387766859 ], [ -95.459844554124615, 29.794673919403778 ], [ -95.459620468451021, 29.789554889683068 ], [ -95.454490637786236, 29.787092474497882 ] ] ] } },
{ "type": "Feature", "properties": { "hex_id": "88446cad65fffff", "price_median": 1.0, "n": 1, "qtile": 0.0 }, "geometry": { "type": "Polygon", "coordinates": [ [ [ -95.439103425832869, 29.779704408743964 ], [ -95.434198020736304, 29.782360284202674 ], [ -95.434420945941071, 29.787479052164702 ], [ -95.439549728450032, 29.789942091088808 ], [ -95.44445549385884, 29.787286148315886 ], [ -95.444232116437178, 29.782167233947529 ], [ -95.439103425832869, 29.779704408743964 ] ] ] } },
{ "type": "Feature", "properties": { "hex_id": "88446cad6bfffff", "price_median": 2.7, "n": 4, "qtile": 3.0 }, "geometry": { "type": "Polygon", "coordinates": [ [ [ -95.459172356807727, 29.779316622266563 ], [ -95.454266808108031, 29.781973413861607 ], [ -95.454490637786236, 29.787092474497882 ], [ -95.459620468451021, 29.789554889683068 ], [ -95.464526377160581, 29.786898030583608 ], [ -95.464302095186284, 29.781778823817852 ], [ -95.459172356807727, 29.779316622266563 ] ] ] } },
{ "type": "Feature", "properties": { "hex_id": "88446caf01fffff", "price_median": 1.75375, "n": 4, "qtile": 3.0 }, "geometry": { "type": "Polygon", "coordinates": [ [ [ -95.502641176560829, 29.740031955524078 ], [ -95.497736929990083, 29.742691612782291 ], [ -95.497962644925579, 29.747811847413665 ], [ -95.503093058592384, 29.750272570365965 ], [ -95.507997664281149, 29.747612845011464 ], [ -95.507771497175966, 29.742492464815442 ], [ -95.502641176560829, 29.740031955524078 ] ] ] } },
{ "type": "Feature", "properties": { "hex_id": "88446caf07fffff", "price_median": 1.0, "n": 11, "qtile": 2.0 }, "geometry": { "type": "Polygon", "coordinates": [ [ [ -95.497962644925579, 29.747811847413665 ], [ -95.49305810938553, 29.750471115125009 ], [ -95.493283628285624, 29.755591173790076 ], [ -95.498414134927415, 29.758052110380572 ], [ -95.503319029703263, 29.755392774653313 ], [ -95.503093058592384, 29.750272570365965 ], [ -95.497962644925579, 29.747811847413665 ] ] ] } },
{ "type": "Feature", "properties": { "hex_id": "88446caf09fffff", "price_median": 1.5, "n": 32, "qtile": 3.0 }, "geometry": { "type": "Polygon", "coordinates": [ [ [ -95.507319223204405, 29.732251498507416 ], [ -95.502415265634795, 29.734911545130807 ], [ -95.502641176560829, 29.740031955524078 ], [ -95.507771497175966, 29.742492464815442 ], [ -95.51267581374583, 29.739832350015366 ], [ -95.512449450691193, 29.734711794115107 ], [ -95.507319223204405, 29.732251498507416 ] ] ] } },
{ "type": "Feature", "properties": { "hex_id": "88446caf0dfffff", "price_median": 1.84, "n": 33, "qtile": 2.0 }, "geometry": { "type": "Polygon", "coordinates": [ [ [ -95.497285560236634, 29.732450937626879 ], [ -95.492381672817658, 29.735110526803368 ], [ -95.492607131654211, 29.740230791551017 ], [ -95.497736929990083, 29.742691612782291 ], [ -95.502641176560829, 29.740031955524078 ], [ -95.502415265634795, 29.734911545130807 ], [ -95.497285560236634, 29.732450937626879 ] ] ] } },
{ "type": "Feature", "properties": { "hex_id": "88446caf21fffff", "price_median": 1.0, "n": 7, "qtile": 2.0 }, "geometry": { "type": "Polygon", "coordinates": [ [ [ -95.477894384633345, 29.748207543464055 ], [ -95.472989990294039, 29.750865895870373 ], [ -95.473214604890302, 29.755985662875172 ], [ -95.478344065948974, 29.758447223387527 ], [ -95.483248819826969, 29.755788803155284 ], [ -95.483023753098422, 29.750668890251074 ], [ -95.477894384633345, 29.748207543464055 ] ] ] } },
{ "type": "Feature", "properties": { "hex_id": "88446caf23fffff", "price_median": 1.84, "n": 7, "qtile": 3.0 }, "geometry": { "type": "Polygon", "coordinates": [ [ [ -95.483248819826969, 29.755788803155284 ], [ -95.478344065948974, 29.758447223387527 ], [ -95.478568936556229, 29.763566960063486 ], [ -95.483699013244902, 29.766028422340124 ], [ -95.488604126627948, 29.763369934267324 ], [ -95.488378803808118, 29.758250051772926 ], [ -95.483248819826969, 29.755788803155284 ] ] ] } },
{ "type": "Feature", "properties": { "hex_id": "88446caf29fffff", "price_median": 1.0, "n": 12, "qtile": 2.0 }, "geometry": { "type": "Polygon", "coordinates": [ [ [ -95.482573679588938, 29.74042885822217 ], [ -95.47766957391967, 29.743087600377756 ], [ -95.477894384633345, 29.748207543464055 ], [ -95.483023753098422, 29.750668890251074 ], [ -95.487928218188642, 29.748010080189164 ], [ -95.487702955383682, 29.742889991261034 ], [ -95.482573679588938, 29.74042885822217 ] ] ] } },
{ "type": "Feature", "properties": { "hex_id": "88446caf2bfffff", "price_median": 1.6720170454545455, "n": 4, "qtile": 2.0 }, "geometry": { "type": "Polygon", "coordinates": [ [ [ -95.487928218188642, 29.748010080189164 ], [ -95.483023753098422, 29.750668890251074 ], [ -95.483248819826969, 29.755788803155284 ], [ -95.488378803808118, 29.758250051772926 ], [ -95.493283628285624, 29.755591173790076 ], [ -95.49305810938553, 29.750471115125009 ], [ -95.487928218188642, 29.748010080189164 ] ] ] } },
{ "type": "Feature", "properties": { "hex_id": "88446caf2dfffff", "price_median": 2.2, "n": 2, "qtile": 3.0 }, "geometry": { "type": "Polygon", "coordinates": [ [ [ -95.472540820927819, 29.740626155663669 ], [ -95.467636786160753, 29.74328444025868 ], [ -95.467861144822464, 29.748404237364607 ], [ -95.472989990294039, 29.750865895870373 ], [ -95.477894384633345, 29.748207543464055 ], [ -95.47766957391967, 29.743087600377756 ], [ -95.472540820927819, 29.740626155663669 ] ] ] } },
{ "type": "Feature", "properties": { "hex_id": "88446caf41fffff", "price_median": 2.0, "n": 3, "qtile": 3.0 }, "geometry": { "type": "Polygon", "coordinates": [ [ [ -95.50664096280407, 29.716889535465278 ], [ -95.501737653183739, 29.719549903029531 ], [ -95.501963503948915, 29.724670518802871 ], [ -95.507093116332683, 29.727130912556717 ], [ -95.511996784869353, 29.724470476749904 ], [ -95.511770482096807, 29.71934971544631 ], [ -95.50664096280407, 29.716889535465278 ] ] ] } },
{ "type": "Feature", "properties": { "hex_id": "88446caf43fffff", "price_median": 1.84, "n": 13, "qtile": 2.0 }, "geometry": { "type": "Polygon", "coordinates": [ [ [ -95.511996784869353, 29.724470476749904 ], [ -95.507093116332683, 29.727130912556717 ], [ -95.507319223204405, 29.732251498507416 ], [ -95.512449450691193, 29.734711794115107 ], [ -95.517353478110365, 29.732051290051221 ], [ -95.517126919151139, 29.726930558651219 ], [ -95.511996784869353, 29.724470476749904 ] ] ] } },
{ "type": "Feature", "properties": { "hex_id": "88446caf45fffff", "price_median": 1.57, "n": 30, "qtile": 2.0 }, "geometry": { "type": "Polygon", "coordinates": [ [ [ -95.496608655860356, 29.717089411371848 ], [ -95.491705416392577, 29.719749321685502 ], [ -95.491930815189491, 29.724869791789953 ], [ -95.497059905413352, 29.727330497264131 ], [ -95.501963503948915, 29.724670518802871 ], [ -95.501737653183739, 29.719549903029531 ], [ -95.496608655860356, 29.717089411371848 ] ] ] } },
{ "type": "Feature", "properties": { "hex_id": "88446caf47fffff", "price_median": 1.14, "n": 23, "qtile": 2.0 }, "geometry": { "type": "Polygon", "coordinates": [ [ [ -95.501963503948915, 29.724670518802871 ], [ -95.497059905413352, 29.727330497264131 ], [ -95.497285560236634, 29.732450937626879 ], [ -95.502415265634795, 29.734911545130807 ], [ -95.507319223204405, 29.732251498507416 ], [ -95.507093116332683, 29.727130912556717 ], [ -95.501963503948915, 29.724670518802871 ] ] ] } },
{ "type": "Feature", "properties": { "hex_id": "88446caf49fffff", "price_median": 2.7, "n": 4, "qtile": 3.0 }, "geometry": { "type": "Polygon", "coordinates": [ [ [ -95.511317936815146, 29.709107988000486 ], [ -95.506414916141836, 29.711768744485884 ], [ -95.50664096280407, 29.716889535465278 ], [ -95.511770482096807, 29.71934971544631 ], [ -95.516673861568748, 29.716688890637926 ], [ -95.516447362940227, 29.711567954185995 ], [ -95.511317936815146, 29.709107988000486 ] ] ] } },
{ "type": "Feature", "properties": { "hex_id": "88446caf4bfffff", "price_median": 1.0, "n": 5, "qtile": 0.0 }, "geometry": { "type": "Polygon", "coordinates": [ [ [ -95.516673861568748, 29.716688890637926 ], [ -95.511770482096807, 29.71934971544631 ], [ -95.511996784869353, 29.724470476749904 ], [ -95.517126919151139, 29.726930558651219 ], [ -95.522030657387859, 29.72426966550535 ], [ -95.521803902568919, 29.719148758810157 ], [ -95.516673861568748, 29.716688890637926 ] ] ] } },
{ "type": "Feature", "properties": { "hex_id": "88446caf4dfffff", "price_median": 1.5, "n": 30, "qtile": 2.0 }, "geometry": { "type": "Polygon", "coordinates": [ [ [ -95.501286011795585, 29.709308466667441 ], [ -95.496383061125343, 29.711968766003643 ], [ -95.496608655860356, 29.717089411371848 ], [ -95.501737653183739, 29.719549903029531 ], [ -95.50664096280407, 29.716889535465278 ], [ -95.506414916141836, 29.711768744485884 ], [ -95.501286011795585, 29.709308466667441 ] ] ] } },
{ "type": "Feature", "properties": { "hex_id": "88446caf51fffff", "price_median": 1.0, "n": 12, "qtile": 1.0 }, "geometry": { "type": "Polygon", "coordinates": [ [ [ -95.527388324391296, 29.731850312132583 ], [ -95.522484227423718, 29.73451127363046 ], [ -95.522711042646009, 29.739631974899048 ], [ -95.527842407033418, 29.742091859913874 ], [ -95.532746862697934, 29.739430830049443 ], [ -95.532519595269036, 29.734309983551249 ], [ -95.527388324391296, 29.731850312132583 ] ] ] } },
{ "type": "Feature", "properties": { "hex_id": "88446caf55fffff", "price_median": 1.0, "n": 29, "qtile": 2.0 }, "geometry": { "type": "Polygon", "coordinates": [ [ [ -95.517353478110365, 29.732051290051221 ], [ -95.512449450691193, 29.734711794115107 ], [ -95.51267581374583, 29.739832350015366 ], [ -95.517806656378198, 29.742292547234559 ], [ -95.522711042646009, 29.739631974899048 ], [ -95.522484227423718, 29.73451127363046 ], [ -95.517353478110365, 29.732051290051221 ] ] ] } },
{ "type": "Feature", "properties": { "hex_id": "88446caf59fffff", "price_median": 1.924, "n": 17, "qtile": 2.0 }, "geometry": { "type": "Polygon", "coordinates": [ [ [ -95.53206512094124, 29.724068084943628 ], [ -95.527161313305584, 29.726729435421969 ], [ -95.527388324391296, 29.731850312132583 ], [ -95.532519595269036, 29.734309983551249 ], [ -95.537423761483851, 29.731648564625988 ], [ -95.537196298232701, 29.726527542743472 ], [ -95.53206512094124, 29.724068084943628 ] ] ] } },
{ "type": "Feature", "properties": { "hex_id": "88446caf5dfffff", "price_median": 1.0, "n": 13, "qtile": 2.0 }, "geometry": { "type": "Polygon", "coordinates": [ [ [ -95.522030657387859, 29.72426966550535 ], [ -95.517126919151139, 29.726930558651219 ], [ -95.517353478110365, 29.732051290051221 ], [ -95.522484227423718, 29.73451127363046 ], [ -95.527388324391296, 29.731850312132583 ], [ -95.527161313305584, 29.726729435421969 ], [ -95.522030657387859, 29.72426966550535 ] ] ] } },
{ "type": "Feature", "properties": { "hex_id": "88446caf61fffff", "price_median": 1.0, "n": 48, "qtile": 2.0 }, "geometry": { "type": "Polygon", "coordinates": [ [ [ -95.481898719153861, 29.725068295837026 ], [ -95.476995261523356, 29.727727359588108 ], [ -95.477220012367312, 29.73284750835915 ], [ -95.482348672802672, 29.73530873925872 ], [ -95.487252489770015, 29.732649607535453 ], [ -95.487027286956007, 29.727529312899275 ], [ -95.481898719153861, 29.725068295837026 ] ] ] } },
{ "type": "Feature", "properties": { "hex_id": "88446caf63fffff", "price_median": 3.1014705882352946, "n": 33, "qtile": 3.0 }, "geometry": { "type": "Polygon", "coordinates": [ [ [ -95.487252489770015, 29.732649607535453 ], [ -95.482348672802672, 29.73530873925872 ], [ -95.482573679588938, 29.74042885822217 ], [ -95.487702955383682, 29.742889991261034 ], [ -95.492607131654211, 29.740230791551017 ], [ -95.492381672817658, 29.735110526803368 ], [ -95.487252489770015, 29.732649607535453 ] ] ] } },
{ "type": "Feature", "properties": { "hex_id": "88446caf65fffff", "price_median": 1.0, "n": 11, "qtile": 2.0 }, "geometry": { "type": "Polygon", "coordinates": [ [ [ -95.471867216404533, 29.725266031070113 ], [ -95.466963829677852, 29.727924637456763 ], [ -95.46718812859109, 29.733044640224129 ], [ -95.472316266152561, 29.735506182622984 ], [ -95.477220012367312, 29.73284750835915 ], [ -95.476995261523356, 29.727727359588108 ], [ -95.471867216404533, 29.725266031070113 ] ] ] } },
{ "type": "Feature", "properties": { "hex_id": "88446caf67fffff", "price_median": 1.84, "n": 29, "qtile": 3.0 }, "geometry": { "type": "Polygon", "coordinates": [ [ [ -95.477220012367312, 29.73284750835915 ], [ -95.472316266152561, 29.735506182622984 ], [ -95.472540820927819, 29.740626155663669 ], [ -95.47766957391967, 29.743087600377756 ], [ -95.482573679588938, 29.74042885822217 ], [ -95.482348672802672, 29.73530873925872 ], [ -95.477220012367312, 29.73284750835915 ] ] ] } },
{ "type": "Feature", "properties": { "hex_id": "88446caf69fffff", "price_median": 1.0, "n": 8, "qtile": 1.0 }, "geometry": { "type": "Polygon", "coordinates": [ [ [ -95.486576941300356, 29.717288518483379 ], [ -95.481673772285987, 29.719947971540059 ], [ -95.481898719153861, 29.725068295837026 ], [ -95.487027286956007, 29.727529312899275 ], [ -95.491930815189491, 29.724869791789953 ], [ -95.491705416392577, 29.719749321685502 ], [ -95.486576941300356, 29.717288518483379 ] ] ] } },
{ "type": "Feature", "properties": { "hex_id": "88446caf6bfffff", "price_median": 1.0, "n": 11, "qtile": 1.0 }, "geometry": { "type": "Polygon", "coordinates": [ [ [ -95.491930815189491, 29.724869791789953 ], [ -95.487027286956007, 29.727529312899275 ], [ -95.487252489770015, 29.732649607535453 ], [ -95.492381672817658, 29.735110526803368 ], [ -95.497285560236634, 29.732450937626879 ], [ -95.497059905413352, 29.727330497264131 ], [ -95.491930815189491, 29.724869791789953 ] ] ] } },
{ "type": "Feature", "properties": { "hex_id": "88446caf6dfffff", "price_median": 1.0, "n": 10, "qtile": 0.0 }, "geometry": { "type": "Polygon", "coordinates": [ [ [ -95.476545819686578, 29.717486856925753 ], [ -95.471642721426463, 29.720145852719199 ], [ -95.471867216404533, 29.725266031070113 ], [ -95.476995261523356, 29.727727359588108 ], [ -95.481898719153861, 29.725068295837026 ], [ -95.481673772285987, 29.719947971540059 ], [ -95.476545819686578, 29.717486856925753 ] ] ] } }
]
}
