{
"type": "FeatureCollection",
"name": "value_metrics",
"crs": { "type": "name", "properties": { "name": "urn:ogc:def:crs:OGC:1.3:CRS84" } },
"features": [
{ "type": "Feature", "properties": { "mean_value": null, "mean_sentiment": null, "value_gap_to_market": null }, "geometry": { "type": "Point", "coordinates": [ -95.2468461, 30.0623933 ] } },
{ "type": "Feature", "properties": { "mean_value": 4.1455479452054798, "mean_sentiment": 0.65961832061068704, "value_gap_to_market": 0.50728454824932134 }, "geometry": { "type": "Point", "coordinates": [ -95.2424492, 30.0696057 ] } },
{ "type": "Feature", "properties": { "mean_value": 4.6944444444444446, "mean_sentiment": 0.87777777777777777, "value_gap_to_market": 1.0561810474882862 }, "geometry": { "type": "Point", "coordinates": [ -95.2357423, 30.0507676 ] } },
{ "type": "Feature", "properties": { "mean_value": 3.9869337979094075, "mean_sentiment": 0.59616724738675964, "value_gap_to_market": 0.34867040095324908 }, "geometry": { "type": "Point", "coordinates": [ -95.2374758, 30.0507212 ] } },
{ "type": "Feature", "properties": { "mean_value": 4.3309037900874632, "mean_sentiment": 0.73206997084548109, "value_gap_to_market": 0.69264039313130477 }, "geometry": { "type": "Point", "coordinates": [ -95.2493865, 30.0689321 ] } },
{ "type": "Feature", "properties": { "mean_value": 3.316334355828221, "mean_sentiment": 0.3223076923076923, "value_gap_to_market": -0.32192904112793741 }, "geometry": { "type": "Point", "coordinates": [ -95.2427673, 30.0696236 ] } },
{ "type": "Feature", "properties": { "mean_value": 3.4339928057553957, "mean_sentiment": 0.37059248554913293, "value_gap_to_market": -0.20427059120076274 }, "geometry": { "type": "Point", "coordinates": [ -95.2440886, 30.0698523 ] } },
{ "type": "Feature", "properties": { "mean_value": null, "mean_sentiment": null, "value_gap_to_market": null }, "geometry": { "type": "Point", "coordinates": [ -95.2514673, 30.0402149 ] } },
{ "type": "Feature", "properties": { "mean_value": null, "mean_sentiment": null, "value_gap_to_market": null }, "geometry": { "type": "Point", "coordinates": [ -95.2467971, 30.0629309 ] } },
{ "type": "Feature", "properties": { "mean_value": 4.2044392523364484, "mean_sentiment": 0.6817757009345794, "value_gap_to_market": 0.56617585538029003 }, "geometry": { "type": "Point", "coordinates": [ -95.2392046, 30.0290201 ] } },
{ "type": "Feature", "properties": { "mean_value": 3.9364035087719298, "mean_sentiment": 0.57258771929824559, "value_gap_to_market": 0.29814011181577138 }, "geometry": { "type": "Point", "coordinates": [ -95.241802, 30.069663 ] } },
{ "type": "Feature", "properties": { "mean_value": 3.4964002879769618, "mean_sentiment": 0.39451263537906139, "value_gap_to_market": -0.14186310897919663 }, "geometry": { "type": "Point", "coordinates": [ -95.2478113, 30.0635813 ] } },
{ "type": "Feature", "properties": { "mean_value": null, "mean_sentiment": null, "value_gap_to_market": null }, "geometry": { "type": "Point", "coordinates": [ -95.2465436, 30.0673942 ] } },
{ "type": "Feature", "properties": { "mean_value": null, "mean_sentiment": null, "value_gap_to_market": null }, "geometry": { "type": "Point", "coordinates": [ -95.2382101, 30.0488015 ] } },
{ "type": "Feature", "properties": { "mean_value": 2.9572784810126582, "mean_sentiment": 0.1805084745762712, "value_gap_to_market": -0.68098491594350019 }, "geometry": { "type": "Point", "coordinates": [ -95.2444857, 30.0705024 ] } },
{ "type": "Feature", "properties": { "mean_value": 3.5617138364779874, "mean_sentiment": 0.4253943217665615, "value_gap_to_market": -0.076549560478170964 }, "geometry": { "type": "Point", "coordinates": [ -95.253176, 30.0695192 ] } },
{ "type": "Feature", "properties": { "mean_value": null, "mean_sentiment": null, "value_gap_to_market": null }, "geometry": { "type": "Point", "coordinates": [ -95.2456207, 30.0496766 ] } },
{ "type": "Feature", "properties": { "mean_value": 3.8100436681222707, "mean_sentiment": 0.52056892778993435, "value_gap_to_market": 0.17178027116611227 }, "geometry": { "type": "Point", "coordinates": [ -95.2326643, 30.0487821 ] } },
{ "type": "Feature", "properties": { "mean_value": null, "mean_sentiment": null, "value_gap_to_market": null }, "geometry": { "type": "Point", "coordinates": [ -95.2479995, 30.0629441 ] } },
{ "type": "Feature", "properties": { "mean_value": 4.0103773584905662, "mean_sentiment": 0.60606060606060608, "value_gap_to_market": 0.37211396153440779 }, "geometry": { "type": "Point", "coordinates": [ -95.2495152, 30.0683497 ] } },
{ "type": "Feature", "properties": { "mean_value": 3.4170616113744074, "mean_sentiment": 0.36445497630331752, "value_gap_to_market": -0.22120178558175096 }, "geometry": { "type": "Point", "coordinates": [ -95.246826, 30.0668875 ] } },
{ "type": "Feature", "properties": { "mean_value": 3.9223484848484849, "mean_sentiment": 0.56796536796536801, "value_gap_to_market": 0.28408508789232645 }, "geometry": { "type": "Point", "coordinates": [ -95.2481638, 30.0618188 ] } },
{ "type": "Feature", "properties": { "mean_value": 4.2841748768472909, "mean_sentiment": 0.71391625615763543, "value_gap_to_market": 0.64591147989113251 }, "geometry": { "type": "Point", "coordinates": [ -95.40826, 29.8029428 ] } },
{ "type": "Feature", "properties": { "mean_value": null, "mean_sentiment": null, "value_gap_to_market": null }, "geometry": { "type": "Point", "coordinates": [ -95.3880704, 29.7905959 ] } },
{ "type": "Feature", "properties": { "mean_value": null, "mean_sentiment": null, "value_gap_to_market": null }, "geometry": { "type": "Point", "coordinates": [ -95.3880632, 29.7882229 ] } },
{ "type": "Feature", "properties": { "mean_value": null, "mean_sentiment": null, "value_gap_to_market": null }, "geometry": { "type": "Point", "coordinates": [ -95.3985689, 29.783583 ] } },
{ "type": "Feature", "properties": { "mean_value": null, "mean_sentiment": null, "value_gap_to_market": null }, "geometry": { "type": "Point", "coordinates": [ -95.3896487, 29.7910341 ] } },
{ "type": "Feature", "properties": { "mean_value": null, "mean_sentiment": null, "value_gap_to_market": null }, "geometry": { "type": "Point", "coordinates": [ -95.3880214, 29.7891736 ] } },
{ "type": "Feature", "properties": { "mean_value": null, "mean_sentiment": null, "value_gap_to_market": null }, "geometry": { "type": "Point", "coordinates": [ -95.3986547, 29.7904996 ] } },
{ "type": "Feature", "properties": { "mean_value": null, "mean_sentiment": null, "value_gap_to_market": null }, "geometry": { "type": "Point", "coordinates": [ -95.3815689, 29.8046412 ] } },
{ "type": "Feature", "properties": { "mean_value": null, "mean_sentiment": null, "value_gap_to_market": null }, "geometry": { "type": "Point", "coordinates": [ -95.4020278, 29.8030313 ] } },
{ "type": "Feature", "properties": { "mean_value": null, "mean_sentiment": null, "value_gap_to_market": null }, "geometry": { "type": "Point", "coordinates": [ -95.3822239, 29.7989498 ] } },
{ "type": "Feature", "properties": { "mean_value": null, "mean_sentiment": null, "value_gap_to_market": null }, "geometry": { "type": "Point", "coordinates": [ -95.4089754, 29.7698869 ] } },
{ "type": "Feature", "properties": { "mean_value": null, "mean_sentiment": null, "value_gap_to_market": null }, "geometry": { "type": "Point", "coordinates": [ -95.3541429, 29.7680807 ] } },
{ "type": "Feature", "properties": { "mean_value": null, "mean_sentiment": null, "value_gap_to_market": null }, "geometry": { "type": "Point", "coordinates": [ -95.3814348, 29.804511 ] } },
{ "type": "Feature", "properties": { "mean_value": null, "mean_sentiment": null, "value_gap_to_market": null }, "geometry": { "type": "Point", "coordinates": [ -95.3936817, 29.8036955 ] } },
{ "type": "Feature", "properties": { "mean_value": null, "mean_sentiment": null, "value_gap_to_market": null }, "geometry": { "type": "Point", "coordinates": [ -95.3672727, 29.7646083 ] } },
{ "type": "Feature", "properties": { "mean_value": null, "mean_sentiment": null, "value_gap_to_market": null }, "geometry": { "type": "Point", "coordinates": [ -95.4103774, 29.8393063 ] } },
{ "type": "Feature", "properties": { "mean_value": null, "mean_sentiment": null, "value_gap_to_market": null }, "geometry": { "type": "Point", "coordinates": [ -95.3851471, 29.8041917 ] } },
{ "type": "Feature", "properties": { "mean_value": null, "mean_sentiment": null, "value_gap_to_market": null }, "geometry": { "type": "Point", "coordinates": [ -95.2445183, 30.0504458 ] } },
{ "type": "Feature", "properties": { "mean_value": null, "mean_sentiment": null, "value_gap_to_market": null }, "geometry": { "type": "Point", "coordinates": [ -95.2454661, 30.0677828 ] } },
{ "type": "Feature", "properties": { "mean_value": 2.5771144278606966, "mean_sentiment": 0.024875621890547265, "value_gap_to_market": -1.0611489690954619 }, "geometry": { "type": "Point", "coordinates": [ -95.2307032, 30.0496492 ] } },
{ "type": "Feature", "properties": { "mean_value": null, "mean_sentiment": null, "value_gap_to_market": null }, "geometry": { "type": "Point", "coordinates": [ -95.2516167, 30.0393884 ] } },
{ "type": "Feature", "properties": { "mean_value": null, "mean_sentiment": null, "value_gap_to_market": null }, "geometry": { "type": "Point", "coordinates": [ -95.2452723, 30.0507524 ] } },
{ "type": "Feature", "properties": { "mean_value": null, "mean_sentiment": null, "value_gap_to_market": null }, "geometry": { "type": "Point", "coordinates": [ -95.4341969, 29.816989 ] } },
{ "type": "Feature", "properties": { "mean_value": 4.0497619047619047, "mean_sentiment": 0.62257142857142855, "value_gap_to_market": 0.41149850780574626 }, "geometry": { "type": "Point", "coordinates": [ -95.4204827, 29.8225738 ] } },
{ "type": "Feature", "properties": { "mean_value": null, "mean_sentiment": null, "value_gap_to_market": null }, "geometry": { "type": "Point", "coordinates": [ -95.4297872, 29.8045106 ] } },
{ "type": "Feature", "properties": { "mean_value": null, "mean_sentiment": null, "value_gap_to_market": null }, "geometry": { "type": "Point", "coordinates": [ -95.4360698, 29.820613 ] } },
{ "type": "Feature", "properties": { "mean_value": null, "mean_sentiment": null, "value_gap_to_market": null }, "geometry": { "type": "Point", "coordinates": [ -95.4097518, 29.7951774 ] } },
{ "type": "Feature", "properties": { "mean_value": null, "mean_sentiment": null, "value_gap_to_market": null }, "geometry": { "type": "Point", "coordinates": [ -95.430792, 29.8167872 ] } },
{ "type": "Feature", "properties": { "mean_value": 4.3670580110497239, "mean_sentiment": 0.7479281767955801, "value_gap_to_market": 0.7287946140935655 }, "geometry": { "type": "Point", "coordinates": [ -95.4270625, 29.776238 ] } },
{ "type": "Feature", "properties": { "mean_value": null, "mean_sentiment": null, "value_gap_to_market": null }, "geometry": { "type": "Point", "coordinates": [ -95.2415568, 30.0697974 ] } },
{ "type": "Feature", "properties": { "mean_value": 4.023076923076923, "mean_sentiment": 0.60923076923076924, "value_gap_to_market": 0.38481352612076458 }, "geometry": { "type": "Point", "coordinates": [ -95.3581645, 29.7771421 ] } },
{ "type": "Feature", "properties": { "mean_value": 3.9503205128205128, "mean_sentiment": 0.58098290598290603, "value_gap_to_market": 0.31205711586435436 }, "geometry": { "type": "Point", "coordinates": [ -95.4220436, 29.8062304 ] } },
{ "type": "Feature", "properties": { "mean_value": null, "mean_sentiment": null, "value_gap_to_market": null }, "geometry": { "type": "Point", "coordinates": [ -95.411137, 29.8177831 ] } },
{ "type": "Feature", "properties": { "mean_value": null, "mean_sentiment": null, "value_gap_to_market": null }, "geometry": { "type": "Point", "coordinates": [ -95.3814128, 29.8095292 ] } },
{ "type": "Feature", "properties": { "mean_value": null, "mean_sentiment": null, "value_gap_to_market": null }, "geometry": { "type": "Point", "coordinates": [ -95.3883176, 29.7748888 ] } },
{ "type": "Feature", "properties": { "mean_value": 3.9253048780487805, "mean_sentiment": 0.56880733944954132, "value_gap_to_market": 0.28704148109262206 }, "geometry": { "type": "Point", "coordinates": [ -95.3609574, 29.7761628 ] } },
{ "type": "Feature", "properties": { "mean_value": null, "mean_sentiment": null, "value_gap_to_market": null }, "geometry": { "type": "Point", "coordinates": [ -95.4287583, 29.8050445 ] } },
{ "type": "Feature", "properties": { "mean_value": null, "mean_sentiment": null, "value_gap_to_market": null }, "geometry": { "type": "Point", "coordinates": [ -95.4088058, 29.7752946 ] } },
{ "type": "Feature", "properties": { "mean_value": null, "mean_sentiment": null, "value_gap_to_market": null }, "geometry": { "type": "Point", "coordinates": [ -95.4089736, 29.7804489 ] } },
{ "type": "Feature", "properties": { "mean_value": null, "mean_sentiment": null, "value_gap_to_market": null }, "geometry": { "type": "Point", "coordinates": [ -95.3989044, 29.7726382 ] } },
{ "type": "Feature", "properties": { "mean_value": null, "mean_sentiment": null, "value_gap_to_market": null }, "geometry": { "type": "Point", "coordinates": [ -95.4297478, 29.8164428 ] } },
{ "type": "Feature", "properties": { "mean_value": 3.7983803986710964, "mean_sentiment": 0.51885382059800667, "value_gap_to_market": 0.16011700171493803 }, "geometry": { "type": "Point", "coordinates": [ -95.3606304, 29.7930411 ] } },
{ "type": "Feature", "properties": { "mean_value": null, "mean_sentiment": null, "value_gap_to_market": null }, "geometry": { "type": "Point", "coordinates": [ -95.4097028, 29.7672643 ] } },
{ "type": "Feature", "properties": { "mean_value": 4.052910052910053, "mean_sentiment": 0.62199646643109541, "value_gap_to_market": 0.41464665595389461 }, "geometry": { "type": "Point", "coordinates": [ -95.3824009, 29.8108826 ] } },
{ "type": "Feature", "properties": { "mean_value": 4.3983418367346943, "mean_sentiment": 0.76092951991828395, "value_gap_to_market": 0.76007843977853584 }, "geometry": { "type": "Point", "coordinates": [ -95.4104422, 29.7757773 ] } },
{ "type": "Feature", "properties": { "mean_value": 4.0027901785714288, "mean_sentiment": 0.59977678571428572, "value_gap_to_market": 0.36452678161527041 }, "geometry": { "type": "Point", "coordinates": [ -95.410456, 29.8060077 ] } },
{ "type": "Feature", "properties": { "mean_value": null, "mean_sentiment": null, "value_gap_to_market": null }, "geometry": { "type": "Point", "coordinates": [ -95.4295991, 29.8102017 ] } },
{ "type": "Feature", "properties": { "mean_value": null, "mean_sentiment": null, "value_gap_to_market": null }, "geometry": { "type": "Point", "coordinates": [ -95.4017004, 29.803699 ] } },
{ "type": "Feature", "properties": { "mean_value": null, "mean_sentiment": null, "value_gap_to_market": null }, "geometry": { "type": "Point", "coordinates": [ -95.4183244, 29.8029798 ] } },
{ "type": "Feature", "properties": { "mean_value": null, "mean_sentiment": null, "value_gap_to_market": null }, "geometry": { "type": "Point", "coordinates": [ -95.4030424, 29.7903563 ] } },
{ "type": "Feature", "properties": { "mean_value": null, "mean_sentiment": null, "value_gap_to_market": null }, "geometry": { "type": "Point", "coordinates": [ -95.4256359, 29.8102403 ] } },
{ "type": "Feature", "properties": { "mean_value": null, "mean_sentiment": null, "value_gap_to_market": null }, "geometry": { "type": "Point", "coordinates": [ -95.3804918, 29.7711364 ] } },
{ "type": "Feature", "properties": { "mean_value": null, "mean_sentiment": null, "value_gap_to_market": null }, "geometry": { "type": "Point", "coordinates": [ -95.4076731, 29.7702356 ] } },
{ "type": "Feature", "properties": { "mean_value": null, "mean_sentiment": null, "value_gap_to_market": null }, "geometry": { "type": "Point", "coordinates": [ -95.4296933, 29.8169861 ] } },
{ "type": "Feature", "properties": { "mean_value": null, "mean_sentiment": null, "value_gap_to_market": null }, "geometry": { "type": "Point", "coordinates": [ -95.409561, 29.7896319 ] } },
{ "type": "Feature", "properties": { "mean_value": null, "mean_sentiment": null, "value_gap_to_market": null }, "geometry": { "type": "Point", "coordinates": [ -95.4236569, 29.8177519 ] } },
{ "type": "Feature", "properties": { "mean_value": 3.9264705882352939, "mean_sentiment": 0.57430830039525693, "value_gap_to_market": 0.28820719127913552 }, "geometry": { "type": "Point", "coordinates": [ -95.3965123, 29.8038876 ] } },
{ "type": "Feature", "properties": { "mean_value": null, "mean_sentiment": null, "value_gap_to_market": null }, "geometry": { "type": "Point", "coordinates": [ -95.4103956, 29.7988843 ] } },
{ "type": "Feature", "properties": { "mean_value": null, "mean_sentiment": null, "value_gap_to_market": null }, "geometry": { "type": "Point", "coordinates": [ -95.3764112, 29.7679605 ] } },
{ "type": "Feature", "properties": { "mean_value": null, "mean_sentiment": null, "value_gap_to_market": null }, "geometry": { "type": "Point", "coordinates": [ -95.4290998, 29.8137872 ] } },
{ "type": "Feature", "properties": { "mean_value": null, "mean_sentiment": null, "value_gap_to_market": null }, "geometry": { "type": "Point", "coordinates": [ -95.3908578, 29.804383 ] } },
{ "type": "Feature", "properties": { "mean_value": 4.2950624082232007, "mean_sentiment": 0.72008076358296624, "value_gap_to_market": 0.65679901126704232 }, "geometry": { "type": "Point", "coordinates": [ -95.4350054, 29.8168814 ] } },
{ "type": "Feature", "properties": { "mean_value": 3.4675751879699246, "mean_sentiment": 0.38327067669172932, "value_gap_to_market": -0.17068820898623382 }, "geometry": { "type": "Point", "coordinates": [ -95.3601573, 29.787786 ] } },
{ "type": "Feature", "properties": { "mean_value": 3.8976364846870837, "mean_sentiment": 0.55559254327563246, "value_gap_to_market": 0.25937308773092527 }, "geometry": { "type": "Point", "coordinates": [ -95.4098408, 29.7746278 ] } },
{ "type": "Feature", "properties": { "mean_value": null, "mean_sentiment": null, "value_gap_to_market": null }, "geometry": { "type": "Point", "coordinates": [ -95.37782, 29.8041049 ] } },
{ "type": "Feature", "properties": { "mean_value": 3.597457627118644, "mean_sentiment": 0.43983050847457628, "value_gap_to_market": -0.040805769837514383 }, "geometry": { "type": "Point", "coordinates": [ -95.3613548, 29.7994403 ] } },
{ "type": "Feature", "properties": { "mean_value": 4.3239268680445155, "mean_sentiment": 0.72957074721780601, "value_gap_to_market": 0.68566347108835712 }, "geometry": { "type": "Point", "coordinates": [ -95.430801, 29.8170813 ] } },
{ "type": "Feature", "properties": { "mean_value": null, "mean_sentiment": null, "value_gap_to_market": null }, "geometry": { "type": "Point", "coordinates": [ -95.4112589, 29.8394002 ] } },
{ "type": "Feature", "properties": { "mean_value": null, "mean_sentiment": null, "value_gap_to_market": null }, "geometry": { "type": "Point", "coordinates": [ -95.3724247, 29.7877611 ] } },
{ "type": "Feature", "properties": { "mean_value": 3.9230769230769229, "mean_sentiment": 0.54871794871794877, "value_gap_to_market": 0.28481352612076449 }, "geometry": { "type": "Point", "coordinates": [ -95.369033, 29.8038284 ] } },
{ "type": "Feature", "properties": { "mean_value": 3.7319724284199363, "mean_sentiment": 0.49182590233545648, "value_gap_to_market": 0.093709031463777848 }, "geometry": { "type": "Point", "coordinates": [ -95.409039, 29.776495 ] } },
{ "type": "Feature", "properties": { "mean_value": null, "mean_sentiment": null, "value_gap_to_market": null }, "geometry": { "type": "Point", "coordinates": [ -95.3967141, 29.7716417 ] } },
{ "type": "Feature", "properties": { "mean_value": null, "mean_sentiment": null, "value_gap_to_market": null }, "geometry": { "type": "Point", "coordinates": [ -95.430808, 29.82921 ] } },
{ "type": "Feature", "properties": { "mean_value": null, "mean_sentiment": null, "value_gap_to_market": null }, "geometry": { "type": "Point", "coordinates": [ -95.3681531, 29.8039285 ] } },
{ "type": "Feature", "properties": { "mean_value": 4.2138810198300281, "mean_sentiment": 0.68356940509915021, "value_gap_to_market": 0.57561762287386964 }, "geometry": { "type": "Point", "coordinates": [ -95.3823602, 29.7981238 ] } },
{ "type": "Feature", "properties": { "mean_value": null, "mean_sentiment": null, "value_gap_to_market": null }, "geometry": { "type": "Point", "coordinates": [ -95.4308187, 29.8292237 ] } },
{ "type": "Feature", "properties": { "mean_value": null, "mean_sentiment": null, "value_gap_to_market": null }, "geometry": { "type": "Point", "coordinates": [ -95.3988619, 29.7971597 ] } },
{ "type": "Feature", "properties": { "mean_value": null, "mean_sentiment": null, "value_gap_to_market": null }, "geometry": { "type": "Point", "coordinates": [ -95.4112354, 29.8031057 ] } },
{ "type": "Feature", "properties": { "mean_value": null, "mean_sentiment": null, "value_gap_to_market": null }, "geometry": { "type": "Point", "coordinates": [ -95.406079, 29.802518 ] } },
{ "type": "Feature", "properties": { "mean_value": 4.0003094059405937, "mean_sentiment": 0.60309789343246589, "value_gap_to_market": 0.36204600898443529 }, "geometry": { "type": "Point", "coordinates": [ -95.428818, 29.8064541 ] } },
{ "type": "Feature", "properties": { "mean_value": 3.7415413533834587, "mean_sentiment": 0.49624060150375943, "value_gap_to_market": 0.10327795642730031 }, "geometry": { "type": "Point", "coordinates": [ -95.4109316, 29.769893 ] } },
{ "type": "Feature", "properties": { "mean_value": null, "mean_sentiment": null, "value_gap_to_market": null }, "geometry": { "type": "Point", "coordinates": [ -95.4366757, 29.8174812 ] } },
{ "type": "Feature", "properties": { "mean_value": null, "mean_sentiment": null, "value_gap_to_market": null }, "geometry": { "type": "Point", "coordinates": [ -95.3979765, 29.7904146 ] } },
{ "type": "Feature", "properties": { "mean_value": 3.8856431159420288, "mean_sentiment": 0.5552631578947369, "value_gap_to_market": 0.24737971898587041 }, "geometry": { "type": "Point", "coordinates": [ -95.4053687, 29.803057 ] } },
{ "type": "Feature", "properties": { "mean_value": null, "mean_sentiment": null, "value_gap_to_market": null }, "geometry": { "type": "Point", "coordinates": [ -95.3981807, 29.7746303 ] } },
{ "type": "Feature", "properties": { "mean_value": 2.3355813953488371, "mean_sentiment": -0.068342644320297949, "value_gap_to_market": -1.3026820016073213 }, "geometry": { "type": "Point", "coordinates": [ -95.3731998, 29.7913252 ] } },
{ "type": "Feature", "properties": { "mean_value": null, "mean_sentiment": null, "value_gap_to_market": null }, "geometry": { "type": "Point", "coordinates": [ -95.4082107, 29.7823467 ] } },
{ "type": "Feature", "properties": { "mean_value": 3.8846153846153846, "mean_sentiment": 0.55418060200668895, "value_gap_to_market": 0.24635198765922617 }, "geometry": { "type": "Point", "coordinates": [ -95.4099163, 29.8176686 ] } },
{ "type": "Feature", "properties": { "mean_value": null, "mean_sentiment": null, "value_gap_to_market": null }, "geometry": { "type": "Point", "coordinates": [ -95.3818594, 29.7748943 ] } },
{ "type": "Feature", "properties": { "mean_value": 2.9702476038338657, "mean_sentiment": 0.18725961538461539, "value_gap_to_market": -0.66801579312229276 }, "geometry": { "type": "Point", "coordinates": [ -95.383441, 29.776314 ] } },
{ "type": "Feature", "properties": { "mean_value": 2.8794291338582676, "mean_sentiment": 0.14586614173228346, "value_gap_to_market": -0.75883426309789082 }, "geometry": { "type": "Point", "coordinates": [ -95.3795818, 29.8282564 ] } },
{ "type": "Feature", "properties": { "mean_value": null, "mean_sentiment": null, "value_gap_to_market": null }, "geometry": { "type": "Point", "coordinates": [ -95.3685286, 29.7978374 ] } },
{ "type": "Feature", "properties": { "mean_value": null, "mean_sentiment": null, "value_gap_to_market": null }, "geometry": { "type": "Point", "coordinates": [ -95.383034, 29.8328781 ] } },
{ "type": "Feature", "properties": { "mean_value": 4.3956127080181542, "mean_sentiment": 0.7622154779969651, "value_gap_to_market": 0.75734931106199577 }, "geometry": { "type": "Point", "coordinates": [ -95.1076965, 29.5769329 ] } },
{ "type": "Feature", "properties": { "mean_value": null, "mean_sentiment": null, "value_gap_to_market": null }, "geometry": { "type": "Point", "coordinates": [ -95.1078984, 29.5730065 ] } },
{ "type": "Feature", "properties": { "mean_value": 4.4413680781758957, "mean_sentiment": 0.78071895424836601, "value_gap_to_market": 0.80310468121973733 }, "geometry": { "type": "Point", "coordinates": [ -95.1220732, 29.5562765 ] } },
{ "type": "Feature", "properties": { "mean_value": null, "mean_sentiment": null, "value_gap_to_market": null }, "geometry": { "type": "Point", "coordinates": [ -95.1494695, 29.5461896 ] } },
{ "type": "Feature", "properties": { "mean_value": 4.026587701612903, "mean_sentiment": 0.60942540322580641, "value_gap_to_market": 0.38832430465674461 }, "geometry": { "type": "Point", "coordinates": [ -95.1493868, 29.5463465 ] } },
{ "type": "Feature", "properties": { "mean_value": 4.2764797507788161, "mean_sentiment": 0.71388455538221529, "value_gap_to_market": 0.63821635382265773 }, "geometry": { "type": "Point", "coordinates": [ -95.1499067, 29.5541963 ] } },
{ "type": "Feature", "properties": { "mean_value": null, "mean_sentiment": null, "value_gap_to_market": null }, "geometry": { "type": "Point", "coordinates": [ -95.1501569, 29.5462763 ] } },
{ "type": "Feature", "properties": { "mean_value": 4.3044554455445541, "mean_sentiment": 0.72227722772277225, "value_gap_to_market": 0.66619204858839565 }, "geometry": { "type": "Point", "coordinates": [ -95.1557915, 29.5807363 ] } },
{ "type": "Feature", "properties": { "mean_value": null, "mean_sentiment": null, "value_gap_to_market": null }, "geometry": { "type": "Point", "coordinates": [ -95.1214251, 29.5554318 ] } },
{ "type": "Feature", "properties": { "mean_value": 4.4073076923076924, "mean_sentiment": 0.76064814814814818, "value_gap_to_market": 0.76904429535153396 }, "geometry": { "type": "Point", "coordinates": [ -95.1097269, 29.5742496 ] } },
{ "type": "Feature", "properties": { "mean_value": null, "mean_sentiment": null, "value_gap_to_market": null }, "geometry": { "type": "Point", "coordinates": [ -95.1493396, 29.5458277 ] } },
{ "type": "Feature", "properties": { "mean_value": 4.033279220779221, "mean_sentiment": 0.61396103896103893, "value_gap_to_market": 0.39501582382306255 }, "geometry": { "type": "Point", "coordinates": [ -95.1129549, 29.5586654 ] } },
{ "type": "Feature", "properties": { "mean_value": null, "mean_sentiment": null, "value_gap_to_market": null }, "geometry": { "type": "Point", "coordinates": [ -95.1402565, 29.5921954 ] } },
{ "type": "Feature", "properties": { "mean_value": null, "mean_sentiment": null, "value_gap_to_market": null }, "geometry": { "type": "Point", "coordinates": [ -95.1080367, 29.5721609 ] } },
{ "type": "Feature", "properties": { "mean_value": 4.0483524355300862, "mean_sentiment": 0.61733524355300862, "value_gap_to_market": 0.41008903857392776 }, "geometry": { "type": "Point", "coordinates": [ -95.110533, 29.573148 ] } },
{ "type": "Feature", "properties": { "mean_value": 3.7692307692307692, "mean_sentiment": 0.50439560439560438, "value_gap_to_market": 0.13096737227461075 }, "geometry": { "type": "Point", "coordinates": [ -95.1183391, 29.5548447 ] } },
{ "type": "Feature", "properties": { "mean_value": null, "mean_sentiment": null, "value_gap_to_market": null }, "geometry": { "type": "Point", "coordinates": [ -95.1132161, 29.5588581 ] } },
{ "type": "Feature", "properties": { "mean_value": 3.9839285714285713, "mean_sentiment": 0.59392857142857147, "value_gap_to_market": 0.34566517447241285 }, "geometry": { "type": "Point", "coordinates": [ -95.1463426, 29.5587865 ] } },
{ "type": "Feature", "properties": { "mean_value": 3.9713035019455254, "mean_sentiment": 0.58385214007782105, "value_gap_to_market": 0.33304010498936698 }, "geometry": { "type": "Point", "coordinates": [ -95.1202237, 29.5786537 ] } },
{ "type": "Feature", "properties": { "mean_value": null, "mean_sentiment": null, "value_gap_to_market": null }, "geometry": { "type": "Point", "coordinates": [ -95.1494142, 29.5451897 ] } },
{ "type": "Feature", "properties": { "mean_value": null, "mean_sentiment": null, "value_gap_to_market": null }, "geometry": { "type": "Point", "coordinates": [ -95.1455433, 29.5661445 ] } },
{ "type": "Feature", "properties": { "mean_value": 4.2946428571428568, "mean_sentiment": 0.71908866995073895, "value_gap_to_market": 0.65637946018669835 }, "geometry": { "type": "Point", "coordinates": [ -95.145299, 29.565963 ] } },
{ "type": "Feature", "properties": { "mean_value": null, "mean_sentiment": null, "value_gap_to_market": null }, "geometry": { "type": "Point", "coordinates": [ -95.144444, 29.539745 ] } },
{ "type": "Feature", "properties": { "mean_value": 3.1420454545454546, "mean_sentiment": 0.25454545454545457, "value_gap_to_market": -0.49621794241070383 }, "geometry": { "type": "Point", "coordinates": [ -95.1179812, 29.5575549 ] } },
{ "type": "Feature", "properties": { "mean_value": null, "mean_sentiment": null, "value_gap_to_market": null }, "geometry": { "type": "Point", "coordinates": [ -95.1080075, 29.5721789 ] } },
{ "type": "Feature", "properties": { "mean_value": null, "mean_sentiment": null, "value_gap_to_market": null }, "geometry": { "type": "Point", "coordinates": [ -95.1477023, 29.5389363 ] } },
{ "type": "Feature", "properties": { "mean_value": 3.1152506963788302, "mean_sentiment": 0.2414804469273743, "value_gap_to_market": -0.52301270057732818 }, "geometry": { "type": "Point", "coordinates": [ -95.1531356, 29.555686 ] } },
{ "type": "Feature", "properties": { "mean_value": 2.1076470588235292, "mean_sentiment": -0.164, "value_gap_to_market": -1.5306163381326292 }, "geometry": { "type": "Point", "coordinates": [ -95.1073645, 29.577607 ] } },
{ "type": "Feature", "properties": { "mean_value": 3.678724928366762, "mean_sentiment": 0.46747851002865332, "value_gap_to_market": 0.040461531410603602 }, "geometry": { "type": "Point", "coordinates": [ -95.1206207, 29.5564545 ] } },
{ "type": "Feature", "properties": { "mean_value": 2.7554347826086958, "mean_sentiment": 0.096786632390745503, "value_gap_to_market": -0.88282861434746263 }, "geometry": { "type": "Point", "coordinates": [ -95.1191744, 29.556164 ] } },
{ "type": "Feature", "properties": { "mean_value": 2.221875, "mean_sentiment": -0.11383647798742139, "value_gap_to_market": -1.4163883969561586 }, "geometry": { "type": "Point", "coordinates": [ -95.1442891, 29.5591118 ] } },
{ "type": "Feature", "properties": { "mean_value": null, "mean_sentiment": null, "value_gap_to_market": null }, "geometry": { "type": "Point", "coordinates": [ -95.1487206, 29.5419961 ] } },
{ "type": "Feature", "properties": { "mean_value": null, "mean_sentiment": null, "value_gap_to_market": null }, "geometry": { "type": "Point", "coordinates": [ -95.3901582, 29.7245993 ] } },
{ "type": "Feature", "properties": { "mean_value": null, "mean_sentiment": null, "value_gap_to_market": null }, "geometry": { "type": "Point", "coordinates": [ -95.3814041, 29.7148165 ] } },
{ "type": "Feature", "properties": { "mean_value": null, "mean_sentiment": null, "value_gap_to_market": null }, "geometry": { "type": "Point", "coordinates": [ -95.3621969, 29.7610459 ] } },
{ "type": "Feature", "properties": { "mean_value": null, "mean_sentiment": null, "value_gap_to_market": null }, "geometry": { "type": "Point", "coordinates": [ -95.3748546, 29.7520991 ] } },
{ "type": "Feature", "properties": { "mean_value": null, "mean_sentiment": null, "value_gap_to_market": null }, "geometry": { "type": "Point", "coordinates": [ -95.391649, 29.7484079 ] } },
{ "type": "Feature", "properties": { "mean_value": null, "mean_sentiment": null, "value_gap_to_market": null }, "geometry": { "type": "Point", "coordinates": [ -95.4039779, 29.7339983 ] } },
{ "type": "Feature", "properties": { "mean_value": null, "mean_sentiment": null, "value_gap_to_market": null }, "geometry": { "type": "Point", "coordinates": [ -95.3875909, 29.7238613 ] } },
{ "type": "Feature", "properties": { "mean_value": null, "mean_sentiment": null, "value_gap_to_market": null }, "geometry": { "type": "Point", "coordinates": [ -95.3906245, 29.7444011 ] } },
{ "type": "Feature", "properties": { "mean_value": null, "mean_sentiment": null, "value_gap_to_market": null }, "geometry": { "type": "Point", "coordinates": [ -95.362102, 29.7600612 ] } },
{ "type": "Feature", "properties": { "mean_value": null, "mean_sentiment": null, "value_gap_to_market": null }, "geometry": { "type": "Point", "coordinates": [ -95.3602747, 29.7600486 ] } },
{ "type": "Feature", "properties": { "mean_value": null, "mean_sentiment": null, "value_gap_to_market": null }, "geometry": { "type": "Point", "coordinates": [ -95.3580326, 29.7470185 ] } },
{ "type": "Feature", "properties": { "mean_value": null, "mean_sentiment": null, "value_gap_to_market": null }, "geometry": { "type": "Point", "coordinates": [ -95.3634418, 29.7591942 ] } },
{ "type": "Feature", "properties": { "mean_value": 4.302734375, "mean_sentiment": 0.72219321148825066, "value_gap_to_market": 0.66447097804384159 }, "geometry": { "type": "Point", "coordinates": [ -95.3910775, 29.7448732 ] } },
{ "type": "Feature", "properties": { "mean_value": null, "mean_sentiment": null, "value_gap_to_market": null }, "geometry": { "type": "Point", "coordinates": [ -95.3317199, 29.7618787 ] } },
{ "type": "Feature", "properties": { "mean_value": null, "mean_sentiment": null, "value_gap_to_market": null }, "geometry": { "type": "Point", "coordinates": [ -95.3821508, 29.7607193 ] } },
{ "type": "Feature", "properties": { "mean_value": null, "mean_sentiment": null, "value_gap_to_market": null }, "geometry": { "type": "Point", "coordinates": [ -95.4178872, 29.705468 ] } },
{ "type": "Feature", "properties": { "mean_value": null, "mean_sentiment": null, "value_gap_to_market": null }, "geometry": { "type": "Point", "coordinates": [ -95.4180797, 29.7336987 ] } },
{ "type": "Feature", "properties": { "mean_value": null, "mean_sentiment": null, "value_gap_to_market": null }, "geometry": { "type": "Point", "coordinates": [ -95.415844, 29.71763 ] } },
{ "type": "Feature", "properties": { "mean_value": null, "mean_sentiment": null, "value_gap_to_market": null }, "geometry": { "type": "Point", "coordinates": [ -95.4219792, 29.6784091 ] } },
{ "type": "Feature", "properties": { "mean_value": null, "mean_sentiment": null, "value_gap_to_market": null }, "geometry": { "type": "Point", "coordinates": [ -95.4253513, 29.6799089 ] } },
{ "type": "Feature", "properties": { "mean_value": null, "mean_sentiment": null, "value_gap_to_market": null }, "geometry": { "type": "Point", "coordinates": [ -95.4146391, 29.6934859 ] } },
{ "type": "Feature", "properties": { "mean_value": null, "mean_sentiment": null, "value_gap_to_market": null }, "geometry": { "type": "Point", "coordinates": [ -95.3854167, 29.7484777 ] } },
{ "type": "Feature", "properties": { "mean_value": null, "mean_sentiment": null, "value_gap_to_market": null }, "geometry": { "type": "Point", "coordinates": [ -95.413155, 29.688694 ] } },
{ "type": "Feature", "properties": { "mean_value": null, "mean_sentiment": null, "value_gap_to_market": null }, "geometry": { "type": "Point", "coordinates": [ -95.3768068, 29.7474077 ] } },
{ "type": "Feature", "properties": { "mean_value": null, "mean_sentiment": null, "value_gap_to_market": null }, "geometry": { "type": "Point", "coordinates": [ -95.363254, 29.7490931 ] } },
{ "type": "Feature", "properties": { "mean_value": 4.4807464454976307, "mean_sentiment": 0.79584323040380045, "value_gap_to_market": 0.84248304854147227 }, "geometry": { "type": "Point", "coordinates": [ -95.3555874, 29.7516917 ] } },
{ "type": "Feature", "properties": { "mean_value": null, "mean_sentiment": null, "value_gap_to_market": null }, "geometry": { "type": "Point", "coordinates": [ -95.3814613, 29.7430036 ] } },
{ "type": "Feature", "properties": { "mean_value": null, "mean_sentiment": null, "value_gap_to_market": null }, "geometry": { "type": "Point", "coordinates": [ -95.3874294, 29.7240494 ] } },
{ "type": "Feature", "properties": { "mean_value": null, "mean_sentiment": null, "value_gap_to_market": null }, "geometry": { "type": "Point", "coordinates": [ -95.3349488, 29.7511115 ] } },
{ "type": "Feature", "properties": { "mean_value": null, "mean_sentiment": null, "value_gap_to_market": null }, "geometry": { "type": "Point", "coordinates": [ -95.4146589, 29.7335887 ] } },
{ "type": "Feature", "properties": { "mean_value": null, "mean_sentiment": null, "value_gap_to_market": null }, "geometry": { "type": "Point", "coordinates": [ -95.419178, 29.737072 ] } },
{ "type": "Feature", "properties": { "mean_value": null, "mean_sentiment": null, "value_gap_to_market": null }, "geometry": { "type": "Point", "coordinates": [ -95.3898504, 29.7452706 ] } },
{ "type": "Feature", "properties": { "mean_value": null, "mean_sentiment": null, "value_gap_to_market": null }, "geometry": { "type": "Point", "coordinates": [ -95.3931845, 29.7440834 ] } },
{ "type": "Feature", "properties": { "mean_value": null, "mean_sentiment": null, "value_gap_to_market": null }, "geometry": { "type": "Point", "coordinates": [ -95.4167722, 29.7321142 ] } },
{ "type": "Feature", "properties": { "mean_value": null, "mean_sentiment": null, "value_gap_to_market": null }, "geometry": { "type": "Point", "coordinates": [ -95.352012, 29.760199 ] } },
{ "type": "Feature", "properties": { "mean_value": 3.7274543378995433, "mean_sentiment": 0.49553775743707096, "value_gap_to_market": 0.089190940943384867 }, "geometry": { "type": "Point", "coordinates": [ -95.4160222, 29.7148278 ] } },
{ "type": "Feature", "properties": { "mean_value": null, "mean_sentiment": null, "value_gap_to_market": null }, "geometry": { "type": "Point", "coordinates": [ -95.4049369, 29.7445531 ] } },
{ "type": "Feature", "properties": { "mean_value": null, "mean_sentiment": null, "value_gap_to_market": null }, "geometry": { "type": "Point", "coordinates": [ -95.4108293, 29.7360936 ] } },
{ "type": "Feature", "properties": { "mean_value": null, "mean_sentiment": null, "value_gap_to_market": null }, "geometry": { "type": "Point", "coordinates": [ -95.4138973, 29.7148735 ] } },
{ "type": "Feature", "properties": { "mean_value": null, "mean_sentiment": null, "value_gap_to_market": null }, "geometry": { "type": "Point", "coordinates": [ -95.4160968, 29.6960314 ] } },
{ "type": "Feature", "properties": { "mean_value": null, "mean_sentiment": null, "value_gap_to_market": null }, "geometry": { "type": "Point", "coordinates": [ -95.4014102, 29.6995958 ] } },
{ "type": "Feature", "properties": { "mean_value": null, "mean_sentiment": null, "value_gap_to_market": null }, "geometry": { "type": "Point", "coordinates": [ -95.3823185, 29.7606983 ] } },
{ "type": "Feature", "properties": { "mean_value": null, "mean_sentiment": null, "value_gap_to_market": null }, "geometry": { "type": "Point", "coordinates": [ -95.4166698, 29.7148957 ] } },
{ "type": "Feature", "properties": { "mean_value": null, "mean_sentiment": null, "value_gap_to_market": null }, "geometry": { "type": "Point", "coordinates": [ -95.3797539, 29.7411646 ] } },
{ "type": "Feature", "properties": { "mean_value": null, "mean_sentiment": null, "value_gap_to_market": null }, "geometry": { "type": "Point", "coordinates": [ -95.4224064, 29.7337915 ] } },
{ "type": "Feature", "properties": { "mean_value": null, "mean_sentiment": null, "value_gap_to_market": null }, "geometry": { "type": "Point", "coordinates": [ -95.4161359, 29.6908731 ] } },
{ "type": "Feature", "properties": { "mean_value": null, "mean_sentiment": null, "value_gap_to_market": null }, "geometry": { "type": "Point", "coordinates": [ -95.4367758, 29.7331014 ] } },
{ "type": "Feature", "properties": { "mean_value": null, "mean_sentiment": null, "value_gap_to_market": null }, "geometry": { "type": "Point", "coordinates": [ -95.4189089, 29.7288564 ] } },
{ "type": "Feature", "properties": { "mean_value": null, "mean_sentiment": null, "value_gap_to_market": null }, "geometry": { "type": "Point", "coordinates": [ -95.3908282, 29.7339167 ] } },
{ "type": "Feature", "properties": { "mean_value": null, "mean_sentiment": null, "value_gap_to_market": null }, "geometry": { "type": "Point", "coordinates": [ -95.3856324, 29.7589045 ] } },
{ "type": "Feature", "properties": { "mean_value": null, "mean_sentiment": null, "value_gap_to_market": null }, "geometry": { "type": "Point", "coordinates": [ -95.3764317, 29.7420031 ] } },
{ "type": "Feature", "properties": { "mean_value": null, "mean_sentiment": null, "value_gap_to_market": null }, "geometry": { "type": "Point", "coordinates": [ -95.3602502, 29.7458374 ] } },
{ "type": "Feature", "properties": { "mean_value": null, "mean_sentiment": null, "value_gap_to_market": null }, "geometry": { "type": "Point", "coordinates": [ -95.362845, 29.7599566 ] } },
{ "type": "Feature", "properties": { "mean_value": null, "mean_sentiment": null, "value_gap_to_market": null }, "geometry": { "type": "Point", "coordinates": [ -95.4072073, 29.7526661 ] } },
{ "type": "Feature", "properties": { "mean_value": null, "mean_sentiment": null, "value_gap_to_market": null }, "geometry": { "type": "Point", "coordinates": [ -95.364782, 29.7544056 ] } },
{ "type": "Feature", "properties": { "mean_value": null, "mean_sentiment": null, "value_gap_to_market": null }, "geometry": { "type": "Point", "coordinates": [ -95.416815, 29.6904528 ] } },
{ "type": "Feature", "properties": { "mean_value": null, "mean_sentiment": null, "value_gap_to_market": null }, "geometry": { "type": "Point", "coordinates": [ -95.3772041, 29.7523804 ] } },
{ "type": "Feature", "properties": { "mean_value": null, "mean_sentiment": null, "value_gap_to_market": null }, "geometry": { "type": "Point", "coordinates": [ -95.405135, 29.7591617 ] } },
{ "type": "Feature", "properties": { "mean_value": null, "mean_sentiment": null, "value_gap_to_market": null }, "geometry": { "type": "Point", "coordinates": [ -95.3874413, 29.7447755 ] } },
{ "type": "Feature", "properties": { "mean_value": null, "mean_sentiment": null, "value_gap_to_market": null }, "geometry": { "type": "Point", "coordinates": [ -95.5017362, 29.7280234 ] } },
{ "type": "Feature", "properties": { "mean_value": null, "mean_sentiment": null, "value_gap_to_market": null }, "geometry": { "type": "Point", "coordinates": [ -95.3840448, 29.7448506 ] } },
{ "type": "Feature", "properties": { "mean_value": null, "mean_sentiment": null, "value_gap_to_market": null }, "geometry": { "type": "Point", "coordinates": [ -95.4211865, 29.7425356 ] } },
{ "type": "Feature", "properties": { "mean_value": null, "mean_sentiment": null, "value_gap_to_market": null }, "geometry": { "type": "Point", "coordinates": [ -95.3544173, 29.752163 ] } },
{ "type": "Feature", "properties": { "mean_value": null, "mean_sentiment": null, "value_gap_to_market": null }, "geometry": { "type": "Point", "coordinates": [ -95.392406, 29.7513055 ] } },
{ "type": "Feature", "properties": { "mean_value": null, "mean_sentiment": null, "value_gap_to_market": null }, "geometry": { "type": "Point", "coordinates": [ -95.3776855, 29.7265415 ] } },
{ "type": "Feature", "properties": { "mean_value": null, "mean_sentiment": null, "value_gap_to_market": null }, "geometry": { "type": "Point", "coordinates": [ -95.3594526, 29.7579149 ] } },
{ "type": "Feature", "properties": { "mean_value": 3.0117857142857143, "mean_sentiment": 0.20244252873563218, "value_gap_to_market": -0.62647768267044412 }, "geometry": { "type": "Point", "coordinates": [ -95.4103788, 29.7493282 ] } },
{ "type": "Feature", "properties": { "mean_value": null, "mean_sentiment": null, "value_gap_to_market": null }, "geometry": { "type": "Point", "coordinates": [ -95.4249209, 29.7295535 ] } },
{ "type": "Feature", "properties": { "mean_value": null, "mean_sentiment": null, "value_gap_to_market": null }, "geometry": { "type": "Point", "coordinates": [ -95.414914, 29.691589 ] } },
{ "type": "Feature", "properties": { "mean_value": null, "mean_sentiment": null, "value_gap_to_market": null }, "geometry": { "type": "Point", "coordinates": [ -95.4189643, 29.7402907 ] } },
{ "type": "Feature", "properties": { "mean_value": 2.8211610486891385, "mean_sentiment": 0.12981132075471699, "value_gap_to_market": -0.81710234826701988 }, "geometry": { "type": "Point", "coordinates": [ -95.4112949, 29.7058248 ] } },
{ "type": "Feature", "properties": { "mean_value": null, "mean_sentiment": null, "value_gap_to_market": null }, "geometry": { "type": "Point", "coordinates": [ -95.4265229, 29.737587 ] } },
{ "type": "Feature", "properties": { "mean_value": null, "mean_sentiment": null, "value_gap_to_market": null }, "geometry": { "type": "Point", "coordinates": [ -95.4131492, 29.6914658 ] } },
{ "type": "Feature", "properties": { "mean_value": null, "mean_sentiment": null, "value_gap_to_market": null }, "geometry": { "type": "Point", "coordinates": [ -95.3726755, 29.7492649 ] } },
{ "type": "Feature", "properties": { "mean_value": null, "mean_sentiment": null, "value_gap_to_market": null }, "geometry": { "type": "Point", "coordinates": [ -95.4142865, 29.6931623 ] } },
{ "type": "Feature", "properties": { "mean_value": null, "mean_sentiment": null, "value_gap_to_market": null }, "geometry": { "type": "Point", "coordinates": [ -95.386393, 29.7533098 ] } },
{ "type": "Feature", "properties": { "mean_value": null, "mean_sentiment": null, "value_gap_to_market": null }, "geometry": { "type": "Point", "coordinates": [ -95.3625037, 29.7513758 ] } },
{ "type": "Feature", "properties": { "mean_value": null, "mean_sentiment": null, "value_gap_to_market": null }, "geometry": { "type": "Point", "coordinates": [ -95.3856815, 29.7054292 ] } },
{ "type": "Feature", "properties": { "mean_value": null, "mean_sentiment": null, "value_gap_to_market": null }, "geometry": { "type": "Point", "coordinates": [ -95.3776379, 29.7450891 ] } },
{ "type": "Feature", "properties": { "mean_value": null, "mean_sentiment": null, "value_gap_to_market": null }, "geometry": { "type": "Point", "coordinates": [ -95.3916191, 29.741645 ] } },
{ "type": "Feature", "properties": { "mean_value": null, "mean_sentiment": null, "value_gap_to_market": null }, "geometry": { "type": "Point", "coordinates": [ -95.5264627, 29.7379128 ] } },
{ "type": "Feature", "properties": { "mean_value": null, "mean_sentiment": null, "value_gap_to_market": null }, "geometry": { "type": "Point", "coordinates": [ -95.4953719, 29.7144796 ] } },
{ "type": "Feature", "properties": { "mean_value": null, "mean_sentiment": null, "value_gap_to_market": null }, "geometry": { "type": "Point", "coordinates": [ -95.5016283, 29.7341396 ] } },
{ "type": "Feature", "properties": { "mean_value": null, "mean_sentiment": null, "value_gap_to_market": null }, "geometry": { "type": "Point", "coordinates": [ -95.4981419, 29.7371711 ] } },
{ "type": "Feature", "properties": { "mean_value": null, "mean_sentiment": null, "value_gap_to_market": null }, "geometry": { "type": "Point", "coordinates": [ -95.4953151, 29.7137608 ] } },
{ "type": "Feature", "properties": { "mean_value": null, "mean_sentiment": null, "value_gap_to_market": null }, "geometry": { "type": "Point", "coordinates": [ -95.4863263, 29.7052126 ] } },
{ "type": "Feature", "properties": { "mean_value": null, "mean_sentiment": null, "value_gap_to_market": null }, "geometry": { "type": "Point", "coordinates": [ -95.4918843, 29.7381751 ] } },
{ "type": "Feature", "properties": { "mean_value": null, "mean_sentiment": null, "value_gap_to_market": null }, "geometry": { "type": "Point", "coordinates": [ -95.5211325, 29.7317792 ] } },
{ "type": "Feature", "properties": { "mean_value": null, "mean_sentiment": null, "value_gap_to_market": null }, "geometry": { "type": "Point", "coordinates": [ -95.5015036, 29.7258071 ] } },
{ "type": "Feature", "properties": { "mean_value": null, "mean_sentiment": null, "value_gap_to_market": null }, "geometry": { "type": "Point", "coordinates": [ -95.4860073, 29.7058283 ] } },
{ "type": "Feature", "properties": { "mean_value": null, "mean_sentiment": null, "value_gap_to_market": null }, "geometry": { "type": "Point", "coordinates": [ -95.4999829, 29.7455724 ] } },
{ "type": "Feature", "properties": { "mean_value": null, "mean_sentiment": null, "value_gap_to_market": null }, "geometry": { "type": "Point", "coordinates": [ -95.513088, 29.738057 ] } },
{ "type": "Feature", "properties": { "mean_value": 4.3929530201342279, "mean_sentiment": 0.7583333333333333, "value_gap_to_market": 0.75468962317806954 }, "geometry": { "type": "Point", "coordinates": [ -95.483612, 29.7851104 ] } },
{ "type": "Feature", "properties": { "mean_value": null, "mean_sentiment": null, "value_gap_to_market": null }, "geometry": { "type": "Point", "coordinates": [ -95.5054576, 29.7124483 ] } },
{ "type": "Feature", "properties": { "mean_value": null, "mean_sentiment": null, "value_gap_to_market": null }, "geometry": { "type": "Point", "coordinates": [ -95.4943497, 29.7132286 ] } },
{ "type": "Feature", "properties": { "mean_value": null, "mean_sentiment": null, "value_gap_to_market": null }, "geometry": { "type": "Point", "coordinates": [ -95.4958474, 29.7372662 ] } },
{ "type": "Feature", "properties": { "mean_value": null, "mean_sentiment": null, "value_gap_to_market": null }, "geometry": { "type": "Point", "coordinates": [ -95.4995888, 29.7187118 ] } },
{ "type": "Feature", "properties": { "mean_value": null, "mean_sentiment": null, "value_gap_to_market": null }, "geometry": { "type": "Point", "coordinates": [ -95.4833149, 29.7362511 ] } },
{ "type": "Feature", "properties": { "mean_value": null, "mean_sentiment": null, "value_gap_to_market": null }, "geometry": { "type": "Point", "coordinates": [ -95.501707, 29.7277382 ] } },
{ "type": "Feature", "properties": { "mean_value": null, "mean_sentiment": null, "value_gap_to_market": null }, "geometry": { "type": "Point", "coordinates": [ -95.5007648, 29.7167 ] } },
{ "type": "Feature", "properties": { "mean_value": null, "mean_sentiment": null, "value_gap_to_market": null }, "geometry": { "type": "Point", "coordinates": [ -95.491263, 29.739106 ] } },
{ "type": "Feature", "properties": { "mean_value": null, "mean_sentiment": null, "value_gap_to_market": null }, "geometry": { "type": "Point", "coordinates": [ -95.4846261, 29.7503905 ] } },
{ "type": "Feature", "properties": { "mean_value": null, "mean_sentiment": null, "value_gap_to_market": null }, "geometry": { "type": "Point", "coordinates": [ -95.5042247, 29.7134254 ] } },
{ "type": "Feature", "properties": { "mean_value": null, "mean_sentiment": null, "value_gap_to_market": null }, "geometry": { "type": "Point", "coordinates": [ -95.5000057, 29.7187664 ] } },
{ "type": "Feature", "properties": { "mean_value": null, "mean_sentiment": null, "value_gap_to_market": null }, "geometry": { "type": "Point", "coordinates": [ -95.5016362, 29.7333213 ] } },
{ "type": "Feature", "properties": { "mean_value": null, "mean_sentiment": null, "value_gap_to_market": null }, "geometry": { "type": "Point", "coordinates": [ -95.5010024, 29.7162382 ] } },
{ "type": "Feature", "properties": { "mean_value": null, "mean_sentiment": null, "value_gap_to_market": null }, "geometry": { "type": "Point", "coordinates": [ -95.484645, 29.7327432 ] } },
{ "type": "Feature", "properties": { "mean_value": null, "mean_sentiment": null, "value_gap_to_market": null }, "geometry": { "type": "Point", "coordinates": [ -95.4916988, 29.7372205 ] } },
{ "type": "Feature", "properties": { "mean_value": null, "mean_sentiment": null, "value_gap_to_market": null }, "geometry": { "type": "Point", "coordinates": [ -95.5006669, 29.7205922 ] } },
{ "type": "Feature", "properties": { "mean_value": null, "mean_sentiment": null, "value_gap_to_market": null }, "geometry": { "type": "Point", "coordinates": [ -95.499142, 29.7189324 ] } },
{ "type": "Feature", "properties": { "mean_value": null, "mean_sentiment": null, "value_gap_to_market": null }, "geometry": { "type": "Point", "coordinates": [ -95.4926251, 29.7060272 ] } },
{ "type": "Feature", "properties": { "mean_value": null, "mean_sentiment": null, "value_gap_to_market": null }, "geometry": { "type": "Point", "coordinates": [ -95.4997258, 29.7385884 ] } },
{ "type": "Feature", "properties": { "mean_value": 3.9618055555555554, "mean_sentiment": 0.58472222222222225, "value_gap_to_market": 0.32354215859939695 }, "geometry": { "type": "Point", "coordinates": [ -95.2449955, 30.0292458 ] } },
{ "type": "Feature", "properties": { "mean_value": 4.0072115384615383, "mean_sentiment": 0.60289389067524113, "value_gap_to_market": 0.36894814150537991 }, "geometry": { "type": "Point", "coordinates": [ -95.2424147, 30.0681295 ] } },
{ "type": "Feature", "properties": { "mean_value": null, "mean_sentiment": null, "value_gap_to_market": null }, "geometry": { "type": "Point", "coordinates": [ -95.2322895, 30.0487002 ] } },
{ "type": "Feature", "properties": { "mean_value": null, "mean_sentiment": null, "value_gap_to_market": null }, "geometry": { "type": "Point", "coordinates": [ -95.3880056, 29.7812905 ] } },
{ "type": "Feature", "properties": { "mean_value": 4.0772727272727272, "mean_sentiment": 0.62987012987012991, "value_gap_to_market": 0.43900933031656875 }, "geometry": { "type": "Point", "coordinates": [ -95.2493215, 30.0685368 ] } },
{ "type": "Feature", "properties": { "mean_value": null, "mean_sentiment": null, "value_gap_to_market": null }, "geometry": { "type": "Point", "coordinates": [ -95.247086, 30.064405 ] } },
{ "type": "Feature", "properties": { "mean_value": null, "mean_sentiment": null, "value_gap_to_market": null }, "geometry": { "type": "Point", "coordinates": [ -95.4623135, 29.7434029 ] } },
{ "type": "Feature", "properties": { "mean_value": 4.4701986754966887, "mean_sentiment": 0.78747240618101544, "value_gap_to_market": 0.83193527854053029 }, "geometry": { "type": "Point", "coordinates": [ -95.462938, 29.7418781 ] } },
{ "type": "Feature", "properties": { "mean_value": null, "mean_sentiment": null, "value_gap_to_market": null }, "geometry": { "type": "Point", "coordinates": [ -95.4608465, 29.7499649 ] } },
{ "type": "Feature", "properties": { "mean_value": null, "mean_sentiment": null, "value_gap_to_market": null }, "geometry": { "type": "Point", "coordinates": [ -95.4566052, 29.757114 ] } },
{ "type": "Feature", "properties": { "mean_value": null, "mean_sentiment": null, "value_gap_to_market": null }, "geometry": { "type": "Point", "coordinates": [ -95.4622222, 29.7394444 ] } },
{ "type": "Feature", "properties": { "mean_value": null, "mean_sentiment": null, "value_gap_to_market": null }, "geometry": { "type": "Point", "coordinates": [ -95.458478, 29.7551291 ] } },
{ "type": "Feature", "properties": { "mean_value": null, "mean_sentiment": null, "value_gap_to_market": null }, "geometry": { "type": "Point", "coordinates": [ -95.4676841, 29.7894759 ] } },
{ "type": "Feature", "properties": { "mean_value": null, "mean_sentiment": null, "value_gap_to_market": null }, "geometry": { "type": "Point", "coordinates": [ -95.252268, 30.069609 ] } },
{ "type": "Feature", "properties": { "mean_value": null, "mean_sentiment": null, "value_gap_to_market": null }, "geometry": { "type": "Point", "coordinates": [ -95.2302938, 30.0498571 ] } },
{ "type": "Feature", "properties": { "mean_value": null, "mean_sentiment": null, "value_gap_to_market": null }, "geometry": { "type": "Point", "coordinates": [ -95.4619726, 29.6684221 ] } },
{ "type": "Feature", "properties": { "mean_value": null, "mean_sentiment": null, "value_gap_to_market": null }, "geometry": { "type": "Point", "coordinates": [ -95.4619726, 29.6684221 ] } },
{ "type": "Feature", "properties": { "mean_value": 3.9539151712887439, "mean_sentiment": 0.58058727569331159, "value_gap_to_market": 0.31565177433258551 }, "geometry": { "type": "Point", "coordinates": [ -95.393832, 29.781695 ] } },
{ "type": "Feature", "properties": { "mean_value": null, "mean_sentiment": null, "value_gap_to_market": null }, "geometry": { "type": "Point", "coordinates": [ -95.4669947, 29.8026661 ] } },
{ "type": "Feature", "properties": { "mean_value": null, "mean_sentiment": null, "value_gap_to_market": null }, "geometry": { "type": "Point", "coordinates": [ -95.410228, 29.7991112 ] } },
{ "type": "Feature", "properties": { "mean_value": null, "mean_sentiment": null, "value_gap_to_market": null }, "geometry": { "type": "Point", "coordinates": [ -95.4636891, 29.6632071 ] } },
{ "type": "Feature", "properties": { "mean_value": null, "mean_sentiment": null, "value_gap_to_market": null }, "geometry": { "type": "Point", "coordinates": [ -95.4635679, 29.6646184 ] } },
{ "type": "Feature", "properties": { "mean_value": null, "mean_sentiment": null, "value_gap_to_market": null }, "geometry": { "type": "Point", "coordinates": [ -95.4482307, 29.8009079 ] } },
{ "type": "Feature", "properties": { "mean_value": null, "mean_sentiment": null, "value_gap_to_market": null }, "geometry": { "type": "Point", "coordinates": [ -95.4628632, 29.6665886 ] } },
{ "type": "Feature", "properties": { "mean_value": null, "mean_sentiment": null, "value_gap_to_market": null }, "geometry": { "type": "Point", "coordinates": [ -95.4376116, 29.664128 ] } },
{ "type": "Feature", "properties": { "mean_value": null, "mean_sentiment": null, "value_gap_to_market": null }, "geometry": { "type": "Point", "coordinates": [ -95.4631787, 29.6646896 ] } },
{ "type": "Feature", "properties": { "mean_value": null, "mean_sentiment": null, "value_gap_to_market": null }, "geometry": { "type": "Point", "coordinates": [ -95.4675516, 29.7897442 ] } },
{ "type": "Feature", "properties": { "mean_value": null, "mean_sentiment": null, "value_gap_to_market": null }, "geometry": { "type": "Point", "coordinates": [ -95.4427424, 29.809916 ] } },
{ "type": "Feature", "properties": { "mean_value": null, "mean_sentiment": null, "value_gap_to_market": null }, "geometry": { "type": "Point", "coordinates": [ -95.4635672, 29.6638188 ] } },
{ "type": "Feature", "properties": { "mean_value": null, "mean_sentiment": null, "value_gap_to_market": null }, "geometry": { "type": "Point", "coordinates": [ -95.462662, 29.6669382 ] } },
{ "type": "Feature", "properties": { "mean_value": null, "mean_sentiment": null, "value_gap_to_market": null }, "geometry": { "type": "Point", "coordinates": [ -95.437604, 29.6641329 ] } },
{ "type": "Feature", "properties": { "mean_value": null, "mean_sentiment": null, "value_gap_to_market": null }, "geometry": { "type": "Point", "coordinates": [ -95.464062, 29.816206 ] } },
{ "type": "Feature", "properties": { "mean_value": null, "mean_sentiment": null, "value_gap_to_market": null }, "geometry": { "type": "Point", "coordinates": [ -95.4716854, 29.7855922 ] } },
{ "type": "Feature", "properties": { "mean_value": null, "mean_sentiment": null, "value_gap_to_market": null }, "geometry": { "type": "Point", "coordinates": [ -95.462634, 29.6671856 ] } },
{ "type": "Feature", "properties": { "mean_value": null, "mean_sentiment": null, "value_gap_to_market": null }, "geometry": { "type": "Point", "coordinates": [ -95.3559935, 29.7117488 ] } },
{ "type": "Feature", "properties": { "mean_value": null, "mean_sentiment": null, "value_gap_to_market": null }, "geometry": { "type": "Point", "coordinates": [ -95.3425357, 29.7569104 ] } },
{ "type": "Feature", "properties": { "mean_value": null, "mean_sentiment": null, "value_gap_to_market": null }, "geometry": { "type": "Point", "coordinates": [ -95.3409345, 29.7543037 ] } },
{ "type": "Feature", "properties": { "mean_value": null, "mean_sentiment": null, "value_gap_to_market": null }, "geometry": { "type": "Point", "coordinates": [ -95.3408187, 29.7487095 ] } },
{ "type": "Feature", "properties": { "mean_value": null, "mean_sentiment": null, "value_gap_to_market": null }, "geometry": { "type": "Point", "coordinates": [ -95.3404593, 29.7497293 ] } },
{ "type": "Feature", "properties": { "mean_value": null, "mean_sentiment": null, "value_gap_to_market": null }, "geometry": { "type": "Point", "coordinates": [ -95.3394917, 29.7375001 ] } },
{ "type": "Feature", "properties": { "mean_value": null, "mean_sentiment": null, "value_gap_to_market": null }, "geometry": { "type": "Point", "coordinates": [ -95.3437094, 29.7582603 ] } },
{ "type": "Feature", "properties": { "mean_value": null, "mean_sentiment": null, "value_gap_to_market": null }, "geometry": { "type": "Point", "coordinates": [ -95.3415283, 29.7562588 ] } },
{ "type": "Feature", "properties": { "mean_value": null, "mean_sentiment": null, "value_gap_to_market": null }, "geometry": { "type": "Point", "coordinates": [ -95.3395489, 29.7557378 ] } },
{ "type": "Feature", "properties": { "mean_value": null, "mean_sentiment": null, "value_gap_to_market": null }, "geometry": { "type": "Point", "coordinates": [ -95.362068, 29.7635162 ] } },
{ "type": "Feature", "properties": { "mean_value": null, "mean_sentiment": null, "value_gap_to_market": null }, "geometry": { "type": "Point", "coordinates": [ -95.3616728, 29.7630778 ] } },
{ "type": "Feature", "properties": { "mean_value": null, "mean_sentiment": null, "value_gap_to_market": null }, "geometry": { "type": "Point", "coordinates": [ -95.3574475, 29.7572379 ] } },
{ "type": "Feature", "properties": { "mean_value": null, "mean_sentiment": null, "value_gap_to_market": null }, "geometry": { "type": "Point", "coordinates": [ -95.3603987, 29.7527193 ] } },
{ "type": "Feature", "properties": { "mean_value": null, "mean_sentiment": null, "value_gap_to_market": null }, "geometry": { "type": "Point", "coordinates": [ -95.3504089, 29.748343 ] } },
{ "type": "Feature", "properties": { "mean_value": null, "mean_sentiment": null, "value_gap_to_market": null }, "geometry": { "type": "Point", "coordinates": [ -95.3615182, 29.7527977 ] } },
{ "type": "Feature", "properties": { "mean_value": null, "mean_sentiment": null, "value_gap_to_market": null }, "geometry": { "type": "Point", "coordinates": [ -95.3627334, 29.7541206 ] } },
{ "type": "Feature", "properties": { "mean_value": null, "mean_sentiment": null, "value_gap_to_market": null }, "geometry": { "type": "Point", "coordinates": [ -95.363778, 29.7588659 ] } },
{ "type": "Feature", "properties": { "mean_value": null, "mean_sentiment": null, "value_gap_to_market": null }, "geometry": { "type": "Point", "coordinates": [ -95.356692, 29.710923 ] } },
{ "type": "Feature", "properties": { "mean_value": null, "mean_sentiment": null, "value_gap_to_market": null }, "geometry": { "type": "Point", "coordinates": [ -95.3613343, 29.7538725 ] } },
{ "type": "Feature", "properties": { "mean_value": null, "mean_sentiment": null, "value_gap_to_market": null }, "geometry": { "type": "Point", "coordinates": [ -95.3577881, 29.7574475 ] } },
{ "type": "Feature", "properties": { "mean_value": null, "mean_sentiment": null, "value_gap_to_market": null }, "geometry": { "type": "Point", "coordinates": [ -95.3569252, 29.7541597 ] } },
{ "type": "Feature", "properties": { "mean_value": null, "mean_sentiment": null, "value_gap_to_market": null }, "geometry": { "type": "Point", "coordinates": [ -95.3569276, 29.7545608 ] } },
{ "type": "Feature", "properties": { "mean_value": null, "mean_sentiment": null, "value_gap_to_market": null }, "geometry": { "type": "Point", "coordinates": [ -95.3618188, 29.7605011 ] } },
{ "type": "Feature", "properties": { "mean_value": null, "mean_sentiment": null, "value_gap_to_market": null }, "geometry": { "type": "Point", "coordinates": [ -95.34323, 29.7578772 ] } },
{ "type": "Feature", "properties": { "mean_value": null, "mean_sentiment": null, "value_gap_to_market": null }, "geometry": { "type": "Point", "coordinates": [ -95.3582543, 29.7569799 ] } },
{ "type": "Feature", "properties": { "mean_value": null, "mean_sentiment": null, "value_gap_to_market": null }, "geometry": { "type": "Point", "coordinates": [ -95.3613563, 29.7545754 ] } },
{ "type": "Feature", "properties": { "mean_value": null, "mean_sentiment": null, "value_gap_to_market": null }, "geometry": { "type": "Point", "coordinates": [ -95.356371, 29.7028596 ] } },
{ "type": "Feature", "properties": { "mean_value": null, "mean_sentiment": null, "value_gap_to_market": null }, "geometry": { "type": "Point", "coordinates": [ -95.3512906, 29.7234869 ] } },
{ "type": "Feature", "properties": { "mean_value": null, "mean_sentiment": null, "value_gap_to_market": null }, "geometry": { "type": "Point", "coordinates": [ -95.3562554, 29.7113608 ] } },
{ "type": "Feature", "properties": { "mean_value": null, "mean_sentiment": null, "value_gap_to_market": null }, "geometry": { "type": "Point", "coordinates": [ -95.3504875, 29.7282413 ] } },
{ "type": "Feature", "properties": { "mean_value": null, "mean_sentiment": null, "value_gap_to_market": null }, "geometry": { "type": "Point", "coordinates": [ -95.3622222, 29.7633333 ] } },
{ "type": "Feature", "properties": { "mean_value": null, "mean_sentiment": null, "value_gap_to_market": null }, "geometry": { "type": "Point", "coordinates": [ -95.3622655, 29.7614979 ] } },
{ "type": "Feature", "properties": { "mean_value": null, "mean_sentiment": null, "value_gap_to_market": null }, "geometry": { "type": "Point", "coordinates": [ -95.3462182, 29.757989 ] } },
{ "type": "Feature", "properties": { "mean_value": null, "mean_sentiment": null, "value_gap_to_market": null }, "geometry": { "type": "Point", "coordinates": [ -95.3575842, 29.7542833 ] } },
{ "type": "Feature", "properties": { "mean_value": null, "mean_sentiment": null, "value_gap_to_market": null }, "geometry": { "type": "Point", "coordinates": [ -95.3627969, 29.7605292 ] } },
{ "type": "Feature", "properties": { "mean_value": null, "mean_sentiment": null, "value_gap_to_market": null }, "geometry": { "type": "Point", "coordinates": [ -95.3629262, 29.7581031 ] } },
{ "type": "Feature", "properties": { "mean_value": null, "mean_sentiment": null, "value_gap_to_market": null }, "geometry": { "type": "Point", "coordinates": [ -95.3629322, 29.759836 ] } },
{ "type": "Feature", "properties": { "mean_value": 4.1354838709677422, "mean_sentiment": 0.65290322580645166, "value_gap_to_market": 0.49722047401158376 }, "geometry": { "type": "Point", "coordinates": [ -95.3401135, 29.7478684 ] } },
{ "type": "Feature", "properties": { "mean_value": null, "mean_sentiment": null, "value_gap_to_market": null }, "geometry": { "type": "Point", "coordinates": [ -95.3568624, 29.7451786 ] } },
{ "type": "Feature", "properties": { "mean_value": null, "mean_sentiment": null, "value_gap_to_market": null }, "geometry": { "type": "Point", "coordinates": [ -95.362796, 29.756981 ] } },
{ "type": "Feature", "properties": { "mean_value": null, "mean_sentiment": null, "value_gap_to_market": null }, "geometry": { "type": "Point", "coordinates": [ -95.3586116, 29.7578546 ] } },
{ "type": "Feature", "properties": { "mean_value": null, "mean_sentiment": null, "value_gap_to_market": null }, "geometry": { "type": "Point", "coordinates": [ -95.3485734, 29.7336969 ] } },
{ "type": "Feature", "properties": { "mean_value": null, "mean_sentiment": null, "value_gap_to_market": null }, "geometry": { "type": "Point", "coordinates": [ -95.357041, 29.7028931 ] } },
{ "type": "Feature", "properties": { "mean_value": null, "mean_sentiment": null, "value_gap_to_market": null }, "geometry": { "type": "Point", "coordinates": [ -95.352053, 29.7221789 ] } },
{ "type": "Feature", "properties": { "mean_value": null, "mean_sentiment": null, "value_gap_to_market": null }, "geometry": { "type": "Point", "coordinates": [ -95.358921, 29.702777 ] } },
{ "type": "Feature", "properties": { "mean_value": null, "mean_sentiment": null, "value_gap_to_market": null }, "geometry": { "type": "Point", "coordinates": [ -95.3615923, 29.7603754 ] } },
{ "type": "Feature", "properties": { "mean_value": null, "mean_sentiment": null, "value_gap_to_market": null }, "geometry": { "type": "Point", "coordinates": [ -95.3615923, 29.7603754 ] } },
{ "type": "Feature", "properties": { "mean_value": null, "mean_sentiment": null, "value_gap_to_market": null }, "geometry": { "type": "Point", "coordinates": [ -95.363778, 29.7588659 ] } },
{ "type": "Feature", "properties": { "mean_value": 3.1666666666666665, "mean_sentiment": 0.26666666666666666, "value_gap_to_market": -0.47159673028949189 }, "geometry": { "type": "Point", "coordinates": [ -95.3626819, 29.7540639 ] } },
{ "type": "Feature", "properties": { "mean_value": null, "mean_sentiment": null, "value_gap_to_market": null }, "geometry": { "type": "Point", "coordinates": [ -95.3562041, 29.7501053 ] } },
{ "type": "Feature", "properties": { "mean_value": null, "mean_sentiment": null, "value_gap_to_market": null }, "geometry": { "type": "Point", "coordinates": [ -95.3586061, 29.7546983 ] } },
{ "type": "Feature", "properties": { "mean_value": null, "mean_sentiment": null, "value_gap_to_market": null }, "geometry": { "type": "Point", "coordinates": [ -95.3599658, 29.7512785 ] } },
{ "type": "Feature", "properties": { "mean_value": null, "mean_sentiment": null, "value_gap_to_market": null }, "geometry": { "type": "Point", "coordinates": [ -95.3523449, 29.721552 ] } },
{ "type": "Feature", "properties": { "mean_value": 0.52083333333333337, "mean_sentiment": -0.79166666666666663, "value_gap_to_market": -3.1174300636228249 }, "geometry": { "type": "Point", "coordinates": [ -95.3500152, 29.7238657 ] } },
{ "type": "Feature", "properties": { "mean_value": null, "mean_sentiment": null, "value_gap_to_market": null }, "geometry": { "type": "Point", "coordinates": [ -95.337928, 29.7475331 ] } },
{ "type": "Feature", "properties": { "mean_value": null, "mean_sentiment": null, "value_gap_to_market": null }, "geometry": { "type": "Point", "coordinates": [ -95.3624699, 29.7592796 ] } },
{ "type": "Feature", "properties": { "mean_value": null, "mean_sentiment": null, "value_gap_to_market": null }, "geometry": { "type": "Point", "coordinates": [ -95.3622012, 29.7601845 ] } },
{ "type": "Feature", "properties": { "mean_value": null, "mean_sentiment": null, "value_gap_to_market": null }, "geometry": { "type": "Point", "coordinates": [ -95.3608448, 29.7625821 ] } },
{ "type": "Feature", "properties": { "mean_value": null, "mean_sentiment": null, "value_gap_to_market": null }, "geometry": { "type": "Point", "coordinates": [ -95.3628588, 29.758855 ] } },
{ "type": "Feature", "properties": { "mean_value": 3.55, "mean_sentiment": 0.42190476190476189, "value_gap_to_market": -0.088263396956158591 }, "geometry": { "type": "Point", "coordinates": [ -95.327003, 29.7482717 ] } },
{ "type": "Feature", "properties": { "mean_value": 2.3081896551724137, "mean_sentiment": -0.08, "value_gap_to_market": -1.3300737417837447 }, "geometry": { "type": "Point", "coordinates": [ -95.3503877, 29.7261077 ] } },
{ "type": "Feature", "properties": { "mean_value": null, "mean_sentiment": null, "value_gap_to_market": null }, "geometry": { "type": "Point", "coordinates": [ -95.3465702, 29.7361507 ] } },
{ "type": "Feature", "properties": { "mean_value": null, "mean_sentiment": null, "value_gap_to_market": null }, "geometry": { "type": "Point", "coordinates": [ -95.3626334, 29.7547627 ] } },
{ "type": "Feature", "properties": { "mean_value": null, "mean_sentiment": null, "value_gap_to_market": null }, "geometry": { "type": "Point", "coordinates": [ -95.3353965, 29.755577 ] } },
{ "type": "Feature", "properties": { "mean_value": null, "mean_sentiment": null, "value_gap_to_market": null }, "geometry": { "type": "Point", "coordinates": [ -95.3490454, 29.7605304 ] } },
{ "type": "Feature", "properties": { "mean_value": null, "mean_sentiment": null, "value_gap_to_market": null }, "geometry": { "type": "Point", "coordinates": [ -95.2506026, 30.0420391 ] } },
{ "type": "Feature", "properties": { "mean_value": 4.3648648648648649, "mean_sentiment": 0.74702702702702706, "value_gap_to_market": 0.7266014679087065 }, "geometry": { "type": "Point", "coordinates": [ -95.2495475, 30.0461694 ] } },
{ "type": "Feature", "properties": { "mean_value": null, "mean_sentiment": null, "value_gap_to_market": null }, "geometry": { "type": "Point", "coordinates": [ -95.239189, 30.0290454 ] } },
{ "type": "Feature", "properties": { "mean_value": 4.1527777777777777, "mean_sentiment": 0.66296296296296298, "value_gap_to_market": 0.51451438082161927 }, "geometry": { "type": "Point", "coordinates": [ -95.2526286, 30.0698788 ] } },
{ "type": "Feature", "properties": { "mean_value": null, "mean_sentiment": null, "value_gap_to_market": null }, "geometry": { "type": "Point", "coordinates": [ -95.251196, 30.0403624 ] } },
{ "type": "Feature", "properties": { "mean_value": null, "mean_sentiment": null, "value_gap_to_market": null }, "geometry": { "type": "Point", "coordinates": [ -95.3985645, 29.7829896 ] } },
{ "type": "Feature", "properties": { "mean_value": 3.5811209439528024, "mean_sentiment": 0.43464566929133858, "value_gap_to_market": -0.057142453003355964 }, "geometry": { "type": "Point", "coordinates": [ -95.4176482, 29.8035379 ] } },
{ "type": "Feature", "properties": { "mean_value": null, "mean_sentiment": null, "value_gap_to_market": null }, "geometry": { "type": "Point", "coordinates": [ -95.4094383, 29.8025771 ] } },
{ "type": "Feature", "properties": { "mean_value": null, "mean_sentiment": null, "value_gap_to_market": null }, "geometry": { "type": "Point", "coordinates": [ -95.4079198, 29.7828833 ] } },
{ "type": "Feature", "properties": { "mean_value": null, "mean_sentiment": null, "value_gap_to_market": null }, "geometry": { "type": "Point", "coordinates": [ -95.3645956, 29.7629821 ] } },
{ "type": "Feature", "properties": { "mean_value": null, "mean_sentiment": null, "value_gap_to_market": null }, "geometry": { "type": "Point", "coordinates": [ -95.4109848, 29.8019317 ] } },
{ "type": "Feature", "properties": { "mean_value": null, "mean_sentiment": null, "value_gap_to_market": null }, "geometry": { "type": "Point", "coordinates": [ -95.4180541, 29.7618781 ] } },
{ "type": "Feature", "properties": { "mean_value": null, "mean_sentiment": null, "value_gap_to_market": null }, "geometry": { "type": "Point", "coordinates": [ -95.3892488, 29.8080197 ] } },
{ "type": "Feature", "properties": { "mean_value": null, "mean_sentiment": null, "value_gap_to_market": null }, "geometry": { "type": "Point", "coordinates": [ -95.3574277, 29.7778672 ] } },
{ "type": "Feature", "properties": { "mean_value": null, "mean_sentiment": null, "value_gap_to_market": null }, "geometry": { "type": "Point", "coordinates": [ -95.390041, 29.7818689 ] } },
{ "type": "Feature", "properties": { "mean_value": null, "mean_sentiment": null, "value_gap_to_market": null }, "geometry": { "type": "Point", "coordinates": [ -95.4038707, 29.7701002 ] } },
{ "type": "Feature", "properties": { "mean_value": null, "mean_sentiment": null, "value_gap_to_market": null }, "geometry": { "type": "Point", "coordinates": [ -95.2541353, 30.0497599 ] } },
{ "type": "Feature", "properties": { "mean_value": 3.3853677621283254, "mean_sentiment": 0.35305164319248827, "value_gap_to_market": -0.25289563482783306 }, "geometry": { "type": "Point", "coordinates": [ -95.2433973, 30.0683446 ] } },
{ "type": "Feature", "properties": { "mean_value": null, "mean_sentiment": null, "value_gap_to_market": null }, "geometry": { "type": "Point", "coordinates": [ -95.2460548, 30.0510005 ] } },
{ "type": "Feature", "properties": { "mean_value": null, "mean_sentiment": null, "value_gap_to_market": null }, "geometry": { "type": "Point", "coordinates": [ -95.2548498, 30.0460112 ] } },
{ "type": "Feature", "properties": { "mean_value": null, "mean_sentiment": null, "value_gap_to_market": null }, "geometry": { "type": "Point", "coordinates": [ -95.3991237, 29.8050779 ] } },
{ "type": "Feature", "properties": { "mean_value": null, "mean_sentiment": null, "value_gap_to_market": null }, "geometry": { "type": "Point", "coordinates": [ -95.3818648, 29.7970846 ] } },
{ "type": "Feature", "properties": { "mean_value": null, "mean_sentiment": null, "value_gap_to_market": null }, "geometry": { "type": "Point", "coordinates": [ -95.4103338, 29.8015823 ] } },
{ "type": "Feature", "properties": { "mean_value": null, "mean_sentiment": null, "value_gap_to_market": null }, "geometry": { "type": "Point", "coordinates": [ -95.4291696, 29.8184313 ] } },
{ "type": "Feature", "properties": { "mean_value": null, "mean_sentiment": null, "value_gap_to_market": null }, "geometry": { "type": "Point", "coordinates": [ -95.3873579, 29.8163288 ] } },
{ "type": "Feature", "properties": { "mean_value": null, "mean_sentiment": null, "value_gap_to_market": null }, "geometry": { "type": "Point", "coordinates": [ -95.4030611, 29.828315 ] } },
{ "type": "Feature", "properties": { "mean_value": null, "mean_sentiment": null, "value_gap_to_market": null }, "geometry": { "type": "Point", "coordinates": [ -95.4112384, 29.8398293 ] } },
{ "type": "Feature", "properties": { "mean_value": null, "mean_sentiment": null, "value_gap_to_market": null }, "geometry": { "type": "Point", "coordinates": [ -95.4290541, 29.8204081 ] } },
{ "type": "Feature", "properties": { "mean_value": null, "mean_sentiment": null, "value_gap_to_market": null }, "geometry": { "type": "Point", "coordinates": [ -95.3824543, 29.8086435 ] } },
{ "type": "Feature", "properties": { "mean_value": null, "mean_sentiment": null, "value_gap_to_market": null }, "geometry": { "type": "Point", "coordinates": [ -95.4099682, 29.8061187 ] } },
{ "type": "Feature", "properties": { "mean_value": 3.9723282442748094, "mean_sentiment": 0.58664122137404584, "value_gap_to_market": 0.33406484731865094 }, "geometry": { "type": "Point", "coordinates": [ -95.2427558, 30.0696938 ] } },
{ "type": "Feature", "properties": { "mean_value": 2.7341188524590163, "mean_sentiment": 0.088319672131147539, "value_gap_to_market": -0.9041445444971421 }, "geometry": { "type": "Point", "coordinates": [ -95.2150458, 30.0680844 ] } },
{ "type": "Feature", "properties": { "mean_value": null, "mean_sentiment": null, "value_gap_to_market": null }, "geometry": { "type": "Point", "coordinates": [ -95.4434973, 29.8169941 ] } },
{ "type": "Feature", "properties": { "mean_value": 4.3870056497175138, "mean_sentiment": 0.7562146892655367, "value_gap_to_market": 0.74874225276135542 }, "geometry": { "type": "Point", "coordinates": [ -95.409657, 29.830657 ] } },
{ "type": "Feature", "properties": { "mean_value": 3.5066793893129771, "mean_sentiment": 0.4029262086513995, "value_gap_to_market": -0.13158400764318134 }, "geometry": { "type": "Point", "coordinates": [ -95.3795029, 29.8259184 ] } },
{ "type": "Feature", "properties": { "mean_value": null, "mean_sentiment": null, "value_gap_to_market": null }, "geometry": { "type": "Point", "coordinates": [ -95.4425225, 29.8096146 ] } },
{ "type": "Feature", "properties": { "mean_value": null, "mean_sentiment": null, "value_gap_to_market": null }, "geometry": { "type": "Point", "coordinates": [ -95.3919899, 29.8037383 ] } },
{ "type": "Feature", "properties": { "mean_value": null, "mean_sentiment": null, "value_gap_to_market": null }, "geometry": { "type": "Point", "coordinates": [ -95.3648205, 29.7615523 ] } },
{ "type": "Feature", "properties": { "mean_value": null, "mean_sentiment": null, "value_gap_to_market": null }, "geometry": { "type": "Point", "coordinates": [ -95.3635123, 29.7791936 ] } },
{ "type": "Feature", "properties": { "mean_value": 4.0288309636650865, "mean_sentiment": 0.61184834123222753, "value_gap_to_market": 0.39056756670892812 }, "geometry": { "type": "Point", "coordinates": [ -95.3734189, 29.790836 ] } },
{ "type": "Feature", "properties": { "mean_value": null, "mean_sentiment": null, "value_gap_to_market": null }, "geometry": { "type": "Point", "coordinates": [ -95.4086088, 29.7702243 ] } },
{ "type": "Feature", "properties": { "mean_value": 4.1004273504273501, "mean_sentiment": 0.63931623931623938, "value_gap_to_market": 0.46216395347119166 }, "geometry": { "type": "Point", "coordinates": [ -95.3559983, 29.7834937 ] } },
{ "type": "Feature", "properties": { "mean_value": null, "mean_sentiment": null, "value_gap_to_market": null }, "geometry": { "type": "Point", "coordinates": [ -95.4259185, 29.7739467 ] } },
{ "type": "Feature", "properties": { "mean_value": null, "mean_sentiment": null, "value_gap_to_market": null }, "geometry": { "type": "Point", "coordinates": [ -95.4252778, 29.7425 ] } },
{ "type": "Feature", "properties": { "mean_value": null, "mean_sentiment": null, "value_gap_to_market": null }, "geometry": { "type": "Point", "coordinates": [ -95.381241, 29.7464574 ] } },
{ "type": "Feature", "properties": { "mean_value": null, "mean_sentiment": null, "value_gap_to_market": null }, "geometry": { "type": "Point", "coordinates": [ -95.4012097, 29.7697375 ] } },
{ "type": "Feature", "properties": { "mean_value": null, "mean_sentiment": null, "value_gap_to_market": null }, "geometry": { "type": "Point", "coordinates": [ -95.3885207, 29.7442214 ] } },
{ "type": "Feature", "properties": { "mean_value": null, "mean_sentiment": null, "value_gap_to_market": null }, "geometry": { "type": "Point", "coordinates": [ -95.3823599, 29.7448874 ] } },
{ "type": "Feature", "properties": { "mean_value": null, "mean_sentiment": null, "value_gap_to_market": null }, "geometry": { "type": "Point", "coordinates": [ -95.3979255, 29.7733438 ] } },
{ "type": "Feature", "properties": { "mean_value": null, "mean_sentiment": null, "value_gap_to_market": null }, "geometry": { "type": "Point", "coordinates": [ -95.3822028, 29.8066191 ] } },
{ "type": "Feature", "properties": { "mean_value": null, "mean_sentiment": null, "value_gap_to_market": null }, "geometry": { "type": "Point", "coordinates": [ -95.4002795, 29.8285562 ] } },
{ "type": "Feature", "properties": { "mean_value": 3.3787185354691074, "mean_sentiment": 0.35333333333333333, "value_gap_to_market": -0.25954486148705103 }, "geometry": { "type": "Point", "coordinates": [ -95.3825501, 29.79813 ] } },
{ "type": "Feature", "properties": { "mean_value": null, "mean_sentiment": null, "value_gap_to_market": null }, "geometry": { "type": "Point", "coordinates": [ -95.4400067, 29.8102262 ] } },
{ "type": "Feature", "properties": { "mean_value": 4.3706140350877192, "mean_sentiment": 0.74736842105263157, "value_gap_to_market": 0.73235063813156076 }, "geometry": { "type": "Point", "coordinates": [ -95.4095237, 29.7884273 ] } },
{ "type": "Feature", "properties": { "mean_value": null, "mean_sentiment": null, "value_gap_to_market": null }, "geometry": { "type": "Point", "coordinates": [ -95.4073475, 29.7908045 ] } },
{ "type": "Feature", "properties": { "mean_value": null, "mean_sentiment": null, "value_gap_to_market": null }, "geometry": { "type": "Point", "coordinates": [ -95.4054405, 29.803417 ] } },
{ "type": "Feature", "properties": { "mean_value": null, "mean_sentiment": null, "value_gap_to_market": null }, "geometry": { "type": "Point", "coordinates": [ -95.2429215, 30.068261 ] } },
{ "type": "Feature", "properties": { "mean_value": null, "mean_sentiment": null, "value_gap_to_market": null }, "geometry": { "type": "Point", "coordinates": [ -95.233573, 30.0486782 ] } },
{ "type": "Feature", "properties": { "mean_value": 2.7908163265306123, "mean_sentiment": 0.10918367346938776, "value_gap_to_market": -0.84744707042554612 }, "geometry": { "type": "Point", "coordinates": [ -95.2455062, 30.067501 ] } },
{ "type": "Feature", "properties": { "mean_value": null, "mean_sentiment": null, "value_gap_to_market": null }, "geometry": { "type": "Point", "coordinates": [ -95.2133865, 30.0565639 ] } },
{ "type": "Feature", "properties": { "mean_value": null, "mean_sentiment": null, "value_gap_to_market": null }, "geometry": { "type": "Point", "coordinates": [ -95.2493267, 30.059476 ] } },
{ "type": "Feature", "properties": { "mean_value": null, "mean_sentiment": null, "value_gap_to_market": null }, "geometry": { "type": "Point", "coordinates": [ -95.4451563, 29.7410407 ] } },
{ "type": "Feature", "properties": { "mean_value": null, "mean_sentiment": null, "value_gap_to_market": null }, "geometry": { "type": "Point", "coordinates": [ -95.4097354, 29.8080211 ] } },
{ "type": "Feature", "properties": { "mean_value": null, "mean_sentiment": null, "value_gap_to_market": null }, "geometry": { "type": "Point", "coordinates": [ -95.3995706, 29.8062505 ] } },
{ "type": "Feature", "properties": { "mean_value": null, "mean_sentiment": null, "value_gap_to_market": null }, "geometry": { "type": "Point", "coordinates": [ -95.4310565, 29.8291267 ] } },
{ "type": "Feature", "properties": { "mean_value": null, "mean_sentiment": null, "value_gap_to_market": null }, "geometry": { "type": "Point", "coordinates": [ -95.3737994, 29.8160105 ] } },
{ "type": "Feature", "properties": { "mean_value": 4.18375, "mean_sentiment": 0.67525, "value_gap_to_market": 0.54548660304384144 }, "geometry": { "type": "Point", "coordinates": [ -95.4096309, 29.8218231 ] } },
{ "type": "Feature", "properties": { "mean_value": null, "mean_sentiment": null, "value_gap_to_market": null }, "geometry": { "type": "Point", "coordinates": [ -95.4218552, 29.816939 ] } },
{ "type": "Feature", "properties": { "mean_value": 2.7109467455621301, "mean_sentiment": 0.082918149466192165, "value_gap_to_market": -0.9273166513940283 }, "geometry": { "type": "Point", "coordinates": [ -95.4151757, 29.8120063 ] } },
{ "type": "Feature", "properties": { "mean_value": null, "mean_sentiment": null, "value_gap_to_market": null }, "geometry": { "type": "Point", "coordinates": [ -95.4013327, 29.7697823 ] } },
{ "type": "Feature", "properties": { "mean_value": null, "mean_sentiment": null, "value_gap_to_market": null }, "geometry": { "type": "Point", "coordinates": [ -95.3760997, 29.767449 ] } },
{ "type": "Feature", "properties": { "mean_value": null, "mean_sentiment": null, "value_gap_to_market": null }, "geometry": { "type": "Point", "coordinates": [ -95.399068, 29.7734433 ] } },
{ "type": "Feature", "properties": { "mean_value": null, "mean_sentiment": null, "value_gap_to_market": null }, "geometry": { "type": "Point", "coordinates": [ -95.4431674, 29.7460082 ] } },
{ "type": "Feature", "properties": { "mean_value": null, "mean_sentiment": null, "value_gap_to_market": null }, "geometry": { "type": "Point", "coordinates": [ -95.3800382, 29.7391541 ] } },
{ "type": "Feature", "properties": { "mean_value": null, "mean_sentiment": null, "value_gap_to_market": null }, "geometry": { "type": "Point", "coordinates": [ -95.3985772, 29.7813244 ] } },
{ "type": "Feature", "properties": { "mean_value": null, "mean_sentiment": null, "value_gap_to_market": null }, "geometry": { "type": "Point", "coordinates": [ -95.41095, 29.8153702 ] } },
{ "type": "Feature", "properties": { "mean_value": 3.6540178571428572, "mean_sentiment": 0.46322869955156953, "value_gap_to_market": 0.015754460186698793 }, "geometry": { "type": "Point", "coordinates": [ -95.4102814, 29.8307468 ] } },
{ "type": "Feature", "properties": { "mean_value": null, "mean_sentiment": null, "value_gap_to_market": null }, "geometry": { "type": "Point", "coordinates": [ -95.3801019, 29.8105284 ] } },
{ "type": "Feature", "properties": { "mean_value": null, "mean_sentiment": null, "value_gap_to_market": null }, "geometry": { "type": "Point", "coordinates": [ -95.3806034, 29.8297361 ] } },
{ "type": "Feature", "properties": { "mean_value": null, "mean_sentiment": null, "value_gap_to_market": null }, "geometry": { "type": "Point", "coordinates": [ -95.402393, 29.7473016 ] } },
{ "type": "Feature", "properties": { "mean_value": null, "mean_sentiment": null, "value_gap_to_market": null }, "geometry": { "type": "Point", "coordinates": [ -95.3593121, 29.7933595 ] } },
{ "type": "Feature", "properties": { "mean_value": null, "mean_sentiment": null, "value_gap_to_market": null }, "geometry": { "type": "Point", "coordinates": [ -95.3883188, 29.7914217 ] } },
{ "type": "Feature", "properties": { "mean_value": null, "mean_sentiment": null, "value_gap_to_market": null }, "geometry": { "type": "Point", "coordinates": [ -95.3645956, 29.7629821 ] } },
{ "type": "Feature", "properties": { "mean_value": null, "mean_sentiment": null, "value_gap_to_market": null }, "geometry": { "type": "Point", "coordinates": [ -95.4621751, 29.7485654 ] } },
{ "type": "Feature", "properties": { "mean_value": null, "mean_sentiment": null, "value_gap_to_market": null }, "geometry": { "type": "Point", "coordinates": [ -95.409247, 29.7713277 ] } },
{ "type": "Feature", "properties": { "mean_value": null, "mean_sentiment": null, "value_gap_to_market": null }, "geometry": { "type": "Point", "coordinates": [ -95.4077019, 29.7480051 ] } },
{ "type": "Feature", "properties": { "mean_value": null, "mean_sentiment": null, "value_gap_to_market": null }, "geometry": { "type": "Point", "coordinates": [ -95.4160842, 29.7704925 ] } },
{ "type": "Feature", "properties": { "mean_value": null, "mean_sentiment": null, "value_gap_to_market": null }, "geometry": { "type": "Point", "coordinates": [ -95.4613554, 29.7427161 ] } },
{ "type": "Feature", "properties": { "mean_value": null, "mean_sentiment": null, "value_gap_to_market": null }, "geometry": { "type": "Point", "coordinates": [ -95.4625156, 29.7498983 ] } },
{ "type": "Feature", "properties": { "mean_value": null, "mean_sentiment": null, "value_gap_to_market": null }, "geometry": { "type": "Point", "coordinates": [ -95.3792171, 29.7675315 ] } },
{ "type": "Feature", "properties": { "mean_value": null, "mean_sentiment": null, "value_gap_to_market": null }, "geometry": { "type": "Point", "coordinates": [ -95.4097792, 29.8110995 ] } },
{ "type": "Feature", "properties": { "mean_value": null, "mean_sentiment": null, "value_gap_to_market": null }, "geometry": { "type": "Point", "coordinates": [ -95.3830606, 29.8329604 ] } },
{ "type": "Feature", "properties": { "mean_value": null, "mean_sentiment": null, "value_gap_to_market": null }, "geometry": { "type": "Point", "coordinates": [ -95.4222042, 29.8120155 ] } },
{ "type": "Feature", "properties": { "mean_value": null, "mean_sentiment": null, "value_gap_to_market": null }, "geometry": { "type": "Point", "coordinates": [ -95.4289854, 29.8187767 ] } },
{ "type": "Feature", "properties": { "mean_value": 4.3840579710144931, "mean_sentiment": 0.75507246376811599, "value_gap_to_market": 0.74579457405833471 }, "geometry": { "type": "Point", "coordinates": [ -95.4232346, 29.8211332 ] } },
{ "type": "Feature", "properties": { "mean_value": null, "mean_sentiment": null, "value_gap_to_market": null }, "geometry": { "type": "Point", "coordinates": [ -95.429284, 29.8403072 ] } },
{ "type": "Feature", "properties": { "mean_value": null, "mean_sentiment": null, "value_gap_to_market": null }, "geometry": { "type": "Point", "coordinates": [ -95.3883188, 29.7914217 ] } },
{ "type": "Feature", "properties": { "mean_value": 3.5284090909090908, "mean_sentiment": 0.41136363636363638, "value_gap_to_market": -0.10985430604706758 }, "geometry": { "type": "Point", "coordinates": [ -95.4194539, 29.7618277 ] } },
{ "type": "Feature", "properties": { "mean_value": null, "mean_sentiment": null, "value_gap_to_market": null }, "geometry": { "type": "Point", "coordinates": [ -95.3648136, 29.766462 ] } },
{ "type": "Feature", "properties": { "mean_value": null, "mean_sentiment": null, "value_gap_to_market": null }, "geometry": { "type": "Point", "coordinates": [ -95.4101151, 29.7782664 ] } },
{ "type": "Feature", "properties": { "mean_value": null, "mean_sentiment": null, "value_gap_to_market": null }, "geometry": { "type": "Point", "coordinates": [ -95.4187659, 29.7710346 ] } },
{ "type": "Feature", "properties": { "mean_value": null, "mean_sentiment": null, "value_gap_to_market": null }, "geometry": { "type": "Point", "coordinates": [ -95.457018, 29.7561883 ] } },
{ "type": "Feature", "properties": { "mean_value": null, "mean_sentiment": null, "value_gap_to_market": null }, "geometry": { "type": "Point", "coordinates": [ -95.4671267, 29.7629683 ] } },
{ "type": "Feature", "properties": { "mean_value": null, "mean_sentiment": null, "value_gap_to_market": null }, "geometry": { "type": "Point", "coordinates": [ -95.4541594, 29.7462894 ] } },
{ "type": "Feature", "properties": { "mean_value": null, "mean_sentiment": null, "value_gap_to_market": null }, "geometry": { "type": "Point", "coordinates": [ -95.3797222, 29.7427778 ] } },
{ "type": "Feature", "properties": { "mean_value": null, "mean_sentiment": null, "value_gap_to_market": null }, "geometry": { "type": "Point", "coordinates": [ -95.3759394, 29.7505974 ] } },
{ "type": "Feature", "properties": { "mean_value": null, "mean_sentiment": null, "value_gap_to_market": null }, "geometry": { "type": "Point", "coordinates": [ -95.3804296, 29.828936 ] } },
{ "type": "Feature", "properties": { "mean_value": null, "mean_sentiment": null, "value_gap_to_market": null }, "geometry": { "type": "Point", "coordinates": [ -95.416348, 29.8118467 ] } },
{ "type": "Feature", "properties": { "mean_value": null, "mean_sentiment": null, "value_gap_to_market": null }, "geometry": { "type": "Point", "coordinates": [ -95.381868, 29.831557 ] } },
{ "type": "Feature", "properties": { "mean_value": null, "mean_sentiment": null, "value_gap_to_market": null }, "geometry": { "type": "Point", "coordinates": [ -95.4298124, 29.8148114 ] } },
{ "type": "Feature", "properties": { "mean_value": 3.2236132511556241, "mean_sentiment": 0.29109907120743034, "value_gap_to_market": -0.41465014580053428 }, "geometry": { "type": "Point", "coordinates": [ -95.3839419, 29.8316436 ] } },
{ "type": "Feature", "properties": { "mean_value": null, "mean_sentiment": null, "value_gap_to_market": null }, "geometry": { "type": "Point", "coordinates": [ -95.4298531, 29.8137455 ] } },
{ "type": "Feature", "properties": { "mean_value": null, "mean_sentiment": null, "value_gap_to_market": null }, "geometry": { "type": "Point", "coordinates": [ -95.4288799, 29.814854 ] } },
{ "type": "Feature", "properties": { "mean_value": 3.0184210526315791, "mean_sentiment": 0.20842105263157895, "value_gap_to_market": -0.6198423443245793 }, "geometry": { "type": "Point", "coordinates": [ -95.3717297, 29.8050134 ] } },
{ "type": "Feature", "properties": { "mean_value": null, "mean_sentiment": null, "value_gap_to_market": null }, "geometry": { "type": "Point", "coordinates": [ -95.3673792, 29.7642703 ] } },
{ "type": "Feature", "properties": { "mean_value": 3.5781853281853282, "mean_sentiment": 0.43436293436293438, "value_gap_to_market": -0.060078068770830217 }, "geometry": { "type": "Point", "coordinates": [ -95.4099118, 29.8136247 ] } },
{ "type": "Feature", "properties": { "mean_value": null, "mean_sentiment": null, "value_gap_to_market": null }, "geometry": { "type": "Point", "coordinates": [ -95.4616398, 29.7473874 ] } },
{ "type": "Feature", "properties": { "mean_value": null, "mean_sentiment": null, "value_gap_to_market": null }, "geometry": { "type": "Point", "coordinates": [ -95.4103203, 29.7413112 ] } },
{ "type": "Feature", "properties": { "mean_value": null, "mean_sentiment": null, "value_gap_to_market": null }, "geometry": { "type": "Point", "coordinates": [ -95.4537129, 29.7434648 ] } },
{ "type": "Feature", "properties": { "mean_value": null, "mean_sentiment": null, "value_gap_to_market": null }, "geometry": { "type": "Point", "coordinates": [ -95.4588328, 29.7440001 ] } },
{ "type": "Feature", "properties": { "mean_value": null, "mean_sentiment": null, "value_gap_to_market": null }, "geometry": { "type": "Point", "coordinates": [ -95.4437572, 29.7422544 ] } },
{ "type": "Feature", "properties": { "mean_value": null, "mean_sentiment": null, "value_gap_to_market": null }, "geometry": { "type": "Point", "coordinates": [ -95.4205715, 29.7609078 ] } },
{ "type": "Feature", "properties": { "mean_value": null, "mean_sentiment": null, "value_gap_to_market": null }, "geometry": { "type": "Point", "coordinates": [ -95.4195256, 29.77052 ] } },
{ "type": "Feature", "properties": { "mean_value": null, "mean_sentiment": null, "value_gap_to_market": null }, "geometry": { "type": "Point", "coordinates": [ -95.4290903, 29.8192122 ] } },
{ "type": "Feature", "properties": { "mean_value": null, "mean_sentiment": null, "value_gap_to_market": null }, "geometry": { "type": "Point", "coordinates": [ -95.4197635, 29.8406842 ] } },
{ "type": "Feature", "properties": { "mean_value": 2.5489543726235739, "mean_sentiment": 0.013766730401529637, "value_gap_to_market": -1.0893090243325845 }, "geometry": { "type": "Point", "coordinates": [ -95.4299534, 29.8145507 ] } },
{ "type": "Feature", "properties": { "mean_value": null, "mean_sentiment": null, "value_gap_to_market": null }, "geometry": { "type": "Point", "coordinates": [ -95.4340393, 29.8287345 ] } },
{ "type": "Feature", "properties": { "mean_value": 4.0368217054263562, "mean_sentiment": 0.61395348837209307, "value_gap_to_market": 0.3985583084701978 }, "geometry": { "type": "Point", "coordinates": [ -95.3816561, 29.809456 ] } },
{ "type": "Feature", "properties": { "mean_value": 3.5251572327044025, "mean_sentiment": 0.4138364779874214, "value_gap_to_market": -0.1131061642517559 }, "geometry": { "type": "Point", "coordinates": [ -95.429221, 29.818605 ] } },
{ "type": "Feature", "properties": { "mean_value": null, "mean_sentiment": null, "value_gap_to_market": null }, "geometry": { "type": "Point", "coordinates": [ -95.432185, 29.8274775 ] } },
{ "type": "Feature", "properties": { "mean_value": null, "mean_sentiment": null, "value_gap_to_market": null }, "geometry": { "type": "Point", "coordinates": [ -95.3651814, 29.7546086 ] } },
{ "type": "Feature", "properties": { "mean_value": null, "mean_sentiment": null, "value_gap_to_market": null }, "geometry": { "type": "Point", "coordinates": [ -95.3773036, 29.7466626 ] } },
{ "type": "Feature", "properties": { "mean_value": null, "mean_sentiment": null, "value_gap_to_market": null }, "geometry": { "type": "Point", "coordinates": [ -95.4636256, 29.7853834 ] } },
{ "type": "Feature", "properties": { "mean_value": null, "mean_sentiment": null, "value_gap_to_market": null }, "geometry": { "type": "Point", "coordinates": [ -95.3982661, 29.7699602 ] } },
{ "type": "Feature", "properties": { "mean_value": null, "mean_sentiment": null, "value_gap_to_market": null }, "geometry": { "type": "Point", "coordinates": [ -95.4677792, 29.7398411 ] } },
{ "type": "Feature", "properties": { "mean_value": null, "mean_sentiment": null, "value_gap_to_market": null }, "geometry": { "type": "Point", "coordinates": [ -95.4626341, 29.7513374 ] } },
{ "type": "Feature", "properties": { "mean_value": null, "mean_sentiment": null, "value_gap_to_market": null }, "geometry": { "type": "Point", "coordinates": [ -95.4621691, 29.743321 ] } },
{ "type": "Feature", "properties": { "mean_value": null, "mean_sentiment": null, "value_gap_to_market": null }, "geometry": { "type": "Point", "coordinates": [ -95.3650996, 29.7573817 ] } },
{ "type": "Feature", "properties": { "mean_value": null, "mean_sentiment": null, "value_gap_to_market": null }, "geometry": { "type": "Point", "coordinates": [ -95.4585724, 29.807436 ] } },
{ "type": "Feature", "properties": { "mean_value": 4.0909090909090908, "mean_sentiment": 0.63636363636363635, "value_gap_to_market": 0.45264569395293242 }, "geometry": { "type": "Point", "coordinates": [ -95.3421567, 29.7833256 ] } },
{ "type": "Feature", "properties": { "mean_value": 4.0462962962962967, "mean_sentiment": 0.61111111111111116, "value_gap_to_market": 0.40803289934013831 }, "geometry": { "type": "Point", "coordinates": [ -95.3640307, 29.7560745 ] } },
{ "type": "Feature", "properties": { "mean_value": null, "mean_sentiment": null, "value_gap_to_market": null }, "geometry": { "type": "Point", "coordinates": [ -95.4194794, 29.739936 ] } },
{ "type": "Feature", "properties": { "mean_value": null, "mean_sentiment": null, "value_gap_to_market": null }, "geometry": { "type": "Point", "coordinates": [ -95.3881679, 29.744143 ] } },
{ "type": "Feature", "properties": { "mean_value": null, "mean_sentiment": null, "value_gap_to_market": null }, "geometry": { "type": "Point", "coordinates": [ -95.4104073, 29.7381654 ] } },
{ "type": "Feature", "properties": { "mean_value": null, "mean_sentiment": null, "value_gap_to_market": null }, "geometry": { "type": "Point", "coordinates": [ -95.3698028, 29.7604267 ] } },
{ "type": "Feature", "properties": { "mean_value": null, "mean_sentiment": null, "value_gap_to_market": null }, "geometry": { "type": "Point", "coordinates": [ -95.4055481, 29.8031988 ] } },
{ "type": "Feature", "properties": { "mean_value": null, "mean_sentiment": null, "value_gap_to_market": null }, "geometry": { "type": "Point", "coordinates": [ -95.4654545, 29.7859563 ] } },
{ "type": "Feature", "properties": { "mean_value": null, "mean_sentiment": null, "value_gap_to_market": null }, "geometry": { "type": "Point", "coordinates": [ -95.4054652, 29.8032452 ] } },
{ "type": "Feature", "properties": { "mean_value": null, "mean_sentiment": null, "value_gap_to_market": null }, "geometry": { "type": "Point", "coordinates": [ -95.4591288, 29.8033342 ] } },
{ "type": "Feature", "properties": { "mean_value": null, "mean_sentiment": null, "value_gap_to_market": null }, "geometry": { "type": "Point", "coordinates": [ -95.4554621, 29.8085564 ] } },
{ "type": "Feature", "properties": { "mean_value": null, "mean_sentiment": null, "value_gap_to_market": null }, "geometry": { "type": "Point", "coordinates": [ -95.3406616, 29.7566986 ] } },
{ "type": "Feature", "properties": { "mean_value": null, "mean_sentiment": null, "value_gap_to_market": null }, "geometry": { "type": "Point", "coordinates": [ -95.3476251, 29.7711841 ] } },
{ "type": "Feature", "properties": { "mean_value": null, "mean_sentiment": null, "value_gap_to_market": null }, "geometry": { "type": "Point", "coordinates": [ -95.3614033, 29.7612067 ] } },
{ "type": "Feature", "properties": { "mean_value": null, "mean_sentiment": null, "value_gap_to_market": null }, "geometry": { "type": "Point", "coordinates": [ -95.3588409, 29.7546087 ] } },
{ "type": "Feature", "properties": { "mean_value": 4.0719476744186043, "mean_sentiment": 0.62703488372093019, "value_gap_to_market": 0.43368427746244587 }, "geometry": { "type": "Point", "coordinates": [ -95.3613415, 29.7943017 ] } },
{ "type": "Feature", "properties": { "mean_value": null, "mean_sentiment": null, "value_gap_to_market": null }, "geometry": { "type": "Point", "coordinates": [ -95.3645358, 29.7661543 ] } },
{ "type": "Feature", "properties": { "mean_value": null, "mean_sentiment": null, "value_gap_to_market": null }, "geometry": { "type": "Point", "coordinates": [ -95.3645956, 29.7629821 ] } },
{ "type": "Feature", "properties": { "mean_value": null, "mean_sentiment": null, "value_gap_to_market": null }, "geometry": { "type": "Point", "coordinates": [ -95.3634041, 29.7619112 ] } },
{ "type": "Feature", "properties": { "mean_value": null, "mean_sentiment": null, "value_gap_to_market": null }, "geometry": { "type": "Point", "coordinates": [ -95.360686, 29.7635455 ] } },
{ "type": "Feature", "properties": { "mean_value": null, "mean_sentiment": null, "value_gap_to_market": null }, "geometry": { "type": "Point", "coordinates": [ -95.4467547, 29.8175151 ] } },
{ "type": "Feature", "properties": { "mean_value": null, "mean_sentiment": null, "value_gap_to_market": null }, "geometry": { "type": "Point", "coordinates": [ -95.4266616, 29.8041615 ] } },
{ "type": "Feature", "properties": { "mean_value": null, "mean_sentiment": null, "value_gap_to_market": null }, "geometry": { "type": "Point", "coordinates": [ -95.457598, 29.807107 ] } },
{ "type": "Feature", "properties": { "mean_value": null, "mean_sentiment": null, "value_gap_to_market": null }, "geometry": { "type": "Point", "coordinates": [ -95.3880983, 29.7886815 ] } },
{ "type": "Feature", "properties": { "mean_value": null, "mean_sentiment": null, "value_gap_to_market": null }, "geometry": { "type": "Point", "coordinates": [ -95.3605164, 29.7594641 ] } },
{ "type": "Feature", "properties": { "mean_value": null, "mean_sentiment": null, "value_gap_to_market": null }, "geometry": { "type": "Point", "coordinates": [ -95.363778, 29.7588659 ] } },
{ "type": "Feature", "properties": { "mean_value": null, "mean_sentiment": null, "value_gap_to_market": null }, "geometry": { "type": "Point", "coordinates": [ -95.3622515, 29.7545824 ] } },
{ "type": "Feature", "properties": { "mean_value": null, "mean_sentiment": null, "value_gap_to_market": null }, "geometry": { "type": "Point", "coordinates": [ -95.4108611, 29.7882223 ] } },
{ "type": "Feature", "properties": { "mean_value": null, "mean_sentiment": null, "value_gap_to_market": null }, "geometry": { "type": "Point", "coordinates": [ -95.467511, 29.78782 ] } },
{ "type": "Feature", "properties": { "mean_value": null, "mean_sentiment": null, "value_gap_to_market": null }, "geometry": { "type": "Point", "coordinates": [ -95.3623268, 29.7550683 ] } },
{ "type": "Feature", "properties": { "mean_value": 3.6981534090909092, "mean_sentiment": 0.478125, "value_gap_to_market": 0.059890012134750759 }, "geometry": { "type": "Point", "coordinates": [ -95.3612505, 29.7838646 ] } },
{ "type": "Feature", "properties": { "mean_value": null, "mean_sentiment": null, "value_gap_to_market": null }, "geometry": { "type": "Point", "coordinates": [ -95.364314, 29.756916 ] } },
{ "type": "Feature", "properties": { "mean_value": null, "mean_sentiment": null, "value_gap_to_market": null }, "geometry": { "type": "Point", "coordinates": [ -95.4203831, 29.8034247 ] } },
{ "type": "Feature", "properties": { "mean_value": null, "mean_sentiment": null, "value_gap_to_market": null }, "geometry": { "type": "Point", "coordinates": [ -95.4606562, 29.8187382 ] } },
{ "type": "Feature", "properties": { "mean_value": null, "mean_sentiment": null, "value_gap_to_market": null }, "geometry": { "type": "Point", "coordinates": [ -95.3646197, 29.7656188 ] } },
{ "type": "Feature", "properties": { "mean_value": null, "mean_sentiment": null, "value_gap_to_market": null }, "geometry": { "type": "Point", "coordinates": [ -95.3645956, 29.7629821 ] } },
{ "type": "Feature", "properties": { "mean_value": null, "mean_sentiment": null, "value_gap_to_market": null }, "geometry": { "type": "Point", "coordinates": [ -95.4585025, 29.8088475 ] } },
{ "type": "Feature", "properties": { "mean_value": null, "mean_sentiment": null, "value_gap_to_market": null }, "geometry": { "type": "Point", "coordinates": [ -95.4616667, 29.8138889 ] } },
{ "type": "Feature", "properties": { "mean_value": null, "mean_sentiment": null, "value_gap_to_market": null }, "geometry": { "type": "Point", "coordinates": [ -95.4054505, 29.8024427 ] } },
{ "type": "Feature", "properties": { "mean_value": null, "mean_sentiment": null, "value_gap_to_market": null }, "geometry": { "type": "Point", "coordinates": [ -95.4606213, 29.8130321 ] } },
{ "type": "Feature", "properties": { "mean_value": null, "mean_sentiment": null, "value_gap_to_market": null }, "geometry": { "type": "Point", "coordinates": [ -95.361498, 29.8019206 ] } },
{ "type": "Feature", "properties": { "mean_value": null, "mean_sentiment": null, "value_gap_to_market": null }, "geometry": { "type": "Point", "coordinates": [ -95.3640089, 29.7604054 ] } },
{ "type": "Feature", "properties": { "mean_value": 3.7370689655172415, "mean_sentiment": 0.49885057471264371, "value_gap_to_market": 0.098805568561083135 }, "geometry": { "type": "Point", "coordinates": [ -95.362666, 29.7984097 ] } },
{ "type": "Feature", "properties": { "mean_value": null, "mean_sentiment": null, "value_gap_to_market": null }, "geometry": { "type": "Point", "coordinates": [ -95.3475851, 29.7577035 ] } },
{ "type": "Feature", "properties": { "mean_value": null, "mean_sentiment": null, "value_gap_to_market": null }, "geometry": { "type": "Point", "coordinates": [ -95.4568882, 29.8097636 ] } },
{ "type": "Feature", "properties": { "mean_value": null, "mean_sentiment": null, "value_gap_to_market": null }, "geometry": { "type": "Point", "coordinates": [ -95.3607121, 29.788258 ] } },
{ "type": "Feature", "properties": { "mean_value": null, "mean_sentiment": null, "value_gap_to_market": null }, "geometry": { "type": "Point", "coordinates": [ -95.3644111, 29.7553186 ] } },
{ "type": "Feature", "properties": { "mean_value": null, "mean_sentiment": null, "value_gap_to_market": null }, "geometry": { "type": "Point", "coordinates": [ -95.3643973, 29.7579062 ] } },
{ "type": "Feature", "properties": { "mean_value": 2.9962406015037595, "mean_sentiment": 0.19849624060150375, "value_gap_to_market": -0.64202279545239893 }, "geometry": { "type": "Point", "coordinates": [ -95.3625748, 29.7602138 ] } },
{ "type": "Feature", "properties": { "mean_value": null, "mean_sentiment": null, "value_gap_to_market": null }, "geometry": { "type": "Point", "coordinates": [ -95.3622553, 29.7546314 ] } },
{ "type": "Feature", "properties": { "mean_value": 2.0222457627118642, "mean_sentiment": -0.19618644067796609, "value_gap_to_market": -1.6160176342442942 }, "geometry": { "type": "Point", "coordinates": [ -95.360944, 29.785736 ] } },
{ "type": "Feature", "properties": { "mean_value": null, "mean_sentiment": null, "value_gap_to_market": null }, "geometry": { "type": "Point", "coordinates": [ -95.4591278, 29.8027081 ] } },
{ "type": "Feature", "properties": { "mean_value": null, "mean_sentiment": null, "value_gap_to_market": null }, "geometry": { "type": "Point", "coordinates": [ -95.4476852, 29.802742 ] } },
{ "type": "Feature", "properties": { "mean_value": null, "mean_sentiment": null, "value_gap_to_market": null }, "geometry": { "type": "Point", "coordinates": [ -95.4590562, 29.8018363 ] } },
{ "type": "Feature", "properties": { "mean_value": null, "mean_sentiment": null, "value_gap_to_market": null }, "geometry": { "type": "Point", "coordinates": [ -95.3410088, 29.7483538 ] } },
{ "type": "Feature", "properties": { "mean_value": null, "mean_sentiment": null, "value_gap_to_market": null }, "geometry": { "type": "Point", "coordinates": [ -95.3405762, 29.7485294 ] } },
{ "type": "Feature", "properties": { "mean_value": null, "mean_sentiment": null, "value_gap_to_market": null }, "geometry": { "type": "Point", "coordinates": [ -95.3379781, 29.7466182 ] } },
{ "type": "Feature", "properties": { "mean_value": null, "mean_sentiment": null, "value_gap_to_market": null }, "geometry": { "type": "Point", "coordinates": [ -95.3521694, 29.7456806 ] } },
{ "type": "Feature", "properties": { "mean_value": null, "mean_sentiment": null, "value_gap_to_market": null }, "geometry": { "type": "Point", "coordinates": [ -95.3563002, 29.7499514 ] } },
{ "type": "Feature", "properties": { "mean_value": null, "mean_sentiment": null, "value_gap_to_market": null }, "geometry": { "type": "Point", "coordinates": [ -95.3494392, 29.7514608 ] } },
{ "type": "Feature", "properties": { "mean_value": null, "mean_sentiment": null, "value_gap_to_market": null }, "geometry": { "type": "Point", "coordinates": [ -95.3580328, 29.7470299 ] } },
{ "type": "Feature", "properties": { "mean_value": 4.5837053571428568, "mean_sentiment": 0.83348214285714284, "value_gap_to_market": 0.94544196018669835 }, "geometry": { "type": "Point", "coordinates": [ -95.3851007, 29.8108726 ] } },
{ "type": "Feature", "properties": { "mean_value": null, "mean_sentiment": null, "value_gap_to_market": null }, "geometry": { "type": "Point", "coordinates": [ -95.355029, 29.7527838 ] } },
{ "type": "Feature", "properties": { "mean_value": null, "mean_sentiment": null, "value_gap_to_market": null }, "geometry": { "type": "Point", "coordinates": [ -95.3560409, 29.7497749 ] } },
{ "type": "Feature", "properties": { "mean_value": null, "mean_sentiment": null, "value_gap_to_market": null }, "geometry": { "type": "Point", "coordinates": [ -95.3560419, 29.7503271 ] } },
{ "type": "Feature", "properties": { "mean_value": null, "mean_sentiment": null, "value_gap_to_market": null }, "geometry": { "type": "Point", "coordinates": [ -95.3468251, 29.7574523 ] } },
{ "type": "Feature", "properties": { "mean_value": null, "mean_sentiment": null, "value_gap_to_market": null }, "geometry": { "type": "Point", "coordinates": [ -95.3575897, 29.7462558 ] } },
{ "type": "Feature", "properties": { "mean_value": null, "mean_sentiment": null, "value_gap_to_market": null }, "geometry": { "type": "Point", "coordinates": [ -95.357839, 29.7457714 ] } },
{ "type": "Feature", "properties": { "mean_value": null, "mean_sentiment": null, "value_gap_to_market": null }, "geometry": { "type": "Point", "coordinates": [ -95.3477719, 29.7429172 ] } },
{ "type": "Feature", "properties": { "mean_value": null, "mean_sentiment": null, "value_gap_to_market": null }, "geometry": { "type": "Point", "coordinates": [ -95.3578421, 29.7540515 ] } },
{ "type": "Feature", "properties": { "mean_value": 3.6787257019438444, "mean_sentiment": 0.47121212121212125, "value_gap_to_market": 0.040462304987685993 }, "geometry": { "type": "Point", "coordinates": [ -95.4004423, 29.8123351 ] } },
{ "type": "Feature", "properties": { "mean_value": null, "mean_sentiment": null, "value_gap_to_market": null }, "geometry": { "type": "Point", "coordinates": [ -95.3265282, 29.7474901 ] } },
{ "type": "Feature", "properties": { "mean_value": 3.810810810810811, "mean_sentiment": 0.5243243243243243, "value_gap_to_market": 0.17254741385465255 }, "geometry": { "type": "Point", "coordinates": [ -95.3996701, 29.8286091 ] } },
{ "type": "Feature", "properties": { "mean_value": 3.9193548387096775, "mean_sentiment": 0.56774193548387097, "value_gap_to_market": 0.28109144175351908 }, "geometry": { "type": "Point", "coordinates": [ -95.3824997, 29.8124559 ] } },
{ "type": "Feature", "properties": { "mean_value": null, "mean_sentiment": null, "value_gap_to_market": null }, "geometry": { "type": "Point", "coordinates": [ -95.3651944, 29.7601639 ] } },
{ "type": "Feature", "properties": { "mean_value": 4.8117977528089888, "mean_sentiment": 0.9241573033707865, "value_gap_to_market": 1.1735343558528304 }, "geometry": { "type": "Point", "coordinates": [ -95.343876, 29.7489127 ] } },
{ "type": "Feature", "properties": { "mean_value": null, "mean_sentiment": null, "value_gap_to_market": null }, "geometry": { "type": "Point", "coordinates": [ -95.3558479, 29.7500755 ] } },
{ "type": "Feature", "properties": { "mean_value": null, "mean_sentiment": null, "value_gap_to_market": null }, "geometry": { "type": "Point", "coordinates": [ -95.3505875, 29.7586416 ] } },
{ "type": "Feature", "properties": { "mean_value": null, "mean_sentiment": null, "value_gap_to_market": null }, "geometry": { "type": "Point", "coordinates": [ -95.4112861, 29.8443757 ] } },
{ "type": "Feature", "properties": { "mean_value": null, "mean_sentiment": null, "value_gap_to_market": null }, "geometry": { "type": "Point", "coordinates": [ -95.381567, 29.831002 ] } },
{ "type": "Feature", "properties": { "mean_value": null, "mean_sentiment": null, "value_gap_to_market": null }, "geometry": { "type": "Point", "coordinates": [ -95.383223, 29.8330724 ] } },
{ "type": "Feature", "properties": { "mean_value": 4.0535714285714288, "mean_sentiment": 0.63658536585365855, "value_gap_to_market": 0.41530803161527041 }, "geometry": { "type": "Point", "coordinates": [ -95.3394765, 29.7468494 ] } },
{ "type": "Feature", "properties": { "mean_value": null, "mean_sentiment": null, "value_gap_to_market": null }, "geometry": { "type": "Point", "coordinates": [ -95.3549384, 29.7572707 ] } },
{ "type": "Feature", "properties": { "mean_value": null, "mean_sentiment": null, "value_gap_to_market": null }, "geometry": { "type": "Point", "coordinates": [ -95.3552587, 29.7572867 ] } },
{ "type": "Feature", "properties": { "mean_value": null, "mean_sentiment": null, "value_gap_to_market": null }, "geometry": { "type": "Point", "coordinates": [ -95.3559269, 29.7502761 ] } },
{ "type": "Feature", "properties": { "mean_value": 3.9291044776119404, "mean_sentiment": 0.57313432835820899, "value_gap_to_market": 0.29084108065578196 }, "geometry": { "type": "Point", "coordinates": [ -95.355486, 29.74936 ] } },
{ "type": "Feature", "properties": { "mean_value": null, "mean_sentiment": null, "value_gap_to_market": null }, "geometry": { "type": "Point", "coordinates": [ -95.3728725, 29.7488362 ] } },
{ "type": "Feature", "properties": { "mean_value": null, "mean_sentiment": null, "value_gap_to_market": null }, "geometry": { "type": "Point", "coordinates": [ -95.3775203, 29.7680729 ] } },
{ "type": "Feature", "properties": { "mean_value": null, "mean_sentiment": null, "value_gap_to_market": null }, "geometry": { "type": "Point", "coordinates": [ -95.3810578, 29.7969715 ] } },
{ "type": "Feature", "properties": { "mean_value": null, "mean_sentiment": null, "value_gap_to_market": null }, "geometry": { "type": "Point", "coordinates": [ -95.3814817, 29.7986886 ] } },
{ "type": "Feature", "properties": { "mean_value": null, "mean_sentiment": null, "value_gap_to_market": null }, "geometry": { "type": "Point", "coordinates": [ -95.3721345, 29.7735491 ] } },
{ "type": "Feature", "properties": { "mean_value": null, "mean_sentiment": null, "value_gap_to_market": null }, "geometry": { "type": "Point", "coordinates": [ -95.3808238, 29.7701431 ] } },
{ "type": "Feature", "properties": { "mean_value": null, "mean_sentiment": null, "value_gap_to_market": null }, "geometry": { "type": "Point", "coordinates": [ -95.3843539, 29.8265489 ] } },
{ "type": "Feature", "properties": { "mean_value": null, "mean_sentiment": null, "value_gap_to_market": null }, "geometry": { "type": "Point", "coordinates": [ -95.399964, 29.8122835 ] } },
{ "type": "Feature", "properties": { "mean_value": null, "mean_sentiment": null, "value_gap_to_market": null }, "geometry": { "type": "Point", "coordinates": [ -95.3422966, 29.7413453 ] } },
{ "type": "Feature", "properties": { "mean_value": 1.931985294117647, "mean_sentiment": -0.23382352941176471, "value_gap_to_market": -1.7062781028385114 }, "geometry": { "type": "Point", "coordinates": [ -95.3554852, 29.751833 ] } },
{ "type": "Feature", "properties": { "mean_value": null, "mean_sentiment": null, "value_gap_to_market": null }, "geometry": { "type": "Point", "coordinates": [ -95.3703396, 29.7441444 ] } },
{ "type": "Feature", "properties": { "mean_value": null, "mean_sentiment": null, "value_gap_to_market": null }, "geometry": { "type": "Point", "coordinates": [ -95.3673551, 29.7509408 ] } },
{ "type": "Feature", "properties": { "mean_value": null, "mean_sentiment": null, "value_gap_to_market": null }, "geometry": { "type": "Point", "coordinates": [ -95.376655, 29.75206 ] } },
{ "type": "Feature", "properties": { "mean_value": null, "mean_sentiment": null, "value_gap_to_market": null }, "geometry": { "type": "Point", "coordinates": [ -95.3725167, 29.7437292 ] } },
{ "type": "Feature", "properties": { "mean_value": null, "mean_sentiment": null, "value_gap_to_market": null }, "geometry": { "type": "Point", "coordinates": [ -95.3699192, 29.7546477 ] } },
{ "type": "Feature", "properties": { "mean_value": 3.7575120192307692, "mean_sentiment": 0.49951865222623348, "value_gap_to_market": 0.11924862227461075 }, "geometry": { "type": "Point", "coordinates": [ -95.3604442, 29.7742092 ] } },
{ "type": "Feature", "properties": { "mean_value": null, "mean_sentiment": null, "value_gap_to_market": null }, "geometry": { "type": "Point", "coordinates": [ -95.381727, 29.7701387 ] } },
{ "type": "Feature", "properties": { "mean_value": null, "mean_sentiment": null, "value_gap_to_market": null }, "geometry": { "type": "Point", "coordinates": [ -95.3611748, 29.776421 ] } },
{ "type": "Feature", "properties": { "mean_value": 2.6451612903225805, "mean_sentiment": 0.054142011834319527, "value_gap_to_market": -0.9931021066335779 }, "geometry": { "type": "Point", "coordinates": [ -95.3832538, 29.8134413 ] } },
{ "type": "Feature", "properties": { "mean_value": null, "mean_sentiment": null, "value_gap_to_market": null }, "geometry": { "type": "Point", "coordinates": [ -95.3941013, 29.8287155 ] } },
{ "type": "Feature", "properties": { "mean_value": 3.5, "mean_sentiment": 0.4, "value_gap_to_market": -0.13826339695615841 }, "geometry": { "type": "Point", "coordinates": [ -95.3670106, 29.7973611 ] } },
{ "type": "Feature", "properties": { "mean_value": null, "mean_sentiment": null, "value_gap_to_market": null }, "geometry": { "type": "Point", "coordinates": [ -95.3673086, 29.7961555 ] } },
{ "type": "Feature", "properties": { "mean_value": 3.865625, "mean_sentiment": 0.5510050251256281, "value_gap_to_market": 0.22736160304384168 }, "geometry": { "type": "Point", "coordinates": [ -95.3709675, 29.8041683 ] } },
{ "type": "Feature", "properties": { "mean_value": null, "mean_sentiment": null, "value_gap_to_market": null }, "geometry": { "type": "Point", "coordinates": [ -95.3643192, 29.7540543 ] } },
{ "type": "Feature", "properties": { "mean_value": null, "mean_sentiment": null, "value_gap_to_market": null }, "geometry": { "type": "Point", "coordinates": [ -95.3731559, 29.7537066 ] } },
{ "type": "Feature", "properties": { "mean_value": null, "mean_sentiment": null, "value_gap_to_market": null }, "geometry": { "type": "Point", "coordinates": [ -95.3648084, 29.7594315 ] } },
{ "type": "Feature", "properties": { "mean_value": 3.9245454545454543, "mean_sentiment": 0.568, "value_gap_to_market": 0.28628205758929592 }, "geometry": { "type": "Point", "coordinates": [ -95.382851, 29.7742261 ] } },
{ "type": "Feature", "properties": { "mean_value": 4.4702380952380949, "mean_sentiment": 0.79242424242424248, "value_gap_to_market": 0.83197469828193649 }, "geometry": { "type": "Point", "coordinates": [ -95.3722082, 29.7736246 ] } },
{ "type": "Feature", "properties": { "mean_value": null, "mean_sentiment": null, "value_gap_to_market": null }, "geometry": { "type": "Point", "coordinates": [ -95.3813416, 29.7966109 ] } },
{ "type": "Feature", "properties": { "mean_value": null, "mean_sentiment": null, "value_gap_to_market": null }, "geometry": { "type": "Point", "coordinates": [ -95.3607111, 29.7953806 ] } },
{ "type": "Feature", "properties": { "mean_value": null, "mean_sentiment": null, "value_gap_to_market": null }, "geometry": { "type": "Point", "coordinates": [ -95.1493563, 29.5461105 ] } },
{ "type": "Feature", "properties": { "mean_value": null, "mean_sentiment": null, "value_gap_to_market": null }, "geometry": { "type": "Point", "coordinates": [ -95.1218473, 29.5560051 ] } },
{ "type": "Feature", "properties": { "mean_value": null, "mean_sentiment": null, "value_gap_to_market": null }, "geometry": { "type": "Point", "coordinates": [ -95.156531, 29.581695 ] } },
{ "type": "Feature", "properties": { "mean_value": null, "mean_sentiment": null, "value_gap_to_market": null }, "geometry": { "type": "Point", "coordinates": [ -95.3742001, 29.7506551 ] } },
{ "type": "Feature", "properties": { "mean_value": null, "mean_sentiment": null, "value_gap_to_market": null }, "geometry": { "type": "Point", "coordinates": [ -95.373573, 29.7448088 ] } },
{ "type": "Feature", "properties": { "mean_value": null, "mean_sentiment": null, "value_gap_to_market": null }, "geometry": { "type": "Point", "coordinates": [ -95.3646621, 29.759188 ] } },
{ "type": "Feature", "properties": { "mean_value": null, "mean_sentiment": null, "value_gap_to_market": null }, "geometry": { "type": "Point", "coordinates": [ -95.38114, 29.7680106 ] } },
{ "type": "Feature", "properties": { "mean_value": null, "mean_sentiment": null, "value_gap_to_market": null }, "geometry": { "type": "Point", "coordinates": [ -95.367277, 29.7984054 ] } },
{ "type": "Feature", "properties": { "mean_value": null, "mean_sentiment": null, "value_gap_to_market": null }, "geometry": { "type": "Point", "coordinates": [ -95.372854, 29.7911797 ] } },
{ "type": "Feature", "properties": { "mean_value": null, "mean_sentiment": null, "value_gap_to_market": null }, "geometry": { "type": "Point", "coordinates": [ -95.3809899, 29.7748166 ] } },
{ "type": "Feature", "properties": { "mean_value": null, "mean_sentiment": null, "value_gap_to_market": null }, "geometry": { "type": "Point", "coordinates": [ -95.3678549, 29.802909 ] } },
{ "type": "Feature", "properties": { "mean_value": null, "mean_sentiment": null, "value_gap_to_market": null }, "geometry": { "type": "Point", "coordinates": [ -95.1410956, 29.5775808 ] } },
{ "type": "Feature", "properties": { "mean_value": 3.8797468354430378, "mean_sentiment": 0.55126582278481018, "value_gap_to_market": 0.24148343848687936 }, "geometry": { "type": "Point", "coordinates": [ -95.1565461, 29.5775227 ] } },
{ "type": "Feature", "properties": { "mean_value": 4.338709677419355, "mean_sentiment": 0.7338709677419355, "value_gap_to_market": 0.70044628046319657 }, "geometry": { "type": "Point", "coordinates": [ -95.1463426, 29.5587865 ] } },
{ "type": "Feature", "properties": { "mean_value": null, "mean_sentiment": null, "value_gap_to_market": null }, "geometry": { "type": "Point", "coordinates": [ -95.3613814, 29.7939434 ] } },
{ "type": "Feature", "properties": { "mean_value": 4.4313725490196081, "mean_sentiment": 0.77647058823529413, "value_gap_to_market": 0.79310915206344967 }, "geometry": { "type": "Point", "coordinates": [ -95.3322154, 29.772801 ] } },
{ "type": "Feature", "properties": { "mean_value": 4.6551724137931032, "mean_sentiment": 0.86206896551724144, "value_gap_to_market": 1.0169090168369448 }, "geometry": { "type": "Point", "coordinates": [ -95.3828307, 29.8036666 ] } },
{ "type": "Feature", "properties": { "mean_value": 3.5073221757322175, "mean_sentiment": 0.4, "value_gap_to_market": -0.13094122122394092 }, "geometry": { "type": "Point", "coordinates": [ -95.382626, 29.7754767 ] } },
{ "type": "Feature", "properties": { "mean_value": 3.9091981132075473, "mean_sentiment": 0.56273584905660379, "value_gap_to_market": 0.27093471625138887 }, "geometry": { "type": "Point", "coordinates": [ -95.3827226, 29.7749545 ] } },
{ "type": "Feature", "properties": { "mean_value": null, "mean_sentiment": null, "value_gap_to_market": null }, "geometry": { "type": "Point", "coordinates": [ -95.1213918, 29.5571972 ] } },
{ "type": "Feature", "properties": { "mean_value": null, "mean_sentiment": null, "value_gap_to_market": null }, "geometry": { "type": "Point", "coordinates": [ -95.1093951, 29.5748918 ] } },
{ "type": "Feature", "properties": { "mean_value": 3.5515625, "mean_sentiment": 0.406875, "value_gap_to_market": -0.086700896956158235 }, "geometry": { "type": "Point", "coordinates": [ -95.1095715, 29.5745764 ] } },
{ "type": "Feature", "properties": { "mean_value": null, "mean_sentiment": null, "value_gap_to_market": null }, "geometry": { "type": "Point", "coordinates": [ -95.1271679, 29.6040372 ] } },
{ "type": "Feature", "properties": { "mean_value": 3.6960784313725492, "mean_sentiment": 0.47450980392156866, "value_gap_to_market": 0.057815034416390798 }, "geometry": { "type": "Point", "coordinates": [ -95.1452705, 29.5592273 ] } },
{ "type": "Feature", "properties": { "mean_value": null, "mean_sentiment": null, "value_gap_to_market": null }, "geometry": { "type": "Point", "coordinates": [ -95.1225133, 29.5774195 ] } },
{ "type": "Feature", "properties": { "mean_value": null, "mean_sentiment": null, "value_gap_to_market": null }, "geometry": { "type": "Point", "coordinates": [ -95.3819256, 29.7757328 ] } },
{ "type": "Feature", "properties": { "mean_value": null, "mean_sentiment": null, "value_gap_to_market": null }, "geometry": { "type": "Point", "coordinates": [ -95.3827, 29.77578 ] } },
{ "type": "Feature", "properties": { "mean_value": null, "mean_sentiment": null, "value_gap_to_market": null }, "geometry": { "type": "Point", "coordinates": [ -95.1486293, 29.5419439 ] } },
{ "type": "Feature", "properties": { "mean_value": null, "mean_sentiment": null, "value_gap_to_market": null }, "geometry": { "type": "Point", "coordinates": [ -95.1567617, 29.5525909 ] } },
{ "type": "Feature", "properties": { "mean_value": null, "mean_sentiment": null, "value_gap_to_market": null }, "geometry": { "type": "Point", "coordinates": [ -95.1492779, 29.5454886 ] } },
{ "type": "Feature", "properties": { "mean_value": null, "mean_sentiment": null, "value_gap_to_market": null }, "geometry": { "type": "Point", "coordinates": [ -95.1408246, 29.5613714 ] } },
{ "type": "Feature", "properties": { "mean_value": 4.1944444444444446, "mean_sentiment": 0.67777777777777781, "value_gap_to_market": 0.55618104748828623 }, "geometry": { "type": "Point", "coordinates": [ -95.1491268, 29.5699733 ] } },
{ "type": "Feature", "properties": { "mean_value": 3.41875, "mean_sentiment": 0.37, "value_gap_to_market": -0.21951339695615824 }, "geometry": { "type": "Point", "coordinates": [ -95.3618255, 29.7843847 ] } },
{ "type": "Feature", "properties": { "mean_value": null, "mean_sentiment": null, "value_gap_to_market": null }, "geometry": { "type": "Point", "coordinates": [ -95.146282, 29.567214 ] } },
{ "type": "Feature", "properties": { "mean_value": null, "mean_sentiment": null, "value_gap_to_market": null }, "geometry": { "type": "Point", "coordinates": [ -95.1486293, 29.5419439 ] } },
{ "type": "Feature", "properties": { "mean_value": null, "mean_sentiment": null, "value_gap_to_market": null }, "geometry": { "type": "Point", "coordinates": [ -95.1079594, 29.5729424 ] } },
{ "type": "Feature", "properties": { "mean_value": null, "mean_sentiment": null, "value_gap_to_market": null }, "geometry": { "type": "Point", "coordinates": [ -95.1079848, 29.5728546 ] } },
{ "type": "Feature", "properties": { "mean_value": null, "mean_sentiment": null, "value_gap_to_market": null }, "geometry": { "type": "Point", "coordinates": [ -95.1493095, 29.5456658 ] } },
{ "type": "Feature", "properties": { "mean_value": null, "mean_sentiment": null, "value_gap_to_market": null }, "geometry": { "type": "Point", "coordinates": [ -95.14023, 29.5606131 ] } },
{ "type": "Feature", "properties": { "mean_value": null, "mean_sentiment": null, "value_gap_to_market": null }, "geometry": { "type": "Point", "coordinates": [ -95.1590743, 29.5486288 ] } },
{ "type": "Feature", "properties": { "mean_value": 3.3021008403361343, "mean_sentiment": 0.32067226890756301, "value_gap_to_market": -0.33616255662002414 }, "geometry": { "type": "Point", "coordinates": [ -95.1497391, 29.5443238 ] } },
{ "type": "Feature", "properties": { "mean_value": null, "mean_sentiment": null, "value_gap_to_market": null }, "geometry": { "type": "Point", "coordinates": [ -95.1094543, 29.5747795 ] } },
{ "type": "Feature", "properties": { "mean_value": 3.709051724137931, "mean_sentiment": 0.47758620689655173, "value_gap_to_market": 0.070788327181772637 }, "geometry": { "type": "Point", "coordinates": [ -95.110625, 29.5692 ] } },
{ "type": "Feature", "properties": { "mean_value": 2.9880952380952381, "mean_sentiment": 0.19523809523809524, "value_gap_to_market": -0.65016815886092028 }, "geometry": { "type": "Point", "coordinates": [ -95.1485424, 29.5419981 ] } },
{ "type": "Feature", "properties": { "mean_value": null, "mean_sentiment": null, "value_gap_to_market": null }, "geometry": { "type": "Point", "coordinates": [ -95.1491545, 29.5452264 ] } },
{ "type": "Feature", "properties": { "mean_value": null, "mean_sentiment": null, "value_gap_to_market": null }, "geometry": { "type": "Point", "coordinates": [ -95.1568083, 29.55321 ] } },
{ "type": "Feature", "properties": { "mean_value": 2.1404532967032965, "mean_sentiment": -0.14792817679558012, "value_gap_to_market": -1.4978101002528619 }, "geometry": { "type": "Point", "coordinates": [ -95.1086396, 29.5727734 ] } },
{ "type": "Feature", "properties": { "mean_value": 4.4744897959183669, "mean_sentiment": 0.79306122448979588, "value_gap_to_market": 0.83622639896220852 }, "geometry": { "type": "Point", "coordinates": [ -95.1349609, 29.5664215 ] } },
{ "type": "Feature", "properties": { "mean_value": 2.2919847328244276, "mean_sentiment": -0.081679389312977094, "value_gap_to_market": -1.3462786641317308 }, "geometry": { "type": "Point", "coordinates": [ -95.1104803, 29.5733057 ] } },
{ "type": "Feature", "properties": { "mean_value": 3.455592105263158, "mean_sentiment": 0.3861842105263158, "value_gap_to_market": -0.18267129169300045 }, "geometry": { "type": "Point", "coordinates": [ -95.1087515, 29.5750466 ] } },
{ "type": "Feature", "properties": { "mean_value": 3.6544117647058822, "mean_sentiment": 0.4601476014760148, "value_gap_to_market": 0.016148367749723835 }, "geometry": { "type": "Point", "coordinates": [ -95.109244, 29.5737815 ] } },
{ "type": "Feature", "properties": { "mean_value": 2.6197240259740258, "mean_sentiment": 0.04609120521172639, "value_gap_to_market": -1.0185393709821327 }, "geometry": { "type": "Point", "coordinates": [ -95.1422032, 29.5603112 ] } },
{ "type": "Feature", "properties": { "mean_value": null, "mean_sentiment": null, "value_gap_to_market": null }, "geometry": { "type": "Point", "coordinates": [ -95.10704, 29.5783185 ] } },
{ "type": "Feature", "properties": { "mean_value": 4.2620614035087723, "mean_sentiment": 0.71194690265486726, "value_gap_to_market": 0.62379800655261386 }, "geometry": { "type": "Point", "coordinates": [ -95.127147, 29.6041513 ] } },
{ "type": "Feature", "properties": { "mean_value": null, "mean_sentiment": null, "value_gap_to_market": null }, "geometry": { "type": "Point", "coordinates": [ -95.1071688, 29.575485 ] } },
{ "type": "Feature", "properties": { "mean_value": null, "mean_sentiment": null, "value_gap_to_market": null }, "geometry": { "type": "Point", "coordinates": [ -95.1536566, 29.5827865 ] } },
{ "type": "Feature", "properties": { "mean_value": 4.4051339285714288, "mean_sentiment": 0.765625, "value_gap_to_market": 0.76687053161527041 }, "geometry": { "type": "Point", "coordinates": [ -95.1499981, 29.5457275 ] } },
{ "type": "Feature", "properties": { "mean_value": 2.9399038461538463, "mean_sentiment": 0.17307692307692307, "value_gap_to_market": -0.69835955080231216 }, "geometry": { "type": "Point", "coordinates": [ -95.14884, 29.541613 ] } },
{ "type": "Feature", "properties": { "mean_value": 3.1737804878048781, "mean_sentiment": 0.27530864197530863, "value_gap_to_market": -0.46448290915128032 }, "geometry": { "type": "Point", "coordinates": [ -95.1248289, 29.5571477 ] } },
{ "type": "Feature", "properties": { "mean_value": null, "mean_sentiment": null, "value_gap_to_market": null }, "geometry": { "type": "Point", "coordinates": [ -95.1418488, 29.559876 ] } },
{ "type": "Feature", "properties": { "mean_value": null, "mean_sentiment": null, "value_gap_to_market": null }, "geometry": { "type": "Point", "coordinates": [ -95.1104277, 29.5733661 ] } },
{ "type": "Feature", "properties": { "mean_value": 4.2963576158940393, "mean_sentiment": 0.71456953642384102, "value_gap_to_market": 0.65809421893788089 }, "geometry": { "type": "Point", "coordinates": [ -95.1066218, 29.5786953 ] } },
{ "type": "Feature", "properties": { "mean_value": null, "mean_sentiment": null, "value_gap_to_market": null }, "geometry": { "type": "Point", "coordinates": [ -95.1066218, 29.5786953 ] } },
{ "type": "Feature", "properties": { "mean_value": null, "mean_sentiment": null, "value_gap_to_market": null }, "geometry": { "type": "Point", "coordinates": [ -95.4163497, 29.7195555 ] } },
{ "type": "Feature", "properties": { "mean_value": null, "mean_sentiment": null, "value_gap_to_market": null }, "geometry": { "type": "Point", "coordinates": [ -95.4189861, 29.7350818 ] } },
{ "type": "Feature", "properties": { "mean_value": null, "mean_sentiment": null, "value_gap_to_market": null }, "geometry": { "type": "Point", "coordinates": [ -95.4261311, 29.7337098 ] } },
{ "type": "Feature", "properties": { "mean_value": null, "mean_sentiment": null, "value_gap_to_market": null }, "geometry": { "type": "Point", "coordinates": [ -95.4015632, 29.7096976 ] } },
{ "type": "Feature", "properties": { "mean_value": 4.481182795698925, "mean_sentiment": 0.79139784946236558, "value_gap_to_market": 0.84291939874276656 }, "geometry": { "type": "Point", "coordinates": [ -95.1471062, 29.5842907 ] } },
{ "type": "Feature", "properties": { "mean_value": null, "mean_sentiment": null, "value_gap_to_market": null }, "geometry": { "type": "Point", "coordinates": [ -95.3804262, 29.7384707 ] } },
{ "type": "Feature", "properties": { "mean_value": null, "mean_sentiment": null, "value_gap_to_market": null }, "geometry": { "type": "Point", "coordinates": [ -95.3897271, 29.7264512 ] } },
{ "type": "Feature", "properties": { "mean_value": null, "mean_sentiment": null, "value_gap_to_market": null }, "geometry": { "type": "Point", "coordinates": [ -95.3855562, 29.7583291 ] } },
{ "type": "Feature", "properties": { "mean_value": null, "mean_sentiment": null, "value_gap_to_market": null }, "geometry": { "type": "Point", "coordinates": [ -95.3870211, 29.7442929 ] } },
{ "type": "Feature", "properties": { "mean_value": null, "mean_sentiment": null, "value_gap_to_market": null }, "geometry": { "type": "Point", "coordinates": [ -95.3783016, 29.7234382 ] } },
{ "type": "Feature", "properties": { "mean_value": 1.7949735449735449, "mean_sentiment": -0.29576719576719579, "value_gap_to_market": -1.8432898519826135 }, "geometry": { "type": "Point", "coordinates": [ -95.1078741, 29.5741896 ] } },
{ "type": "Feature", "properties": { "mean_value": null, "mean_sentiment": null, "value_gap_to_market": null }, "geometry": { "type": "Point", "coordinates": [ -95.155878, 29.582225 ] } },
{ "type": "Feature", "properties": { "mean_value": null, "mean_sentiment": null, "value_gap_to_market": null }, "geometry": { "type": "Point", "coordinates": [ -95.1070037, 29.5786727 ] } },
{ "type": "Feature", "properties": { "mean_value": 3.2355072463768115, "mean_sentiment": 0.29416058394160582, "value_gap_to_market": -0.40275615057934688 }, "geometry": { "type": "Point", "coordinates": [ -95.12265, 29.5773104 ] } },
{ "type": "Feature", "properties": { "mean_value": 2.6931089743589745, "mean_sentiment": 0.072756410256410262, "value_gap_to_market": -0.94515442259718396 }, "geometry": { "type": "Point", "coordinates": [ -95.1219936, 29.5783603 ] } },
{ "type": "Feature", "properties": { "mean_value": null, "mean_sentiment": null, "value_gap_to_market": null }, "geometry": { "type": "Point", "coordinates": [ -95.3908949, 29.7367355 ] } },
{ "type": "Feature", "properties": { "mean_value": 2.5867346938775508, "mean_sentiment": 0.034693877551020408, "value_gap_to_market": -1.0515287030786076 }, "geometry": { "type": "Point", "coordinates": [ -95.1398554, 29.5917957 ] } },
{ "type": "Feature", "properties": { "mean_value": 3.308988764044944, "mean_sentiment": 0.32359550561797751, "value_gap_to_market": -0.32927463291121439 }, "geometry": { "type": "Point", "coordinates": [ -95.1228315, 29.5770013 ] } },
{ "type": "Feature", "properties": { "mean_value": 3.2156084656084656, "mean_sentiment": 0.28835978835978837, "value_gap_to_market": -0.42265493134769283 }, "geometry": { "type": "Point", "coordinates": [ -95.1570991, 29.5783566 ] } },
{ "type": "Feature", "properties": { "mean_value": null, "mean_sentiment": null, "value_gap_to_market": null }, "geometry": { "type": "Point", "coordinates": [ -95.4214347, 29.7411305 ] } },
{ "type": "Feature", "properties": { "mean_value": null, "mean_sentiment": null, "value_gap_to_market": null }, "geometry": { "type": "Point", "coordinates": [ -95.378516, 29.7227043 ] } },
{ "type": "Feature", "properties": { "mean_value": null, "mean_sentiment": null, "value_gap_to_market": null }, "geometry": { "type": "Point", "coordinates": [ -95.4260361, 29.68019 ] } },
{ "type": "Feature", "properties": { "mean_value": null, "mean_sentiment": null, "value_gap_to_market": null }, "geometry": { "type": "Point", "coordinates": [ -95.3853799, 29.7275656 ] } },
{ "type": "Feature", "properties": { "mean_value": null, "mean_sentiment": null, "value_gap_to_market": null }, "geometry": { "type": "Point", "coordinates": [ -95.4601103, 29.6720927 ] } },
{ "type": "Feature", "properties": { "mean_value": null, "mean_sentiment": null, "value_gap_to_market": null }, "geometry": { "type": "Point", "coordinates": [ -95.3809424, 29.7155532 ] } },
{ "type": "Feature", "properties": { "mean_value": null, "mean_sentiment": null, "value_gap_to_market": null }, "geometry": { "type": "Point", "coordinates": [ -95.4603478, 29.6896268 ] } },
{ "type": "Feature", "properties": { "mean_value": null, "mean_sentiment": null, "value_gap_to_market": null }, "geometry": { "type": "Point", "coordinates": [ -95.4202958, 29.7282924 ] } },
{ "type": "Feature", "properties": { "mean_value": null, "mean_sentiment": null, "value_gap_to_market": null }, "geometry": { "type": "Point", "coordinates": [ -95.460257, 29.6728555 ] } },
{ "type": "Feature", "properties": { "mean_value": null, "mean_sentiment": null, "value_gap_to_market": null }, "geometry": { "type": "Point", "coordinates": [ -95.415153, 29.718372 ] } },
{ "type": "Feature", "properties": { "mean_value": null, "mean_sentiment": null, "value_gap_to_market": null }, "geometry": { "type": "Point", "coordinates": [ -95.4581791, 29.757758 ] } },
{ "type": "Feature", "properties": { "mean_value": null, "mean_sentiment": null, "value_gap_to_market": null }, "geometry": { "type": "Point", "coordinates": [ -95.376289, 29.728938 ] } },
{ "type": "Feature", "properties": { "mean_value": null, "mean_sentiment": null, "value_gap_to_market": null }, "geometry": { "type": "Point", "coordinates": [ -95.4581802, 29.7357282 ] } },
{ "type": "Feature", "properties": { "mean_value": null, "mean_sentiment": null, "value_gap_to_market": null }, "geometry": { "type": "Point", "coordinates": [ -95.4179486, 29.715684 ] } },
{ "type": "Feature", "properties": { "mean_value": null, "mean_sentiment": null, "value_gap_to_market": null }, "geometry": { "type": "Point", "coordinates": [ -95.4493121, 29.7328755 ] } },
{ "type": "Feature", "properties": { "mean_value": null, "mean_sentiment": null, "value_gap_to_market": null }, "geometry": { "type": "Point", "coordinates": [ -95.4788889, 29.7322222 ] } },
{ "type": "Feature", "properties": { "mean_value": null, "mean_sentiment": null, "value_gap_to_market": null }, "geometry": { "type": "Point", "coordinates": [ -95.475062, 29.7385362 ] } },
{ "type": "Feature", "properties": { "mean_value": null, "mean_sentiment": null, "value_gap_to_market": null }, "geometry": { "type": "Point", "coordinates": [ -95.4771462, 29.719569 ] } },
{ "type": "Feature", "properties": { "mean_value": null, "mean_sentiment": null, "value_gap_to_market": null }, "geometry": { "type": "Point", "coordinates": [ -95.4782317, 29.7493605 ] } },
{ "type": "Feature", "properties": { "mean_value": null, "mean_sentiment": null, "value_gap_to_market": null }, "geometry": { "type": "Point", "coordinates": [ -95.4811477, 29.7003765 ] } },
{ "type": "Feature", "properties": { "mean_value": null, "mean_sentiment": null, "value_gap_to_market": null }, "geometry": { "type": "Point", "coordinates": [ -95.4520037, 29.689539 ] } },
{ "type": "Feature", "properties": { "mean_value": null, "mean_sentiment": null, "value_gap_to_market": null }, "geometry": { "type": "Point", "coordinates": [ -95.4045453, 29.7075944 ] } },
{ "type": "Feature", "properties": { "mean_value": null, "mean_sentiment": null, "value_gap_to_market": null }, "geometry": { "type": "Point", "coordinates": [ -95.432086, 29.728557 ] } },
{ "type": "Feature", "properties": { "mean_value": null, "mean_sentiment": null, "value_gap_to_market": null }, "geometry": { "type": "Point", "coordinates": [ -95.3988839, 29.6848328 ] } },
{ "type": "Feature", "properties": { "mean_value": null, "mean_sentiment": null, "value_gap_to_market": null }, "geometry": { "type": "Point", "coordinates": [ -95.3866278, 29.6985473 ] } },
{ "type": "Feature", "properties": { "mean_value": null, "mean_sentiment": null, "value_gap_to_market": null }, "geometry": { "type": "Point", "coordinates": [ -95.3704827, 29.7226889 ] } },
{ "type": "Feature", "properties": { "mean_value": null, "mean_sentiment": null, "value_gap_to_market": null }, "geometry": { "type": "Point", "coordinates": [ -95.4817366, 29.7319259 ] } },
{ "type": "Feature", "properties": { "mean_value": null, "mean_sentiment": null, "value_gap_to_market": null }, "geometry": { "type": "Point", "coordinates": [ -95.3797894, 29.7427238 ] } },
{ "type": "Feature", "properties": { "mean_value": null, "mean_sentiment": null, "value_gap_to_market": null }, "geometry": { "type": "Point", "coordinates": [ -95.3775639, 29.7452432 ] } },
{ "type": "Feature", "properties": { "mean_value": null, "mean_sentiment": null, "value_gap_to_market": null }, "geometry": { "type": "Point", "coordinates": [ -95.3726154, 29.7426757 ] } },
{ "type": "Feature", "properties": { "mean_value": null, "mean_sentiment": null, "value_gap_to_market": null }, "geometry": { "type": "Point", "coordinates": [ -95.370483, 29.722689 ] } },
{ "type": "Feature", "properties": { "mean_value": 4.446, "mean_sentiment": 0.7816, "value_gap_to_market": 0.80773660304384132 }, "geometry": { "type": "Point", "coordinates": [ -95.4301352, 29.7288567 ] } },
{ "type": "Feature", "properties": { "mean_value": null, "mean_sentiment": null, "value_gap_to_market": null }, "geometry": { "type": "Point", "coordinates": [ -95.4807527, 29.7305668 ] } },
{ "type": "Feature", "properties": { "mean_value": null, "mean_sentiment": null, "value_gap_to_market": null }, "geometry": { "type": "Point", "coordinates": [ -95.4152679, 29.7157189 ] } },
{ "type": "Feature", "properties": { "mean_value": null, "mean_sentiment": null, "value_gap_to_market": null }, "geometry": { "type": "Point", "coordinates": [ -95.4116573, 29.6934877 ] } },
{ "type": "Feature", "properties": { "mean_value": null, "mean_sentiment": null, "value_gap_to_market": null }, "geometry": { "type": "Point", "coordinates": [ -95.4283002, 29.7268119 ] } },
{ "type": "Feature", "properties": { "mean_value": null, "mean_sentiment": null, "value_gap_to_market": null }, "geometry": { "type": "Point", "coordinates": [ -95.4169518, 29.7064357 ] } },
{ "type": "Feature", "properties": { "mean_value": null, "mean_sentiment": null, "value_gap_to_market": null }, "geometry": { "type": "Point", "coordinates": [ -95.4405397, 29.686652 ] } },
{ "type": "Feature", "properties": { "mean_value": null, "mean_sentiment": null, "value_gap_to_market": null }, "geometry": { "type": "Point", "coordinates": [ -95.4120527, 29.6934071 ] } },
{ "type": "Feature", "properties": { "mean_value": null, "mean_sentiment": null, "value_gap_to_market": null }, "geometry": { "type": "Point", "coordinates": [ -95.440194, 29.6738673 ] } },
{ "type": "Feature", "properties": { "mean_value": null, "mean_sentiment": null, "value_gap_to_market": null }, "geometry": { "type": "Point", "coordinates": [ -95.3877378, 29.7237925 ] } },
{ "type": "Feature", "properties": { "mean_value": null, "mean_sentiment": null, "value_gap_to_market": null }, "geometry": { "type": "Point", "coordinates": [ -95.4620136, 29.6895829 ] } },
{ "type": "Feature", "properties": { "mean_value": null, "mean_sentiment": null, "value_gap_to_market": null }, "geometry": { "type": "Point", "coordinates": [ -95.4192857, 29.7058565 ] } },
{ "type": "Feature", "properties": { "mean_value": null, "mean_sentiment": null, "value_gap_to_market": null }, "geometry": { "type": "Point", "coordinates": [ -95.5042493, 29.7134357 ] } },
{ "type": "Feature", "properties": { "mean_value": null, "mean_sentiment": null, "value_gap_to_market": null }, "geometry": { "type": "Point", "coordinates": [ -95.5014399, 29.7206578 ] } },
{ "type": "Feature", "properties": { "mean_value": null, "mean_sentiment": null, "value_gap_to_market": null }, "geometry": { "type": "Point", "coordinates": [ -95.3765135, 29.7005406 ] } },
{ "type": "Feature", "properties": { "mean_value": null, "mean_sentiment": null, "value_gap_to_market": null }, "geometry": { "type": "Point", "coordinates": [ -95.3798879, 29.7384474 ] } },
{ "type": "Feature", "properties": { "mean_value": null, "mean_sentiment": null, "value_gap_to_market": null }, "geometry": { "type": "Point", "coordinates": [ -95.3776612, 29.7438588 ] } },
{ "type": "Feature", "properties": { "mean_value": null, "mean_sentiment": null, "value_gap_to_market": null }, "geometry": { "type": "Point", "coordinates": [ -95.3696909, 29.7230442 ] } },
{ "type": "Feature", "properties": { "mean_value": null, "mean_sentiment": null, "value_gap_to_market": null }, "geometry": { "type": "Point", "coordinates": [ -95.4842779, 29.7071504 ] } },
{ "type": "Feature", "properties": { "mean_value": null, "mean_sentiment": null, "value_gap_to_market": null }, "geometry": { "type": "Point", "coordinates": [ -95.4266963, 29.7057256 ] } },
{ "type": "Feature", "properties": { "mean_value": null, "mean_sentiment": null, "value_gap_to_market": null }, "geometry": { "type": "Point", "coordinates": [ -95.4249297, 29.6797383 ] } },
{ "type": "Feature", "properties": { "mean_value": null, "mean_sentiment": null, "value_gap_to_market": null }, "geometry": { "type": "Point", "coordinates": [ -95.4131409, 29.6888774 ] } },
{ "type": "Feature", "properties": { "mean_value": null, "mean_sentiment": null, "value_gap_to_market": null }, "geometry": { "type": "Point", "coordinates": [ -95.4236569, 29.7297283 ] } },
{ "type": "Feature", "properties": { "mean_value": null, "mean_sentiment": null, "value_gap_to_market": null }, "geometry": { "type": "Point", "coordinates": [ -95.38758, 29.698322 ] } },
{ "type": "Feature", "properties": { "mean_value": null, "mean_sentiment": null, "value_gap_to_market": null }, "geometry": { "type": "Point", "coordinates": [ -95.4189647, 29.7282337 ] } },
{ "type": "Feature", "properties": { "mean_value": null, "mean_sentiment": null, "value_gap_to_market": null }, "geometry": { "type": "Point", "coordinates": [ -95.4198724, 29.7296971 ] } },
{ "type": "Feature", "properties": { "mean_value": null, "mean_sentiment": null, "value_gap_to_market": null }, "geometry": { "type": "Point", "coordinates": [ -95.4146036, 29.7155837 ] } },
{ "type": "Feature", "properties": { "mean_value": null, "mean_sentiment": null, "value_gap_to_market": null }, "geometry": { "type": "Point", "coordinates": [ -95.4610788, 29.6895316 ] } },
{ "type": "Feature", "properties": { "mean_value": null, "mean_sentiment": null, "value_gap_to_market": null }, "geometry": { "type": "Point", "coordinates": [ -95.4588196, 29.6737411 ] } },
{ "type": "Feature", "properties": { "mean_value": null, "mean_sentiment": null, "value_gap_to_market": null }, "geometry": { "type": "Point", "coordinates": [ -95.4948572, 29.7144275 ] } },
{ "type": "Feature", "properties": { "mean_value": null, "mean_sentiment": null, "value_gap_to_market": null }, "geometry": { "type": "Point", "coordinates": [ -95.3810503, 29.7353824 ] } },
{ "type": "Feature", "properties": { "mean_value": null, "mean_sentiment": null, "value_gap_to_market": null }, "geometry": { "type": "Point", "coordinates": [ -95.3767413, 29.7278661 ] } },
{ "type": "Feature", "properties": { "mean_value": null, "mean_sentiment": null, "value_gap_to_market": null }, "geometry": { "type": "Point", "coordinates": [ -95.3796225, 29.74294 ] } },
{ "type": "Feature", "properties": { "mean_value": null, "mean_sentiment": null, "value_gap_to_market": null }, "geometry": { "type": "Point", "coordinates": [ -95.482957, 29.7059813 ] } },
{ "type": "Feature", "properties": { "mean_value": null, "mean_sentiment": null, "value_gap_to_market": null }, "geometry": { "type": "Point", "coordinates": [ -95.5016124, 29.7217833 ] } },
{ "type": "Feature", "properties": { "mean_value": null, "mean_sentiment": null, "value_gap_to_market": null }, "geometry": { "type": "Point", "coordinates": [ -95.4912879, 29.7386443 ] } },
{ "type": "Feature", "properties": { "mean_value": null, "mean_sentiment": null, "value_gap_to_market": null }, "geometry": { "type": "Point", "coordinates": [ -95.5192066, 29.7369275 ] } },
{ "type": "Feature", "properties": { "mean_value": null, "mean_sentiment": null, "value_gap_to_market": null }, "geometry": { "type": "Point", "coordinates": [ -95.5016837, 29.7213147 ] } },
{ "type": "Feature", "properties": { "mean_value": null, "mean_sentiment": null, "value_gap_to_market": null }, "geometry": { "type": "Point", "coordinates": [ -95.3764725, 29.7306115 ] } },
{ "type": "Feature", "properties": { "mean_value": null, "mean_sentiment": null, "value_gap_to_market": null }, "geometry": { "type": "Point", "coordinates": [ -95.3859091, 29.7237759 ] } },
{ "type": "Feature", "properties": { "mean_value": null, "mean_sentiment": null, "value_gap_to_market": null }, "geometry": { "type": "Point", "coordinates": [ -95.4017876, 29.7097819 ] } },
{ "type": "Feature", "properties": { "mean_value": null, "mean_sentiment": null, "value_gap_to_market": null }, "geometry": { "type": "Point", "coordinates": [ -95.4123317, 29.6919492 ] } },
{ "type": "Feature", "properties": { "mean_value": null, "mean_sentiment": null, "value_gap_to_market": null }, "geometry": { "type": "Point", "coordinates": [ -95.457228, 29.689475 ] } },
{ "type": "Feature", "properties": { "mean_value": null, "mean_sentiment": null, "value_gap_to_market": null }, "geometry": { "type": "Point", "coordinates": [ -95.4019133, 29.7098038 ] } },
{ "type": "Feature", "properties": { "mean_value": null, "mean_sentiment": null, "value_gap_to_market": null }, "geometry": { "type": "Point", "coordinates": [ -95.4152685, 29.7164024 ] } },
{ "type": "Feature", "properties": { "mean_value": null, "mean_sentiment": null, "value_gap_to_market": null }, "geometry": { "type": "Point", "coordinates": [ -95.3912192, 29.6881503 ] } },
{ "type": "Feature", "properties": { "mean_value": null, "mean_sentiment": null, "value_gap_to_market": null }, "geometry": { "type": "Point", "coordinates": [ -95.385687, 29.7015418 ] } },
{ "type": "Feature", "properties": { "mean_value": null, "mean_sentiment": null, "value_gap_to_market": null }, "geometry": { "type": "Point", "coordinates": [ -95.3899373, 29.6914037 ] } },
{ "type": "Feature", "properties": { "mean_value": null, "mean_sentiment": null, "value_gap_to_market": null }, "geometry": { "type": "Point", "coordinates": [ -95.41291, 29.689133 ] } },
{ "type": "Feature", "properties": { "mean_value": null, "mean_sentiment": null, "value_gap_to_market": null }, "geometry": { "type": "Point", "coordinates": [ -95.4160673, 29.6960384 ] } },
{ "type": "Feature", "properties": { "mean_value": null, "mean_sentiment": null, "value_gap_to_market": null }, "geometry": { "type": "Point", "coordinates": [ -95.4122796, 29.705921 ] } },
{ "type": "Feature", "properties": { "mean_value": null, "mean_sentiment": null, "value_gap_to_market": null }, "geometry": { "type": "Point", "coordinates": [ -95.4820821, 29.7334158 ] } },
{ "type": "Feature", "properties": { "mean_value": null, "mean_sentiment": null, "value_gap_to_market": null }, "geometry": { "type": "Point", "coordinates": [ -95.3775862, 29.7451251 ] } },
{ "type": "Feature", "properties": { "mean_value": null, "mean_sentiment": null, "value_gap_to_market": null }, "geometry": { "type": "Point", "coordinates": [ -95.3764422, 29.7304022 ] } },
{ "type": "Feature", "properties": { "mean_value": null, "mean_sentiment": null, "value_gap_to_market": null }, "geometry": { "type": "Point", "coordinates": [ -95.3283122, 29.7436447 ] } },
{ "type": "Feature", "properties": { "mean_value": null, "mean_sentiment": null, "value_gap_to_market": null }, "geometry": { "type": "Point", "coordinates": [ -95.374485, 29.7436534 ] } },
{ "type": "Feature", "properties": { "mean_value": null, "mean_sentiment": null, "value_gap_to_market": null }, "geometry": { "type": "Point", "coordinates": [ -95.3815021, 29.7138738 ] } },
{ "type": "Feature", "properties": { "mean_value": null, "mean_sentiment": null, "value_gap_to_market": null }, "geometry": { "type": "Point", "coordinates": [ -95.3788093, 29.73972 ] } },
{ "type": "Feature", "properties": { "mean_value": null, "mean_sentiment": null, "value_gap_to_market": null }, "geometry": { "type": "Point", "coordinates": [ -95.3772215, 29.7435758 ] } },
{ "type": "Feature", "properties": { "mean_value": null, "mean_sentiment": null, "value_gap_to_market": null }, "geometry": { "type": "Point", "coordinates": [ -95.5010024, 29.7162382 ] } },
{ "type": "Feature", "properties": { "mean_value": null, "mean_sentiment": null, "value_gap_to_market": null }, "geometry": { "type": "Point", "coordinates": [ -95.4902954, 29.7042865 ] } },
{ "type": "Feature", "properties": { "mean_value": null, "mean_sentiment": null, "value_gap_to_market": null }, "geometry": { "type": "Point", "coordinates": [ -95.4173672, 29.7177532 ] } },
{ "type": "Feature", "properties": { "mean_value": null, "mean_sentiment": null, "value_gap_to_market": null }, "geometry": { "type": "Point", "coordinates": [ -95.4153112, 29.7162349 ] } },
{ "type": "Feature", "properties": { "mean_value": null, "mean_sentiment": null, "value_gap_to_market": null }, "geometry": { "type": "Point", "coordinates": [ -95.4208222, 29.6792297 ] } },
{ "type": "Feature", "properties": { "mean_value": null, "mean_sentiment": null, "value_gap_to_market": null }, "geometry": { "type": "Point", "coordinates": [ -95.4770222, 29.7195618 ] } },
{ "type": "Feature", "properties": { "mean_value": null, "mean_sentiment": null, "value_gap_to_market": null }, "geometry": { "type": "Point", "coordinates": [ -95.397482, 29.7093797 ] } },
{ "type": "Feature", "properties": { "mean_value": null, "mean_sentiment": null, "value_gap_to_market": null }, "geometry": { "type": "Point", "coordinates": [ -95.45917, 29.675257 ] } },
{ "type": "Feature", "properties": { "mean_value": null, "mean_sentiment": null, "value_gap_to_market": null }, "geometry": { "type": "Point", "coordinates": [ -95.4624624, 29.6896025 ] } },
{ "type": "Feature", "properties": { "mean_value": null, "mean_sentiment": null, "value_gap_to_market": null }, "geometry": { "type": "Point", "coordinates": [ -95.4275494, 29.6767448 ] } },
{ "type": "Feature", "properties": { "mean_value": null, "mean_sentiment": null, "value_gap_to_market": null }, "geometry": { "type": "Point", "coordinates": [ -95.4629808, 29.6690924 ] } },
{ "type": "Feature", "properties": { "mean_value": null, "mean_sentiment": null, "value_gap_to_market": null }, "geometry": { "type": "Point", "coordinates": [ -95.4367957, 29.7284112 ] } },
{ "type": "Feature", "properties": { "mean_value": null, "mean_sentiment": null, "value_gap_to_market": null }, "geometry": { "type": "Point", "coordinates": [ -95.4578983, 29.6867066 ] } },
{ "type": "Feature", "properties": { "mean_value": null, "mean_sentiment": null, "value_gap_to_market": null }, "geometry": { "type": "Point", "coordinates": [ -95.429008, 29.7289 ] } },
{ "type": "Feature", "properties": { "mean_value": null, "mean_sentiment": null, "value_gap_to_market": null }, "geometry": { "type": "Point", "coordinates": [ -95.5006579, 29.7205028 ] } },
{ "type": "Feature", "properties": { "mean_value": null, "mean_sentiment": null, "value_gap_to_market": null }, "geometry": { "type": "Point", "coordinates": [ -95.3762061, 29.7212426 ] } },
{ "type": "Feature", "properties": { "mean_value": null, "mean_sentiment": null, "value_gap_to_market": null }, "geometry": { "type": "Point", "coordinates": [ -95.3704827, 29.7226889 ] } },
{ "type": "Feature", "properties": { "mean_value": null, "mean_sentiment": null, "value_gap_to_market": null }, "geometry": { "type": "Point", "coordinates": [ -95.3679917, 29.7303626 ] } },
{ "type": "Feature", "properties": { "mean_value": null, "mean_sentiment": null, "value_gap_to_market": null }, "geometry": { "type": "Point", "coordinates": [ -95.4630809, 29.6895526 ] } },
{ "type": "Feature", "properties": { "mean_value": null, "mean_sentiment": null, "value_gap_to_market": null }, "geometry": { "type": "Point", "coordinates": [ -95.4175305, 29.7156496 ] } },
{ "type": "Feature", "properties": { "mean_value": null, "mean_sentiment": null, "value_gap_to_market": null }, "geometry": { "type": "Point", "coordinates": [ -95.3978562, 29.709662 ] } },
{ "type": "Feature", "properties": { "mean_value": null, "mean_sentiment": null, "value_gap_to_market": null }, "geometry": { "type": "Point", "coordinates": [ -95.4811938, 29.705091 ] } },
{ "type": "Feature", "properties": { "mean_value": null, "mean_sentiment": null, "value_gap_to_market": null }, "geometry": { "type": "Point", "coordinates": [ -95.4769152, 29.7168805 ] } },
{ "type": "Feature", "properties": { "mean_value": null, "mean_sentiment": null, "value_gap_to_market": null }, "geometry": { "type": "Point", "coordinates": [ -95.4116476, 29.7058354 ] } },
{ "type": "Feature", "properties": { "mean_value": null, "mean_sentiment": null, "value_gap_to_market": null }, "geometry": { "type": "Point", "coordinates": [ -95.4169106, 29.7299114 ] } },
{ "type": "Feature", "properties": { "mean_value": null, "mean_sentiment": null, "value_gap_to_market": null }, "geometry": { "type": "Point", "coordinates": [ -95.4686944, 29.7239861 ] } },
{ "type": "Feature", "properties": { "mean_value": null, "mean_sentiment": null, "value_gap_to_market": null }, "geometry": { "type": "Point", "coordinates": [ -95.4627867, 29.6709703 ] } },
{ "type": "Feature", "properties": { "mean_value": null, "mean_sentiment": null, "value_gap_to_market": null }, "geometry": { "type": "Point", "coordinates": [ -95.4677407, 29.7224291 ] } },
{ "type": "Feature", "properties": { "mean_value": null, "mean_sentiment": null, "value_gap_to_market": null }, "geometry": { "type": "Point", "coordinates": [ -95.4254037, 29.6814235 ] } },
{ "type": "Feature", "properties": { "mean_value": null, "mean_sentiment": null, "value_gap_to_market": null }, "geometry": { "type": "Point", "coordinates": [ -95.4269538, 29.676815 ] } },
{ "type": "Feature", "properties": { "mean_value": null, "mean_sentiment": null, "value_gap_to_market": null }, "geometry": { "type": "Point", "coordinates": [ -95.3768829, 29.7391487 ] } },
{ "type": "Feature", "properties": { "mean_value": null, "mean_sentiment": null, "value_gap_to_market": null }, "geometry": { "type": "Point", "coordinates": [ -95.3610847, 29.7209941 ] } },
{ "type": "Feature", "properties": { "mean_value": null, "mean_sentiment": null, "value_gap_to_market": null }, "geometry": { "type": "Point", "coordinates": [ -95.381985, 29.733287 ] } },
{ "type": "Feature", "properties": { "mean_value": null, "mean_sentiment": null, "value_gap_to_market": null }, "geometry": { "type": "Point", "coordinates": [ -95.3645736, 29.702304 ] } },
{ "type": "Feature", "properties": { "mean_value": null, "mean_sentiment": null, "value_gap_to_market": null }, "geometry": { "type": "Point", "coordinates": [ -95.3601807, 29.7000055 ] } },
{ "type": "Feature", "properties": { "mean_value": null, "mean_sentiment": null, "value_gap_to_market": null }, "geometry": { "type": "Point", "coordinates": [ -95.41712, 29.6918397 ] } },
{ "type": "Feature", "properties": { "mean_value": null, "mean_sentiment": null, "value_gap_to_market": null }, "geometry": { "type": "Point", "coordinates": [ -95.3971227, 29.707053 ] } },
{ "type": "Feature", "properties": { "mean_value": null, "mean_sentiment": null, "value_gap_to_market": null }, "geometry": { "type": "Point", "coordinates": [ -95.4269079, 29.7046964 ] } },
{ "type": "Feature", "properties": { "mean_value": null, "mean_sentiment": null, "value_gap_to_market": null }, "geometry": { "type": "Point", "coordinates": [ -95.4768535, 29.7102959 ] } },
{ "type": "Feature", "properties": { "mean_value": null, "mean_sentiment": null, "value_gap_to_market": null }, "geometry": { "type": "Point", "coordinates": [ -95.4768066, 29.7243964 ] } },
{ "type": "Feature", "properties": { "mean_value": 2.6521164021164019, "mean_sentiment": 0.054787234042553187, "value_gap_to_market": -0.98614699483975654 }, "geometry": { "type": "Point", "coordinates": [ -95.4395038, 29.6832316 ] } },
{ "type": "Feature", "properties": { "mean_value": null, "mean_sentiment": null, "value_gap_to_market": null }, "geometry": { "type": "Point", "coordinates": [ -95.4844974, 29.7287106 ] } },
{ "type": "Feature", "properties": { "mean_value": null, "mean_sentiment": null, "value_gap_to_market": null }, "geometry": { "type": "Point", "coordinates": [ -95.499658, 29.751495 ] } },
{ "type": "Feature", "properties": { "mean_value": null, "mean_sentiment": null, "value_gap_to_market": null }, "geometry": { "type": "Point", "coordinates": [ -95.4922962, 29.7380801 ] } },
{ "type": "Feature", "properties": { "mean_value": null, "mean_sentiment": null, "value_gap_to_market": null }, "geometry": { "type": "Point", "coordinates": [ -95.4654882, 29.7395837 ] } },
{ "type": "Feature", "properties": { "mean_value": null, "mean_sentiment": null, "value_gap_to_market": null }, "geometry": { "type": "Point", "coordinates": [ -95.3805744, 29.7439133 ] } },
{ "type": "Feature", "properties": { "mean_value": null, "mean_sentiment": null, "value_gap_to_market": null }, "geometry": { "type": "Point", "coordinates": [ -95.4598806, 29.6887197 ] } },
{ "type": "Feature", "properties": { "mean_value": null, "mean_sentiment": null, "value_gap_to_market": null }, "geometry": { "type": "Point", "coordinates": [ -95.4606038, 29.6855676 ] } },
{ "type": "Feature", "properties": { "mean_value": null, "mean_sentiment": null, "value_gap_to_market": null }, "geometry": { "type": "Point", "coordinates": [ -95.4754491, 29.7033859 ] } },
{ "type": "Feature", "properties": { "mean_value": null, "mean_sentiment": null, "value_gap_to_market": null }, "geometry": { "type": "Point", "coordinates": [ -95.476839, 29.7059357 ] } },
{ "type": "Feature", "properties": { "mean_value": null, "mean_sentiment": null, "value_gap_to_market": null }, "geometry": { "type": "Point", "coordinates": [ -95.4763061, 29.7367848 ] } },
{ "type": "Feature", "properties": { "mean_value": null, "mean_sentiment": null, "value_gap_to_market": null }, "geometry": { "type": "Point", "coordinates": [ -95.4994474, 29.7545618 ] } },
{ "type": "Feature", "properties": { "mean_value": null, "mean_sentiment": null, "value_gap_to_market": null }, "geometry": { "type": "Point", "coordinates": [ -95.5021226, 29.7380367 ] } },
{ "type": "Feature", "properties": { "mean_value": null, "mean_sentiment": null, "value_gap_to_market": null }, "geometry": { "type": "Point", "coordinates": [ -95.4573022, 29.7518828 ] } },
{ "type": "Feature", "properties": { "mean_value": null, "mean_sentiment": null, "value_gap_to_market": null }, "geometry": { "type": "Point", "coordinates": [ -95.4597441, 29.7482777 ] } },
{ "type": "Feature", "properties": { "mean_value": null, "mean_sentiment": null, "value_gap_to_market": null }, "geometry": { "type": "Point", "coordinates": [ -95.4605864, 29.7470175 ] } },
{ "type": "Feature", "properties": { "mean_value": null, "mean_sentiment": null, "value_gap_to_market": null }, "geometry": { "type": "Point", "coordinates": [ -95.340994, 29.7567246 ] } },
{ "type": "Feature", "properties": { "mean_value": null, "mean_sentiment": null, "value_gap_to_market": null }, "geometry": { "type": "Point", "coordinates": [ -95.362112, 29.760042 ] } },
{ "type": "Feature", "properties": { "mean_value": null, "mean_sentiment": null, "value_gap_to_market": null }, "geometry": { "type": "Point", "coordinates": [ -95.4618448, 29.7418666 ] } },
{ "type": "Feature", "properties": { "mean_value": null, "mean_sentiment": null, "value_gap_to_market": null }, "geometry": { "type": "Point", "coordinates": [ -95.4864455, 29.7474606 ] } },
{ "type": "Feature", "properties": { "mean_value": null, "mean_sentiment": null, "value_gap_to_market": null }, "geometry": { "type": "Point", "coordinates": [ -95.3625108, 29.75797 ] } },
{ "type": "Feature", "properties": { "mean_value": null, "mean_sentiment": null, "value_gap_to_market": null }, "geometry": { "type": "Point", "coordinates": [ -95.3626411, 29.7560465 ] } },
{ "type": "Feature", "properties": { "mean_value": null, "mean_sentiment": null, "value_gap_to_market": null }, "geometry": { "type": "Point", "coordinates": [ -95.4979774, 29.7372178 ] } },
{ "type": "Feature", "properties": { "mean_value": null, "mean_sentiment": null, "value_gap_to_market": null }, "geometry": { "type": "Point", "coordinates": [ -95.5075958, 29.7363601 ] } },
{ "type": "Feature", "properties": { "mean_value": null, "mean_sentiment": null, "value_gap_to_market": null }, "geometry": { "type": "Point", "coordinates": [ -95.3620762, 29.7632265 ] } },
{ "type": "Feature", "properties": { "mean_value": null, "mean_sentiment": null, "value_gap_to_market": null }, "geometry": { "type": "Point", "coordinates": [ -95.3779692, 29.752953 ] } },
{ "type": "Feature", "properties": { "mean_value": null, "mean_sentiment": null, "value_gap_to_market": null }, "geometry": { "type": "Point", "coordinates": [ -95.3606355, 29.7620188 ] } },
{ "type": "Feature", "properties": { "mean_value": null, "mean_sentiment": null, "value_gap_to_market": null }, "geometry": { "type": "Point", "coordinates": [ -95.3621194, 29.7618985 ] } },
{ "type": "Feature", "properties": { "mean_value": null, "mean_sentiment": null, "value_gap_to_market": null }, "geometry": { "type": "Point", "coordinates": [ -95.5096043, 29.7176413 ] } },
{ "type": "Feature", "properties": { "mean_value": null, "mean_sentiment": null, "value_gap_to_market": null }, "geometry": { "type": "Point", "coordinates": [ -95.5146267, 29.7288417 ] } },
{ "type": "Feature", "properties": { "mean_value": null, "mean_sentiment": null, "value_gap_to_market": null }, "geometry": { "type": "Point", "coordinates": [ -95.5074277, 29.7371252 ] } },
{ "type": "Feature", "properties": { "mean_value": null, "mean_sentiment": null, "value_gap_to_market": null }, "geometry": { "type": "Point", "coordinates": [ -95.5250198, 29.7364269 ] } },
{ "type": "Feature", "properties": { "mean_value": null, "mean_sentiment": null, "value_gap_to_market": null }, "geometry": { "type": "Point", "coordinates": [ -95.5261961, 29.7379246 ] } },
{ "type": "Feature", "properties": { "mean_value": null, "mean_sentiment": null, "value_gap_to_market": null }, "geometry": { "type": "Point", "coordinates": [ -95.5187217, 29.7380151 ] } },
{ "type": "Feature", "properties": { "mean_value": null, "mean_sentiment": null, "value_gap_to_market": null }, "geometry": { "type": "Point", "coordinates": [ -95.4801, 29.7636003 ] } },
{ "type": "Feature", "properties": { "mean_value": null, "mean_sentiment": null, "value_gap_to_market": null }, "geometry": { "type": "Point", "coordinates": [ -95.5131812, 29.7380959 ] } },
{ "type": "Feature", "properties": { "mean_value": null, "mean_sentiment": null, "value_gap_to_market": null }, "geometry": { "type": "Point", "coordinates": [ -95.4605696, 29.8058957 ] } },
{ "type": "Feature", "properties": { "mean_value": null, "mean_sentiment": null, "value_gap_to_market": null }, "geometry": { "type": "Point", "coordinates": [ -95.2580478, 30.0348112 ] } },
{ "type": "Feature", "properties": { "mean_value": null, "mean_sentiment": null, "value_gap_to_market": null }, "geometry": { "type": "Point", "coordinates": [ -95.4397211, 29.6771646 ] } },
{ "type": "Feature", "properties": { "mean_value": null, "mean_sentiment": null, "value_gap_to_market": null }, "geometry": { "type": "Point", "coordinates": [ -95.4629825, 29.6686027 ] } },
{ "type": "Feature", "properties": { "mean_value": null, "mean_sentiment": null, "value_gap_to_market": null }, "geometry": { "type": "Point", "coordinates": [ -95.4444957, 29.6729018 ] } },
{ "type": "Feature", "properties": { "mean_value": null, "mean_sentiment": null, "value_gap_to_market": null }, "geometry": { "type": "Point", "coordinates": [ -95.4331377, 29.6717368 ] } },
{ "type": "Feature", "properties": { "mean_value": null, "mean_sentiment": null, "value_gap_to_market": null }, "geometry": { "type": "Point", "coordinates": [ -95.4197483, 29.6791813 ] } },
{ "type": "Feature", "properties": { "mean_value": null, "mean_sentiment": null, "value_gap_to_market": null }, "geometry": { "type": "Point", "coordinates": [ -95.4155753, 29.6767729 ] } },
{ "type": "Feature", "properties": { "mean_value": null, "mean_sentiment": null, "value_gap_to_market": null }, "geometry": { "type": "Point", "coordinates": [ -95.4255142, 29.6811771 ] } },
{ "type": "Feature", "properties": { "mean_value": null, "mean_sentiment": null, "value_gap_to_market": null }, "geometry": { "type": "Point", "coordinates": [ -95.4176779, 29.67857 ] } },
{ "type": "Feature", "properties": { "mean_value": null, "mean_sentiment": null, "value_gap_to_market": null }, "geometry": { "type": "Point", "coordinates": [ -95.4166609, 29.6767794 ] } },
{ "type": "Feature", "properties": { "mean_value": null, "mean_sentiment": null, "value_gap_to_market": null }, "geometry": { "type": "Point", "coordinates": [ -95.4126287, 29.673926 ] } },
{ "type": "Feature", "properties": { "mean_value": null, "mean_sentiment": null, "value_gap_to_market": null }, "geometry": { "type": "Point", "coordinates": [ -95.4285473, 29.6786146 ] } },
{ "type": "Feature", "properties": { "mean_value": null, "mean_sentiment": null, "value_gap_to_market": null }, "geometry": { "type": "Point", "coordinates": [ -95.4211665, 29.6785248 ] } },
{ "type": "Feature", "properties": { "mean_value": null, "mean_sentiment": null, "value_gap_to_market": null }, "geometry": { "type": "Point", "coordinates": [ -95.4286292, 29.6785661 ] } },
{ "type": "Feature", "properties": { "mean_value": 3.5575539568345325, "mean_sentiment": 0.41942446043165471, "value_gap_to_market": -0.080709440121625953 }, "geometry": { "type": "Point", "coordinates": [ -95.440298, 29.673067 ] } },
{ "type": "Feature", "properties": { "mean_value": null, "mean_sentiment": null, "value_gap_to_market": null }, "geometry": { "type": "Point", "coordinates": [ -95.4329153, 29.672151 ] } },
{ "type": "Feature", "properties": { "mean_value": null, "mean_sentiment": null, "value_gap_to_market": null }, "geometry": { "type": "Point", "coordinates": [ -95.460504, 29.671987 ] } },
{ "type": "Feature", "properties": { "mean_value": null, "mean_sentiment": null, "value_gap_to_market": null }, "geometry": { "type": "Point", "coordinates": [ -95.4638026, 29.6678533 ] } },
{ "type": "Feature", "properties": { "mean_value": null, "mean_sentiment": null, "value_gap_to_market": null }, "geometry": { "type": "Point", "coordinates": [ -95.4286425, 29.678389 ] } },
{ "type": "Feature", "properties": { "mean_value": null, "mean_sentiment": null, "value_gap_to_market": null }, "geometry": { "type": "Point", "coordinates": [ -95.459281, 29.674571 ] } },
{ "type": "Feature", "properties": { "mean_value": null, "mean_sentiment": null, "value_gap_to_market": null }, "geometry": { "type": "Point", "coordinates": [ -95.4587545, 29.6727931 ] } },
{ "type": "Feature", "properties": { "mean_value": null, "mean_sentiment": null, "value_gap_to_market": null }, "geometry": { "type": "Point", "coordinates": [ -95.4614337, 29.6699692 ] } },
{ "type": "Feature", "properties": { "mean_value": null, "mean_sentiment": null, "value_gap_to_market": null }, "geometry": { "type": "Point", "coordinates": [ -95.4625323, 29.670275 ] } },
{ "type": "Feature", "properties": { "mean_value": null, "mean_sentiment": null, "value_gap_to_market": null }, "geometry": { "type": "Point", "coordinates": [ -95.4273493, 29.6756565 ] } },
{ "type": "Feature", "properties": { "mean_value": null, "mean_sentiment": null, "value_gap_to_market": null }, "geometry": { "type": "Point", "coordinates": [ -95.4290888, 29.6785221 ] } },
{ "type": "Feature", "properties": { "mean_value": null, "mean_sentiment": null, "value_gap_to_market": null }, "geometry": { "type": "Point", "coordinates": [ -95.429099, 29.678569 ] } },
{ "type": "Feature", "properties": { "mean_value": null, "mean_sentiment": null, "value_gap_to_market": null }, "geometry": { "type": "Point", "coordinates": [ -95.4259801, 29.6783939 ] } },
{ "type": "Feature", "properties": { "mean_value": null, "mean_sentiment": null, "value_gap_to_market": null }, "geometry": { "type": "Point", "coordinates": [ -95.4266597, 29.676781 ] } },
{ "type": "Feature", "properties": { "mean_value": null, "mean_sentiment": null, "value_gap_to_market": null }, "geometry": { "type": "Point", "coordinates": [ -95.4391083, 29.6771762 ] } },
{ "type": "Feature", "properties": { "mean_value": null, "mean_sentiment": null, "value_gap_to_market": null }, "geometry": { "type": "Point", "coordinates": [ -95.4176779, 29.67857 ] } },
{ "type": "Feature", "properties": { "mean_value": null, "mean_sentiment": null, "value_gap_to_market": null }, "geometry": { "type": "Point", "coordinates": [ -95.426375, 29.678575 ] } },
{ "type": "Feature", "properties": { "mean_value": null, "mean_sentiment": null, "value_gap_to_market": null }, "geometry": { "type": "Point", "coordinates": [ -95.3912353, 29.6880766 ] } },
{ "type": "Feature", "properties": { "mean_value": null, "mean_sentiment": null, "value_gap_to_market": null }, "geometry": { "type": "Point", "coordinates": [ -95.4316733, 29.8013078 ] } },
{ "type": "Feature", "properties": { "mean_value": null, "mean_sentiment": null, "value_gap_to_market": null }, "geometry": { "type": "Point", "coordinates": [ -95.4241854, 29.8022702 ] } },
{ "type": "Feature", "properties": { "mean_value": null, "mean_sentiment": null, "value_gap_to_market": null }, "geometry": { "type": "Point", "coordinates": [ -95.450932, 29.8322016 ] } },
{ "type": "Feature", "properties": { "mean_value": null, "mean_sentiment": null, "value_gap_to_market": null }, "geometry": { "type": "Point", "coordinates": [ -95.4185118, 29.7797082 ] } },
{ "type": "Feature", "properties": { "mean_value": null, "mean_sentiment": null, "value_gap_to_market": null }, "geometry": { "type": "Point", "coordinates": [ -95.4999448, 29.7460263 ] } },
{ "type": "Feature", "properties": { "mean_value": null, "mean_sentiment": null, "value_gap_to_market": null }, "geometry": { "type": "Point", "coordinates": [ -95.4263596, 29.8406982 ] } },
{ "type": "Feature", "properties": { "mean_value": null, "mean_sentiment": null, "value_gap_to_market": null }, "geometry": { "type": "Point", "coordinates": [ -95.4152526, 29.7383594 ] } },
{ "type": "Feature", "properties": { "mean_value": null, "mean_sentiment": null, "value_gap_to_market": null }, "geometry": { "type": "Point", "coordinates": [ -95.419626, 29.733588 ] } },
{ "type": "Feature", "properties": { "mean_value": null, "mean_sentiment": null, "value_gap_to_market": null }, "geometry": { "type": "Point", "coordinates": [ -95.3719109, 29.7262697 ] } },
{ "type": "Feature", "properties": { "mean_value": null, "mean_sentiment": null, "value_gap_to_market": null }, "geometry": { "type": "Point", "coordinates": [ -95.3704827, 29.7226889 ] } },
{ "type": "Feature", "properties": { "mean_value": null, "mean_sentiment": null, "value_gap_to_market": null }, "geometry": { "type": "Point", "coordinates": [ -95.3712799, 29.7268747 ] } },
{ "type": "Feature", "properties": { "mean_value": null, "mean_sentiment": null, "value_gap_to_market": null }, "geometry": { "type": "Point", "coordinates": [ -95.3704827, 29.7226889 ] } },
{ "type": "Feature", "properties": { "mean_value": null, "mean_sentiment": null, "value_gap_to_market": null }, "geometry": { "type": "Point", "coordinates": [ -95.3762359, 29.7291374 ] } },
{ "type": "Feature", "properties": { "mean_value": null, "mean_sentiment": null, "value_gap_to_market": null }, "geometry": { "type": "Point", "coordinates": [ -95.376282, 29.728933 ] } },
{ "type": "Feature", "properties": { "mean_value": null, "mean_sentiment": null, "value_gap_to_market": null }, "geometry": { "type": "Point", "coordinates": [ -95.3796585, 29.7213723 ] } },
{ "type": "Feature", "properties": { "mean_value": null, "mean_sentiment": null, "value_gap_to_market": null }, "geometry": { "type": "Point", "coordinates": [ -95.3566867, 29.7028174 ] } },
{ "type": "Feature", "properties": { "mean_value": null, "mean_sentiment": null, "value_gap_to_market": null }, "geometry": { "type": "Point", "coordinates": [ -95.3704827, 29.7226889 ] } },
{ "type": "Feature", "properties": { "mean_value": null, "mean_sentiment": null, "value_gap_to_market": null }, "geometry": { "type": "Point", "coordinates": [ -95.3710389, 29.7266634 ] } },
{ "type": "Feature", "properties": { "mean_value": null, "mean_sentiment": null, "value_gap_to_market": null }, "geometry": { "type": "Point", "coordinates": [ -95.3697607, 29.7022713 ] } },
{ "type": "Feature", "properties": { "mean_value": null, "mean_sentiment": null, "value_gap_to_market": null }, "geometry": { "type": "Point", "coordinates": [ -95.3780957, 29.7238216 ] } },
{ "type": "Feature", "properties": { "mean_value": null, "mean_sentiment": null, "value_gap_to_market": null }, "geometry": { "type": "Point", "coordinates": [ -95.359747, 29.7500487 ] } },
{ "type": "Feature", "properties": { "mean_value": null, "mean_sentiment": null, "value_gap_to_market": null }, "geometry": { "type": "Point", "coordinates": [ -95.3850641, 29.7238227 ] } },
{ "type": "Feature", "properties": { "mean_value": null, "mean_sentiment": null, "value_gap_to_market": null }, "geometry": { "type": "Point", "coordinates": [ -95.3825292, 29.7217472 ] } },
{ "type": "Feature", "properties": { "mean_value": null, "mean_sentiment": null, "value_gap_to_market": null }, "geometry": { "type": "Point", "coordinates": [ -95.3857673, 29.6995054 ] } },
{ "type": "Feature", "properties": { "mean_value": null, "mean_sentiment": null, "value_gap_to_market": null }, "geometry": { "type": "Point", "coordinates": [ -95.3577153, 29.7085657 ] } },
{ "type": "Feature", "properties": { "mean_value": null, "mean_sentiment": null, "value_gap_to_market": null }, "geometry": { "type": "Point", "coordinates": [ -95.3594444, 29.7033333 ] } },
{ "type": "Feature", "properties": { "mean_value": null, "mean_sentiment": null, "value_gap_to_market": null }, "geometry": { "type": "Point", "coordinates": [ -95.3650973, 29.7012352 ] } },
{ "type": "Feature", "properties": { "mean_value": null, "mean_sentiment": null, "value_gap_to_market": null }, "geometry": { "type": "Point", "coordinates": [ -95.3864203, 29.6985236 ] } },
{ "type": "Feature", "properties": { "mean_value": null, "mean_sentiment": null, "value_gap_to_market": null }, "geometry": { "type": "Point", "coordinates": [ -95.3821294, 29.7215106 ] } },
{ "type": "Feature", "properties": { "mean_value": null, "mean_sentiment": null, "value_gap_to_market": null }, "geometry": { "type": "Point", "coordinates": [ -95.3878203, 29.723971 ] } },
{ "type": "Feature", "properties": { "mean_value": null, "mean_sentiment": null, "value_gap_to_market": null }, "geometry": { "type": "Point", "coordinates": [ -95.3704827, 29.7226889 ] } },
{ "type": "Feature", "properties": { "mean_value": null, "mean_sentiment": null, "value_gap_to_market": null }, "geometry": { "type": "Point", "coordinates": [ -95.3704827, 29.7226889 ] } },
{ "type": "Feature", "properties": { "mean_value": null, "mean_sentiment": null, "value_gap_to_market": null }, "geometry": { "type": "Point", "coordinates": [ -95.371515, 29.7266283 ] } },
{ "type": "Feature", "properties": { "mean_value": null, "mean_sentiment": null, "value_gap_to_market": null }, "geometry": { "type": "Point", "coordinates": [ -95.3821404, 29.7216769 ] } },
{ "type": "Feature", "properties": { "mean_value": null, "mean_sentiment": null, "value_gap_to_market": null }, "geometry": { "type": "Point", "coordinates": [ -95.3704827, 29.7226889 ] } },
{ "type": "Feature", "properties": { "mean_value": null, "mean_sentiment": null, "value_gap_to_market": null }, "geometry": { "type": "Point", "coordinates": [ -95.3391776, 29.7446993 ] } },
{ "type": "Feature", "properties": { "mean_value": null, "mean_sentiment": null, "value_gap_to_market": null }, "geometry": { "type": "Point", "coordinates": [ -95.3571424, 29.7497276 ] } },
{ "type": "Feature", "properties": { "mean_value": null, "mean_sentiment": null, "value_gap_to_market": null }, "geometry": { "type": "Point", "coordinates": [ -95.370361, 29.723953 ] } },
{ "type": "Feature", "properties": { "mean_value": null, "mean_sentiment": null, "value_gap_to_market": null }, "geometry": { "type": "Point", "coordinates": [ -95.3805983, 29.6997726 ] } },
{ "type": "Feature", "properties": { "mean_value": null, "mean_sentiment": null, "value_gap_to_market": null }, "geometry": { "type": "Point", "coordinates": [ -95.3704827, 29.7226889 ] } },
{ "type": "Feature", "properties": { "mean_value": null, "mean_sentiment": null, "value_gap_to_market": null }, "geometry": { "type": "Point", "coordinates": [ -95.3702999, 29.7240539 ] } },
{ "type": "Feature", "properties": { "mean_value": null, "mean_sentiment": null, "value_gap_to_market": null }, "geometry": { "type": "Point", "coordinates": [ -95.3704827, 29.7226889 ] } },
{ "type": "Feature", "properties": { "mean_value": null, "mean_sentiment": null, "value_gap_to_market": null }, "geometry": { "type": "Point", "coordinates": [ -95.3606951, 29.7402635 ] } },
{ "type": "Feature", "properties": { "mean_value": 3.7444444444444445, "mean_sentiment": 0.48888888888888887, "value_gap_to_market": 0.10618104748828605 }, "geometry": { "type": "Point", "coordinates": [ -95.3493481, 29.7315666 ] } },
{ "type": "Feature", "properties": { "mean_value": null, "mean_sentiment": null, "value_gap_to_market": null }, "geometry": { "type": "Point", "coordinates": [ -95.3679856, 29.7017474 ] } },
{ "type": "Feature", "properties": { "mean_value": null, "mean_sentiment": null, "value_gap_to_market": null }, "geometry": { "type": "Point", "coordinates": [ -95.3580093, 29.7048561 ] } },
{ "type": "Feature", "properties": { "mean_value": null, "mean_sentiment": null, "value_gap_to_market": null }, "geometry": { "type": "Point", "coordinates": [ -95.3600172, 29.7000121 ] } },
{ "type": "Feature", "properties": { "mean_value": null, "mean_sentiment": null, "value_gap_to_market": null }, "geometry": { "type": "Point", "coordinates": [ -95.3696673, 29.7012397 ] } },
{ "type": "Feature", "properties": { "mean_value": null, "mean_sentiment": null, "value_gap_to_market": null }, "geometry": { "type": "Point", "coordinates": [ -95.3645752, 29.7016102 ] } },
{ "type": "Feature", "properties": { "mean_value": null, "mean_sentiment": null, "value_gap_to_market": null }, "geometry": { "type": "Point", "coordinates": [ -95.3718932, 29.7051494 ] } },
{ "type": "Feature", "properties": { "mean_value": null, "mean_sentiment": null, "value_gap_to_market": null }, "geometry": { "type": "Point", "coordinates": [ -95.3598518, 29.7018498 ] } },
{ "type": "Feature", "properties": { "mean_value": null, "mean_sentiment": null, "value_gap_to_market": null }, "geometry": { "type": "Point", "coordinates": [ -95.370319, 29.701925 ] } },
{ "type": "Feature", "properties": { "mean_value": null, "mean_sentiment": null, "value_gap_to_market": null }, "geometry": { "type": "Point", "coordinates": [ -95.3627912, 29.7016368 ] } },
{ "type": "Feature", "properties": { "mean_value": null, "mean_sentiment": null, "value_gap_to_market": null }, "geometry": { "type": "Point", "coordinates": [ -95.3766339, 29.729542 ] } },
{ "type": "Feature", "properties": { "mean_value": null, "mean_sentiment": null, "value_gap_to_market": null }, "geometry": { "type": "Point", "coordinates": [ -95.3704827, 29.7226889 ] } },
{ "type": "Feature", "properties": { "mean_value": null, "mean_sentiment": null, "value_gap_to_market": null }, "geometry": { "type": "Point", "coordinates": [ -95.376289, 29.728938 ] } },
{ "type": "Feature", "properties": { "mean_value": null, "mean_sentiment": null, "value_gap_to_market": null }, "geometry": { "type": "Point", "coordinates": [ -95.3704827, 29.7226889 ] } },
{ "type": "Feature", "properties": { "mean_value": null, "mean_sentiment": null, "value_gap_to_market": null }, "geometry": { "type": "Point", "coordinates": [ -95.3785262, 29.7226885 ] } },
{ "type": "Feature", "properties": { "mean_value": null, "mean_sentiment": null, "value_gap_to_market": null }, "geometry": { "type": "Point", "coordinates": [ -95.350841, 29.7246329 ] } },
{ "type": "Feature", "properties": { "mean_value": null, "mean_sentiment": null, "value_gap_to_market": null }, "geometry": { "type": "Point", "coordinates": [ -95.351979, 29.7224546 ] } },
{ "type": "Feature", "properties": { "mean_value": null, "mean_sentiment": null, "value_gap_to_market": null }, "geometry": { "type": "Point", "coordinates": [ -95.3704827, 29.7226889 ] } },
{ "type": "Feature", "properties": { "mean_value": null, "mean_sentiment": null, "value_gap_to_market": null }, "geometry": { "type": "Point", "coordinates": [ -95.3748793, 29.7175237 ] } },
{ "type": "Feature", "properties": { "mean_value": null, "mean_sentiment": null, "value_gap_to_market": null }, "geometry": { "type": "Point", "coordinates": [ -95.3704827, 29.7226889 ] } },
{ "type": "Feature", "properties": { "mean_value": null, "mean_sentiment": null, "value_gap_to_market": null }, "geometry": { "type": "Point", "coordinates": [ -95.3764506, 29.7287565 ] } },
{ "type": "Feature", "properties": { "mean_value": null, "mean_sentiment": null, "value_gap_to_market": null }, "geometry": { "type": "Point", "coordinates": [ -95.3575419, 29.7029415 ] } },
{ "type": "Feature", "properties": { "mean_value": null, "mean_sentiment": null, "value_gap_to_market": null }, "geometry": { "type": "Point", "coordinates": [ -95.3646801, 29.7016162 ] } },
{ "type": "Feature", "properties": { "mean_value": null, "mean_sentiment": null, "value_gap_to_market": null }, "geometry": { "type": "Point", "coordinates": [ -95.3598502, 29.7018578 ] } },
{ "type": "Feature", "properties": { "mean_value": null, "mean_sentiment": null, "value_gap_to_market": null }, "geometry": { "type": "Point", "coordinates": [ -95.3733134, 29.7020479 ] } },
{ "type": "Feature", "properties": { "mean_value": 2.7814597315436242, "mean_sentiment": 0.10656565656565657, "value_gap_to_market": -0.85680366541253417 }, "geometry": { "type": "Point", "coordinates": [ -95.3604912, 29.7018647 ] } },
{ "type": "Feature", "properties": { "mean_value": null, "mean_sentiment": null, "value_gap_to_market": null }, "geometry": { "type": "Point", "coordinates": [ -95.3709324, 29.702233 ] } },
{ "type": "Feature", "properties": { "mean_value": null, "mean_sentiment": null, "value_gap_to_market": null }, "geometry": { "type": "Point", "coordinates": [ -95.3623677, 29.7016543 ] } },
{ "type": "Feature", "properties": { "mean_value": null, "mean_sentiment": null, "value_gap_to_market": null }, "geometry": { "type": "Point", "coordinates": [ -95.3564627, 29.7029051 ] } },
{ "type": "Feature", "properties": { "mean_value": null, "mean_sentiment": null, "value_gap_to_market": null }, "geometry": { "type": "Point", "coordinates": [ -95.3585194, 29.741852 ] } },
{ "type": "Feature", "properties": { "mean_value": null, "mean_sentiment": null, "value_gap_to_market": null }, "geometry": { "type": "Point", "coordinates": [ -95.3662997, 29.7326312 ] } },
{ "type": "Feature", "properties": { "mean_value": null, "mean_sentiment": null, "value_gap_to_market": null }, "geometry": { "type": "Point", "coordinates": [ -95.3557728, 29.7255361 ] } },
{ "type": "Feature", "properties": { "mean_value": null, "mean_sentiment": null, "value_gap_to_market": null }, "geometry": { "type": "Point", "coordinates": [ -95.385687, 29.7015418 ] } },
{ "type": "Feature", "properties": { "mean_value": null, "mean_sentiment": null, "value_gap_to_market": null }, "geometry": { "type": "Point", "coordinates": [ -95.3543511, 29.7166661 ] } },
{ "type": "Feature", "properties": { "mean_value": null, "mean_sentiment": null, "value_gap_to_market": null }, "geometry": { "type": "Point", "coordinates": [ -95.3704827, 29.7226889 ] } },
{ "type": "Feature", "properties": { "mean_value": null, "mean_sentiment": null, "value_gap_to_market": null }, "geometry": { "type": "Point", "coordinates": [ -95.3704827, 29.7226889 ] } },
{ "type": "Feature", "properties": { "mean_value": null, "mean_sentiment": null, "value_gap_to_market": null }, "geometry": { "type": "Point", "coordinates": [ -95.3704827, 29.7226889 ] } },
{ "type": "Feature", "properties": { "mean_value": null, "mean_sentiment": null, "value_gap_to_market": null }, "geometry": { "type": "Point", "coordinates": [ -95.3450765, 29.727996 ] } },
{ "type": "Feature", "properties": { "mean_value": null, "mean_sentiment": null, "value_gap_to_market": null }, "geometry": { "type": "Point", "coordinates": [ -95.3704827, 29.7226889 ] } },
{ "type": "Feature", "properties": { "mean_value": null, "mean_sentiment": null, "value_gap_to_market": null }, "geometry": { "type": "Point", "coordinates": [ -95.3436638, 29.7216825 ] } },
{ "type": "Feature", "properties": { "mean_value": null, "mean_sentiment": null, "value_gap_to_market": null }, "geometry": { "type": "Point", "coordinates": [ -95.3704827, 29.7226889 ] } },
{ "type": "Feature", "properties": { "mean_value": null, "mean_sentiment": null, "value_gap_to_market": null }, "geometry": { "type": "Point", "coordinates": [ -95.3639975, 29.7024298 ] } },
{ "type": "Feature", "properties": { "mean_value": null, "mean_sentiment": null, "value_gap_to_market": null }, "geometry": { "type": "Point", "coordinates": [ -95.3638574, 29.7024729 ] } },
{ "type": "Feature", "properties": { "mean_value": null, "mean_sentiment": null, "value_gap_to_market": null }, "geometry": { "type": "Point", "coordinates": [ -95.3628174, 29.702358 ] } },
{ "type": "Feature", "properties": { "mean_value": null, "mean_sentiment": null, "value_gap_to_market": null }, "geometry": { "type": "Point", "coordinates": [ -95.3616827, 29.7015477 ] } },
{ "type": "Feature", "properties": { "mean_value": null, "mean_sentiment": null, "value_gap_to_market": null }, "geometry": { "type": "Point", "coordinates": [ -95.3511257, 29.7352105 ] } },
{ "type": "Feature", "properties": { "mean_value": 3.8396946564885495, "mean_sentiment": 0.53740458015267178, "value_gap_to_market": 0.20143125953239105 }, "geometry": { "type": "Point", "coordinates": [ -95.355779, 29.7483148 ] } },
{ "type": "Feature", "properties": { "mean_value": null, "mean_sentiment": null, "value_gap_to_market": null }, "geometry": { "type": "Point", "coordinates": [ -95.3604846, 29.740549 ] } },
{ "type": "Feature", "properties": { "mean_value": null, "mean_sentiment": null, "value_gap_to_market": null }, "geometry": { "type": "Point", "coordinates": [ -95.3859904, 29.6986563 ] } },
{ "type": "Feature", "properties": { "mean_value": null, "mean_sentiment": null, "value_gap_to_market": null }, "geometry": { "type": "Point", "coordinates": [ -95.389427, 29.685881 ] } },
{ "type": "Feature", "properties": { "mean_value": null, "mean_sentiment": null, "value_gap_to_market": null }, "geometry": { "type": "Point", "coordinates": [ -95.389196, 29.69991 ] } },
{ "type": "Feature", "properties": { "mean_value": null, "mean_sentiment": null, "value_gap_to_market": null }, "geometry": { "type": "Point", "coordinates": [ -95.3704827, 29.7226889 ] } },
{ "type": "Feature", "properties": { "mean_value": null, "mean_sentiment": null, "value_gap_to_market": null }, "geometry": { "type": "Point", "coordinates": [ -95.3766528, 29.7010712 ] } },
{ "type": "Feature", "properties": { "mean_value": 0.66666666666666663, "mean_sentiment": -0.76666666666666672, "value_gap_to_market": -2.9715967302894919 }, "geometry": { "type": "Point", "coordinates": [ -95.3704827, 29.7226889 ] } },
{ "type": "Feature", "properties": { "mean_value": null, "mean_sentiment": null, "value_gap_to_market": null }, "geometry": { "type": "Point", "coordinates": [ -95.3860822, 29.6993646 ] } },
{ "type": "Feature", "properties": { "mean_value": null, "mean_sentiment": null, "value_gap_to_market": null }, "geometry": { "type": "Point", "coordinates": [ -95.37027, 29.722857 ] } },
{ "type": "Feature", "properties": { "mean_value": null, "mean_sentiment": null, "value_gap_to_market": null }, "geometry": { "type": "Point", "coordinates": [ -95.356692, 29.710923 ] } },
{ "type": "Feature", "properties": { "mean_value": null, "mean_sentiment": null, "value_gap_to_market": null }, "geometry": { "type": "Point", "coordinates": [ -95.3761512, 29.7024754 ] } },
{ "type": "Feature", "properties": { "mean_value": null, "mean_sentiment": null, "value_gap_to_market": null }, "geometry": { "type": "Point", "coordinates": [ -95.3572987, 29.7477169 ] } },
{ "type": "Feature", "properties": { "mean_value": null, "mean_sentiment": null, "value_gap_to_market": null }, "geometry": { "type": "Point", "coordinates": [ -95.348258, 29.734094 ] } },
{ "type": "Feature", "properties": { "mean_value": 2.0405844155844157, "mean_sentiment": -0.18947368421052632, "value_gap_to_market": -1.5976789813717427 }, "geometry": { "type": "Point", "coordinates": [ -95.3505911, 29.7257005 ] } },
{ "type": "Feature", "properties": { "mean_value": null, "mean_sentiment": null, "value_gap_to_market": null }, "geometry": { "type": "Point", "coordinates": [ -95.3521489, 29.7218468 ] } },
{ "type": "Feature", "properties": { "mean_value": null, "mean_sentiment": null, "value_gap_to_market": null }, "geometry": { "type": "Point", "coordinates": [ -95.3645547, 29.7439049 ] } },
{ "type": "Feature", "properties": { "mean_value": null, "mean_sentiment": null, "value_gap_to_market": null }, "geometry": { "type": "Point", "coordinates": [ -95.356692, 29.710923 ] } },
{ "type": "Feature", "properties": { "mean_value": null, "mean_sentiment": null, "value_gap_to_market": null }, "geometry": { "type": "Point", "coordinates": [ -95.3646046, 29.7016085 ] } },
{ "type": "Feature", "properties": { "mean_value": null, "mean_sentiment": null, "value_gap_to_market": null }, "geometry": { "type": "Point", "coordinates": [ -95.3764775, 29.7012964 ] } },
{ "type": "Feature", "properties": { "mean_value": null, "mean_sentiment": null, "value_gap_to_market": null }, "geometry": { "type": "Point", "coordinates": [ -95.3776875, 29.7461286 ] } },
{ "type": "Feature", "properties": { "mean_value": null, "mean_sentiment": null, "value_gap_to_market": null }, "geometry": { "type": "Point", "coordinates": [ -95.3821384, 29.7344783 ] } },
{ "type": "Feature", "properties": { "mean_value": null, "mean_sentiment": null, "value_gap_to_market": null }, "geometry": { "type": "Point", "coordinates": [ -95.3768176, 29.7518372 ] } },
{ "type": "Feature", "properties": { "mean_value": null, "mean_sentiment": null, "value_gap_to_market": null }, "geometry": { "type": "Point", "coordinates": [ -95.3726504, 29.751837 ] } },
{ "type": "Feature", "properties": { "mean_value": null, "mean_sentiment": null, "value_gap_to_market": null }, "geometry": { "type": "Point", "coordinates": [ -95.3822394, 29.7343033 ] } },
{ "type": "Feature", "properties": { "mean_value": null, "mean_sentiment": null, "value_gap_to_market": null }, "geometry": { "type": "Point", "coordinates": [ -95.3797981, 29.7402553 ] } },
{ "type": "Feature", "properties": { "mean_value": null, "mean_sentiment": null, "value_gap_to_market": null }, "geometry": { "type": "Point", "coordinates": [ -95.3643095, 29.756905 ] } },
{ "type": "Feature", "properties": { "mean_value": null, "mean_sentiment": null, "value_gap_to_market": null }, "geometry": { "type": "Point", "coordinates": [ -95.3757788, 29.7526055 ] } },
{ "type": "Feature", "properties": { "mean_value": null, "mean_sentiment": null, "value_gap_to_market": null }, "geometry": { "type": "Point", "coordinates": [ -95.3755229, 29.7506872 ] } },
{ "type": "Feature", "properties": { "mean_value": null, "mean_sentiment": null, "value_gap_to_market": null }, "geometry": { "type": "Point", "coordinates": [ -95.380825, 29.7436944 ] } },
{ "type": "Feature", "properties": { "mean_value": null, "mean_sentiment": null, "value_gap_to_market": null }, "geometry": { "type": "Point", "coordinates": [ -95.2589836, 30.0339647 ] } },
{ "type": "Feature", "properties": { "mean_value": null, "mean_sentiment": null, "value_gap_to_market": null }, "geometry": { "type": "Point", "coordinates": [ -95.3652497, 29.7575435 ] } },
{ "type": "Feature", "properties": { "mean_value": 3.9944142512077296, "mean_sentiment": 0.59547101449275364, "value_gap_to_market": 0.35615085425157123 }, "geometry": { "type": "Point", "coordinates": [ -95.3576064, 29.7533656 ] } },
{ "type": "Feature", "properties": { "mean_value": null, "mean_sentiment": null, "value_gap_to_market": null }, "geometry": { "type": "Point", "coordinates": [ -95.3676653, 29.7590364 ] } },
{ "type": "Feature", "properties": { "mean_value": null, "mean_sentiment": null, "value_gap_to_market": null }, "geometry": { "type": "Point", "coordinates": [ -95.3753559, 29.7458262 ] } },
{ "type": "Feature", "properties": { "mean_value": 4.5856401384083041, "mean_sentiment": 0.83391003460207613, "value_gap_to_market": 0.94737674145214568 }, "geometry": { "type": "Point", "coordinates": [ -95.376397, 29.7309458 ] } },
{ "type": "Feature", "properties": { "mean_value": null, "mean_sentiment": null, "value_gap_to_market": null }, "geometry": { "type": "Point", "coordinates": [ -95.374629, 29.7353948 ] } },
{ "type": "Feature", "properties": { "mean_value": null, "mean_sentiment": null, "value_gap_to_market": null }, "geometry": { "type": "Point", "coordinates": [ -95.3687247, 29.7566361 ] } },
{ "type": "Feature", "properties": { "mean_value": null, "mean_sentiment": null, "value_gap_to_market": null }, "geometry": { "type": "Point", "coordinates": [ -95.3648423, 29.7576806 ] } },
{ "type": "Feature", "properties": { "mean_value": null, "mean_sentiment": null, "value_gap_to_market": null }, "geometry": { "type": "Point", "coordinates": [ -95.2310485, 30.0490727 ] } },
{ "type": "Feature", "properties": { "mean_value": null, "mean_sentiment": null, "value_gap_to_market": null }, "geometry": { "type": "Point", "coordinates": [ -95.2346206, 30.0460632 ] } },
{ "type": "Feature", "properties": { "mean_value": null, "mean_sentiment": null, "value_gap_to_market": null }, "geometry": { "type": "Point", "coordinates": [ -95.2409981, 30.048628 ] } },
{ "type": "Feature", "properties": { "mean_value": null, "mean_sentiment": null, "value_gap_to_market": null }, "geometry": { "type": "Point", "coordinates": [ -95.3612498, 29.7520078 ] } },
{ "type": "Feature", "properties": { "mean_value": null, "mean_sentiment": null, "value_gap_to_market": null }, "geometry": { "type": "Point", "coordinates": [ -95.365364, 29.75687 ] } },
{ "type": "Feature", "properties": { "mean_value": null, "mean_sentiment": null, "value_gap_to_market": null }, "geometry": { "type": "Point", "coordinates": [ -95.3659038, 29.7567954 ] } },
{ "type": "Feature", "properties": { "mean_value": null, "mean_sentiment": null, "value_gap_to_market": null }, "geometry": { "type": "Point", "coordinates": [ -95.4066555, 29.7907117 ] } },
{ "type": "Feature", "properties": { "mean_value": null, "mean_sentiment": null, "value_gap_to_market": null }, "geometry": { "type": "Point", "coordinates": [ -95.4032725, 29.8025347 ] } },
{ "type": "Feature", "properties": { "mean_value": null, "mean_sentiment": null, "value_gap_to_market": null }, "geometry": { "type": "Point", "coordinates": [ -95.4218522, 29.8171038 ] } },
{ "type": "Feature", "properties": { "mean_value": null, "mean_sentiment": null, "value_gap_to_market": null }, "geometry": { "type": "Point", "coordinates": [ -95.4209221, 29.8040111 ] } },
{ "type": "Feature", "properties": { "mean_value": null, "mean_sentiment": null, "value_gap_to_market": null }, "geometry": { "type": "Point", "coordinates": [ -95.4098354, 29.7754196 ] } },
{ "type": "Feature", "properties": { "mean_value": null, "mean_sentiment": null, "value_gap_to_market": null }, "geometry": { "type": "Point", "coordinates": [ -95.4087623, 29.7830275 ] } },
{ "type": "Feature", "properties": { "mean_value": null, "mean_sentiment": null, "value_gap_to_market": null }, "geometry": { "type": "Point", "coordinates": [ -95.3976086, 29.7690777 ] } },
{ "type": "Feature", "properties": { "mean_value": null, "mean_sentiment": null, "value_gap_to_market": null }, "geometry": { "type": "Point", "coordinates": [ -95.3956028, 29.7817307 ] } },
{ "type": "Feature", "properties": { "mean_value": null, "mean_sentiment": null, "value_gap_to_market": null }, "geometry": { "type": "Point", "coordinates": [ -95.3699505, 29.7581012 ] } },
{ "type": "Feature", "properties": { "mean_value": null, "mean_sentiment": null, "value_gap_to_market": null }, "geometry": { "type": "Point", "coordinates": [ -95.3706991, 29.7577092 ] } },
{ "type": "Feature", "properties": { "mean_value": null, "mean_sentiment": null, "value_gap_to_market": null }, "geometry": { "type": "Point", "coordinates": [ -95.3649681, 29.7574052 ] } },
{ "type": "Feature", "properties": { "mean_value": null, "mean_sentiment": null, "value_gap_to_market": null }, "geometry": { "type": "Point", "coordinates": [ -95.3698028, 29.7604267 ] } },
{ "type": "Feature", "properties": { "mean_value": null, "mean_sentiment": null, "value_gap_to_market": null }, "geometry": { "type": "Point", "coordinates": [ -95.3708239, 29.7577528 ] } },
{ "type": "Feature", "properties": { "mean_value": null, "mean_sentiment": null, "value_gap_to_market": null }, "geometry": { "type": "Point", "coordinates": [ -95.3649231, 29.734027 ] } },
{ "type": "Feature", "properties": { "mean_value": null, "mean_sentiment": null, "value_gap_to_market": null }, "geometry": { "type": "Point", "coordinates": [ -95.3767281, 29.746489 ] } },
{ "type": "Feature", "properties": { "mean_value": null, "mean_sentiment": null, "value_gap_to_market": null }, "geometry": { "type": "Point", "coordinates": [ -95.3812567, 29.7438823 ] } },
{ "type": "Feature", "properties": { "mean_value": null, "mean_sentiment": null, "value_gap_to_market": null }, "geometry": { "type": "Point", "coordinates": [ -95.2506974, 30.0418362 ] } },
{ "type": "Feature", "properties": { "mean_value": null, "mean_sentiment": null, "value_gap_to_market": null }, "geometry": { "type": "Point", "coordinates": [ -95.2485624, 30.0591812 ] } },
{ "type": "Feature", "properties": { "mean_value": null, "mean_sentiment": null, "value_gap_to_market": null }, "geometry": { "type": "Point", "coordinates": [ -95.246022, 30.0296517 ] } },
{ "type": "Feature", "properties": { "mean_value": 3.7644508670520231, "mean_sentiment": 0.50639534883720927, "value_gap_to_market": 0.12618747009586473 }, "geometry": { "type": "Point", "coordinates": [ -95.233715, 30.0502726 ] } },
{ "type": "Feature", "properties": { "mean_value": 2.3235294117647061, "mean_sentiment": -0.076470588235294124, "value_gap_to_market": -1.3147339851914523 }, "geometry": { "type": "Point", "coordinates": [ -95.2490613, 30.0594426 ] } },
{ "type": "Feature", "properties": { "mean_value": null, "mean_sentiment": null, "value_gap_to_market": null }, "geometry": { "type": "Point", "coordinates": [ -95.4342839, 29.8012031 ] } },
{ "type": "Feature", "properties": { "mean_value": null, "mean_sentiment": null, "value_gap_to_market": null }, "geometry": { "type": "Point", "coordinates": [ -95.4079988, 29.7702546 ] } },
{ "type": "Feature", "properties": { "mean_value": null, "mean_sentiment": null, "value_gap_to_market": null }, "geometry": { "type": "Point", "coordinates": [ -95.3747676, 29.7349902 ] } },
{ "type": "Feature", "properties": { "mean_value": null, "mean_sentiment": null, "value_gap_to_market": null }, "geometry": { "type": "Point", "coordinates": [ -95.3762862, 29.7463154 ] } },
{ "type": "Feature", "properties": { "mean_value": null, "mean_sentiment": null, "value_gap_to_market": null }, "geometry": { "type": "Point", "coordinates": [ -95.3704827, 29.7226889 ] } },
{ "type": "Feature", "properties": { "mean_value": null, "mean_sentiment": null, "value_gap_to_market": null }, "geometry": { "type": "Point", "coordinates": [ -95.3820383, 29.7449867 ] } },
{ "type": "Feature", "properties": { "mean_value": null, "mean_sentiment": null, "value_gap_to_market": null }, "geometry": { "type": "Point", "coordinates": [ -95.3916922, 29.790536 ] } },
{ "type": "Feature", "properties": { "mean_value": null, "mean_sentiment": null, "value_gap_to_market": null }, "geometry": { "type": "Point", "coordinates": [ -95.3994964, 29.8021163 ] } },
{ "type": "Feature", "properties": { "mean_value": null, "mean_sentiment": null, "value_gap_to_market": null }, "geometry": { "type": "Point", "coordinates": [ -95.4277807, 29.775005 ] } },
{ "type": "Feature", "properties": { "mean_value": null, "mean_sentiment": null, "value_gap_to_market": null }, "geometry": { "type": "Point", "coordinates": [ -95.3901778, 29.781788 ] } },
{ "type": "Feature", "properties": { "mean_value": 4.1078869047619051, "mean_sentiment": 0.63958333333333339, "value_gap_to_market": 0.46962350780574669 }, "geometry": { "type": "Point", "coordinates": [ -95.4080304, 29.7827242 ] } },
{ "type": "Feature", "properties": { "mean_value": null, "mean_sentiment": null, "value_gap_to_market": null }, "geometry": { "type": "Point", "coordinates": [ -95.3975954, 29.7706171 ] } },
{ "type": "Feature", "properties": { "mean_value": null, "mean_sentiment": null, "value_gap_to_market": null }, "geometry": { "type": "Point", "coordinates": [ -95.409474, 29.803057 ] } },
{ "type": "Feature", "properties": { "mean_value": null, "mean_sentiment": null, "value_gap_to_market": null }, "geometry": { "type": "Point", "coordinates": [ -95.409879, 29.8040449 ] } },
{ "type": "Feature", "properties": { "mean_value": null, "mean_sentiment": null, "value_gap_to_market": null }, "geometry": { "type": "Point", "coordinates": [ -95.4107437, 29.8021092 ] } },
{ "type": "Feature", "properties": { "mean_value": 4.1963087248322148, "mean_sentiment": 0.68284753363228701, "value_gap_to_market": 0.55804532787605643 }, "geometry": { "type": "Point", "coordinates": [ -95.4012411, 29.8037443 ] } },
{ "type": "Feature", "properties": { "mean_value": null, "mean_sentiment": null, "value_gap_to_market": null }, "geometry": { "type": "Point", "coordinates": [ -95.4304612, 29.8021937 ] } },
{ "type": "Feature", "properties": { "mean_value": null, "mean_sentiment": null, "value_gap_to_market": null }, "geometry": { "type": "Point", "coordinates": [ -95.3880956, 29.7909474 ] } },
{ "type": "Feature", "properties": { "mean_value": null, "mean_sentiment": null, "value_gap_to_market": null }, "geometry": { "type": "Point", "coordinates": [ -95.409852, 29.8122602 ] } },
{ "type": "Feature", "properties": { "mean_value": null, "mean_sentiment": null, "value_gap_to_market": null }, "geometry": { "type": "Point", "coordinates": [ -95.4003041, 29.74336 ] } },
{ "type": "Feature", "properties": { "mean_value": null, "mean_sentiment": null, "value_gap_to_market": null }, "geometry": { "type": "Point", "coordinates": [ -95.3909575, 29.7439849 ] } },
{ "type": "Feature", "properties": { "mean_value": null, "mean_sentiment": null, "value_gap_to_market": null }, "geometry": { "type": "Point", "coordinates": [ -95.4082076, 29.7830929 ] } },
{ "type": "Feature", "properties": { "mean_value": 4.356046931407942, "mean_sentiment": 0.74277978339350181, "value_gap_to_market": 0.71778353445178356 }, "geometry": { "type": "Point", "coordinates": [ -95.372113, 29.7708882 ] } },
{ "type": "Feature", "properties": { "mean_value": 3.9915768194070083, "mean_sentiment": 0.60013477088948786, "value_gap_to_market": 0.35331342245084985 }, "geometry": { "type": "Point", "coordinates": [ -95.3773931, 29.767948 ] } },
{ "type": "Feature", "properties": { "mean_value": null, "mean_sentiment": null, "value_gap_to_market": null }, "geometry": { "type": "Point", "coordinates": [ -95.3862029, 29.7708683 ] } },
{ "type": "Feature", "properties": { "mean_value": null, "mean_sentiment": null, "value_gap_to_market": null }, "geometry": { "type": "Point", "coordinates": [ -95.4093299, 29.7750828 ] } },
{ "type": "Feature", "properties": { "mean_value": null, "mean_sentiment": null, "value_gap_to_market": null }, "geometry": { "type": "Point", "coordinates": [ -95.3821146, 29.8066373 ] } },
{ "type": "Feature", "properties": { "mean_value": null, "mean_sentiment": null, "value_gap_to_market": null }, "geometry": { "type": "Point", "coordinates": [ -95.4030538, 29.7903602 ] } },
{ "type": "Feature", "properties": { "mean_value": null, "mean_sentiment": null, "value_gap_to_market": null }, "geometry": { "type": "Point", "coordinates": [ -95.3980096, 29.7902576 ] } },
{ "type": "Feature", "properties": { "mean_value": null, "mean_sentiment": null, "value_gap_to_market": null }, "geometry": { "type": "Point", "coordinates": [ -95.4329497, 29.8027026 ] } },
{ "type": "Feature", "properties": { "mean_value": null, "mean_sentiment": null, "value_gap_to_market": null }, "geometry": { "type": "Point", "coordinates": [ -95.3995383, 29.8106454 ] } },
{ "type": "Feature", "properties": { "mean_value": null, "mean_sentiment": null, "value_gap_to_market": null }, "geometry": { "type": "Point", "coordinates": [ -95.4286651, 29.8165054 ] } },
{ "type": "Feature", "properties": { "mean_value": 4.3378528974739972, "mean_sentiment": 0.73504464285714288, "value_gap_to_market": 0.69958950051783875 }, "geometry": { "type": "Point", "coordinates": [ -95.4126999, 29.8045624 ] } },
{ "type": "Feature", "properties": { "mean_value": null, "mean_sentiment": null, "value_gap_to_market": null }, "geometry": { "type": "Point", "coordinates": [ -95.3818623, 29.770267 ] } },
{ "type": "Feature", "properties": { "mean_value": null, "mean_sentiment": null, "value_gap_to_market": null }, "geometry": { "type": "Point", "coordinates": [ -95.3561955, 29.7669807 ] } },
{ "type": "Feature", "properties": { "mean_value": null, "mean_sentiment": null, "value_gap_to_market": null }, "geometry": { "type": "Point", "coordinates": [ -95.377363, 29.7682334 ] } },
{ "type": "Feature", "properties": { "mean_value": null, "mean_sentiment": null, "value_gap_to_market": null }, "geometry": { "type": "Point", "coordinates": [ -95.37267, 29.7679092 ] } },
{ "type": "Feature", "properties": { "mean_value": null, "mean_sentiment": null, "value_gap_to_market": null }, "geometry": { "type": "Point", "coordinates": [ -95.3648839, 29.7662149 ] } },
{ "type": "Feature", "properties": { "mean_value": null, "mean_sentiment": null, "value_gap_to_market": null }, "geometry": { "type": "Point", "coordinates": [ -95.3765744, 29.7675427 ] } },
{ "type": "Feature", "properties": { "mean_value": null, "mean_sentiment": null, "value_gap_to_market": null }, "geometry": { "type": "Point", "coordinates": [ -95.3648839, 29.7662149 ] } },
{ "type": "Feature", "properties": { "mean_value": 4.440104166666667, "mean_sentiment": 0.77581018518518519, "value_gap_to_market": 0.80184076971050855 }, "geometry": { "type": "Point", "coordinates": [ -95.4091033, 29.7658157 ] } },
{ "type": "Feature", "properties": { "mean_value": null, "mean_sentiment": null, "value_gap_to_market": null }, "geometry": { "type": "Point", "coordinates": [ -95.4029058, 29.7570028 ] } },
{ "type": "Feature", "properties": { "mean_value": 4.2287390029325511, "mean_sentiment": 0.69120234604105568, "value_gap_to_market": 0.5904756059763927 }, "geometry": { "type": "Point", "coordinates": [ -95.4020023, 29.746827 ] } },
{ "type": "Feature", "properties": { "mean_value": null, "mean_sentiment": null, "value_gap_to_market": null }, "geometry": { "type": "Point", "coordinates": [ -95.4066689, 29.7533293 ] } },
{ "type": "Feature", "properties": { "mean_value": null, "mean_sentiment": null, "value_gap_to_market": null }, "geometry": { "type": "Point", "coordinates": [ -95.3950595, 29.7571907 ] } },
{ "type": "Feature", "properties": { "mean_value": null, "mean_sentiment": null, "value_gap_to_market": null }, "geometry": { "type": "Point", "coordinates": [ -95.4103997, 29.750436 ] } },
{ "type": "Feature", "properties": { "mean_value": null, "mean_sentiment": null, "value_gap_to_market": null }, "geometry": { "type": "Point", "coordinates": [ -95.4199139, 29.7595459 ] } },
{ "type": "Feature", "properties": { "mean_value": null, "mean_sentiment": null, "value_gap_to_market": null }, "geometry": { "type": "Point", "coordinates": [ -95.407249, 29.753421 ] } },
{ "type": "Feature", "properties": { "mean_value": null, "mean_sentiment": null, "value_gap_to_market": null }, "geometry": { "type": "Point", "coordinates": [ -95.3984092, 29.7802987 ] } },
{ "type": "Feature", "properties": { "mean_value": 4.416666666666667, "mean_sentiment": 0.7682539682539683, "value_gap_to_market": 0.77840326971050855 }, "geometry": { "type": "Point", "coordinates": [ -95.4107539, 29.768799 ] } },
{ "type": "Feature", "properties": { "mean_value": null, "mean_sentiment": null, "value_gap_to_market": null }, "geometry": { "type": "Point", "coordinates": [ -95.3890063, 29.7818796 ] } },
{ "type": "Feature", "properties": { "mean_value": 4.1636981865284977, "mean_sentiment": 0.66660181582360567, "value_gap_to_market": 0.52543478957233924 }, "geometry": { "type": "Point", "coordinates": [ -95.4101136, 29.7702399 ] } },
{ "type": "Feature", "properties": { "mean_value": null, "mean_sentiment": null, "value_gap_to_market": null }, "geometry": { "type": "Point", "coordinates": [ -95.4081904, 29.7707088 ] } },
{ "type": "Feature", "properties": { "mean_value": null, "mean_sentiment": null, "value_gap_to_market": null }, "geometry": { "type": "Point", "coordinates": [ -95.4015269, 29.7704793 ] } },
{ "type": "Feature", "properties": { "mean_value": null, "mean_sentiment": null, "value_gap_to_market": null }, "geometry": { "type": "Point", "coordinates": [ -95.4078913, 29.783109 ] } },
{ "type": "Feature", "properties": { "mean_value": null, "mean_sentiment": null, "value_gap_to_market": null }, "geometry": { "type": "Point", "coordinates": [ -95.3878642, 29.8033162 ] } },
{ "type": "Feature", "properties": { "mean_value": null, "mean_sentiment": null, "value_gap_to_market": null }, "geometry": { "type": "Point", "coordinates": [ -95.4586813, 29.8199464 ] } },
{ "type": "Feature", "properties": { "mean_value": null, "mean_sentiment": null, "value_gap_to_market": null }, "geometry": { "type": "Point", "coordinates": [ -95.3930201, 29.8038836 ] } },
{ "type": "Feature", "properties": { "mean_value": 3.5442634560906514, "mean_sentiment": 0.41883852691218132, "value_gap_to_market": -0.093999940865507003 }, "geometry": { "type": "Point", "coordinates": [ -95.4094668, 29.7877304 ] } },
{ "type": "Feature", "properties": { "mean_value": null, "mean_sentiment": null, "value_gap_to_market": null }, "geometry": { "type": "Point", "coordinates": [ -95.4482664, 29.8005874 ] } },
{ "type": "Feature", "properties": { "mean_value": null, "mean_sentiment": null, "value_gap_to_market": null }, "geometry": { "type": "Point", "coordinates": [ -95.4290998, 29.8137872 ] } },
{ "type": "Feature", "properties": { "mean_value": null, "mean_sentiment": null, "value_gap_to_market": null }, "geometry": { "type": "Point", "coordinates": [ -95.4104406, 29.8024685 ] } },
{ "type": "Feature", "properties": { "mean_value": 4.6210407239819, "mean_sentiment": 0.84886877828054297, "value_gap_to_market": 0.98277732702574161 }, "geometry": { "type": "Point", "coordinates": [ -95.4294965, 29.8062259 ] } },
{ "type": "Feature", "properties": { "mean_value": 3.7253086419753085, "mean_sentiment": 0.49459041731066461, "value_gap_to_market": 0.087045245019150119 }, "geometry": { "type": "Point", "coordinates": [ -95.403493, 29.8027403 ] } },
{ "type": "Feature", "properties": { "mean_value": 4.0914404223227754, "mean_sentiment": 0.6331070889894419, "value_gap_to_market": 0.45317702536661697 }, "geometry": { "type": "Point", "coordinates": [ -95.4107914, 29.8034848 ] } },
{ "type": "Feature", "properties": { "mean_value": null, "mean_sentiment": null, "value_gap_to_market": null }, "geometry": { "type": "Point", "coordinates": [ -95.4108481, 29.8030421 ] } },
{ "type": "Feature", "properties": { "mean_value": null, "mean_sentiment": null, "value_gap_to_market": null }, "geometry": { "type": "Point", "coordinates": [ -95.4303534, 29.8167703 ] } },
{ "type": "Feature", "properties": { "mean_value": null, "mean_sentiment": null, "value_gap_to_market": null }, "geometry": { "type": "Point", "coordinates": [ -95.3921641, 29.746524 ] } },
{ "type": "Feature", "properties": { "mean_value": null, "mean_sentiment": null, "value_gap_to_market": null }, "geometry": { "type": "Point", "coordinates": [ -95.3883839, 29.7483278 ] } },
{ "type": "Feature", "properties": { "mean_value": null, "mean_sentiment": null, "value_gap_to_market": null }, "geometry": { "type": "Point", "coordinates": [ -95.4016998, 29.761197 ] } },
{ "type": "Feature", "properties": { "mean_value": null, "mean_sentiment": null, "value_gap_to_market": null }, "geometry": { "type": "Point", "coordinates": [ -95.4497719, 29.7469988 ] } },
{ "type": "Feature", "properties": { "mean_value": null, "mean_sentiment": null, "value_gap_to_market": null }, "geometry": { "type": "Point", "coordinates": [ -95.3900655, 29.8088384 ] } },
{ "type": "Feature", "properties": { "mean_value": null, "mean_sentiment": null, "value_gap_to_market": null }, "geometry": { "type": "Point", "coordinates": [ -95.3681523, 29.8039186 ] } },
{ "type": "Feature", "properties": { "mean_value": 3.8714231927710845, "mean_sentiment": 0.54781626506024095, "value_gap_to_market": 0.23315979581492607 }, "geometry": { "type": "Point", "coordinates": [ -95.4092944, 29.7703194 ] } },
{ "type": "Feature", "properties": { "mean_value": null, "mean_sentiment": null, "value_gap_to_market": null }, "geometry": { "type": "Point", "coordinates": [ -95.4098632, 29.7758617 ] } },
{ "type": "Feature", "properties": { "mean_value": 4.5405405405405403, "mean_sentiment": 0.81621621621621621, "value_gap_to_market": 0.90227714358438194 }, "geometry": { "type": "Point", "coordinates": [ -95.419956, 29.7792233 ] } },
{ "type": "Feature", "properties": { "mean_value": null, "mean_sentiment": null, "value_gap_to_market": null }, "geometry": { "type": "Point", "coordinates": [ -95.4065736, 29.7707433 ] } },
{ "type": "Feature", "properties": { "mean_value": null, "mean_sentiment": null, "value_gap_to_market": null }, "geometry": { "type": "Point", "coordinates": [ -95.4078242, 29.7827191 ] } },
{ "type": "Feature", "properties": { "mean_value": 3.856060606060606, "mean_sentiment": 0.54242424242424248, "value_gap_to_market": 0.21779720910444755 }, "geometry": { "type": "Point", "coordinates": [ -95.4331671, 29.7731338 ] } },
{ "type": "Feature", "properties": { "mean_value": null, "mean_sentiment": null, "value_gap_to_market": null }, "geometry": { "type": "Point", "coordinates": [ -95.4109567, 29.769412 ] } },
{ "type": "Feature", "properties": { "mean_value": null, "mean_sentiment": null, "value_gap_to_market": null }, "geometry": { "type": "Point", "coordinates": [ -95.410754, 29.768799 ] } },
{ "type": "Feature", "properties": { "mean_value": null, "mean_sentiment": null, "value_gap_to_market": null }, "geometry": { "type": "Point", "coordinates": [ -95.4098239, 29.7765807 ] } },
{ "type": "Feature", "properties": { "mean_value": null, "mean_sentiment": null, "value_gap_to_market": null }, "geometry": { "type": "Point", "coordinates": [ -95.4089946, 29.770779 ] } },
{ "type": "Feature", "properties": { "mean_value": null, "mean_sentiment": null, "value_gap_to_market": null }, "geometry": { "type": "Point", "coordinates": [ -95.3896843, 29.78187 ] } },
{ "type": "Feature", "properties": { "mean_value": null, "mean_sentiment": null, "value_gap_to_market": null }, "geometry": { "type": "Point", "coordinates": [ -95.405369, 29.803057 ] } },
{ "type": "Feature", "properties": { "mean_value": 4.1990131578947372, "mean_sentiment": 0.68303964757709257, "value_gap_to_market": 0.56074976093857876 }, "geometry": { "type": "Point", "coordinates": [ -95.4010315, 29.8037542 ] } },
{ "type": "Feature", "properties": { "mean_value": 4.0091059602649004, "mean_sentiment": 0.60564159292035402, "value_gap_to_market": 0.37084256330874199 }, "geometry": { "type": "Point", "coordinates": [ -95.4107197, 29.8030194 ] } },
{ "type": "Feature", "properties": { "mean_value": null, "mean_sentiment": null, "value_gap_to_market": null }, "geometry": { "type": "Point", "coordinates": [ -95.3972284, 29.8095722 ] } },
{ "type": "Feature", "properties": { "mean_value": null, "mean_sentiment": null, "value_gap_to_market": null }, "geometry": { "type": "Point", "coordinates": [ -95.4163027, 29.8029718 ] } },
{ "type": "Feature", "properties": { "mean_value": null, "mean_sentiment": null, "value_gap_to_market": null }, "geometry": { "type": "Point", "coordinates": [ -95.4481551, 29.801079 ] } },
{ "type": "Feature", "properties": { "mean_value": null, "mean_sentiment": null, "value_gap_to_market": null }, "geometry": { "type": "Point", "coordinates": [ -95.4201372, 29.7995227 ] } },
{ "type": "Feature", "properties": { "mean_value": 3.4387931034482757, "mean_sentiment": 0.37689655172413794, "value_gap_to_market": -0.1994702935078827 }, "geometry": { "type": "Point", "coordinates": [ -95.4107914, 29.8165309 ] } },
{ "type": "Feature", "properties": { "mean_value": 3.5889830508474576, "mean_sentiment": 0.42994350282485877, "value_gap_to_market": -0.049280346108700801 }, "geometry": { "type": "Point", "coordinates": [ -95.3982453, 29.796555 ] } },
{ "type": "Feature", "properties": { "mean_value": null, "mean_sentiment": null, "value_gap_to_market": null }, "geometry": { "type": "Point", "coordinates": [ -95.4332554, 29.7811163 ] } },
{ "type": "Feature", "properties": { "mean_value": null, "mean_sentiment": null, "value_gap_to_market": null }, "geometry": { "type": "Point", "coordinates": [ -95.4038517, 29.790226 ] } },
{ "type": "Feature", "properties": { "mean_value": null, "mean_sentiment": null, "value_gap_to_market": null }, "geometry": { "type": "Point", "coordinates": [ -95.4202784, 29.7609759 ] } },
{ "type": "Feature", "properties": { "mean_value": null, "mean_sentiment": null, "value_gap_to_market": null }, "geometry": { "type": "Point", "coordinates": [ -95.4019742, 29.7485017 ] } },
{ "type": "Feature", "properties": { "mean_value": null, "mean_sentiment": null, "value_gap_to_market": null }, "geometry": { "type": "Point", "coordinates": [ -95.387216, 29.753179 ] } },
{ "type": "Feature", "properties": { "mean_value": null, "mean_sentiment": null, "value_gap_to_market": null }, "geometry": { "type": "Point", "coordinates": [ -95.3925538, 29.7460689 ] } },
{ "type": "Feature", "properties": { "mean_value": null, "mean_sentiment": null, "value_gap_to_market": null }, "geometry": { "type": "Point", "coordinates": [ -95.4018979, 29.754243 ] } },
{ "type": "Feature", "properties": { "mean_value": null, "mean_sentiment": null, "value_gap_to_market": null }, "geometry": { "type": "Point", "coordinates": [ -95.3918654, 29.752032 ] } },
{ "type": "Feature", "properties": { "mean_value": null, "mean_sentiment": null, "value_gap_to_market": null }, "geometry": { "type": "Point", "coordinates": [ -95.4181529, 29.7606122 ] } },
{ "type": "Feature", "properties": { "mean_value": null, "mean_sentiment": null, "value_gap_to_market": null }, "geometry": { "type": "Point", "coordinates": [ -95.4019988, 29.7579296 ] } },
{ "type": "Feature", "properties": { "mean_value": null, "mean_sentiment": null, "value_gap_to_market": null }, "geometry": { "type": "Point", "coordinates": [ -95.3800076, 29.8097365 ] } },
{ "type": "Feature", "properties": { "mean_value": null, "mean_sentiment": null, "value_gap_to_market": null }, "geometry": { "type": "Point", "coordinates": [ -95.3686674, 29.8053526 ] } },
{ "type": "Feature", "properties": { "mean_value": null, "mean_sentiment": null, "value_gap_to_market": null }, "geometry": { "type": "Point", "coordinates": [ -95.3522724, 29.7878063 ] } },
{ "type": "Feature", "properties": { "mean_value": null, "mean_sentiment": null, "value_gap_to_market": null }, "geometry": { "type": "Point", "coordinates": [ -95.3827797, 29.8129709 ] } },
{ "type": "Feature", "properties": { "mean_value": 4.2, "mean_sentiment": 0.68, "value_gap_to_market": 0.56173660304384176 }, "geometry": { "type": "Point", "coordinates": [ -95.3816741, 29.8024937 ] } },
{ "type": "Feature", "properties": { "mean_value": null, "mean_sentiment": null, "value_gap_to_market": null }, "geometry": { "type": "Point", "coordinates": [ -95.3544522, 29.7781787 ] } },
{ "type": "Feature", "properties": { "mean_value": null, "mean_sentiment": null, "value_gap_to_market": null }, "geometry": { "type": "Point", "coordinates": [ -95.3633808, 29.7790683 ] } },
{ "type": "Feature", "properties": { "mean_value": null, "mean_sentiment": null, "value_gap_to_market": null }, "geometry": { "type": "Point", "coordinates": [ -95.3555416, 29.7830767 ] } },
{ "type": "Feature", "properties": { "mean_value": null, "mean_sentiment": null, "value_gap_to_market": null }, "geometry": { "type": "Point", "coordinates": [ -95.3795396, 29.7660003 ] } },
{ "type": "Feature", "properties": { "mean_value": null, "mean_sentiment": null, "value_gap_to_market": null }, "geometry": { "type": "Point", "coordinates": [ -95.4099088, 29.7708817 ] } },
{ "type": "Feature", "properties": { "mean_value": null, "mean_sentiment": null, "value_gap_to_market": null }, "geometry": { "type": "Point", "coordinates": [ -95.3980658, 29.7816687 ] } },
{ "type": "Feature", "properties": { "mean_value": null, "mean_sentiment": null, "value_gap_to_market": null }, "geometry": { "type": "Point", "coordinates": [ -95.3982347, 29.7731965 ] } },
{ "type": "Feature", "properties": { "mean_value": 4.4568798449612403, "mean_sentiment": 0.7839147286821706, "value_gap_to_market": 0.81861644800508193 }, "geometry": { "type": "Point", "coordinates": [ -95.38118, 29.7809249 ] } },
{ "type": "Feature", "properties": { "mean_value": null, "mean_sentiment": null, "value_gap_to_market": null }, "geometry": { "type": "Point", "coordinates": [ -95.3917422, 29.7676475 ] } },
{ "type": "Feature", "properties": { "mean_value": 3.6564885496183206, "mean_sentiment": 0.4633587786259542, "value_gap_to_market": 0.018225152662162181 }, "geometry": { "type": "Point", "coordinates": [ -95.397887, 29.773528 ] } },
{ "type": "Feature", "properties": { "mean_value": null, "mean_sentiment": null, "value_gap_to_market": null }, "geometry": { "type": "Point", "coordinates": [ -95.4092601, 29.7736247 ] } },
{ "type": "Feature", "properties": { "mean_value": 4.5676020408163263, "mean_sentiment": 0.82670068027210886, "value_gap_to_market": 0.92933864386016785 }, "geometry": { "type": "Point", "coordinates": [ -95.3982661, 29.7699602 ] } },
{ "type": "Feature", "properties": { "mean_value": 3.3330564784053158, "mean_sentiment": 0.32358803986710966, "value_gap_to_market": -0.30520691855084259 }, "geometry": { "type": "Point", "coordinates": [ -95.4289711, 29.8154207 ] } },
{ "type": "Feature", "properties": { "mean_value": 2.6997126436781609, "mean_sentiment": 0.077233429394812675, "value_gap_to_market": -0.93855075327799753 }, "geometry": { "type": "Point", "coordinates": [ -95.4222154, 29.8120158 ] } },
{ "type": "Feature", "properties": { "mean_value": 2.86231884057971, "mean_sentiment": 0.14487804878048782, "value_gap_to_market": -0.77594455637644844 }, "geometry": { "type": "Point", "coordinates": [ -95.3998393, 29.8112525 ] } },
{ "type": "Feature", "properties": { "mean_value": 2.7217194570135748, "mean_sentiment": 0.08727272727272728, "value_gap_to_market": -0.91654393994258365 }, "geometry": { "type": "Point", "coordinates": [ -95.4296292, 29.8018825 ] } },
{ "type": "Feature", "properties": { "mean_value": null, "mean_sentiment": null, "value_gap_to_market": null }, "geometry": { "type": "Point", "coordinates": [ -95.4171189, 29.8029457 ] } },
{ "type": "Feature", "properties": { "mean_value": null, "mean_sentiment": null, "value_gap_to_market": null }, "geometry": { "type": "Point", "coordinates": [ -95.4097328, 29.7523758 ] } },
{ "type": "Feature", "properties": { "mean_value": null, "mean_sentiment": null, "value_gap_to_market": null }, "geometry": { "type": "Point", "coordinates": [ -95.404852, 29.7590506 ] } },
{ "type": "Feature", "properties": { "mean_value": null, "mean_sentiment": null, "value_gap_to_market": null }, "geometry": { "type": "Point", "coordinates": [ -95.3953693, 29.7572237 ] } },
{ "type": "Feature", "properties": { "mean_value": null, "mean_sentiment": null, "value_gap_to_market": null }, "geometry": { "type": "Point", "coordinates": [ -95.4039051, 29.7570746 ] } },
{ "type": "Feature", "properties": { "mean_value": null, "mean_sentiment": null, "value_gap_to_market": null }, "geometry": { "type": "Point", "coordinates": [ -95.408548, 29.7556717 ] } },
{ "type": "Feature", "properties": { "mean_value": null, "mean_sentiment": null, "value_gap_to_market": null }, "geometry": { "type": "Point", "coordinates": [ -95.4103424, 29.7474395 ] } },
{ "type": "Feature", "properties": { "mean_value": null, "mean_sentiment": null, "value_gap_to_market": null }, "geometry": { "type": "Point", "coordinates": [ -95.395252, 29.7569124 ] } },
{ "type": "Feature", "properties": { "mean_value": null, "mean_sentiment": null, "value_gap_to_market": null }, "geometry": { "type": "Point", "coordinates": [ -95.3893539, 29.7482615 ] } },
{ "type": "Feature", "properties": { "mean_value": null, "mean_sentiment": null, "value_gap_to_market": null }, "geometry": { "type": "Point", "coordinates": [ -95.3509973, 29.7950927 ] } },
{ "type": "Feature", "properties": { "mean_value": 4.2418032786885247, "mean_sentiment": 0.69672131147540983, "value_gap_to_market": 0.60353988173236628 }, "geometry": { "type": "Point", "coordinates": [ -95.3716479, 29.8028977 ] } },
{ "type": "Feature", "properties": { "mean_value": null, "mean_sentiment": null, "value_gap_to_market": null }, "geometry": { "type": "Point", "coordinates": [ -95.3824525, 29.8078499 ] } },
{ "type": "Feature", "properties": { "mean_value": null, "mean_sentiment": null, "value_gap_to_market": null }, "geometry": { "type": "Point", "coordinates": [ -95.3815688, 29.8073419 ] } },
{ "type": "Feature", "properties": { "mean_value": null, "mean_sentiment": null, "value_gap_to_market": null }, "geometry": { "type": "Point", "coordinates": [ -95.3682126, 29.7979137 ] } },
{ "type": "Feature", "properties": { "mean_value": null, "mean_sentiment": null, "value_gap_to_market": null }, "geometry": { "type": "Point", "coordinates": [ -95.3716888, 29.804429 ] } },
{ "type": "Feature", "properties": { "mean_value": null, "mean_sentiment": null, "value_gap_to_market": null }, "geometry": { "type": "Point", "coordinates": [ -95.3965409, 29.8042042 ] } },
{ "type": "Feature", "properties": { "mean_value": null, "mean_sentiment": null, "value_gap_to_market": null }, "geometry": { "type": "Point", "coordinates": [ -95.4080412, 29.782908 ] } },
{ "type": "Feature", "properties": { "mean_value": null, "mean_sentiment": null, "value_gap_to_market": null }, "geometry": { "type": "Point", "coordinates": [ -95.4073992, 29.7703424 ] } },
{ "type": "Feature", "properties": { "mean_value": null, "mean_sentiment": null, "value_gap_to_market": null }, "geometry": { "type": "Point", "coordinates": [ -95.3947323, 29.7757844 ] } },
{ "type": "Feature", "properties": { "mean_value": null, "mean_sentiment": null, "value_gap_to_market": null }, "geometry": { "type": "Point", "coordinates": [ -95.4050272, 29.7700404 ] } },
{ "type": "Feature", "properties": { "mean_value": null, "mean_sentiment": null, "value_gap_to_market": null }, "geometry": { "type": "Point", "coordinates": [ -95.4111004, 29.7790828 ] } },
{ "type": "Feature", "properties": { "mean_value": null, "mean_sentiment": null, "value_gap_to_market": null }, "geometry": { "type": "Point", "coordinates": [ -95.3980062, 29.7746251 ] } },
{ "type": "Feature", "properties": { "mean_value": null, "mean_sentiment": null, "value_gap_to_market": null }, "geometry": { "type": "Point", "coordinates": [ -95.400329, 29.7695336 ] } },
{ "type": "Feature", "properties": { "mean_value": null, "mean_sentiment": null, "value_gap_to_market": null }, "geometry": { "type": "Point", "coordinates": [ -95.3915905, 29.7675136 ] } },
{ "type": "Feature", "properties": { "mean_value": null, "mean_sentiment": null, "value_gap_to_market": null }, "geometry": { "type": "Point", "coordinates": [ -95.4272165, 29.7765405 ] } },
{ "type": "Feature", "properties": { "mean_value": 2.6237244897959182, "mean_sentiment": 0.047789115646258505, "value_gap_to_market": -1.0145389071602402 }, "geometry": { "type": "Point", "coordinates": [ -95.3896804, 29.7750058 ] } },
{ "type": "Feature", "properties": { "mean_value": null, "mean_sentiment": null, "value_gap_to_market": null }, "geometry": { "type": "Point", "coordinates": [ -95.3922153, 29.7817546 ] } },
{ "type": "Feature", "properties": { "mean_value": null, "mean_sentiment": null, "value_gap_to_market": null }, "geometry": { "type": "Point", "coordinates": [ -95.3982499, 29.773657 ] } },
{ "type": "Feature", "properties": { "mean_value": null, "mean_sentiment": null, "value_gap_to_market": null }, "geometry": { "type": "Point", "coordinates": [ -95.4099701, 29.8182893 ] } },
{ "type": "Feature", "properties": { "mean_value": 4.0889830508474576, "mean_sentiment": 0.63615819209039548, "value_gap_to_market": 0.4507196538912992 }, "geometry": { "type": "Point", "coordinates": [ -95.4299183, 29.8279985 ] } },
{ "type": "Feature", "properties": { "mean_value": null, "mean_sentiment": null, "value_gap_to_market": null }, "geometry": { "type": "Point", "coordinates": [ -95.4203528, 29.760927 ] } },
{ "type": "Feature", "properties": { "mean_value": null, "mean_sentiment": null, "value_gap_to_market": null }, "geometry": { "type": "Point", "coordinates": [ -95.3985501, 29.7601015 ] } },
{ "type": "Feature", "properties": { "mean_value": 3.4869281045751634, "mean_sentiment": 0.39411764705882352, "value_gap_to_market": -0.15133529238099497 }, "geometry": { "type": "Point", "coordinates": [ -95.4189673, 29.7609227 ] } },
{ "type": "Feature", "properties": { "mean_value": null, "mean_sentiment": null, "value_gap_to_market": null }, "geometry": { "type": "Point", "coordinates": [ -95.3605764, 29.7944385 ] } },
{ "type": "Feature", "properties": { "mean_value": 4.100806451612903, "mean_sentiment": 0.6387096774193548, "value_gap_to_market": 0.46254305465674461 }, "geometry": { "type": "Point", "coordinates": [ -95.3612976, 29.793436 ] } },
{ "type": "Feature", "properties": { "mean_value": null, "mean_sentiment": null, "value_gap_to_market": null }, "geometry": { "type": "Point", "coordinates": [ -95.3764726, 29.7937293 ] } },
{ "type": "Feature", "properties": { "mean_value": null, "mean_sentiment": null, "value_gap_to_market": null }, "geometry": { "type": "Point", "coordinates": [ -95.369959, 29.7974892 ] } },
{ "type": "Feature", "properties": { "mean_value": null, "mean_sentiment": null, "value_gap_to_market": null }, "geometry": { "type": "Point", "coordinates": [ -95.3613089, 29.7951592 ] } },
{ "type": "Feature", "properties": { "mean_value": 3.88986013986014, "mean_sentiment": 0.55314685314685319, "value_gap_to_market": 0.2515967429039816 }, "geometry": { "type": "Point", "coordinates": [ -95.3688882, 29.7979371 ] } },
{ "type": "Feature", "properties": { "mean_value": 2.9721001757469243, "mean_sentiment": 0.18948763250883394, "value_gap_to_market": -0.6661632212092341 }, "geometry": { "type": "Point", "coordinates": [ -95.3725573, 29.7899853 ] } },
{ "type": "Feature", "properties": { "mean_value": null, "mean_sentiment": null, "value_gap_to_market": null }, "geometry": { "type": "Point", "coordinates": [ -95.3814035, 29.7972152 ] } },
{ "type": "Feature", "properties": { "mean_value": null, "mean_sentiment": null, "value_gap_to_market": null }, "geometry": { "type": "Point", "coordinates": [ -95.390724, 29.8119287 ] } },
{ "type": "Feature", "properties": { "mean_value": 3.7378048780487805, "mean_sentiment": 0.49024390243902438, "value_gap_to_market": 0.099541481092622064 }, "geometry": { "type": "Point", "coordinates": [ -95.3603828, 29.7947435 ] } },
{ "type": "Feature", "properties": { "mean_value": null, "mean_sentiment": null, "value_gap_to_market": null }, "geometry": { "type": "Point", "coordinates": [ -95.3670858, 29.797891 ] } },
{ "type": "Feature", "properties": { "mean_value": null, "mean_sentiment": null, "value_gap_to_market": null }, "geometry": { "type": "Point", "coordinates": [ -95.4298489, 29.7784813 ] } },
{ "type": "Feature", "properties": { "mean_value": null, "mean_sentiment": null, "value_gap_to_market": null }, "geometry": { "type": "Point", "coordinates": [ -95.4098068, 29.7744226 ] } },
{ "type": "Feature", "properties": { "mean_value": null, "mean_sentiment": null, "value_gap_to_market": null }, "geometry": { "type": "Point", "coordinates": [ -95.3812336, 29.8106262 ] } },
{ "type": "Feature", "properties": { "mean_value": null, "mean_sentiment": null, "value_gap_to_market": null }, "geometry": { "type": "Point", "coordinates": [ -95.376131, 29.793428 ] } },
{ "type": "Feature", "properties": { "mean_value": null, "mean_sentiment": null, "value_gap_to_market": null }, "geometry": { "type": "Point", "coordinates": [ -95.3745542, 29.7915522 ] } },
{ "type": "Feature", "properties": { "mean_value": null, "mean_sentiment": null, "value_gap_to_market": null }, "geometry": { "type": "Point", "coordinates": [ -95.398582, 29.759922 ] } },
{ "type": "Feature", "properties": { "mean_value": null, "mean_sentiment": null, "value_gap_to_market": null }, "geometry": { "type": "Point", "coordinates": [ -95.3918728, 29.755775 ] } },
{ "type": "Feature", "properties": { "mean_value": null, "mean_sentiment": null, "value_gap_to_market": null }, "geometry": { "type": "Point", "coordinates": [ -95.4003685, 29.7543716 ] } },
{ "type": "Feature", "properties": { "mean_value": null, "mean_sentiment": null, "value_gap_to_market": null }, "geometry": { "type": "Point", "coordinates": [ -95.4173136, 29.7607423 ] } },
{ "type": "Feature", "properties": { "mean_value": null, "mean_sentiment": null, "value_gap_to_market": null }, "geometry": { "type": "Point", "coordinates": [ -95.3966845, 29.7501225 ] } },
{ "type": "Feature", "properties": { "mean_value": null, "mean_sentiment": null, "value_gap_to_market": null }, "geometry": { "type": "Point", "coordinates": [ -95.3994566, 29.754238 ] } },
{ "type": "Feature", "properties": { "mean_value": null, "mean_sentiment": null, "value_gap_to_market": null }, "geometry": { "type": "Point", "coordinates": [ -95.3893382, 29.7535724 ] } },
{ "type": "Feature", "properties": { "mean_value": 3.3970588235294117, "mean_sentiment": 0.3625, "value_gap_to_market": -0.24120457342674673 }, "geometry": { "type": "Point", "coordinates": [ -95.4080909, 29.7829998 ] } },
{ "type": "Feature", "properties": { "mean_value": 4.1219655442443228, "mean_sentiment": 0.65117554858934168, "value_gap_to_market": 0.48370214728816441 }, "geometry": { "type": "Point", "coordinates": [ -95.4071063, 29.7706579 ] } },
{ "type": "Feature", "properties": { "mean_value": 4.4375, "mean_sentiment": 0.77826086956521745, "value_gap_to_market": 0.79923660304384159 }, "geometry": { "type": "Point", "coordinates": [ -95.410018, 29.7790135 ] } },
{ "type": "Feature", "properties": { "mean_value": null, "mean_sentiment": null, "value_gap_to_market": null }, "geometry": { "type": "Point", "coordinates": [ -95.3613683, 29.7952939 ] } },
{ "type": "Feature", "properties": { "mean_value": null, "mean_sentiment": null, "value_gap_to_market": null }, "geometry": { "type": "Point", "coordinates": [ -95.3415948, 29.7890284 ] } },
{ "type": "Feature", "properties": { "mean_value": null, "mean_sentiment": null, "value_gap_to_market": null }, "geometry": { "type": "Point", "coordinates": [ -95.4024635, 29.8420805 ] } },
{ "type": "Feature", "properties": { "mean_value": null, "mean_sentiment": null, "value_gap_to_market": null }, "geometry": { "type": "Point", "coordinates": [ -95.3758184, 29.8035851 ] } },
{ "type": "Feature", "properties": { "mean_value": null, "mean_sentiment": null, "value_gap_to_market": null }, "geometry": { "type": "Point", "coordinates": [ -95.4238511, 29.8205581 ] } },
{ "type": "Feature", "properties": { "mean_value": null, "mean_sentiment": null, "value_gap_to_market": null }, "geometry": { "type": "Point", "coordinates": [ -95.398529, 29.7577355 ] } },
{ "type": "Feature", "properties": { "mean_value": null, "mean_sentiment": null, "value_gap_to_market": null }, "geometry": { "type": "Point", "coordinates": [ -95.3977008, 29.7564518 ] } },
{ "type": "Feature", "properties": { "mean_value": null, "mean_sentiment": null, "value_gap_to_market": null }, "geometry": { "type": "Point", "coordinates": [ -95.4014238, 29.7529434 ] } },
{ "type": "Feature", "properties": { "mean_value": 4.1810258964143427, "mean_sentiment": 0.66842629482071714, "value_gap_to_market": 0.54276249945818433 }, "geometry": { "type": "Point", "coordinates": [ -95.398934, 29.7725947 ] } },
{ "type": "Feature", "properties": { "mean_value": 3.6587837837837838, "mean_sentiment": 0.45608108108108109, "value_gap_to_market": 0.020520386827625359 }, "geometry": { "type": "Point", "coordinates": [ -95.4183039, 29.7709152 ] } },
{ "type": "Feature", "properties": { "mean_value": null, "mean_sentiment": null, "value_gap_to_market": null }, "geometry": { "type": "Point", "coordinates": [ -95.4065529, 29.7721732 ] } },
{ "type": "Feature", "properties": { "mean_value": null, "mean_sentiment": null, "value_gap_to_market": null }, "geometry": { "type": "Point", "coordinates": [ -95.3976414, 29.7578552 ] } },
{ "type": "Feature", "properties": { "mean_value": null, "mean_sentiment": null, "value_gap_to_market": null }, "geometry": { "type": "Point", "coordinates": [ -95.4091826, 29.7902223 ] } },
{ "type": "Feature", "properties": { "mean_value": 4.1242774566473992, "mean_sentiment": 0.6511008111239861, "value_gap_to_market": 0.48601405969124079 }, "geometry": { "type": "Point", "coordinates": [ -95.3962108, 29.7700191 ] } },
{ "type": "Feature", "properties": { "mean_value": null, "mean_sentiment": null, "value_gap_to_market": null }, "geometry": { "type": "Point", "coordinates": [ -95.3509973, 29.7950927 ] } },
{ "type": "Feature", "properties": { "mean_value": null, "mean_sentiment": null, "value_gap_to_market": null }, "geometry": { "type": "Point", "coordinates": [ -95.360858, 29.7931727 ] } },
{ "type": "Feature", "properties": { "mean_value": 2.6253101736972706, "mean_sentiment": 0.04975124378109453, "value_gap_to_market": -1.0129532232588878 }, "geometry": { "type": "Point", "coordinates": [ -95.3612606, 29.7850616 ] } },
{ "type": "Feature", "properties": { "mean_value": null, "mean_sentiment": null, "value_gap_to_market": null }, "geometry": { "type": "Point", "coordinates": [ -95.3742622, 29.8045042 ] } },
{ "type": "Feature", "properties": { "mean_value": 4.375, "mean_sentiment": 0.75, "value_gap_to_market": 0.73673660304384159 }, "geometry": { "type": "Point", "coordinates": [ -95.369033, 29.8038284 ] } },
{ "type": "Feature", "properties": { "mean_value": null, "mean_sentiment": null, "value_gap_to_market": null }, "geometry": { "type": "Point", "coordinates": [ -95.42214, 29.77016 ] } },
{ "type": "Feature", "properties": { "mean_value": null, "mean_sentiment": null, "value_gap_to_market": null }, "geometry": { "type": "Point", "coordinates": [ -95.4051935, 29.7624357 ] } },
{ "type": "Feature", "properties": { "mean_value": 3.4925149700598803, "mean_sentiment": 0.39879518072289155, "value_gap_to_market": -0.14574842689627809 }, "geometry": { "type": "Point", "coordinates": [ -95.4146009, 29.7709713 ] } },
{ "type": "Feature", "properties": { "mean_value": null, "mean_sentiment": null, "value_gap_to_market": null }, "geometry": { "type": "Point", "coordinates": [ -95.4172734, 29.76084 ] } },
{ "type": "Feature", "properties": { "mean_value": null, "mean_sentiment": null, "value_gap_to_market": null }, "geometry": { "type": "Point", "coordinates": [ -95.4570068, 29.7727986 ] } },
{ "type": "Feature", "properties": { "mean_value": 2.1944444444444446, "mean_sentiment": -0.12887700534759358, "value_gap_to_market": -1.4438189525117138 }, "geometry": { "type": "Point", "coordinates": [ -95.3969291, 29.7773525 ] } },
{ "type": "Feature", "properties": { "mean_value": null, "mean_sentiment": null, "value_gap_to_market": null }, "geometry": { "type": "Point", "coordinates": [ -95.3911174, 29.8149613 ] } },
{ "type": "Feature", "properties": { "mean_value": 2.8176795580110499, "mean_sentiment": 0.12234636871508381, "value_gap_to_market": -0.82058383894510856 }, "geometry": { "type": "Point", "coordinates": [ -95.3725505, 29.7870553 ] } },
{ "type": "Feature", "properties": { "mean_value": null, "mean_sentiment": null, "value_gap_to_market": null }, "geometry": { "type": "Point", "coordinates": [ -95.4016535, 29.8456642 ] } },
{ "type": "Feature", "properties": { "mean_value": null, "mean_sentiment": null, "value_gap_to_market": null }, "geometry": { "type": "Point", "coordinates": [ -95.4421505, 29.8414271 ] } },
{ "type": "Feature", "properties": { "mean_value": null, "mean_sentiment": null, "value_gap_to_market": null }, "geometry": { "type": "Point", "coordinates": [ -95.4109283, 29.8282651 ] } },
{ "type": "Feature", "properties": { "mean_value": null, "mean_sentiment": null, "value_gap_to_market": null }, "geometry": { "type": "Point", "coordinates": [ -95.4058682, 29.7389174 ] } },
{ "type": "Feature", "properties": { "mean_value": null, "mean_sentiment": null, "value_gap_to_market": null }, "geometry": { "type": "Point", "coordinates": [ -95.4174333, 29.7370531 ] } },
{ "type": "Feature", "properties": { "mean_value": null, "mean_sentiment": null, "value_gap_to_market": null }, "geometry": { "type": "Point", "coordinates": [ -95.4380896, 29.7325029 ] } },
{ "type": "Feature", "properties": { "mean_value": null, "mean_sentiment": null, "value_gap_to_market": null }, "geometry": { "type": "Point", "coordinates": [ -95.4290879, 29.7268096 ] } },
{ "type": "Feature", "properties": { "mean_value": null, "mean_sentiment": null, "value_gap_to_market": null }, "geometry": { "type": "Point", "coordinates": [ -95.4504363, 29.7420466 ] } },
{ "type": "Feature", "properties": { "mean_value": null, "mean_sentiment": null, "value_gap_to_market": null }, "geometry": { "type": "Point", "coordinates": [ -95.4171002, 29.732643 ] } },
{ "type": "Feature", "properties": { "mean_value": null, "mean_sentiment": null, "value_gap_to_market": null }, "geometry": { "type": "Point", "coordinates": [ -95.4101071, 29.7353688 ] } },
{ "type": "Feature", "properties": { "mean_value": null, "mean_sentiment": null, "value_gap_to_market": null }, "geometry": { "type": "Point", "coordinates": [ -95.4392275, 29.7322475 ] } },
{ "type": "Feature", "properties": { "mean_value": null, "mean_sentiment": null, "value_gap_to_market": null }, "geometry": { "type": "Point", "coordinates": [ -95.4629163, 29.740299 ] } },
{ "type": "Feature", "properties": { "mean_value": null, "mean_sentiment": null, "value_gap_to_market": null }, "geometry": { "type": "Point", "coordinates": [ -95.4840484, 29.7386567 ] } },
{ "type": "Feature", "properties": { "mean_value": null, "mean_sentiment": null, "value_gap_to_market": null }, "geometry": { "type": "Point", "coordinates": [ -95.4701167, 29.7384219 ] } },
{ "type": "Feature", "properties": { "mean_value": null, "mean_sentiment": null, "value_gap_to_market": null }, "geometry": { "type": "Point", "coordinates": [ -95.4600485, 29.7498914 ] } },
{ "type": "Feature", "properties": { "mean_value": null, "mean_sentiment": null, "value_gap_to_market": null }, "geometry": { "type": "Point", "coordinates": [ -95.4672236, 29.7373008 ] } },
{ "type": "Feature", "properties": { "mean_value": null, "mean_sentiment": null, "value_gap_to_market": null }, "geometry": { "type": "Point", "coordinates": [ -95.4787045, 29.7494249 ] } },
{ "type": "Feature", "properties": { "mean_value": null, "mean_sentiment": null, "value_gap_to_market": null }, "geometry": { "type": "Point", "coordinates": [ -95.4621525, 29.7510333 ] } },
{ "type": "Feature", "properties": { "mean_value": null, "mean_sentiment": null, "value_gap_to_market": null }, "geometry": { "type": "Point", "coordinates": [ -95.457307, 29.75433 ] } },
{ "type": "Feature", "properties": { "mean_value": null, "mean_sentiment": null, "value_gap_to_market": null }, "geometry": { "type": "Point", "coordinates": [ -95.4694283, 29.7376634 ] } },
{ "type": "Feature", "properties": { "mean_value": null, "mean_sentiment": null, "value_gap_to_market": null }, "geometry": { "type": "Point", "coordinates": [ -95.4622889, 29.7497278 ] } },
{ "type": "Feature", "properties": { "mean_value": null, "mean_sentiment": null, "value_gap_to_market": null }, "geometry": { "type": "Point", "coordinates": [ -95.4630506, 29.7412926 ] } },
{ "type": "Feature", "properties": { "mean_value": null, "mean_sentiment": null, "value_gap_to_market": null }, "geometry": { "type": "Point", "coordinates": [ -95.4604646, 29.7677237 ] } },
{ "type": "Feature", "properties": { "mean_value": null, "mean_sentiment": null, "value_gap_to_market": null }, "geometry": { "type": "Point", "coordinates": [ -95.4181105, 29.7427042 ] } },
{ "type": "Feature", "properties": { "mean_value": null, "mean_sentiment": null, "value_gap_to_market": null }, "geometry": { "type": "Point", "coordinates": [ -95.4284179, 29.7331193 ] } },
{ "type": "Feature", "properties": { "mean_value": null, "mean_sentiment": null, "value_gap_to_market": null }, "geometry": { "type": "Point", "coordinates": [ -95.388309, 29.7448089 ] } },
{ "type": "Feature", "properties": { "mean_value": null, "mean_sentiment": null, "value_gap_to_market": null }, "geometry": { "type": "Point", "coordinates": [ -95.399486, 29.7357537 ] } },
{ "type": "Feature", "properties": { "mean_value": null, "mean_sentiment": null, "value_gap_to_market": null }, "geometry": { "type": "Point", "coordinates": [ -95.3903433, 29.7465382 ] } },
{ "type": "Feature", "properties": { "mean_value": null, "mean_sentiment": null, "value_gap_to_market": null }, "geometry": { "type": "Point", "coordinates": [ -95.460048, 29.7432552 ] } },
{ "type": "Feature", "properties": { "mean_value": null, "mean_sentiment": null, "value_gap_to_market": null }, "geometry": { "type": "Point", "coordinates": [ -95.4545141, 29.7417749 ] } },
{ "type": "Feature", "properties": { "mean_value": null, "mean_sentiment": null, "value_gap_to_market": null }, "geometry": { "type": "Point", "coordinates": [ -95.4539809, 29.7435327 ] } },
{ "type": "Feature", "properties": { "mean_value": null, "mean_sentiment": null, "value_gap_to_market": null }, "geometry": { "type": "Point", "coordinates": [ -95.4792237, 29.7630244 ] } },
{ "type": "Feature", "properties": { "mean_value": null, "mean_sentiment": null, "value_gap_to_market": null }, "geometry": { "type": "Point", "coordinates": [ -95.3993457, 29.8256138 ] } },
{ "type": "Feature", "properties": { "mean_value": null, "mean_sentiment": null, "value_gap_to_market": null }, "geometry": { "type": "Point", "coordinates": [ -95.4111157, 29.8374905 ] } },
{ "type": "Feature", "properties": { "mean_value": null, "mean_sentiment": null, "value_gap_to_market": null }, "geometry": { "type": "Point", "coordinates": [ -95.4253466, 29.8282306 ] } },
{ "type": "Feature", "properties": { "mean_value": null, "mean_sentiment": null, "value_gap_to_market": null }, "geometry": { "type": "Point", "coordinates": [ -95.4038131, 29.8469161 ] } },
{ "type": "Feature", "properties": { "mean_value": null, "mean_sentiment": null, "value_gap_to_market": null }, "geometry": { "type": "Point", "coordinates": [ -95.3988822, 29.8257238 ] } },
{ "type": "Feature", "properties": { "mean_value": null, "mean_sentiment": null, "value_gap_to_market": null }, "geometry": { "type": "Point", "coordinates": [ -95.4341724, 29.8287628 ] } },
{ "type": "Feature", "properties": { "mean_value": null, "mean_sentiment": null, "value_gap_to_market": null }, "geometry": { "type": "Point", "coordinates": [ -95.4135385, 29.8356467 ] } },
{ "type": "Feature", "properties": { "mean_value": null, "mean_sentiment": null, "value_gap_to_market": null }, "geometry": { "type": "Point", "coordinates": [ -95.4118589, 29.8475186 ] } },
{ "type": "Feature", "properties": { "mean_value": null, "mean_sentiment": null, "value_gap_to_market": null }, "geometry": { "type": "Point", "coordinates": [ -95.465962, 29.7311238 ] } },
{ "type": "Feature", "properties": { "mean_value": null, "mean_sentiment": null, "value_gap_to_market": null }, "geometry": { "type": "Point", "coordinates": [ -95.4751981, 29.7312175 ] } },
{ "type": "Feature", "properties": { "mean_value": null, "mean_sentiment": null, "value_gap_to_market": null }, "geometry": { "type": "Point", "coordinates": [ -95.4656491, 29.7396815 ] } },
{ "type": "Feature", "properties": { "mean_value": null, "mean_sentiment": null, "value_gap_to_market": null }, "geometry": { "type": "Point", "coordinates": [ -95.4451626, 29.7424837 ] } },
{ "type": "Feature", "properties": { "mean_value": null, "mean_sentiment": null, "value_gap_to_market": null }, "geometry": { "type": "Point", "coordinates": [ -95.476368, 29.7367866 ] } },
{ "type": "Feature", "properties": { "mean_value": null, "mean_sentiment": null, "value_gap_to_market": null }, "geometry": { "type": "Point", "coordinates": [ -95.456781, 29.740495 ] } },
{ "type": "Feature", "properties": { "mean_value": null, "mean_sentiment": null, "value_gap_to_market": null }, "geometry": { "type": "Point", "coordinates": [ -95.4378774, 29.7378921 ] } },
{ "type": "Feature", "properties": { "mean_value": null, "mean_sentiment": null, "value_gap_to_market": null }, "geometry": { "type": "Point", "coordinates": [ -95.4907484, 29.7390211 ] } },
{ "type": "Feature", "properties": { "mean_value": null, "mean_sentiment": null, "value_gap_to_market": null }, "geometry": { "type": "Point", "coordinates": [ -95.4853312, 29.7373512 ] } },
{ "type": "Feature", "properties": { "mean_value": null, "mean_sentiment": null, "value_gap_to_market": null }, "geometry": { "type": "Point", "coordinates": [ -95.457267, 29.7565523 ] } },
{ "type": "Feature", "properties": { "mean_value": null, "mean_sentiment": null, "value_gap_to_market": null }, "geometry": { "type": "Point", "coordinates": [ -95.436467, 29.7379997 ] } },
{ "type": "Feature", "properties": { "mean_value": null, "mean_sentiment": null, "value_gap_to_market": null }, "geometry": { "type": "Point", "coordinates": [ -95.4598554, 29.7377819 ] } },
{ "type": "Feature", "properties": { "mean_value": null, "mean_sentiment": null, "value_gap_to_market": null }, "geometry": { "type": "Point", "coordinates": [ -95.4785641, 29.7629458 ] } },
{ "type": "Feature", "properties": { "mean_value": null, "mean_sentiment": null, "value_gap_to_market": null }, "geometry": { "type": "Point", "coordinates": [ -95.3901565, 29.7349267 ] } },
{ "type": "Feature", "properties": { "mean_value": null, "mean_sentiment": null, "value_gap_to_market": null }, "geometry": { "type": "Point", "coordinates": [ -95.3907229, 29.7448938 ] } },
{ "type": "Feature", "properties": { "mean_value": null, "mean_sentiment": null, "value_gap_to_market": null }, "geometry": { "type": "Point", "coordinates": [ -95.4181329, 29.7377921 ] } },
{ "type": "Feature", "properties": { "mean_value": null, "mean_sentiment": null, "value_gap_to_market": null }, "geometry": { "type": "Point", "coordinates": [ -95.453648, 29.7429132 ] } },
{ "type": "Feature", "properties": { "mean_value": null, "mean_sentiment": null, "value_gap_to_market": null }, "geometry": { "type": "Point", "coordinates": [ -95.3931669, 29.7341609 ] } },
{ "type": "Feature", "properties": { "mean_value": null, "mean_sentiment": null, "value_gap_to_market": null }, "geometry": { "type": "Point", "coordinates": [ -95.418027, 29.735136 ] } },
{ "type": "Feature", "properties": { "mean_value": null, "mean_sentiment": null, "value_gap_to_market": null }, "geometry": { "type": "Point", "coordinates": [ -95.4411367, 29.7321403 ] } },
{ "type": "Feature", "properties": { "mean_value": null, "mean_sentiment": null, "value_gap_to_market": null }, "geometry": { "type": "Point", "coordinates": [ -95.4572897, 29.7518273 ] } },
{ "type": "Feature", "properties": { "mean_value": 3.0726950354609928, "mean_sentiment": 0.22428571428571428, "value_gap_to_market": -0.56556836149516565 }, "geometry": { "type": "Point", "coordinates": [ -95.4313676, 29.8275257 ] } },
{ "type": "Feature", "properties": { "mean_value": null, "mean_sentiment": null, "value_gap_to_market": null }, "geometry": { "type": "Point", "coordinates": [ -95.4292372, 29.8280356 ] } },
{ "type": "Feature", "properties": { "mean_value": null, "mean_sentiment": null, "value_gap_to_market": null }, "geometry": { "type": "Point", "coordinates": [ -95.4135381, 29.8356521 ] } },
{ "type": "Feature", "properties": { "mean_value": null, "mean_sentiment": null, "value_gap_to_market": null }, "geometry": { "type": "Point", "coordinates": [ -95.4292722, 29.8281267 ] } },
{ "type": "Feature", "properties": { "mean_value": null, "mean_sentiment": null, "value_gap_to_market": null }, "geometry": { "type": "Point", "coordinates": [ -95.4299507, 29.8285442 ] } },
{ "type": "Feature", "properties": { "mean_value": null, "mean_sentiment": null, "value_gap_to_market": null }, "geometry": { "type": "Point", "coordinates": [ -95.430398, 29.828635 ] } },
{ "type": "Feature", "properties": { "mean_value": null, "mean_sentiment": null, "value_gap_to_market": null }, "geometry": { "type": "Point", "coordinates": [ -95.4647982, 29.7833748 ] } },
{ "type": "Feature", "properties": { "mean_value": null, "mean_sentiment": null, "value_gap_to_market": null }, "geometry": { "type": "Point", "coordinates": [ -95.4645783, 29.7859356 ] } },
{ "type": "Feature", "properties": { "mean_value": null, "mean_sentiment": null, "value_gap_to_market": null }, "geometry": { "type": "Point", "coordinates": [ -95.467542, 29.7878155 ] } },
{ "type": "Feature", "properties": { "mean_value": null, "mean_sentiment": null, "value_gap_to_market": null }, "geometry": { "type": "Point", "coordinates": [ -95.4676208, 29.785757 ] } },
{ "type": "Feature", "properties": { "mean_value": null, "mean_sentiment": null, "value_gap_to_market": null }, "geometry": { "type": "Point", "coordinates": [ -95.4659137, 29.7862052 ] } },
{ "type": "Feature", "properties": { "mean_value": null, "mean_sentiment": null, "value_gap_to_market": null }, "geometry": { "type": "Point", "coordinates": [ -95.4677139, 29.737375 ] } },
{ "type": "Feature", "properties": { "mean_value": null, "mean_sentiment": null, "value_gap_to_market": null }, "geometry": { "type": "Point", "coordinates": [ -95.4689225, 29.7375604 ] } },
{ "type": "Feature", "properties": { "mean_value": null, "mean_sentiment": null, "value_gap_to_market": null }, "geometry": { "type": "Point", "coordinates": [ -95.4851535, 29.7369704 ] } },
{ "type": "Feature", "properties": { "mean_value": null, "mean_sentiment": null, "value_gap_to_market": null }, "geometry": { "type": "Point", "coordinates": [ -95.4450618, 29.7414379 ] } },
{ "type": "Feature", "properties": { "mean_value": null, "mean_sentiment": null, "value_gap_to_market": null }, "geometry": { "type": "Point", "coordinates": [ -95.4660414, 29.7396504 ] } },
{ "type": "Feature", "properties": { "mean_value": null, "mean_sentiment": null, "value_gap_to_market": null }, "geometry": { "type": "Point", "coordinates": [ -95.4616514, 29.7469658 ] } },
{ "type": "Feature", "properties": { "mean_value": null, "mean_sentiment": null, "value_gap_to_market": null }, "geometry": { "type": "Point", "coordinates": [ -95.4700086, 29.7402 ] } },
{ "type": "Feature", "properties": { "mean_value": null, "mean_sentiment": null, "value_gap_to_market": null }, "geometry": { "type": "Point", "coordinates": [ -95.456596, 29.7506883 ] } },
{ "type": "Feature", "properties": { "mean_value": null, "mean_sentiment": null, "value_gap_to_market": null }, "geometry": { "type": "Point", "coordinates": [ -95.434666, 29.7411406 ] } },
{ "type": "Feature", "properties": { "mean_value": null, "mean_sentiment": null, "value_gap_to_market": null }, "geometry": { "type": "Point", "coordinates": [ -95.4654882, 29.7395837 ] } },
{ "type": "Feature", "properties": { "mean_value": null, "mean_sentiment": null, "value_gap_to_market": null }, "geometry": { "type": "Point", "coordinates": [ -95.4531926, 29.7433499 ] } },
{ "type": "Feature", "properties": { "mean_value": null, "mean_sentiment": null, "value_gap_to_market": null }, "geometry": { "type": "Point", "coordinates": [ -95.4627163, 29.7499851 ] } },
{ "type": "Feature", "properties": { "mean_value": null, "mean_sentiment": null, "value_gap_to_market": null }, "geometry": { "type": "Point", "coordinates": [ -95.4147547, 29.7339758 ] } },
{ "type": "Feature", "properties": { "mean_value": null, "mean_sentiment": null, "value_gap_to_market": null }, "geometry": { "type": "Point", "coordinates": [ -95.3987577, 29.7388755 ] } },
{ "type": "Feature", "properties": { "mean_value": null, "mean_sentiment": null, "value_gap_to_market": null }, "geometry": { "type": "Point", "coordinates": [ -95.4195326, 29.7415299 ] } },
{ "type": "Feature", "properties": { "mean_value": null, "mean_sentiment": null, "value_gap_to_market": null }, "geometry": { "type": "Point", "coordinates": [ -95.4152804, 29.7339981 ] } },
{ "type": "Feature", "properties": { "mean_value": null, "mean_sentiment": null, "value_gap_to_market": null }, "geometry": { "type": "Point", "coordinates": [ -95.4528525, 29.741657 ] } },
{ "type": "Feature", "properties": { "mean_value": null, "mean_sentiment": null, "value_gap_to_market": null }, "geometry": { "type": "Point", "coordinates": [ -95.4108527, 29.7362926 ] } },
{ "type": "Feature", "properties": { "mean_value": null, "mean_sentiment": null, "value_gap_to_market": null }, "geometry": { "type": "Point", "coordinates": [ -95.456457, 29.7330283 ] } },
{ "type": "Feature", "properties": { "mean_value": null, "mean_sentiment": null, "value_gap_to_market": null }, "geometry": { "type": "Point", "coordinates": [ -95.3663123, 29.7592365 ] } },
{ "type": "Feature", "properties": { "mean_value": null, "mean_sentiment": null, "value_gap_to_market": null }, "geometry": { "type": "Point", "coordinates": [ -95.4896774, 29.7372474 ] } },
{ "type": "Feature", "properties": { "mean_value": null, "mean_sentiment": null, "value_gap_to_market": null }, "geometry": { "type": "Point", "coordinates": [ -95.4499865, 29.7420524 ] } },
{ "type": "Feature", "properties": { "mean_value": null, "mean_sentiment": null, "value_gap_to_market": null }, "geometry": { "type": "Point", "coordinates": [ -95.4497334, 29.7426878 ] } },
{ "type": "Feature", "properties": { "mean_value": null, "mean_sentiment": null, "value_gap_to_market": null }, "geometry": { "type": "Point", "coordinates": [ -95.4704151, 29.7440501 ] } },
{ "type": "Feature", "properties": { "mean_value": null, "mean_sentiment": null, "value_gap_to_market": null }, "geometry": { "type": "Point", "coordinates": [ -95.4843829, 29.750394 ] } },
{ "type": "Feature", "properties": { "mean_value": null, "mean_sentiment": null, "value_gap_to_market": null }, "geometry": { "type": "Point", "coordinates": [ -95.4618609, 29.7469583 ] } },
{ "type": "Feature", "properties": { "mean_value": null, "mean_sentiment": null, "value_gap_to_market": null }, "geometry": { "type": "Point", "coordinates": [ -95.461, 29.745032 ] } },
{ "type": "Feature", "properties": { "mean_value": null, "mean_sentiment": null, "value_gap_to_market": null }, "geometry": { "type": "Point", "coordinates": [ -95.4623967, 29.7498383 ] } },
{ "type": "Feature", "properties": { "mean_value": null, "mean_sentiment": null, "value_gap_to_market": null }, "geometry": { "type": "Point", "coordinates": [ -95.4760301, 29.7364284 ] } },
{ "type": "Feature", "properties": { "mean_value": null, "mean_sentiment": null, "value_gap_to_market": null }, "geometry": { "type": "Point", "coordinates": [ -95.4853441, 29.7371232 ] } },
{ "type": "Feature", "properties": { "mean_value": null, "mean_sentiment": null, "value_gap_to_market": null }, "geometry": { "type": "Point", "coordinates": [ -95.487741, 29.7381455 ] } },
{ "type": "Feature", "properties": { "mean_value": null, "mean_sentiment": null, "value_gap_to_market": null }, "geometry": { "type": "Point", "coordinates": [ -95.4472533, 29.7412331 ] } },
{ "type": "Feature", "properties": { "mean_value": null, "mean_sentiment": null, "value_gap_to_market": null }, "geometry": { "type": "Point", "coordinates": [ -95.4863875, 29.7486871 ] } },
{ "type": "Feature", "properties": { "mean_value": null, "mean_sentiment": null, "value_gap_to_market": null }, "geometry": { "type": "Point", "coordinates": [ -95.46864, 29.73772 ] } },
{ "type": "Feature", "properties": { "mean_value": null, "mean_sentiment": null, "value_gap_to_market": null }, "geometry": { "type": "Point", "coordinates": [ -95.4360986, 29.7829772 ] } },
{ "type": "Feature", "properties": { "mean_value": null, "mean_sentiment": null, "value_gap_to_market": null }, "geometry": { "type": "Point", "coordinates": [ -95.4102978, 29.7390756 ] } },
{ "type": "Feature", "properties": { "mean_value": null, "mean_sentiment": null, "value_gap_to_market": null }, "geometry": { "type": "Point", "coordinates": [ -95.46252, 29.74204 ] } },
{ "type": "Feature", "properties": { "mean_value": null, "mean_sentiment": null, "value_gap_to_market": null }, "geometry": { "type": "Point", "coordinates": [ -95.4762056, 29.7372304 ] } },
{ "type": "Feature", "properties": { "mean_value": null, "mean_sentiment": null, "value_gap_to_market": null }, "geometry": { "type": "Point", "coordinates": [ -95.463729, 29.7402109 ] } },
{ "type": "Feature", "properties": { "mean_value": null, "mean_sentiment": null, "value_gap_to_market": null }, "geometry": { "type": "Point", "coordinates": [ -95.4637302, 29.7401119 ] } },
{ "type": "Feature", "properties": { "mean_value": null, "mean_sentiment": null, "value_gap_to_market": null }, "geometry": { "type": "Point", "coordinates": [ -95.4654133, 29.7492093 ] } },
{ "type": "Feature", "properties": { "mean_value": null, "mean_sentiment": null, "value_gap_to_market": null }, "geometry": { "type": "Point", "coordinates": [ -95.4570993, 29.754575 ] } },
{ "type": "Feature", "properties": { "mean_value": null, "mean_sentiment": null, "value_gap_to_market": null }, "geometry": { "type": "Point", "coordinates": [ -95.4573263, 29.7567913 ] } },
{ "type": "Feature", "properties": { "mean_value": null, "mean_sentiment": null, "value_gap_to_market": null }, "geometry": { "type": "Point", "coordinates": [ -95.4850683, 29.7369786 ] } },
{ "type": "Feature", "properties": { "mean_value": null, "mean_sentiment": null, "value_gap_to_market": null }, "geometry": { "type": "Point", "coordinates": [ -95.4923158, 29.73912 ] } },
{ "type": "Feature", "properties": { "mean_value": null, "mean_sentiment": null, "value_gap_to_market": null }, "geometry": { "type": "Point", "coordinates": [ -95.4550421, 29.747784 ] } },
{ "type": "Feature", "properties": { "mean_value": null, "mean_sentiment": null, "value_gap_to_market": null }, "geometry": { "type": "Point", "coordinates": [ -95.4626767, 29.7511747 ] } },
{ "type": "Feature", "properties": { "mean_value": null, "mean_sentiment": null, "value_gap_to_market": null }, "geometry": { "type": "Point", "coordinates": [ -95.4760301, 29.7364284 ] } },
{ "type": "Feature", "properties": { "mean_value": null, "mean_sentiment": null, "value_gap_to_market": null }, "geometry": { "type": "Point", "coordinates": [ -95.4597734, 29.749248 ] } },
{ "type": "Feature", "properties": { "mean_value": null, "mean_sentiment": null, "value_gap_to_market": null }, "geometry": { "type": "Point", "coordinates": [ -95.4821621, 29.7387726 ] } },
{ "type": "Feature", "properties": { "mean_value": null, "mean_sentiment": null, "value_gap_to_market": null }, "geometry": { "type": "Point", "coordinates": [ -95.4714674, 29.7383782 ] } },
{ "type": "Feature", "properties": { "mean_value": null, "mean_sentiment": null, "value_gap_to_market": null }, "geometry": { "type": "Point", "coordinates": [ -95.462876, 29.739106 ] } },
{ "type": "Feature", "properties": { "mean_value": null, "mean_sentiment": null, "value_gap_to_market": null }, "geometry": { "type": "Point", "coordinates": [ -95.4398286, 29.7322707 ] } },
{ "type": "Feature", "properties": { "mean_value": null, "mean_sentiment": null, "value_gap_to_market": null }, "geometry": { "type": "Point", "coordinates": [ -95.3963775, 29.7429409 ] } },
{ "type": "Feature", "properties": { "mean_value": null, "mean_sentiment": null, "value_gap_to_market": null }, "geometry": { "type": "Point", "coordinates": [ -95.3982852, 29.7432355 ] } },
{ "type": "Feature", "properties": { "mean_value": null, "mean_sentiment": null, "value_gap_to_market": null }, "geometry": { "type": "Point", "coordinates": [ -95.4177432, 29.7317724 ] } },
{ "type": "Feature", "properties": { "mean_value": null, "mean_sentiment": null, "value_gap_to_market": null }, "geometry": { "type": "Point", "coordinates": [ -95.4134194, 29.738928 ] } },
{ "type": "Feature", "properties": { "mean_value": null, "mean_sentiment": null, "value_gap_to_market": null }, "geometry": { "type": "Point", "coordinates": [ -95.3984135, 29.7340509 ] } },
{ "type": "Feature", "properties": { "mean_value": null, "mean_sentiment": null, "value_gap_to_market": null }, "geometry": { "type": "Point", "coordinates": [ -95.394266, 29.744597 ] } },
{ "type": "Feature", "properties": { "mean_value": null, "mean_sentiment": null, "value_gap_to_market": null }, "geometry": { "type": "Point", "coordinates": [ -95.4789755, 29.7829408 ] } },
{ "type": "Feature", "properties": { "mean_value": null, "mean_sentiment": null, "value_gap_to_market": null }, "geometry": { "type": "Point", "coordinates": [ -95.4673875, 29.7852658 ] } },
{ "type": "Feature", "properties": { "mean_value": null, "mean_sentiment": null, "value_gap_to_market": null }, "geometry": { "type": "Point", "coordinates": [ -95.4638589, 29.7854526 ] } },
{ "type": "Feature", "properties": { "mean_value": null, "mean_sentiment": null, "value_gap_to_market": null }, "geometry": { "type": "Point", "coordinates": [ -95.4657571, 29.7856561 ] } },
{ "type": "Feature", "properties": { "mean_value": null, "mean_sentiment": null, "value_gap_to_market": null }, "geometry": { "type": "Point", "coordinates": [ -95.4675463, 29.7867913 ] } },
{ "type": "Feature", "properties": { "mean_value": null, "mean_sentiment": null, "value_gap_to_market": null }, "geometry": { "type": "Point", "coordinates": [ -95.4831779, 29.7850464 ] } },
{ "type": "Feature", "properties": { "mean_value": null, "mean_sentiment": null, "value_gap_to_market": null }, "geometry": { "type": "Point", "coordinates": [ -95.480722, 29.785202 ] } },
{ "type": "Feature", "properties": { "mean_value": null, "mean_sentiment": null, "value_gap_to_market": null }, "geometry": { "type": "Point", "coordinates": [ -95.4751011, 29.7848717 ] } },
{ "type": "Feature", "properties": { "mean_value": null, "mean_sentiment": null, "value_gap_to_market": null }, "geometry": { "type": "Point", "coordinates": [ -95.4683333, 29.7875 ] } },
{ "type": "Feature", "properties": { "mean_value": null, "mean_sentiment": null, "value_gap_to_market": null }, "geometry": { "type": "Point", "coordinates": [ -95.4675972, 29.7888254 ] } },
{ "type": "Feature", "properties": { "mean_value": null, "mean_sentiment": null, "value_gap_to_market": null }, "geometry": { "type": "Point", "coordinates": [ -95.486512, 29.747893 ] } },
{ "type": "Feature", "properties": { "mean_value": null, "mean_sentiment": null, "value_gap_to_market": null }, "geometry": { "type": "Point", "coordinates": [ -95.4797904, 29.7370525 ] } },
{ "type": "Feature", "properties": { "mean_value": null, "mean_sentiment": null, "value_gap_to_market": null }, "geometry": { "type": "Point", "coordinates": [ -95.4780976, 29.7373498 ] } },
{ "type": "Feature", "properties": { "mean_value": null, "mean_sentiment": null, "value_gap_to_market": null }, "geometry": { "type": "Point", "coordinates": [ -95.4625156, 29.7498983 ] } },
{ "type": "Feature", "properties": { "mean_value": null, "mean_sentiment": null, "value_gap_to_market": null }, "geometry": { "type": "Point", "coordinates": [ -95.4639417, 29.7364201 ] } },
{ "type": "Feature", "properties": { "mean_value": null, "mean_sentiment": null, "value_gap_to_market": null }, "geometry": { "type": "Point", "coordinates": [ -95.4582873, 29.7473417 ] } },
{ "type": "Feature", "properties": { "mean_value": null, "mean_sentiment": null, "value_gap_to_market": null }, "geometry": { "type": "Point", "coordinates": [ -95.462644, 29.7397126 ] } },
{ "type": "Feature", "properties": { "mean_value": null, "mean_sentiment": null, "value_gap_to_market": null }, "geometry": { "type": "Point", "coordinates": [ -95.4368546, 29.7412817 ] } },
{ "type": "Feature", "properties": { "mean_value": null, "mean_sentiment": null, "value_gap_to_market": null }, "geometry": { "type": "Point", "coordinates": [ -95.4505459, 29.7426115 ] } },
{ "type": "Feature", "properties": { "mean_value": null, "mean_sentiment": null, "value_gap_to_market": null }, "geometry": { "type": "Point", "coordinates": [ -95.4846549, 29.7370124 ] } },
{ "type": "Feature", "properties": { "mean_value": null, "mean_sentiment": null, "value_gap_to_market": null }, "geometry": { "type": "Point", "coordinates": [ -95.4760646, 29.7363133 ] } },
{ "type": "Feature", "properties": { "mean_value": null, "mean_sentiment": null, "value_gap_to_market": null }, "geometry": { "type": "Point", "coordinates": [ -95.4569331, 29.7551815 ] } },
{ "type": "Feature", "properties": { "mean_value": null, "mean_sentiment": null, "value_gap_to_market": null }, "geometry": { "type": "Point", "coordinates": [ -95.4555649, 29.7472427 ] } },
{ "type": "Feature", "properties": { "mean_value": null, "mean_sentiment": null, "value_gap_to_market": null }, "geometry": { "type": "Point", "coordinates": [ -95.4625181, 29.7390096 ] } },
{ "type": "Feature", "properties": { "mean_value": null, "mean_sentiment": null, "value_gap_to_market": null }, "geometry": { "type": "Point", "coordinates": [ -95.4761454, 29.7820849 ] } },
{ "type": "Feature", "properties": { "mean_value": null, "mean_sentiment": null, "value_gap_to_market": null }, "geometry": { "type": "Point", "coordinates": [ -95.4675726, 29.7884049 ] } },
{ "type": "Feature", "properties": { "mean_value": null, "mean_sentiment": null, "value_gap_to_market": null }, "geometry": { "type": "Point", "coordinates": [ -95.4674805, 29.7861723 ] } },
{ "type": "Feature", "properties": { "mean_value": 2.7736389684813751, "mean_sentiment": 0.10898550724637682, "value_gap_to_market": -0.86462442847478327 }, "geometry": { "type": "Point", "coordinates": [ -95.4833142, 29.7829675 ] } },
{ "type": "Feature", "properties": { "mean_value": null, "mean_sentiment": null, "value_gap_to_market": null }, "geometry": { "type": "Point", "coordinates": [ -95.4459572, 29.7859449 ] } },
{ "type": "Feature", "properties": { "mean_value": null, "mean_sentiment": null, "value_gap_to_market": null }, "geometry": { "type": "Point", "coordinates": [ -95.4676214, 29.7833191 ] } },
{ "type": "Feature", "properties": { "mean_value": null, "mean_sentiment": null, "value_gap_to_market": null }, "geometry": { "type": "Point", "coordinates": [ -95.4659039, 29.7855385 ] } },
{ "type": "Feature", "properties": { "mean_value": null, "mean_sentiment": null, "value_gap_to_market": null }, "geometry": { "type": "Point", "coordinates": [ -95.4520646, 29.8010318 ] } },
{ "type": "Feature", "properties": { "mean_value": null, "mean_sentiment": null, "value_gap_to_market": null }, "geometry": { "type": "Point", "coordinates": [ -95.4564483, 29.7899895 ] } },
{ "type": "Feature", "properties": { "mean_value": null, "mean_sentiment": null, "value_gap_to_market": null }, "geometry": { "type": "Point", "coordinates": [ -95.4758247, 29.7826322 ] } },
{ "type": "Feature", "properties": { "mean_value": null, "mean_sentiment": null, "value_gap_to_market": null }, "geometry": { "type": "Point", "coordinates": [ -95.4481767, 29.8005771 ] } },
{ "type": "Feature", "properties": { "mean_value": null, "mean_sentiment": null, "value_gap_to_market": null }, "geometry": { "type": "Point", "coordinates": [ -95.4674143, 29.7852336 ] } },
{ "type": "Feature", "properties": { "mean_value": null, "mean_sentiment": null, "value_gap_to_market": null }, "geometry": { "type": "Point", "coordinates": [ -95.4676132, 29.7876548 ] } },
{ "type": "Feature", "properties": { "mean_value": null, "mean_sentiment": null, "value_gap_to_market": null }, "geometry": { "type": "Point", "coordinates": [ -95.4339986, 29.8011965 ] } },
{ "type": "Feature", "properties": { "mean_value": 3.2515723270440251, "mean_sentiment": 0.30188679245283018, "value_gap_to_market": -0.38669106991213331 }, "geometry": { "type": "Point", "coordinates": [ -95.3985595, 29.734085 ] } },
{ "type": "Feature", "properties": { "mean_value": null, "mean_sentiment": null, "value_gap_to_market": null }, "geometry": { "type": "Point", "coordinates": [ -95.4189487, 29.7265697 ] } },
{ "type": "Feature", "properties": { "mean_value": null, "mean_sentiment": null, "value_gap_to_market": null }, "geometry": { "type": "Point", "coordinates": [ -95.4104274, 29.7394519 ] } },
{ "type": "Feature", "properties": { "mean_value": null, "mean_sentiment": null, "value_gap_to_market": null }, "geometry": { "type": "Point", "coordinates": [ -95.4171405, 29.7343813 ] } },
{ "type": "Feature", "properties": { "mean_value": null, "mean_sentiment": null, "value_gap_to_market": null }, "geometry": { "type": "Point", "coordinates": [ -95.4101909, 29.7330447 ] } },
{ "type": "Feature", "properties": { "mean_value": null, "mean_sentiment": null, "value_gap_to_market": null }, "geometry": { "type": "Point", "coordinates": [ -95.4189514, 29.7359463 ] } },
{ "type": "Feature", "properties": { "mean_value": null, "mean_sentiment": null, "value_gap_to_market": null }, "geometry": { "type": "Point", "coordinates": [ -95.4410752, 29.7343152 ] } },
{ "type": "Feature", "properties": { "mean_value": null, "mean_sentiment": null, "value_gap_to_market": null }, "geometry": { "type": "Point", "coordinates": [ -95.4102656, 29.7332656 ] } },
{ "type": "Feature", "properties": { "mean_value": null, "mean_sentiment": null, "value_gap_to_market": null }, "geometry": { "type": "Point", "coordinates": [ -95.4214267, 29.7414795 ] } },
{ "type": "Feature", "properties": { "mean_value": null, "mean_sentiment": null, "value_gap_to_market": null }, "geometry": { "type": "Point", "coordinates": [ -95.467542, 29.7878155 ] } },
{ "type": "Feature", "properties": { "mean_value": null, "mean_sentiment": null, "value_gap_to_market": null }, "geometry": { "type": "Point", "coordinates": [ -95.467672, 29.7893472 ] } },
{ "type": "Feature", "properties": { "mean_value": null, "mean_sentiment": null, "value_gap_to_market": null }, "geometry": { "type": "Point", "coordinates": [ -95.4633456, 29.7394338 ] } },
{ "type": "Feature", "properties": { "mean_value": null, "mean_sentiment": null, "value_gap_to_market": null }, "geometry": { "type": "Point", "coordinates": [ -95.4783902, 29.7376071 ] } },
{ "type": "Feature", "properties": { "mean_value": null, "mean_sentiment": null, "value_gap_to_market": null }, "geometry": { "type": "Point", "coordinates": [ -95.438042, 29.73789 ] } },
{ "type": "Feature", "properties": { "mean_value": null, "mean_sentiment": null, "value_gap_to_market": null }, "geometry": { "type": "Point", "coordinates": [ -95.4625174, 29.738968 ] } },
{ "type": "Feature", "properties": { "mean_value": null, "mean_sentiment": null, "value_gap_to_market": null }, "geometry": { "type": "Point", "coordinates": [ -95.463295, 29.739225 ] } },
{ "type": "Feature", "properties": { "mean_value": null, "mean_sentiment": null, "value_gap_to_market": null }, "geometry": { "type": "Point", "coordinates": [ -95.4104406, 29.7420409 ] } },
{ "type": "Feature", "properties": { "mean_value": null, "mean_sentiment": null, "value_gap_to_market": null }, "geometry": { "type": "Point", "coordinates": [ -95.4109509, 29.7328551 ] } },
{ "type": "Feature", "properties": { "mean_value": null, "mean_sentiment": null, "value_gap_to_market": null }, "geometry": { "type": "Point", "coordinates": [ -95.4075076, 29.7430606 ] } },
{ "type": "Feature", "properties": { "mean_value": null, "mean_sentiment": null, "value_gap_to_market": null }, "geometry": { "type": "Point", "coordinates": [ -95.3916875, 29.7452926 ] } },
{ "type": "Feature", "properties": { "mean_value": 2.8775, "mean_sentiment": 0.1495, "value_gap_to_market": -0.76076339695615847 }, "geometry": { "type": "Point", "coordinates": [ -95.4127162, 29.7327799 ] } },
{ "type": "Feature", "properties": { "mean_value": null, "mean_sentiment": null, "value_gap_to_market": null }, "geometry": { "type": "Point", "coordinates": [ -95.4410018, 29.73374 ] } },
{ "type": "Feature", "properties": { "mean_value": null, "mean_sentiment": null, "value_gap_to_market": null }, "geometry": { "type": "Point", "coordinates": [ -95.4582132, 29.7354389 ] } },
{ "type": "Feature", "properties": { "mean_value": null, "mean_sentiment": null, "value_gap_to_market": null }, "geometry": { "type": "Point", "coordinates": [ -95.3409578, 29.7619575 ] } },
{ "type": "Feature", "properties": { "mean_value": null, "mean_sentiment": null, "value_gap_to_market": null }, "geometry": { "type": "Point", "coordinates": [ -95.4642658, 29.8142792 ] } },
{ "type": "Feature", "properties": { "mean_value": null, "mean_sentiment": null, "value_gap_to_market": null }, "geometry": { "type": "Point", "coordinates": [ -95.4653337, 29.8190798 ] } },
{ "type": "Feature", "properties": { "mean_value": null, "mean_sentiment": null, "value_gap_to_market": null }, "geometry": { "type": "Point", "coordinates": [ -95.4205872, 29.8039983 ] } },
{ "type": "Feature", "properties": { "mean_value": null, "mean_sentiment": null, "value_gap_to_market": null }, "geometry": { "type": "Point", "coordinates": [ -95.4658424, 29.8191051 ] } },
{ "type": "Feature", "properties": { "mean_value": null, "mean_sentiment": null, "value_gap_to_market": null }, "geometry": { "type": "Point", "coordinates": [ -95.4652935, 29.8190727 ] } },
{ "type": "Feature", "properties": { "mean_value": null, "mean_sentiment": null, "value_gap_to_market": null }, "geometry": { "type": "Point", "coordinates": [ -95.434155, 29.810552 ] } },
{ "type": "Feature", "properties": { "mean_value": null, "mean_sentiment": null, "value_gap_to_market": null }, "geometry": { "type": "Point", "coordinates": [ -95.4549641, 29.8145462 ] } },
{ "type": "Feature", "properties": { "mean_value": null, "mean_sentiment": null, "value_gap_to_market": null }, "geometry": { "type": "Point", "coordinates": [ -95.460547, 29.813371 ] } },
{ "type": "Feature", "properties": { "mean_value": null, "mean_sentiment": null, "value_gap_to_market": null }, "geometry": { "type": "Point", "coordinates": [ -95.4596176, 29.8120052 ] } },
{ "type": "Feature", "properties": { "mean_value": null, "mean_sentiment": null, "value_gap_to_market": null }, "geometry": { "type": "Point", "coordinates": [ -95.4592097, 29.8207905 ] } },
{ "type": "Feature", "properties": { "mean_value": null, "mean_sentiment": null, "value_gap_to_market": null }, "geometry": { "type": "Point", "coordinates": [ -95.4598466, 29.8123905 ] } },
{ "type": "Feature", "properties": { "mean_value": null, "mean_sentiment": null, "value_gap_to_market": null }, "geometry": { "type": "Point", "coordinates": [ -95.4602399, 29.8185321 ] } },
{ "type": "Feature", "properties": { "mean_value": null, "mean_sentiment": null, "value_gap_to_market": null }, "geometry": { "type": "Point", "coordinates": [ -95.4109316, 29.8161538 ] } },
{ "type": "Feature", "properties": { "mean_value": null, "mean_sentiment": null, "value_gap_to_market": null }, "geometry": { "type": "Point", "coordinates": [ -95.4218559, 29.8167489 ] } },
{ "type": "Feature", "properties": { "mean_value": null, "mean_sentiment": null, "value_gap_to_market": null }, "geometry": { "type": "Point", "coordinates": [ -95.3616762, 29.7602468 ] } },
{ "type": "Feature", "properties": { "mean_value": 4.875, "mean_sentiment": 0.95, "value_gap_to_market": 1.2367366030438416 }, "geometry": { "type": "Point", "coordinates": [ -95.3421366, 29.7833295 ] } },
{ "type": "Feature", "properties": { "mean_value": 4.174623115577889, "mean_sentiment": 0.67286432160804022, "value_gap_to_market": 0.5363597186217306 }, "geometry": { "type": "Point", "coordinates": [ -95.1106587, 29.5687669 ] } },
{ "type": "Feature", "properties": { "mean_value": 4.0273556231003038, "mean_sentiment": 0.61063829787234047, "value_gap_to_market": 0.3890922261441454 }, "geometry": { "type": "Point", "coordinates": [ -95.1136513, 29.5589528 ] } },
{ "type": "Feature", "properties": { "mean_value": 3.8528985507246376, "mean_sentiment": 0.53971014492753622, "value_gap_to_market": 0.21463515376847919 }, "geometry": { "type": "Point", "coordinates": [ -95.117314, 29.558594 ] } },
{ "type": "Feature", "properties": { "mean_value": null, "mean_sentiment": null, "value_gap_to_market": null }, "geometry": { "type": "Point", "coordinates": [ -95.157041, 29.5783735 ] } },
{ "type": "Feature", "properties": { "mean_value": 3.4216666666666669, "mean_sentiment": 0.3666666666666667, "value_gap_to_market": -0.21659673028949156 }, "geometry": { "type": "Point", "coordinates": [ -95.1475524, 29.5684432 ] } },
{ "type": "Feature", "properties": { "mean_value": 4.0922717271727169, "mean_sentiment": 0.63562775330396482, "value_gap_to_market": 0.45400833021655851 }, "geometry": { "type": "Point", "coordinates": [ -95.146162, 29.5670371 ] } },
{ "type": "Feature", "properties": { "mean_value": 4.833333333333333, "mean_sentiment": 0.93333333333333335, "value_gap_to_market": 1.1950699363771746 }, "geometry": { "type": "Point", "coordinates": [ -95.1531847, 29.5382816 ] } },
{ "type": "Feature", "properties": { "mean_value": null, "mean_sentiment": null, "value_gap_to_market": null }, "geometry": { "type": "Point", "coordinates": [ -95.1491119, 29.545126 ] } },
{ "type": "Feature", "properties": { "mean_value": null, "mean_sentiment": null, "value_gap_to_market": null }, "geometry": { "type": "Point", "coordinates": [ -95.1413092, 29.5597146 ] } },
{ "type": "Feature", "properties": { "mean_value": null, "mean_sentiment": null, "value_gap_to_market": null }, "geometry": { "type": "Point", "coordinates": [ -95.4003814, 29.7431485 ] } },
{ "type": "Feature", "properties": { "mean_value": null, "mean_sentiment": null, "value_gap_to_market": null }, "geometry": { "type": "Point", "coordinates": [ -95.1150036, 29.5628108 ] } },
{ "type": "Feature", "properties": { "mean_value": null, "mean_sentiment": null, "value_gap_to_market": null }, "geometry": { "type": "Point", "coordinates": [ -95.1096706, 29.5735334 ] } },
{ "type": "Feature", "properties": { "mean_value": null, "mean_sentiment": null, "value_gap_to_market": null }, "geometry": { "type": "Point", "coordinates": [ -95.1066218, 29.5786953 ] } },
{ "type": "Feature", "properties": { "mean_value": null, "mean_sentiment": null, "value_gap_to_market": null }, "geometry": { "type": "Point", "coordinates": [ -95.1235804, 29.5577626 ] } },
{ "type": "Feature", "properties": { "mean_value": null, "mean_sentiment": null, "value_gap_to_market": null }, "geometry": { "type": "Point", "coordinates": [ -95.1070176, 29.5782771 ] } },
{ "type": "Feature", "properties": { "mean_value": null, "mean_sentiment": null, "value_gap_to_market": null }, "geometry": { "type": "Point", "coordinates": [ -95.3655795, 29.754811 ] } },
{ "type": "Feature", "properties": { "mean_value": null, "mean_sentiment": null, "value_gap_to_market": null }, "geometry": { "type": "Point", "coordinates": [ -95.1420991, 29.5613667 ] } },
{ "type": "Feature", "properties": { "mean_value": null, "mean_sentiment": null, "value_gap_to_market": null }, "geometry": { "type": "Point", "coordinates": [ -95.109865, 29.5729309 ] } },
{ "type": "Feature", "properties": { "mean_value": 2.9387351778656128, "mean_sentiment": 0.17272727272727273, "value_gap_to_market": -0.69952821909054563 }, "geometry": { "type": "Point", "coordinates": [ -95.1178267, 29.557722 ] } },
{ "type": "Feature", "properties": { "mean_value": null, "mean_sentiment": null, "value_gap_to_market": null }, "geometry": { "type": "Point", "coordinates": [ -95.1105604, 29.571857 ] } },
{ "type": "Feature", "properties": { "mean_value": 2.25, "mean_sentiment": -0.10218978102189781, "value_gap_to_market": -1.3882633969561584 }, "geometry": { "type": "Point", "coordinates": [ -95.1193397, 29.5547618 ] } },
{ "type": "Feature", "properties": { "mean_value": null, "mean_sentiment": null, "value_gap_to_market": null }, "geometry": { "type": "Point", "coordinates": [ -95.1105828, 29.572235 ] } },
{ "type": "Feature", "properties": { "mean_value": null, "mean_sentiment": null, "value_gap_to_market": null }, "geometry": { "type": "Point", "coordinates": [ -95.1419194, 29.559951 ] } },
{ "type": "Feature", "properties": { "mean_value": null, "mean_sentiment": null, "value_gap_to_market": null }, "geometry": { "type": "Point", "coordinates": [ -95.1399611, 29.5602841 ] } },
{ "type": "Feature", "properties": { "mean_value": 3.1702830188679245, "mean_sentiment": 0.26547169811320753, "value_gap_to_market": -0.46798037808823389 }, "geometry": { "type": "Point", "coordinates": [ -95.1147862, 29.5634376 ] } },
{ "type": "Feature", "properties": { "mean_value": null, "mean_sentiment": null, "value_gap_to_market": null }, "geometry": { "type": "Point", "coordinates": [ -95.110472, 29.572397 ] } },
{ "type": "Feature", "properties": { "mean_value": null, "mean_sentiment": null, "value_gap_to_market": null }, "geometry": { "type": "Point", "coordinates": [ -95.4173144, 29.7169505 ] } },
{ "type": "Feature", "properties": { "mean_value": null, "mean_sentiment": null, "value_gap_to_market": null }, "geometry": { "type": "Point", "coordinates": [ -95.4151532, 29.7187005 ] } },
{ "type": "Feature", "properties": { "mean_value": null, "mean_sentiment": null, "value_gap_to_market": null }, "geometry": { "type": "Point", "coordinates": [ -95.4184553, 29.7371915 ] } },
{ "type": "Feature", "properties": { "mean_value": null, "mean_sentiment": null, "value_gap_to_market": null }, "geometry": { "type": "Point", "coordinates": [ -95.4213042, 29.7412459 ] } },
{ "type": "Feature", "properties": { "mean_value": null, "mean_sentiment": null, "value_gap_to_market": null }, "geometry": { "type": "Point", "coordinates": [ -95.3940088, 29.7342181 ] } },
{ "type": "Feature", "properties": { "mean_value": null, "mean_sentiment": null, "value_gap_to_market": null }, "geometry": { "type": "Point", "coordinates": [ -95.3952829, 29.7389636 ] } },
{ "type": "Feature", "properties": { "mean_value": null, "mean_sentiment": null, "value_gap_to_market": null }, "geometry": { "type": "Point", "coordinates": [ -95.414316, 29.7170868 ] } },
{ "type": "Feature", "properties": { "mean_value": null, "mean_sentiment": null, "value_gap_to_market": null }, "geometry": { "type": "Point", "coordinates": [ -95.4174994, 29.71536 ] } },
{ "type": "Feature", "properties": { "mean_value": null, "mean_sentiment": null, "value_gap_to_market": null }, "geometry": { "type": "Point", "coordinates": [ -95.4103281, 29.7257955 ] } },
{ "type": "Feature", "properties": { "mean_value": null, "mean_sentiment": null, "value_gap_to_market": null }, "geometry": { "type": "Point", "coordinates": [ -95.4147576, 29.714878 ] } },
{ "type": "Feature", "properties": { "mean_value": null, "mean_sentiment": null, "value_gap_to_market": null }, "geometry": { "type": "Point", "coordinates": [ -95.4164519, 29.7195517 ] } },
{ "type": "Feature", "properties": { "mean_value": null, "mean_sentiment": null, "value_gap_to_market": null }, "geometry": { "type": "Point", "coordinates": [ -95.3845895, 29.7448972 ] } },
{ "type": "Feature", "properties": { "mean_value": null, "mean_sentiment": null, "value_gap_to_market": null }, "geometry": { "type": "Point", "coordinates": [ -95.437361, 29.7284365 ] } },
{ "type": "Feature", "properties": { "mean_value": null, "mean_sentiment": null, "value_gap_to_market": null }, "geometry": { "type": "Point", "coordinates": [ -95.4006222, 29.7107722 ] } },
{ "type": "Feature", "properties": { "mean_value": null, "mean_sentiment": null, "value_gap_to_market": null }, "geometry": { "type": "Point", "coordinates": [ -95.4408251, 29.7419723 ] } },
{ "type": "Feature", "properties": { "mean_value": null, "mean_sentiment": null, "value_gap_to_market": null }, "geometry": { "type": "Point", "coordinates": [ -95.4832552, 29.7415347 ] } },
{ "type": "Feature", "properties": { "mean_value": null, "mean_sentiment": null, "value_gap_to_market": null }, "geometry": { "type": "Point", "coordinates": [ -95.4665969, 29.749002 ] } },
{ "type": "Feature", "properties": { "mean_value": null, "mean_sentiment": null, "value_gap_to_market": null }, "geometry": { "type": "Point", "coordinates": [ -95.4595535, 29.7493231 ] } },
{ "type": "Feature", "properties": { "mean_value": null, "mean_sentiment": null, "value_gap_to_market": null }, "geometry": { "type": "Point", "coordinates": [ -95.457115, 29.7575395 ] } },
{ "type": "Feature", "properties": { "mean_value": null, "mean_sentiment": null, "value_gap_to_market": null }, "geometry": { "type": "Point", "coordinates": [ -95.4621525, 29.7510333 ] } },
{ "type": "Feature", "properties": { "mean_value": null, "mean_sentiment": null, "value_gap_to_market": null }, "geometry": { "type": "Point", "coordinates": [ -95.4668363, 29.7259868 ] } },
{ "type": "Feature", "properties": { "mean_value": null, "mean_sentiment": null, "value_gap_to_market": null }, "geometry": { "type": "Point", "coordinates": [ -95.4983567, 29.7372015 ] } },
{ "type": "Feature", "properties": { "mean_value": null, "mean_sentiment": null, "value_gap_to_market": null }, "geometry": { "type": "Point", "coordinates": [ -95.4999854, 29.7454539 ] } },
{ "type": "Feature", "properties": { "mean_value": null, "mean_sentiment": null, "value_gap_to_market": null }, "geometry": { "type": "Point", "coordinates": [ -95.5039441, 29.7371721 ] } },
{ "type": "Feature", "properties": { "mean_value": null, "mean_sentiment": null, "value_gap_to_market": null }, "geometry": { "type": "Point", "coordinates": [ -95.4177235, 29.7172947 ] } },
{ "type": "Feature", "properties": { "mean_value": null, "mean_sentiment": null, "value_gap_to_market": null }, "geometry": { "type": "Point", "coordinates": [ -95.4060222, 29.7259823 ] } },
{ "type": "Feature", "properties": { "mean_value": null, "mean_sentiment": null, "value_gap_to_market": null }, "geometry": { "type": "Point", "coordinates": [ -95.4790906, 29.7628602 ] } },
{ "type": "Feature", "properties": { "mean_value": null, "mean_sentiment": null, "value_gap_to_market": null }, "geometry": { "type": "Point", "coordinates": [ -95.5017381, 29.7335566 ] } },
{ "type": "Feature", "properties": { "mean_value": null, "mean_sentiment": null, "value_gap_to_market": null }, "geometry": { "type": "Point", "coordinates": [ -95.4979062, 29.7372754 ] } },
{ "type": "Feature", "properties": { "mean_value": null, "mean_sentiment": null, "value_gap_to_market": null }, "geometry": { "type": "Point", "coordinates": [ -95.4532191, 29.7437372 ] } },
{ "type": "Feature", "properties": { "mean_value": null, "mean_sentiment": null, "value_gap_to_market": null }, "geometry": { "type": "Point", "coordinates": [ -95.4965603, 29.7490102 ] } },
{ "type": "Feature", "properties": { "mean_value": null, "mean_sentiment": null, "value_gap_to_market": null }, "geometry": { "type": "Point", "coordinates": [ -95.4147641, 29.7163626 ] } },
{ "type": "Feature", "properties": { "mean_value": null, "mean_sentiment": null, "value_gap_to_market": null }, "geometry": { "type": "Point", "coordinates": [ -95.4264686, 29.7337469 ] } },
{ "type": "Feature", "properties": { "mean_value": null, "mean_sentiment": null, "value_gap_to_market": null }, "geometry": { "type": "Point", "coordinates": [ -95.4172291, 29.7064098 ] } },
{ "type": "Feature", "properties": { "mean_value": null, "mean_sentiment": null, "value_gap_to_market": null }, "geometry": { "type": "Point", "coordinates": [ -95.411642, 29.7065374 ] } },
{ "type": "Feature", "properties": { "mean_value": null, "mean_sentiment": null, "value_gap_to_market": null }, "geometry": { "type": "Point", "coordinates": [ -95.4370544, 29.7298502 ] } },
{ "type": "Feature", "properties": { "mean_value": null, "mean_sentiment": null, "value_gap_to_market": null }, "geometry": { "type": "Point", "coordinates": [ -95.4122874, 29.7072289 ] } },
{ "type": "Feature", "properties": { "mean_value": null, "mean_sentiment": null, "value_gap_to_market": null }, "geometry": { "type": "Point", "coordinates": [ -95.415194, 29.7064321 ] } },
{ "type": "Feature", "properties": { "mean_value": null, "mean_sentiment": null, "value_gap_to_market": null }, "geometry": { "type": "Point", "coordinates": [ -95.4378911, 29.7283201 ] } },
{ "type": "Feature", "properties": { "mean_value": null, "mean_sentiment": null, "value_gap_to_market": null }, "geometry": { "type": "Point", "coordinates": [ -95.3916443, 29.7303341 ] } },
{ "type": "Feature", "properties": { "mean_value": null, "mean_sentiment": null, "value_gap_to_market": null }, "geometry": { "type": "Point", "coordinates": [ -95.3913942, 29.7332987 ] } },
{ "type": "Feature", "properties": { "mean_value": null, "mean_sentiment": null, "value_gap_to_market": null }, "geometry": { "type": "Point", "coordinates": [ -95.3959152, 29.7055077 ] } },
{ "type": "Feature", "properties": { "mean_value": null, "mean_sentiment": null, "value_gap_to_market": null }, "geometry": { "type": "Point", "coordinates": [ -95.4601709, 29.7635897 ] } },
{ "type": "Feature", "properties": { "mean_value": null, "mean_sentiment": null, "value_gap_to_market": null }, "geometry": { "type": "Point", "coordinates": [ -95.4535173, 29.7435014 ] } },
{ "type": "Feature", "properties": { "mean_value": null, "mean_sentiment": null, "value_gap_to_market": null }, "geometry": { "type": "Point", "coordinates": [ -95.4571192, 29.7566996 ] } },
{ "type": "Feature", "properties": { "mean_value": null, "mean_sentiment": null, "value_gap_to_market": null }, "geometry": { "type": "Point", "coordinates": [ -95.4508261, 29.7429752 ] } },
{ "type": "Feature", "properties": { "mean_value": null, "mean_sentiment": null, "value_gap_to_market": null }, "geometry": { "type": "Point", "coordinates": [ -95.4602264, 29.7515157 ] } },
{ "type": "Feature", "properties": { "mean_value": null, "mean_sentiment": null, "value_gap_to_market": null }, "geometry": { "type": "Point", "coordinates": [ -95.4864839, 29.7491031 ] } },
{ "type": "Feature", "properties": { "mean_value": null, "mean_sentiment": null, "value_gap_to_market": null }, "geometry": { "type": "Point", "coordinates": [ -95.4608619, 29.7469976 ] } },
{ "type": "Feature", "properties": { "mean_value": null, "mean_sentiment": null, "value_gap_to_market": null }, "geometry": { "type": "Point", "coordinates": [ -95.486527, 29.7471017 ] } },
{ "type": "Feature", "properties": { "mean_value": null, "mean_sentiment": null, "value_gap_to_market": null }, "geometry": { "type": "Point", "coordinates": [ -95.467972, 29.731946 ] } },
{ "type": "Feature", "properties": { "mean_value": null, "mean_sentiment": null, "value_gap_to_market": null }, "geometry": { "type": "Point", "coordinates": [ -95.4640332, 29.732699 ] } },
{ "type": "Feature", "properties": { "mean_value": null, "mean_sentiment": null, "value_gap_to_market": null }, "geometry": { "type": "Point", "coordinates": [ -95.5137413, 29.736963 ] } },
{ "type": "Feature", "properties": { "mean_value": null, "mean_sentiment": null, "value_gap_to_market": null }, "geometry": { "type": "Point", "coordinates": [ -95.496001, 29.7390075 ] } },
{ "type": "Feature", "properties": { "mean_value": null, "mean_sentiment": null, "value_gap_to_market": null }, "geometry": { "type": "Point", "coordinates": [ -95.4405719, 29.7322442 ] } },
{ "type": "Feature", "properties": { "mean_value": null, "mean_sentiment": null, "value_gap_to_market": null }, "geometry": { "type": "Point", "coordinates": [ -95.4107884, 29.7059155 ] } },
{ "type": "Feature", "properties": { "mean_value": null, "mean_sentiment": null, "value_gap_to_market": null }, "geometry": { "type": "Point", "coordinates": [ -95.4360309, 29.7321751 ] } },
{ "type": "Feature", "properties": { "mean_value": null, "mean_sentiment": null, "value_gap_to_market": null }, "geometry": { "type": "Point", "coordinates": [ -95.4140069, 29.7065343 ] } },
{ "type": "Feature", "properties": { "mean_value": 3.813976377952756, "mean_sentiment": 0.52480314960629926, "value_gap_to_market": 0.1757129809965976 }, "geometry": { "type": "Point", "coordinates": [ -95.4372472, 29.7324208 ] } },
{ "type": "Feature", "properties": { "mean_value": null, "mean_sentiment": null, "value_gap_to_market": null }, "geometry": { "type": "Point", "coordinates": [ -95.3949937, 29.7324466 ] } },
{ "type": "Feature", "properties": { "mean_value": null, "mean_sentiment": null, "value_gap_to_market": null }, "geometry": { "type": "Point", "coordinates": [ -95.4012774, 29.709626 ] } },
{ "type": "Feature", "properties": { "mean_value": null, "mean_sentiment": null, "value_gap_to_market": null }, "geometry": { "type": "Point", "coordinates": [ -95.4768841, 29.7324775 ] } },
{ "type": "Feature", "properties": { "mean_value": null, "mean_sentiment": null, "value_gap_to_market": null }, "geometry": { "type": "Point", "coordinates": [ -95.498974, 29.7180056 ] } },
{ "type": "Feature", "properties": { "mean_value": null, "mean_sentiment": null, "value_gap_to_market": null }, "geometry": { "type": "Point", "coordinates": [ -95.4946762, 29.7135154 ] } },
{ "type": "Feature", "properties": { "mean_value": null, "mean_sentiment": null, "value_gap_to_market": null }, "geometry": { "type": "Point", "coordinates": [ -95.4824066, 29.7599201 ] } },
{ "type": "Feature", "properties": { "mean_value": null, "mean_sentiment": null, "value_gap_to_market": null }, "geometry": { "type": "Point", "coordinates": [ -95.4540276, 29.7426072 ] } },
{ "type": "Feature", "properties": { "mean_value": null, "mean_sentiment": null, "value_gap_to_market": null }, "geometry": { "type": "Point", "coordinates": [ -95.4532933, 29.7419142 ] } },
{ "type": "Feature", "properties": { "mean_value": null, "mean_sentiment": null, "value_gap_to_market": null }, "geometry": { "type": "Point", "coordinates": [ -95.4653976, 29.749606 ] } },
{ "type": "Feature", "properties": { "mean_value": null, "mean_sentiment": null, "value_gap_to_market": null }, "geometry": { "type": "Point", "coordinates": [ -95.4844247, 29.7495792 ] } },
{ "type": "Feature", "properties": { "mean_value": null, "mean_sentiment": null, "value_gap_to_market": null }, "geometry": { "type": "Point", "coordinates": [ -95.4608725, 29.7481288 ] } },
{ "type": "Feature", "properties": { "mean_value": null, "mean_sentiment": null, "value_gap_to_market": null }, "geometry": { "type": "Point", "coordinates": [ -95.4960275, 29.7322928 ] } },
{ "type": "Feature", "properties": { "mean_value": null, "mean_sentiment": null, "value_gap_to_market": null }, "geometry": { "type": "Point", "coordinates": [ -95.5016159, 29.7325365 ] } },
{ "type": "Feature", "properties": { "mean_value": null, "mean_sentiment": null, "value_gap_to_market": null }, "geometry": { "type": "Point", "coordinates": [ -95.4911847, 29.7389547 ] } },
{ "type": "Feature", "properties": { "mean_value": null, "mean_sentiment": null, "value_gap_to_market": null }, "geometry": { "type": "Point", "coordinates": [ -95.4844878, 29.7288159 ] } },
{ "type": "Feature", "properties": { "mean_value": null, "mean_sentiment": null, "value_gap_to_market": null }, "geometry": { "type": "Point", "coordinates": [ -95.5016149, 29.7325104 ] } },
{ "type": "Feature", "properties": { "mean_value": null, "mean_sentiment": null, "value_gap_to_market": null }, "geometry": { "type": "Point", "coordinates": [ -95.495099, 29.732203 ] } },
{ "type": "Feature", "properties": { "mean_value": 4.4347826086956523, "mean_sentiment": 0.77391304347826084, "value_gap_to_market": 0.79651921173949392 }, "geometry": { "type": "Point", "coordinates": [ -95.4181851, 29.7224707 ] } },
{ "type": "Feature", "properties": { "mean_value": null, "mean_sentiment": null, "value_gap_to_market": null }, "geometry": { "type": "Point", "coordinates": [ -95.4172225, 29.7276881 ] } },
{ "type": "Feature", "properties": { "mean_value": 3.4067919075144508, "mean_sentiment": 0.36156069364161852, "value_gap_to_market": -0.23147148944170759 }, "geometry": { "type": "Point", "coordinates": [ -95.4158263, 29.7233578 ] } },
{ "type": "Feature", "properties": { "mean_value": null, "mean_sentiment": null, "value_gap_to_market": null }, "geometry": { "type": "Point", "coordinates": [ -95.4010467, 29.7100605 ] } },
{ "type": "Feature", "properties": { "mean_value": null, "mean_sentiment": null, "value_gap_to_market": null }, "geometry": { "type": "Point", "coordinates": [ -95.4282331, 29.7265111 ] } },
{ "type": "Feature", "properties": { "mean_value": null, "mean_sentiment": null, "value_gap_to_market": null }, "geometry": { "type": "Point", "coordinates": [ -95.4253271, 29.7056269 ] } },
{ "type": "Feature", "properties": { "mean_value": null, "mean_sentiment": null, "value_gap_to_market": null }, "geometry": { "type": "Point", "coordinates": [ -95.4010467, 29.7100605 ] } },
{ "type": "Feature", "properties": { "mean_value": null, "mean_sentiment": null, "value_gap_to_market": null }, "geometry": { "type": "Point", "coordinates": [ -95.5018943, 29.7154899 ] } },
{ "type": "Feature", "properties": { "mean_value": null, "mean_sentiment": null, "value_gap_to_market": null }, "geometry": { "type": "Point", "coordinates": [ -95.4819185, 29.7001225 ] } },
{ "type": "Feature", "properties": { "mean_value": null, "mean_sentiment": null, "value_gap_to_market": null }, "geometry": { "type": "Point", "coordinates": [ -95.5143642, 29.7288396 ] } },
{ "type": "Feature", "properties": { "mean_value": null, "mean_sentiment": null, "value_gap_to_market": null }, "geometry": { "type": "Point", "coordinates": [ -95.495086, 29.7140704 ] } },
{ "type": "Feature", "properties": { "mean_value": null, "mean_sentiment": null, "value_gap_to_market": null }, "geometry": { "type": "Point", "coordinates": [ -95.4827781, 29.7059721 ] } },
{ "type": "Feature", "properties": { "mean_value": null, "mean_sentiment": null, "value_gap_to_market": null }, "geometry": { "type": "Point", "coordinates": [ -95.4953698, 29.7144853 ] } },
{ "type": "Feature", "properties": { "mean_value": null, "mean_sentiment": null, "value_gap_to_market": null }, "geometry": { "type": "Point", "coordinates": [ -95.4975229, 29.7382366 ] } },
{ "type": "Feature", "properties": { "mean_value": null, "mean_sentiment": null, "value_gap_to_market": null }, "geometry": { "type": "Point", "coordinates": [ -95.4968116, 29.7372073 ] } },
{ "type": "Feature", "properties": { "mean_value": null, "mean_sentiment": null, "value_gap_to_market": null }, "geometry": { "type": "Point", "coordinates": [ -95.4968077, 29.7379917 ] } },
{ "type": "Feature", "properties": { "mean_value": null, "mean_sentiment": null, "value_gap_to_market": null }, "geometry": { "type": "Point", "coordinates": [ -95.5132634, 29.736859 ] } },
{ "type": "Feature", "properties": { "mean_value": null, "mean_sentiment": null, "value_gap_to_market": null }, "geometry": { "type": "Point", "coordinates": [ -95.50063, 29.7204049 ] } },
{ "type": "Feature", "properties": { "mean_value": null, "mean_sentiment": null, "value_gap_to_market": null }, "geometry": { "type": "Point", "coordinates": [ -95.4852677, 29.7178678 ] } },
{ "type": "Feature", "properties": { "mean_value": null, "mean_sentiment": null, "value_gap_to_market": null }, "geometry": { "type": "Point", "coordinates": [ -95.487804, 29.7320225 ] } },
{ "type": "Feature", "properties": { "mean_value": 4.0776, "mean_sentiment": 0.63338670936749397, "value_gap_to_market": 0.43933660304384192 }, "geometry": { "type": "Point", "coordinates": [ -95.4565036, 29.7514914 ] } },
{ "type": "Feature", "properties": { "mean_value": null, "mean_sentiment": null, "value_gap_to_market": null }, "geometry": { "type": "Point", "coordinates": [ -95.4851092, 29.7503589 ] } },
{ "type": "Feature", "properties": { "mean_value": null, "mean_sentiment": null, "value_gap_to_market": null }, "geometry": { "type": "Point", "coordinates": [ -95.4571152, 29.7545792 ] } },
{ "type": "Feature", "properties": { "mean_value": null, "mean_sentiment": null, "value_gap_to_market": null }, "geometry": { "type": "Point", "coordinates": [ -95.5006103, 29.7169839 ] } },
{ "type": "Feature", "properties": { "mean_value": null, "mean_sentiment": null, "value_gap_to_market": null }, "geometry": { "type": "Point", "coordinates": [ -95.4110255, 29.7323031 ] } },
{ "type": "Feature", "properties": { "mean_value": null, "mean_sentiment": null, "value_gap_to_market": null }, "geometry": { "type": "Point", "coordinates": [ -95.4412578, 29.734049 ] } },
{ "type": "Feature", "properties": { "mean_value": null, "mean_sentiment": null, "value_gap_to_market": null }, "geometry": { "type": "Point", "coordinates": [ -95.4388438, 29.7313178 ] } },
{ "type": "Feature", "properties": { "mean_value": 2.3100393700787403, "mean_sentiment": -0.083399209486166012, "value_gap_to_market": -1.3282240268774181 }, "geometry": { "type": "Point", "coordinates": [ -95.4011519, 29.7097424 ] } },
{ "type": "Feature", "properties": { "mean_value": null, "mean_sentiment": null, "value_gap_to_market": null }, "geometry": { "type": "Point", "coordinates": [ -95.4301503, 29.7288226 ] } },
{ "type": "Feature", "properties": { "mean_value": null, "mean_sentiment": null, "value_gap_to_market": null }, "geometry": { "type": "Point", "coordinates": [ -95.426542, 29.7048663 ] } },
{ "type": "Feature", "properties": { "mean_value": 3.0989709443099271, "mean_sentiment": 0.23953771289537715, "value_gap_to_market": -0.53929245264623127 }, "geometry": { "type": "Point", "coordinates": [ -95.4182791, 29.7318217 ] } },
{ "type": "Feature", "properties": { "mean_value": null, "mean_sentiment": null, "value_gap_to_market": null }, "geometry": { "type": "Point", "coordinates": [ -95.4218412, 29.7258404 ] } },
{ "type": "Feature", "properties": { "mean_value": null, "mean_sentiment": null, "value_gap_to_market": null }, "geometry": { "type": "Point", "coordinates": [ -95.478685, 29.704767 ] } },
{ "type": "Feature", "properties": { "mean_value": null, "mean_sentiment": null, "value_gap_to_market": null }, "geometry": { "type": "Point", "coordinates": [ -95.4754381, 29.7252261 ] } },
{ "type": "Feature", "properties": { "mean_value": null, "mean_sentiment": null, "value_gap_to_market": null }, "geometry": { "type": "Point", "coordinates": [ -95.5073479, 29.7368414 ] } },
{ "type": "Feature", "properties": { "mean_value": null, "mean_sentiment": null, "value_gap_to_market": null }, "geometry": { "type": "Point", "coordinates": [ -95.4970609, 29.7165708 ] } },
{ "type": "Feature", "properties": { "mean_value": null, "mean_sentiment": null, "value_gap_to_market": null }, "geometry": { "type": "Point", "coordinates": [ -95.48512, 29.7302219 ] } },
{ "type": "Feature", "properties": { "mean_value": null, "mean_sentiment": null, "value_gap_to_market": null }, "geometry": { "type": "Point", "coordinates": [ -95.500451, 29.720251 ] } },
{ "type": "Feature", "properties": { "mean_value": null, "mean_sentiment": null, "value_gap_to_market": null }, "geometry": { "type": "Point", "coordinates": [ -95.5007256, 29.7323207 ] } },
{ "type": "Feature", "properties": { "mean_value": null, "mean_sentiment": null, "value_gap_to_market": null }, "geometry": { "type": "Point", "coordinates": [ -95.500526, 29.720942 ] } },
{ "type": "Feature", "properties": { "mean_value": null, "mean_sentiment": null, "value_gap_to_market": null }, "geometry": { "type": "Point", "coordinates": [ -95.4669072, 29.7628385 ] } },
{ "type": "Feature", "properties": { "mean_value": null, "mean_sentiment": null, "value_gap_to_market": null }, "geometry": { "type": "Point", "coordinates": [ -95.4564241, 29.7554331 ] } },
{ "type": "Feature", "properties": { "mean_value": null, "mean_sentiment": null, "value_gap_to_market": null }, "geometry": { "type": "Point", "coordinates": [ -95.4783214, 29.7494338 ] } },
{ "type": "Feature", "properties": { "mean_value": null, "mean_sentiment": null, "value_gap_to_market": null }, "geometry": { "type": "Point", "coordinates": [ -95.4843258, 29.7493988 ] } },
{ "type": "Feature", "properties": { "mean_value": null, "mean_sentiment": null, "value_gap_to_market": null }, "geometry": { "type": "Point", "coordinates": [ -95.45317, 29.7435824 ] } },
{ "type": "Feature", "properties": { "mean_value": null, "mean_sentiment": null, "value_gap_to_market": null }, "geometry": { "type": "Point", "coordinates": [ -95.4589494, 29.7527593 ] } },
{ "type": "Feature", "properties": { "mean_value": null, "mean_sentiment": null, "value_gap_to_market": null }, "geometry": { "type": "Point", "coordinates": [ -95.4409967, 29.73392 ] } },
{ "type": "Feature", "properties": { "mean_value": null, "mean_sentiment": null, "value_gap_to_market": null }, "geometry": { "type": "Point", "coordinates": [ -95.4014155, 29.7094825 ] } },
{ "type": "Feature", "properties": { "mean_value": null, "mean_sentiment": null, "value_gap_to_market": null }, "geometry": { "type": "Point", "coordinates": [ -95.4379393, 29.7298466 ] } },
{ "type": "Feature", "properties": { "mean_value": null, "mean_sentiment": null, "value_gap_to_market": null }, "geometry": { "type": "Point", "coordinates": [ -95.44112, 29.73379 ] } },
{ "type": "Feature", "properties": { "mean_value": null, "mean_sentiment": null, "value_gap_to_market": null }, "geometry": { "type": "Point", "coordinates": [ -95.5055242, 29.7070997 ] } },
{ "type": "Feature", "properties": { "mean_value": null, "mean_sentiment": null, "value_gap_to_market": null }, "geometry": { "type": "Point", "coordinates": [ -95.4763094, 29.7308626 ] } },
{ "type": "Feature", "properties": { "mean_value": null, "mean_sentiment": null, "value_gap_to_market": null }, "geometry": { "type": "Point", "coordinates": [ -95.4840735, 29.7050546 ] } },
{ "type": "Feature", "properties": { "mean_value": null, "mean_sentiment": null, "value_gap_to_market": null }, "geometry": { "type": "Point", "coordinates": [ -95.4821641, 29.7311572 ] } },
{ "type": "Feature", "properties": { "mean_value": null, "mean_sentiment": null, "value_gap_to_market": null }, "geometry": { "type": "Point", "coordinates": [ -95.4817529, 29.705833 ] } },
{ "type": "Feature", "properties": { "mean_value": null, "mean_sentiment": null, "value_gap_to_market": null }, "geometry": { "type": "Point", "coordinates": [ -95.4905754, 29.7050069 ] } },
{ "type": "Feature", "properties": { "mean_value": null, "mean_sentiment": null, "value_gap_to_market": null }, "geometry": { "type": "Point", "coordinates": [ -95.4885553, 29.7076249 ] } },
{ "type": "Feature", "properties": { "mean_value": null, "mean_sentiment": null, "value_gap_to_market": null }, "geometry": { "type": "Point", "coordinates": [ -95.477167, 29.716929 ] } },
{ "type": "Feature", "properties": { "mean_value": null, "mean_sentiment": null, "value_gap_to_market": null }, "geometry": { "type": "Point", "coordinates": [ -95.483918, 29.7064954 ] } },
{ "type": "Feature", "properties": { "mean_value": null, "mean_sentiment": null, "value_gap_to_market": null }, "geometry": { "type": "Point", "coordinates": [ -95.5075276, 29.7368606 ] } },
{ "type": "Feature", "properties": { "mean_value": null, "mean_sentiment": null, "value_gap_to_market": null }, "geometry": { "type": "Point", "coordinates": [ -95.5069614, 29.737064 ] } },
{ "type": "Feature", "properties": { "mean_value": null, "mean_sentiment": null, "value_gap_to_market": null }, "geometry": { "type": "Point", "coordinates": [ -95.5072192, 29.7377633 ] } },
{ "type": "Feature", "properties": { "mean_value": null, "mean_sentiment": null, "value_gap_to_market": null }, "geometry": { "type": "Point", "coordinates": [ -95.4768699, 29.7361423 ] } },
{ "type": "Feature", "properties": { "mean_value": null, "mean_sentiment": null, "value_gap_to_market": null }, "geometry": { "type": "Point", "coordinates": [ -95.4995018, 29.7371693 ] } },
{ "type": "Feature", "properties": { "mean_value": null, "mean_sentiment": null, "value_gap_to_market": null }, "geometry": { "type": "Point", "coordinates": [ -95.4777917, 29.7311775 ] } },
{ "type": "Feature", "properties": { "mean_value": null, "mean_sentiment": null, "value_gap_to_market": null }, "geometry": { "type": "Point", "coordinates": [ -95.4993294, 29.7384259 ] } },
{ "type": "Feature", "properties": { "mean_value": null, "mean_sentiment": null, "value_gap_to_market": null }, "geometry": { "type": "Point", "coordinates": [ -95.4886454, 29.7185656 ] } },
{ "type": "Feature", "properties": { "mean_value": null, "mean_sentiment": null, "value_gap_to_market": null }, "geometry": { "type": "Point", "coordinates": [ -95.5004492, 29.7187555 ] } },
{ "type": "Feature", "properties": { "mean_value": null, "mean_sentiment": null, "value_gap_to_market": null }, "geometry": { "type": "Point", "coordinates": [ -95.4565676, 29.7574245 ] } },
{ "type": "Feature", "properties": { "mean_value": null, "mean_sentiment": null, "value_gap_to_market": null }, "geometry": { "type": "Point", "coordinates": [ -95.466467, 29.748976 ] } },
{ "type": "Feature", "properties": { "mean_value": null, "mean_sentiment": null, "value_gap_to_market": null }, "geometry": { "type": "Point", "coordinates": [ -95.4773072, 29.7506532 ] } },
{ "type": "Feature", "properties": { "mean_value": null, "mean_sentiment": null, "value_gap_to_market": null }, "geometry": { "type": "Point", "coordinates": [ -95.4606252, 29.7414567 ] } },
{ "type": "Feature", "properties": { "mean_value": null, "mean_sentiment": null, "value_gap_to_market": null }, "geometry": { "type": "Point", "coordinates": [ -95.5146907, 29.7288204 ] } },
{ "type": "Feature", "properties": { "mean_value": null, "mean_sentiment": null, "value_gap_to_market": null }, "geometry": { "type": "Point", "coordinates": [ -95.5010105, 29.7164909 ] } },
{ "type": "Feature", "properties": { "mean_value": null, "mean_sentiment": null, "value_gap_to_market": null }, "geometry": { "type": "Point", "coordinates": [ -95.5004373, 29.7175215 ] } },
{ "type": "Feature", "properties": { "mean_value": null, "mean_sentiment": null, "value_gap_to_market": null }, "geometry": { "type": "Point", "coordinates": [ -95.500327, 29.7312323 ] } },
{ "type": "Feature", "properties": { "mean_value": null, "mean_sentiment": null, "value_gap_to_market": null }, "geometry": { "type": "Point", "coordinates": [ -95.5009266, 29.7161779 ] } },
{ "type": "Feature", "properties": { "mean_value": null, "mean_sentiment": null, "value_gap_to_market": null }, "geometry": { "type": "Point", "coordinates": [ -95.4759379, 29.7097151 ] } },
{ "type": "Feature", "properties": { "mean_value": null, "mean_sentiment": null, "value_gap_to_market": null }, "geometry": { "type": "Point", "coordinates": [ -95.5205135, 29.7179418 ] } },
{ "type": "Feature", "properties": { "mean_value": null, "mean_sentiment": null, "value_gap_to_market": null }, "geometry": { "type": "Point", "coordinates": [ -95.5203002, 29.7340428 ] } },
{ "type": "Feature", "properties": { "mean_value": null, "mean_sentiment": null, "value_gap_to_market": null }, "geometry": { "type": "Point", "coordinates": [ -95.5124676, 29.7380211 ] } },
{ "type": "Feature", "properties": { "mean_value": null, "mean_sentiment": null, "value_gap_to_market": null }, "geometry": { "type": "Point", "coordinates": [ -95.5138697, 29.7366906 ] } },
{ "type": "Feature", "properties": { "mean_value": null, "mean_sentiment": null, "value_gap_to_market": null }, "geometry": { "type": "Point", "coordinates": [ -95.5140694, 29.7281796 ] } },
{ "type": "Feature", "properties": { "mean_value": null, "mean_sentiment": null, "value_gap_to_market": null }, "geometry": { "type": "Point", "coordinates": [ -95.501802, 29.730745 ] } },
{ "type": "Feature", "properties": { "mean_value": null, "mean_sentiment": null, "value_gap_to_market": null }, "geometry": { "type": "Point", "coordinates": [ -95.5001137, 29.7169288 ] } },
{ "type": "Feature", "properties": { "mean_value": null, "mean_sentiment": null, "value_gap_to_market": null }, "geometry": { "type": "Point", "coordinates": [ -95.5005411, 29.7213025 ] } },
{ "type": "Feature", "properties": { "mean_value": null, "mean_sentiment": null, "value_gap_to_market": null }, "geometry": { "type": "Point", "coordinates": [ -95.4934082, 29.7120494 ] } },
{ "type": "Feature", "properties": { "mean_value": null, "mean_sentiment": null, "value_gap_to_market": null }, "geometry": { "type": "Point", "coordinates": [ -95.507977, 29.710865 ] } },
{ "type": "Feature", "properties": { "mean_value": null, "mean_sentiment": null, "value_gap_to_market": null }, "geometry": { "type": "Point", "coordinates": [ -95.5021241, 29.7200331 ] } },
{ "type": "Feature", "properties": { "mean_value": null, "mean_sentiment": null, "value_gap_to_market": null }, "geometry": { "type": "Point", "coordinates": [ -95.5220612, 29.7285684 ] } },
{ "type": "Feature", "properties": { "mean_value": null, "mean_sentiment": null, "value_gap_to_market": null }, "geometry": { "type": "Point", "coordinates": [ -95.4997747, 29.7178483 ] } },
{ "type": "Feature", "properties": { "mean_value": null, "mean_sentiment": null, "value_gap_to_market": null }, "geometry": { "type": "Point", "coordinates": [ -95.483821, 29.7310853 ] } },
{ "type": "Feature", "properties": { "mean_value": null, "mean_sentiment": null, "value_gap_to_market": null }, "geometry": { "type": "Point", "coordinates": [ -95.4817325, 29.7061556 ] } },
{ "type": "Feature", "properties": { "mean_value": null, "mean_sentiment": null, "value_gap_to_market": null }, "geometry": { "type": "Point", "coordinates": [ -95.5209204, 29.7234062 ] } },
{ "type": "Feature", "properties": { "mean_value": null, "mean_sentiment": null, "value_gap_to_market": null }, "geometry": { "type": "Point", "coordinates": [ -95.5068521, 29.7088129 ] } },
{ "type": "Feature", "properties": { "mean_value": null, "mean_sentiment": null, "value_gap_to_market": null }, "geometry": { "type": "Point", "coordinates": [ -95.5149745, 29.7365121 ] } },
{ "type": "Feature", "properties": { "mean_value": null, "mean_sentiment": null, "value_gap_to_market": null }, "geometry": { "type": "Point", "coordinates": [ -95.4601107, 29.6887922 ] } },
{ "type": "Feature", "properties": { "mean_value": null, "mean_sentiment": null, "value_gap_to_market": null }, "geometry": { "type": "Point", "coordinates": [ -95.4652282, 29.6895634 ] } },
{ "type": "Feature", "properties": { "mean_value": null, "mean_sentiment": null, "value_gap_to_market": null }, "geometry": { "type": "Point", "coordinates": [ -95.4906953, 29.7078222 ] } },
{ "type": "Feature", "properties": { "mean_value": null, "mean_sentiment": null, "value_gap_to_market": null }, "geometry": { "type": "Point", "coordinates": [ -95.480887, 29.719847 ] } },
{ "type": "Feature", "properties": { "mean_value": null, "mean_sentiment": null, "value_gap_to_market": null }, "geometry": { "type": "Point", "coordinates": [ -95.4917684, 29.7314609 ] } },
{ "type": "Feature", "properties": { "mean_value": null, "mean_sentiment": null, "value_gap_to_market": null }, "geometry": { "type": "Point", "coordinates": [ -95.5004, 29.7190139 ] } },
{ "type": "Feature", "properties": { "mean_value": null, "mean_sentiment": null, "value_gap_to_market": null }, "geometry": { "type": "Point", "coordinates": [ -95.497978, 29.716296 ] } },
{ "type": "Feature", "properties": { "mean_value": null, "mean_sentiment": null, "value_gap_to_market": null }, "geometry": { "type": "Point", "coordinates": [ -95.4796449, 29.7059022 ] } },
{ "type": "Feature", "properties": { "mean_value": null, "mean_sentiment": null, "value_gap_to_market": null }, "geometry": { "type": "Point", "coordinates": [ -95.4978243, 29.718725 ] } },
{ "type": "Feature", "properties": { "mean_value": null, "mean_sentiment": null, "value_gap_to_market": null }, "geometry": { "type": "Point", "coordinates": [ -95.4983287, 29.7184061 ] } },
{ "type": "Feature", "properties": { "mean_value": null, "mean_sentiment": null, "value_gap_to_market": null }, "geometry": { "type": "Point", "coordinates": [ -95.4979035, 29.7147513 ] } },
{ "type": "Feature", "properties": { "mean_value": null, "mean_sentiment": null, "value_gap_to_market": null }, "geometry": { "type": "Point", "coordinates": [ -95.4761682, 29.7166551 ] } },
{ "type": "Feature", "properties": { "mean_value": null, "mean_sentiment": null, "value_gap_to_market": null }, "geometry": { "type": "Point", "coordinates": [ -95.507297, 29.737131 ] } },
{ "type": "Feature", "properties": { "mean_value": 3.7803627760252367, "mean_sentiment": 0.51190851735015774, "value_gap_to_market": 0.14209937906907832 }, "geometry": { "type": "Point", "coordinates": [ -95.4598897, 29.686175 ] } },
{ "type": "Feature", "properties": { "mean_value": null, "mean_sentiment": null, "value_gap_to_market": null }, "geometry": { "type": "Point", "coordinates": [ -95.4628663, 29.6880489 ] } },
{ "type": "Feature", "properties": { "mean_value": null, "mean_sentiment": null, "value_gap_to_market": null }, "geometry": { "type": "Point", "coordinates": [ -95.4939567, 29.7129146 ] } },
{ "type": "Feature", "properties": { "mean_value": null, "mean_sentiment": null, "value_gap_to_market": null }, "geometry": { "type": "Point", "coordinates": [ -95.5198865, 29.7220227 ] } },
{ "type": "Feature", "properties": { "mean_value": null, "mean_sentiment": null, "value_gap_to_market": null }, "geometry": { "type": "Point", "coordinates": [ -95.49844, 29.7155294 ] } },
{ "type": "Feature", "properties": { "mean_value": null, "mean_sentiment": null, "value_gap_to_market": null }, "geometry": { "type": "Point", "coordinates": [ -95.4914499, 29.7046296 ] } },
{ "type": "Feature", "properties": { "mean_value": null, "mean_sentiment": null, "value_gap_to_market": null }, "geometry": { "type": "Point", "coordinates": [ -95.4997866, 29.7183263 ] } },
{ "type": "Feature", "properties": { "mean_value": null, "mean_sentiment": null, "value_gap_to_market": null }, "geometry": { "type": "Point", "coordinates": [ -95.4894559, 29.7196692 ] } },
{ "type": "Feature", "properties": { "mean_value": null, "mean_sentiment": null, "value_gap_to_market": null }, "geometry": { "type": "Point", "coordinates": [ -95.5140694, 29.7281796 ] } },
{ "type": "Feature", "properties": { "mean_value": null, "mean_sentiment": null, "value_gap_to_market": null }, "geometry": { "type": "Point", "coordinates": [ -95.4895985, 29.7052462 ] } },
{ "type": "Feature", "properties": { "mean_value": null, "mean_sentiment": null, "value_gap_to_market": null }, "geometry": { "type": "Point", "coordinates": [ -95.4939137, 29.7128584 ] } },
{ "type": "Feature", "properties": { "mean_value": null, "mean_sentiment": null, "value_gap_to_market": null }, "geometry": { "type": "Point", "coordinates": [ -95.3916238, 29.7416345 ] } },
{ "type": "Feature", "properties": { "mean_value": null, "mean_sentiment": null, "value_gap_to_market": null }, "geometry": { "type": "Point", "coordinates": [ -95.465118, 29.6888413 ] } },
{ "type": "Feature", "properties": { "mean_value": null, "mean_sentiment": null, "value_gap_to_market": null }, "geometry": { "type": "Point", "coordinates": [ -95.4619521, 29.6887958 ] } },
{ "type": "Feature", "properties": { "mean_value": null, "mean_sentiment": null, "value_gap_to_market": null }, "geometry": { "type": "Point", "coordinates": [ -95.5055997, 29.7177373 ] } },
{ "type": "Feature", "properties": { "mean_value": null, "mean_sentiment": null, "value_gap_to_market": null }, "geometry": { "type": "Point", "coordinates": [ -95.492594, 29.707651 ] } },
{ "type": "Feature", "properties": { "mean_value": null, "mean_sentiment": null, "value_gap_to_market": null }, "geometry": { "type": "Point", "coordinates": [ -95.4788531, 29.7059582 ] } },
{ "type": "Feature", "properties": { "mean_value": null, "mean_sentiment": null, "value_gap_to_market": null }, "geometry": { "type": "Point", "coordinates": [ -95.4642249, 29.6895326 ] } },
{ "type": "Feature", "properties": { "mean_value": null, "mean_sentiment": null, "value_gap_to_market": null }, "geometry": { "type": "Point", "coordinates": [ -95.412119, 29.6915988 ] } },
{ "type": "Feature", "properties": { "mean_value": null, "mean_sentiment": null, "value_gap_to_market": null }, "geometry": { "type": "Point", "coordinates": [ -95.439322, 29.6927141 ] } },
{ "type": "Feature", "properties": { "mean_value": null, "mean_sentiment": null, "value_gap_to_market": null }, "geometry": { "type": "Point", "coordinates": [ -95.4142251, 29.6928484 ] } },
{ "type": "Feature", "properties": { "mean_value": null, "mean_sentiment": null, "value_gap_to_market": null }, "geometry": { "type": "Point", "coordinates": [ -95.4136524, 29.6905937 ] } },
{ "type": "Feature", "properties": { "mean_value": null, "mean_sentiment": null, "value_gap_to_market": null }, "geometry": { "type": "Point", "coordinates": [ -95.3986589, 29.6847742 ] } },
{ "type": "Feature", "properties": { "mean_value": null, "mean_sentiment": null, "value_gap_to_market": null }, "geometry": { "type": "Point", "coordinates": [ -95.4114372, 29.6902715 ] } },
{ "type": "Feature", "properties": { "mean_value": null, "mean_sentiment": null, "value_gap_to_market": null }, "geometry": { "type": "Point", "coordinates": [ -95.4134909, 29.6945852 ] } },
{ "type": "Feature", "properties": { "mean_value": null, "mean_sentiment": null, "value_gap_to_market": null }, "geometry": { "type": "Point", "coordinates": [ -95.4103552, 29.7449738 ] } },
{ "type": "Feature", "properties": { "mean_value": null, "mean_sentiment": null, "value_gap_to_market": null }, "geometry": { "type": "Point", "coordinates": [ -95.3895935, 29.7447919 ] } },
{ "type": "Feature", "properties": { "mean_value": null, "mean_sentiment": null, "value_gap_to_market": null }, "geometry": { "type": "Point", "coordinates": [ -95.4148594, 29.7381619 ] } },
{ "type": "Feature", "properties": { "mean_value": null, "mean_sentiment": null, "value_gap_to_market": null }, "geometry": { "type": "Point", "coordinates": [ -95.501614, 29.7216252 ] } },
{ "type": "Feature", "properties": { "mean_value": null, "mean_sentiment": null, "value_gap_to_market": null }, "geometry": { "type": "Point", "coordinates": [ -95.5015763, 29.7171621 ] } },
{ "type": "Feature", "properties": { "mean_value": null, "mean_sentiment": null, "value_gap_to_market": null }, "geometry": { "type": "Point", "coordinates": [ -95.4810955, 29.7004972 ] } },
{ "type": "Feature", "properties": { "mean_value": null, "mean_sentiment": null, "value_gap_to_market": null }, "geometry": { "type": "Point", "coordinates": [ -95.4011039, 29.6953956 ] } },
{ "type": "Feature", "properties": { "mean_value": 3.668, "mean_sentiment": 0.4608, "value_gap_to_market": 0.029736603043841736 }, "geometry": { "type": "Point", "coordinates": [ -95.4232633, 29.6826423 ] } },
{ "type": "Feature", "properties": { "mean_value": null, "mean_sentiment": null, "value_gap_to_market": null }, "geometry": { "type": "Point", "coordinates": [ -95.413399, 29.7176864 ] } },
{ "type": "Feature", "properties": { "mean_value": null, "mean_sentiment": null, "value_gap_to_market": null }, "geometry": { "type": "Point", "coordinates": [ -95.4182061, 29.7274584 ] } },
{ "type": "Feature", "properties": { "mean_value": null, "mean_sentiment": null, "value_gap_to_market": null }, "geometry": { "type": "Point", "coordinates": [ -95.4621309, 29.6871021 ] } },
{ "type": "Feature", "properties": { "mean_value": null, "mean_sentiment": null, "value_gap_to_market": null }, "geometry": { "type": "Point", "coordinates": [ -95.4598621, 29.687977 ] } },
{ "type": "Feature", "properties": { "mean_value": null, "mean_sentiment": null, "value_gap_to_market": null }, "geometry": { "type": "Point", "coordinates": [ -95.462052, 29.6888211 ] } },
{ "type": "Feature", "properties": { "mean_value": null, "mean_sentiment": null, "value_gap_to_market": null }, "geometry": { "type": "Point", "coordinates": [ -95.3906422, 29.741945 ] } },
{ "type": "Feature", "properties": { "mean_value": 3.9198529411764707, "mean_sentiment": 0.56725663716814156, "value_gap_to_market": 0.28158954422031224 }, "geometry": { "type": "Point", "coordinates": [ -95.408191, 29.7384874 ] } },
{ "type": "Feature", "properties": { "mean_value": null, "mean_sentiment": null, "value_gap_to_market": null }, "geometry": { "type": "Point", "coordinates": [ -95.4950691, 29.714133 ] } },
{ "type": "Feature", "properties": { "mean_value": null, "mean_sentiment": null, "value_gap_to_market": null }, "geometry": { "type": "Point", "coordinates": [ -95.4108183, 29.705928 ] } },
{ "type": "Feature", "properties": { "mean_value": null, "mean_sentiment": null, "value_gap_to_market": null }, "geometry": { "type": "Point", "coordinates": [ -95.394353, 29.705726 ] } },
{ "type": "Feature", "properties": { "mean_value": null, "mean_sentiment": null, "value_gap_to_market": null }, "geometry": { "type": "Point", "coordinates": [ -95.4121594, 29.7069508 ] } },
{ "type": "Feature", "properties": { "mean_value": null, "mean_sentiment": null, "value_gap_to_market": null }, "geometry": { "type": "Point", "coordinates": [ -95.3911535, 29.7453748 ] } },
{ "type": "Feature", "properties": { "mean_value": null, "mean_sentiment": null, "value_gap_to_market": null }, "geometry": { "type": "Point", "coordinates": [ -95.3906227, 29.7444013 ] } },
{ "type": "Feature", "properties": { "mean_value": null, "mean_sentiment": null, "value_gap_to_market": null }, "geometry": { "type": "Point", "coordinates": [ -95.4005061, 29.6978123 ] } },
{ "type": "Feature", "properties": { "mean_value": null, "mean_sentiment": null, "value_gap_to_market": null }, "geometry": { "type": "Point", "coordinates": [ -95.4218973, 29.6840078 ] } },
{ "type": "Feature", "properties": { "mean_value": null, "mean_sentiment": null, "value_gap_to_market": null }, "geometry": { "type": "Point", "coordinates": [ -95.4131199, 29.6885851 ] } },
{ "type": "Feature", "properties": { "mean_value": null, "mean_sentiment": null, "value_gap_to_market": null }, "geometry": { "type": "Point", "coordinates": [ -95.4176673, 29.6907754 ] } },
{ "type": "Feature", "properties": { "mean_value": null, "mean_sentiment": null, "value_gap_to_market": null }, "geometry": { "type": "Point", "coordinates": [ -95.4031995, 29.6915835 ] } },
{ "type": "Feature", "properties": { "mean_value": null, "mean_sentiment": null, "value_gap_to_market": null }, "geometry": { "type": "Point", "coordinates": [ -95.4924828, 29.7061501 ] } },
{ "type": "Feature", "properties": { "mean_value": null, "mean_sentiment": null, "value_gap_to_market": null }, "geometry": { "type": "Point", "coordinates": [ -95.4863301, 29.7173487 ] } },
{ "type": "Feature", "properties": { "mean_value": null, "mean_sentiment": null, "value_gap_to_market": null }, "geometry": { "type": "Point", "coordinates": [ -95.4758994, 29.7085826 ] } },
{ "type": "Feature", "properties": { "mean_value": null, "mean_sentiment": null, "value_gap_to_market": null }, "geometry": { "type": "Point", "coordinates": [ -95.4849319, 29.7048969 ] } },
{ "type": "Feature", "properties": { "mean_value": null, "mean_sentiment": null, "value_gap_to_market": null }, "geometry": { "type": "Point", "coordinates": [ -95.5016368, 29.7211648 ] } },
{ "type": "Feature", "properties": { "mean_value": null, "mean_sentiment": null, "value_gap_to_market": null }, "geometry": { "type": "Point", "coordinates": [ -95.475877, 29.70884 ] } },
{ "type": "Feature", "properties": { "mean_value": null, "mean_sentiment": null, "value_gap_to_market": null }, "geometry": { "type": "Point", "coordinates": [ -95.3895122, 29.7343905 ] } },
{ "type": "Feature", "properties": { "mean_value": null, "mean_sentiment": null, "value_gap_to_market": null }, "geometry": { "type": "Point", "coordinates": [ -95.3996903, 29.7429892 ] } },
{ "type": "Feature", "properties": { "mean_value": null, "mean_sentiment": null, "value_gap_to_market": null }, "geometry": { "type": "Point", "coordinates": [ -95.3843237, 29.7343304 ] } },
{ "type": "Feature", "properties": { "mean_value": null, "mean_sentiment": null, "value_gap_to_market": null }, "geometry": { "type": "Point", "coordinates": [ -95.4525616, 29.6895523 ] } },
{ "type": "Feature", "properties": { "mean_value": null, "mean_sentiment": null, "value_gap_to_market": null }, "geometry": { "type": "Point", "coordinates": [ -95.4121489, 29.6916537 ] } },
{ "type": "Feature", "properties": { "mean_value": null, "mean_sentiment": null, "value_gap_to_market": null }, "geometry": { "type": "Point", "coordinates": [ -95.4239471, 29.6815053 ] } },
{ "type": "Feature", "properties": { "mean_value": null, "mean_sentiment": null, "value_gap_to_market": null }, "geometry": { "type": "Point", "coordinates": [ -95.4244865, 29.6798902 ] } },
{ "type": "Feature", "properties": { "mean_value": null, "mean_sentiment": null, "value_gap_to_market": null }, "geometry": { "type": "Point", "coordinates": [ -95.4163092, 29.6928654 ] } },
{ "type": "Feature", "properties": { "mean_value": null, "mean_sentiment": null, "value_gap_to_market": null }, "geometry": { "type": "Point", "coordinates": [ -95.4225888, 29.6850897 ] } },
{ "type": "Feature", "properties": { "mean_value": null, "mean_sentiment": null, "value_gap_to_market": null }, "geometry": { "type": "Point", "coordinates": [ -95.4135852, 29.6946287 ] } },
{ "type": "Feature", "properties": { "mean_value": null, "mean_sentiment": null, "value_gap_to_market": null }, "geometry": { "type": "Point", "coordinates": [ -95.4097822, 29.6914568 ] } },
{ "type": "Feature", "properties": { "mean_value": null, "mean_sentiment": null, "value_gap_to_market": null }, "geometry": { "type": "Point", "coordinates": [ -95.3994338, 29.6995122 ] } },
{ "type": "Feature", "properties": { "mean_value": null, "mean_sentiment": null, "value_gap_to_market": null }, "geometry": { "type": "Point", "coordinates": [ -95.4022992, 29.7436163 ] } },
{ "type": "Feature", "properties": { "mean_value": null, "mean_sentiment": null, "value_gap_to_market": null }, "geometry": { "type": "Point", "coordinates": [ -95.394894, 29.744197 ] } },
{ "type": "Feature", "properties": { "mean_value": null, "mean_sentiment": null, "value_gap_to_market": null }, "geometry": { "type": "Point", "coordinates": [ -95.390728, 29.745286 ] } },
{ "type": "Feature", "properties": { "mean_value": null, "mean_sentiment": null, "value_gap_to_market": null }, "geometry": { "type": "Point", "coordinates": [ -95.4003808, 29.7430583 ] } },
{ "type": "Feature", "properties": { "mean_value": null, "mean_sentiment": null, "value_gap_to_market": null }, "geometry": { "type": "Point", "coordinates": [ -95.3856155, 29.7444156 ] } },
{ "type": "Feature", "properties": { "mean_value": null, "mean_sentiment": null, "value_gap_to_market": null }, "geometry": { "type": "Point", "coordinates": [ -95.415155, 29.7182711 ] } },
{ "type": "Feature", "properties": { "mean_value": null, "mean_sentiment": null, "value_gap_to_market": null }, "geometry": { "type": "Point", "coordinates": [ -95.4764026, 29.7364906 ] } },
{ "type": "Feature", "properties": { "mean_value": null, "mean_sentiment": null, "value_gap_to_market": null }, "geometry": { "type": "Point", "coordinates": [ -95.3985579, 29.6848429 ] } },
{ "type": "Feature", "properties": { "mean_value": null, "mean_sentiment": null, "value_gap_to_market": null }, "geometry": { "type": "Point", "coordinates": [ -95.4170689, 29.6900708 ] } },
{ "type": "Feature", "properties": { "mean_value": null, "mean_sentiment": null, "value_gap_to_market": null }, "geometry": { "type": "Point", "coordinates": [ -95.4084359, 29.6933556 ] } },
{ "type": "Feature", "properties": { "mean_value": null, "mean_sentiment": null, "value_gap_to_market": null }, "geometry": { "type": "Point", "coordinates": [ -95.4027053, 29.6932076 ] } },
{ "type": "Feature", "properties": { "mean_value": null, "mean_sentiment": null, "value_gap_to_market": null }, "geometry": { "type": "Point", "coordinates": [ -95.404877, 29.699278 ] } },
{ "type": "Feature", "properties": { "mean_value": null, "mean_sentiment": null, "value_gap_to_market": null }, "geometry": { "type": "Point", "coordinates": [ -95.4089433, 29.7002981 ] } },
{ "type": "Feature", "properties": { "mean_value": null, "mean_sentiment": null, "value_gap_to_market": null }, "geometry": { "type": "Point", "coordinates": [ -95.415164, 29.694499 ] } },
{ "type": "Feature", "properties": { "mean_value": null, "mean_sentiment": null, "value_gap_to_market": null }, "geometry": { "type": "Point", "coordinates": [ -95.392798, 29.694622 ] } },
{ "type": "Feature", "properties": { "mean_value": null, "mean_sentiment": null, "value_gap_to_market": null }, "geometry": { "type": "Point", "coordinates": [ -95.3939171, 29.6991341 ] } },
{ "type": "Feature", "properties": { "mean_value": null, "mean_sentiment": null, "value_gap_to_market": null }, "geometry": { "type": "Point", "coordinates": [ -95.3990473, 29.6848818 ] } },
{ "type": "Feature", "properties": { "mean_value": null, "mean_sentiment": null, "value_gap_to_market": null }, "geometry": { "type": "Point", "coordinates": [ -95.4023016, 29.6959224 ] } },
{ "type": "Feature", "properties": { "mean_value": null, "mean_sentiment": null, "value_gap_to_market": null }, "geometry": { "type": "Point", "coordinates": [ -95.4123213, 29.6862337 ] } },
{ "type": "Feature", "properties": { "mean_value": null, "mean_sentiment": null, "value_gap_to_market": null }, "geometry": { "type": "Point", "coordinates": [ -95.3875057, 29.7431553 ] } },
{ "type": "Feature", "properties": { "mean_value": null, "mean_sentiment": null, "value_gap_to_market": null }, "geometry": { "type": "Point", "coordinates": [ -95.3892276, 29.7446679 ] } },
{ "type": "Feature", "properties": { "mean_value": null, "mean_sentiment": null, "value_gap_to_market": null }, "geometry": { "type": "Point", "coordinates": [ -95.3951208, 29.7434544 ] } },
{ "type": "Feature", "properties": { "mean_value": null, "mean_sentiment": null, "value_gap_to_market": null }, "geometry": { "type": "Point", "coordinates": [ -95.3997119, 29.7341509 ] } },
{ "type": "Feature", "properties": { "mean_value": null, "mean_sentiment": null, "value_gap_to_market": null }, "geometry": { "type": "Point", "coordinates": [ -95.3882548, 29.7383843 ] } },
{ "type": "Feature", "properties": { "mean_value": null, "mean_sentiment": null, "value_gap_to_market": null }, "geometry": { "type": "Point", "coordinates": [ -95.3974114, 29.7432709 ] } },
{ "type": "Feature", "properties": { "mean_value": null, "mean_sentiment": null, "value_gap_to_market": null }, "geometry": { "type": "Point", "coordinates": [ -95.4151287, 29.716962 ] } },
{ "type": "Feature", "properties": { "mean_value": null, "mean_sentiment": null, "value_gap_to_market": null }, "geometry": { "type": "Point", "coordinates": [ -95.390983, 29.744463 ] } },
{ "type": "Feature", "properties": { "mean_value": null, "mean_sentiment": null, "value_gap_to_market": null }, "geometry": { "type": "Point", "coordinates": [ -95.4213762, 29.6862631 ] } },
{ "type": "Feature", "properties": { "mean_value": null, "mean_sentiment": null, "value_gap_to_market": null }, "geometry": { "type": "Point", "coordinates": [ -95.4162404, 29.6929446 ] } },
{ "type": "Feature", "properties": { "mean_value": null, "mean_sentiment": null, "value_gap_to_market": null }, "geometry": { "type": "Point", "coordinates": [ -95.4051667, 29.6863111 ] } },
{ "type": "Feature", "properties": { "mean_value": null, "mean_sentiment": null, "value_gap_to_market": null }, "geometry": { "type": "Point", "coordinates": [ -95.4005152, 29.6927493 ] } },
{ "type": "Feature", "properties": { "mean_value": null, "mean_sentiment": null, "value_gap_to_market": null }, "geometry": { "type": "Point", "coordinates": [ -95.4153913, 29.6902746 ] } },
{ "type": "Feature", "properties": { "mean_value": null, "mean_sentiment": null, "value_gap_to_market": null }, "geometry": { "type": "Point", "coordinates": [ -95.3992418, 29.6848069 ] } },
{ "type": "Feature", "properties": { "mean_value": null, "mean_sentiment": null, "value_gap_to_market": null }, "geometry": { "type": "Point", "coordinates": [ -95.424749, 29.6820187 ] } },
{ "type": "Feature", "properties": { "mean_value": null, "mean_sentiment": null, "value_gap_to_market": null }, "geometry": { "type": "Point", "coordinates": [ -95.4154778, 29.692473 ] } },
{ "type": "Feature", "properties": { "mean_value": 2.0935975609756099, "mean_sentiment": -0.16914634146341465, "value_gap_to_market": -1.5446658359805485 }, "geometry": { "type": "Point", "coordinates": [ -95.4159099, 29.690927 ] } },
{ "type": "Feature", "properties": { "mean_value": null, "mean_sentiment": null, "value_gap_to_market": null }, "geometry": { "type": "Point", "coordinates": [ -95.416003, 29.690885 ] } },
{ "type": "Feature", "properties": { "mean_value": null, "mean_sentiment": null, "value_gap_to_market": null }, "geometry": { "type": "Point", "coordinates": [ -95.4227717, 29.6830696 ] } },
{ "type": "Feature", "properties": { "mean_value": null, "mean_sentiment": null, "value_gap_to_market": null }, "geometry": { "type": "Point", "coordinates": [ -95.4174728, 29.6911983 ] } },
{ "type": "Feature", "properties": { "mean_value": null, "mean_sentiment": null, "value_gap_to_market": null }, "geometry": { "type": "Point", "coordinates": [ -95.4005723, 29.6961582 ] } },
{ "type": "Feature", "properties": { "mean_value": null, "mean_sentiment": null, "value_gap_to_market": null }, "geometry": { "type": "Point", "coordinates": [ -95.4396373, 29.6927569 ] } },
{ "type": "Feature", "properties": { "mean_value": null, "mean_sentiment": null, "value_gap_to_market": null }, "geometry": { "type": "Point", "coordinates": [ -95.4121852, 29.6918483 ] } },
{ "type": "Feature", "properties": { "mean_value": null, "mean_sentiment": null, "value_gap_to_market": null }, "geometry": { "type": "Point", "coordinates": [ -95.4131736, 29.68881 ] } },
{ "type": "Feature", "properties": { "mean_value": 1.8134920634920635, "mean_sentiment": -0.27380952380952384, "value_gap_to_market": -1.8247713334640949 }, "geometry": { "type": "Point", "coordinates": [ -95.4163366, 29.6928005 ] } },
{ "type": "Feature", "properties": { "mean_value": null, "mean_sentiment": null, "value_gap_to_market": null }, "geometry": { "type": "Point", "coordinates": [ -95.425529, 29.681201 ] } },
{ "type": "Feature", "properties": { "mean_value": null, "mean_sentiment": null, "value_gap_to_market": null }, "geometry": { "type": "Point", "coordinates": [ -95.4250154, 29.6816145 ] } },
{ "type": "Feature", "properties": { "mean_value": 2.2818627450980391, "mean_sentiment": -0.094581280788177347, "value_gap_to_market": -1.3564006518581193 }, "geometry": { "type": "Point", "coordinates": [ -95.391172, 29.688365 ] } },
{ "type": "Feature", "properties": { "mean_value": null, "mean_sentiment": null, "value_gap_to_market": null }, "geometry": { "type": "Point", "coordinates": [ -95.4244075, 29.6798535 ] } },
{ "type": "Feature", "properties": { "mean_value": 3.0, "mean_sentiment": 0.2, "value_gap_to_market": -0.63826339695615841 }, "geometry": { "type": "Point", "coordinates": [ -95.4190989, 29.6928584 ] } },
{ "type": "Feature", "properties": { "mean_value": null, "mean_sentiment": null, "value_gap_to_market": null }, "geometry": { "type": "Point", "coordinates": [ -95.399504, 29.711795 ] } },
{ "type": "Feature", "properties": { "mean_value": null, "mean_sentiment": null, "value_gap_to_market": null }, "geometry": { "type": "Point", "coordinates": [ -95.395991, 29.710439 ] } },
{ "type": "Feature", "properties": { "mean_value": null, "mean_sentiment": null, "value_gap_to_market": null }, "geometry": { "type": "Point", "coordinates": [ -95.4212495, 29.6849221 ] } },
{ "type": "Feature", "properties": { "mean_value": null, "mean_sentiment": null, "value_gap_to_market": null }, "geometry": { "type": "Point", "coordinates": [ -95.4404721, 29.686893 ] } },
{ "type": "Feature", "properties": { "mean_value": null, "mean_sentiment": null, "value_gap_to_market": null }, "geometry": { "type": "Point", "coordinates": [ -95.4136114, 29.6932124 ] } },
{ "type": "Feature", "properties": { "mean_value": 2.3731343283582089, "mean_sentiment": -0.046268656716417902, "value_gap_to_market": -1.2651290685979495 }, "geometry": { "type": "Point", "coordinates": [ -95.4390457, 29.6818174 ] } },
{ "type": "Feature", "properties": { "mean_value": null, "mean_sentiment": null, "value_gap_to_market": null }, "geometry": { "type": "Point", "coordinates": [ -95.4236443, 29.6819864 ] } },
{ "type": "Feature", "properties": { "mean_value": null, "mean_sentiment": null, "value_gap_to_market": null }, "geometry": { "type": "Point", "coordinates": [ -95.5153606, 29.7320893 ] } },
{ "type": "Feature", "properties": { "mean_value": null, "mean_sentiment": null, "value_gap_to_market": null }, "geometry": { "type": "Point", "coordinates": [ -95.5016435, 29.7207414 ] } },
{ "type": "Feature", "properties": { "mean_value": null, "mean_sentiment": null, "value_gap_to_market": null }, "geometry": { "type": "Point", "coordinates": [ -95.4991042, 29.7180615 ] } },
{ "type": "Feature", "properties": { "mean_value": null, "mean_sentiment": null, "value_gap_to_market": null }, "geometry": { "type": "Point", "coordinates": [ -95.513819, 29.7287051 ] } },
{ "type": "Feature", "properties": { "mean_value": null, "mean_sentiment": null, "value_gap_to_market": null }, "geometry": { "type": "Point", "coordinates": [ -95.5150257, 29.7379888 ] } },
{ "type": "Feature", "properties": { "mean_value": null, "mean_sentiment": null, "value_gap_to_market": null }, "geometry": { "type": "Point", "coordinates": [ -95.5177127, 29.736945 ] } },
{ "type": "Feature", "properties": { "mean_value": null, "mean_sentiment": null, "value_gap_to_market": null }, "geometry": { "type": "Point", "coordinates": [ -95.527651, 29.7377485 ] } },
{ "type": "Feature", "properties": { "mean_value": null, "mean_sentiment": null, "value_gap_to_market": null }, "geometry": { "type": "Point", "coordinates": [ -95.5233778, 29.7369531 ] } },
{ "type": "Feature", "properties": { "mean_value": null, "mean_sentiment": null, "value_gap_to_market": null }, "geometry": { "type": "Point", "coordinates": [ -95.5270725, 29.7282147 ] } },
{ "type": "Feature", "properties": { "mean_value": null, "mean_sentiment": null, "value_gap_to_market": null }, "geometry": { "type": "Point", "coordinates": [ -95.5119358, 29.7380819 ] } },
{ "type": "Feature", "properties": { "mean_value": null, "mean_sentiment": null, "value_gap_to_market": null }, "geometry": { "type": "Point", "coordinates": [ -95.5206551, 29.7368014 ] } },
{ "type": "Feature", "properties": { "mean_value": null, "mean_sentiment": null, "value_gap_to_market": null }, "geometry": { "type": "Point", "coordinates": [ -95.513832, 29.7369335 ] } },
{ "type": "Feature", "properties": { "mean_value": null, "mean_sentiment": null, "value_gap_to_market": null }, "geometry": { "type": "Point", "coordinates": [ -95.5233056, 29.7369373 ] } },
{ "type": "Feature", "properties": { "mean_value": null, "mean_sentiment": null, "value_gap_to_market": null }, "geometry": { "type": "Point", "coordinates": [ -95.4692073, 29.7376844 ] } },
{ "type": "Feature", "properties": { "mean_value": null, "mean_sentiment": null, "value_gap_to_market": null }, "geometry": { "type": "Point", "coordinates": [ -95.487039, 29.7383075 ] } },
{ "type": "Feature", "properties": { "mean_value": null, "mean_sentiment": null, "value_gap_to_market": null }, "geometry": { "type": "Point", "coordinates": [ -95.5209197, 29.7274051 ] } },
{ "type": "Feature", "properties": { "mean_value": null, "mean_sentiment": null, "value_gap_to_market": null }, "geometry": { "type": "Point", "coordinates": [ -95.5219868, 29.7369957 ] } },
{ "type": "Feature", "properties": { "mean_value": null, "mean_sentiment": null, "value_gap_to_market": null }, "geometry": { "type": "Point", "coordinates": [ -95.5149234, 29.7380754 ] } },
{ "type": "Feature", "properties": { "mean_value": null, "mean_sentiment": null, "value_gap_to_market": null }, "geometry": { "type": "Point", "coordinates": [ -95.3648839, 29.7662149 ] } },
{ "type": "Feature", "properties": { "mean_value": null, "mean_sentiment": null, "value_gap_to_market": null }, "geometry": { "type": "Point", "coordinates": [ -95.4964528, 29.7372337 ] } },
{ "type": "Feature", "properties": { "mean_value": null, "mean_sentiment": null, "value_gap_to_market": null }, "geometry": { "type": "Point", "coordinates": [ -95.4644579, 29.737703 ] } },
{ "type": "Feature", "properties": { "mean_value": null, "mean_sentiment": null, "value_gap_to_market": null }, "geometry": { "type": "Point", "coordinates": [ -95.5220566, 29.7286501 ] } },
{ "type": "Feature", "properties": { "mean_value": null, "mean_sentiment": null, "value_gap_to_market": null }, "geometry": { "type": "Point", "coordinates": [ -95.5285377, 29.7295633 ] } },
{ "type": "Feature", "properties": { "mean_value": null, "mean_sentiment": null, "value_gap_to_market": null }, "geometry": { "type": "Point", "coordinates": [ -95.5231417, 29.7369441 ] } },
{ "type": "Feature", "properties": { "mean_value": null, "mean_sentiment": null, "value_gap_to_market": null }, "geometry": { "type": "Point", "coordinates": [ -95.5198585, 29.7295176 ] } },
{ "type": "Feature", "properties": { "mean_value": null, "mean_sentiment": null, "value_gap_to_market": null }, "geometry": { "type": "Point", "coordinates": [ -95.5198115, 29.729275 ] } },
{ "type": "Feature", "properties": { "mean_value": null, "mean_sentiment": null, "value_gap_to_market": null }, "geometry": { "type": "Point", "coordinates": [ -95.5219734, 29.7376918 ] } },
{ "type": "Feature", "properties": { "mean_value": null, "mean_sentiment": null, "value_gap_to_market": null }, "geometry": { "type": "Point", "coordinates": [ -95.4979171, 29.7491588 ] } },
{ "type": "Feature", "properties": { "mean_value": null, "mean_sentiment": null, "value_gap_to_market": null }, "geometry": { "type": "Point", "coordinates": [ -95.4985208, 29.7499303 ] } },
{ "type": "Feature", "properties": { "mean_value": null, "mean_sentiment": null, "value_gap_to_market": null }, "geometry": { "type": "Point", "coordinates": [ -95.4961945, 29.7372586 ] } },
{ "type": "Feature", "properties": { "mean_value": null, "mean_sentiment": null, "value_gap_to_market": null }, "geometry": { "type": "Point", "coordinates": [ -95.469621, 29.739109 ] } },
{ "type": "Feature", "properties": { "mean_value": null, "mean_sentiment": null, "value_gap_to_market": null }, "geometry": { "type": "Point", "coordinates": [ -95.4798496, 29.7370487 ] } },
{ "type": "Feature", "properties": { "mean_value": null, "mean_sentiment": null, "value_gap_to_market": null }, "geometry": { "type": "Point", "coordinates": [ -95.4980493, 29.7547771 ] } },
{ "type": "Feature", "properties": { "mean_value": null, "mean_sentiment": null, "value_gap_to_market": null }, "geometry": { "type": "Point", "coordinates": [ -95.4986336, 29.7380528 ] } },
{ "type": "Feature", "properties": { "mean_value": null, "mean_sentiment": null, "value_gap_to_market": null }, "geometry": { "type": "Point", "coordinates": [ -95.48849, 29.73705 ] } },
{ "type": "Feature", "properties": { "mean_value": null, "mean_sentiment": null, "value_gap_to_market": null }, "geometry": { "type": "Point", "coordinates": [ -95.4681786, 29.737327 ] } },
{ "type": "Feature", "properties": { "mean_value": null, "mean_sentiment": null, "value_gap_to_market": null }, "geometry": { "type": "Point", "coordinates": [ -95.4999858, 29.7523834 ] } },
{ "type": "Feature", "properties": { "mean_value": null, "mean_sentiment": null, "value_gap_to_market": null }, "geometry": { "type": "Point", "coordinates": [ -95.5063941, 29.7372673 ] } },
{ "type": "Feature", "properties": { "mean_value": null, "mean_sentiment": null, "value_gap_to_market": null }, "geometry": { "type": "Point", "coordinates": [ -95.4847249, 29.7368901 ] } },
{ "type": "Feature", "properties": { "mean_value": null, "mean_sentiment": null, "value_gap_to_market": null }, "geometry": { "type": "Point", "coordinates": [ -95.4827154, 29.7386933 ] } },
{ "type": "Feature", "properties": { "mean_value": null, "mean_sentiment": null, "value_gap_to_market": null }, "geometry": { "type": "Point", "coordinates": [ -95.4978296, 29.7497558 ] } },
{ "type": "Feature", "properties": { "mean_value": null, "mean_sentiment": null, "value_gap_to_market": null }, "geometry": { "type": "Point", "coordinates": [ -95.5023373, 29.7372153 ] } },
{ "type": "Feature", "properties": { "mean_value": null, "mean_sentiment": null, "value_gap_to_market": null }, "geometry": { "type": "Point", "coordinates": [ -95.4606369, 29.8071768 ] } },
{ "type": "Feature", "properties": { "mean_value": null, "mean_sentiment": null, "value_gap_to_market": null }, "geometry": { "type": "Point", "coordinates": [ -95.4676556, 29.7373788 ] } },
{ "type": "Feature", "properties": { "mean_value": null, "mean_sentiment": null, "value_gap_to_market": null }, "geometry": { "type": "Point", "coordinates": [ -95.4783902, 29.7376071 ] } },
{ "type": "Feature", "properties": { "mean_value": null, "mean_sentiment": null, "value_gap_to_market": null }, "geometry": { "type": "Point", "coordinates": [ -95.5004455, 29.7517471 ] } },
{ "type": "Feature", "properties": { "mean_value": null, "mean_sentiment": null, "value_gap_to_market": null }, "geometry": { "type": "Point", "coordinates": [ -95.4978217, 29.7494876 ] } },
{ "type": "Feature", "properties": { "mean_value": null, "mean_sentiment": null, "value_gap_to_market": null }, "geometry": { "type": "Point", "coordinates": [ -95.4994188, 29.7545693 ] } },
{ "type": "Feature", "properties": { "mean_value": null, "mean_sentiment": null, "value_gap_to_market": null }, "geometry": { "type": "Point", "coordinates": [ -95.456296, 29.756037 ] } },
{ "type": "Feature", "properties": { "mean_value": null, "mean_sentiment": null, "value_gap_to_market": null }, "geometry": { "type": "Point", "coordinates": [ -95.2357423, 30.0507676 ] } },
{ "type": "Feature", "properties": { "mean_value": null, "mean_sentiment": null, "value_gap_to_market": null }, "geometry": { "type": "Point", "coordinates": [ -95.4215727, 29.6845698 ] } },
{ "type": "Feature", "properties": { "mean_value": null, "mean_sentiment": null, "value_gap_to_market": null }, "geometry": { "type": "Point", "coordinates": [ -95.4223234, 29.6848731 ] } },
{ "type": "Feature", "properties": { "mean_value": null, "mean_sentiment": null, "value_gap_to_market": null }, "geometry": { "type": "Point", "coordinates": [ -95.3992418, 29.6848069 ] } },
{ "type": "Feature", "properties": { "mean_value": null, "mean_sentiment": null, "value_gap_to_market": null }, "geometry": { "type": "Point", "coordinates": [ -95.4128726, 29.7706281 ] } },
{ "type": "Feature", "properties": { "mean_value": null, "mean_sentiment": null, "value_gap_to_market": null }, "geometry": { "type": "Point", "coordinates": [ -95.4010315, 29.6944242 ] } },
{ "type": "Feature", "properties": { "mean_value": null, "mean_sentiment": null, "value_gap_to_market": null }, "geometry": { "type": "Point", "coordinates": [ -95.3988839, 29.6848328 ] } },
{ "type": "Feature", "properties": { "mean_value": null, "mean_sentiment": null, "value_gap_to_market": null }, "geometry": { "type": "Point", "coordinates": [ -95.3674377, 29.7216106 ] } },
{ "type": "Feature", "properties": { "mean_value": null, "mean_sentiment": null, "value_gap_to_market": null }, "geometry": { "type": "Point", "coordinates": [ -95.3576436, 29.7208651 ] } },
{ "type": "Feature", "properties": { "mean_value": null, "mean_sentiment": null, "value_gap_to_market": null }, "geometry": { "type": "Point", "coordinates": [ -95.3568304, 29.7212153 ] } },
{ "type": "Feature", "properties": { "mean_value": null, "mean_sentiment": null, "value_gap_to_market": null }, "geometry": { "type": "Point", "coordinates": [ -95.3696673, 29.7012397 ] } },
{ "type": "Feature", "properties": { "mean_value": null, "mean_sentiment": null, "value_gap_to_market": null }, "geometry": { "type": "Point", "coordinates": [ -95.3757497, 29.7378198 ] } },
{ "type": "Feature", "properties": { "mean_value": null, "mean_sentiment": null, "value_gap_to_market": null }, "geometry": { "type": "Point", "coordinates": [ -95.4371833, 29.8442647 ] } },
{ "type": "Feature", "properties": { "mean_value": null, "mean_sentiment": null, "value_gap_to_market": null }, "geometry": { "type": "Point", "coordinates": [ -95.3704827, 29.7226889 ] } },
{ "type": "Feature", "properties": { "mean_value": null, "mean_sentiment": null, "value_gap_to_market": null }, "geometry": { "type": "Point", "coordinates": [ -95.3704827, 29.7226889 ] } },
{ "type": "Feature", "properties": { "mean_value": null, "mean_sentiment": null, "value_gap_to_market": null }, "geometry": { "type": "Point", "coordinates": [ -95.3704827, 29.7226889 ] } },
{ "type": "Feature", "properties": { "mean_value": null, "mean_sentiment": null, "value_gap_to_market": null }, "geometry": { "type": "Point", "coordinates": [ -95.3859955, 29.6987016 ] } },
{ "type": "Feature", "properties": { "mean_value": null, "mean_sentiment": null, "value_gap_to_market": null }, "geometry": { "type": "Point", "coordinates": [ -95.3754064, 29.7353516 ] } },
{ "type": "Feature", "properties": { "mean_value": null, "mean_sentiment": null, "value_gap_to_market": null }, "geometry": { "type": "Point", "coordinates": [ -95.376282, 29.728933 ] } },
{ "type": "Feature", "properties": { "mean_value": 4.3022727272727277, "mean_sentiment": 0.71545454545454545, "value_gap_to_market": 0.66400933031656928 }, "geometry": { "type": "Point", "coordinates": [ -95.3759162, 29.733408 ] } },
{ "type": "Feature", "properties": { "mean_value": null, "mean_sentiment": null, "value_gap_to_market": null }, "geometry": { "type": "Point", "coordinates": [ -95.367684, 29.73152 ] } },
{ "type": "Feature", "properties": { "mean_value": null, "mean_sentiment": null, "value_gap_to_market": null }, "geometry": { "type": "Point", "coordinates": [ -95.375872, 29.737686 ] } },
{ "type": "Feature", "properties": { "mean_value": null, "mean_sentiment": null, "value_gap_to_market": null }, "geometry": { "type": "Point", "coordinates": [ -95.3801944, 29.7387387 ] } },
{ "type": "Feature", "properties": { "mean_value": null, "mean_sentiment": null, "value_gap_to_market": null }, "geometry": { "type": "Point", "coordinates": [ -95.3865627, 29.6985427 ] } },
{ "type": "Feature", "properties": { "mean_value": null, "mean_sentiment": null, "value_gap_to_market": null }, "geometry": { "type": "Point", "coordinates": [ -95.3704827, 29.7226889 ] } },
{ "type": "Feature", "properties": { "mean_value": null, "mean_sentiment": null, "value_gap_to_market": null }, "geometry": { "type": "Point", "coordinates": [ -95.3704827, 29.7226889 ] } },
{ "type": "Feature", "properties": { "mean_value": null, "mean_sentiment": null, "value_gap_to_market": null }, "geometry": { "type": "Point", "coordinates": [ -95.3704827, 29.7226889 ] } },
{ "type": "Feature", "properties": { "mean_value": null, "mean_sentiment": null, "value_gap_to_market": null }, "geometry": { "type": "Point", "coordinates": [ -95.3704827, 29.7226889 ] } },
{ "type": "Feature", "properties": { "mean_value": null, "mean_sentiment": null, "value_gap_to_market": null }, "geometry": { "type": "Point", "coordinates": [ -95.341546, 29.7246 ] } },
{ "type": "Feature", "properties": { "mean_value": null, "mean_sentiment": null, "value_gap_to_market": null }, "geometry": { "type": "Point", "coordinates": [ -95.3488277, 29.7197847 ] } },
{ "type": "Feature", "properties": { "mean_value": null, "mean_sentiment": null, "value_gap_to_market": null }, "geometry": { "type": "Point", "coordinates": [ -95.3594382, 29.7363341 ] } },
{ "type": "Feature", "properties": { "mean_value": null, "mean_sentiment": null, "value_gap_to_market": null }, "geometry": { "type": "Point", "coordinates": [ -95.3822382, 29.7314378 ] } },
{ "type": "Feature", "properties": { "mean_value": null, "mean_sentiment": null, "value_gap_to_market": null }, "geometry": { "type": "Point", "coordinates": [ -95.3762119, 29.7323419 ] } },
{ "type": "Feature", "properties": { "mean_value": null, "mean_sentiment": null, "value_gap_to_market": null }, "geometry": { "type": "Point", "coordinates": [ -95.3768815, 29.7274147 ] } },
{ "type": "Feature", "properties": { "mean_value": null, "mean_sentiment": null, "value_gap_to_market": null }, "geometry": { "type": "Point", "coordinates": [ -95.3973224, 29.7071894 ] } },
{ "type": "Feature", "properties": { "mean_value": null, "mean_sentiment": null, "value_gap_to_market": null }, "geometry": { "type": "Point", "coordinates": [ -95.4013979, 29.7095259 ] } },
{ "type": "Feature", "properties": { "mean_value": null, "mean_sentiment": null, "value_gap_to_market": null }, "geometry": { "type": "Point", "coordinates": [ -95.3717174, 29.70092 ] } },
{ "type": "Feature", "properties": { "mean_value": null, "mean_sentiment": null, "value_gap_to_market": null }, "geometry": { "type": "Point", "coordinates": [ -95.385687, 29.7015418 ] } },
{ "type": "Feature", "properties": { "mean_value": null, "mean_sentiment": null, "value_gap_to_market": null }, "geometry": { "type": "Point", "coordinates": [ -95.3704827, 29.7226889 ] } },
{ "type": "Feature", "properties": { "mean_value": null, "mean_sentiment": null, "value_gap_to_market": null }, "geometry": { "type": "Point", "coordinates": [ -95.3495916, 29.7283239 ] } },
{ "type": "Feature", "properties": { "mean_value": null, "mean_sentiment": null, "value_gap_to_market": null }, "geometry": { "type": "Point", "coordinates": [ -95.3704827, 29.7226889 ] } },
{ "type": "Feature", "properties": { "mean_value": null, "mean_sentiment": null, "value_gap_to_market": null }, "geometry": { "type": "Point", "coordinates": [ -95.3704827, 29.7226889 ] } },
{ "type": "Feature", "properties": { "mean_value": null, "mean_sentiment": null, "value_gap_to_market": null }, "geometry": { "type": "Point", "coordinates": [ -95.3470049, 29.7226207 ] } },
{ "type": "Feature", "properties": { "mean_value": null, "mean_sentiment": null, "value_gap_to_market": null }, "geometry": { "type": "Point", "coordinates": [ -95.399003, 29.7204251 ] } },
{ "type": "Feature", "properties": { "mean_value": null, "mean_sentiment": null, "value_gap_to_market": null }, "geometry": { "type": "Point", "coordinates": [ -95.4008685, 29.6974269 ] } },
{ "type": "Feature", "properties": { "mean_value": null, "mean_sentiment": null, "value_gap_to_market": null }, "geometry": { "type": "Point", "coordinates": [ -95.400186, 29.7044 ] } },
{ "type": "Feature", "properties": { "mean_value": null, "mean_sentiment": null, "value_gap_to_market": null }, "geometry": { "type": "Point", "coordinates": [ -95.3709324, 29.702233 ] } },
{ "type": "Feature", "properties": { "mean_value": null, "mean_sentiment": null, "value_gap_to_market": null }, "geometry": { "type": "Point", "coordinates": [ -95.3645752, 29.7016102 ] } },
{ "type": "Feature", "properties": { "mean_value": null, "mean_sentiment": null, "value_gap_to_market": null }, "geometry": { "type": "Point", "coordinates": [ -95.3603696, 29.7209065 ] } },
{ "type": "Feature", "properties": { "mean_value": null, "mean_sentiment": null, "value_gap_to_market": null }, "geometry": { "type": "Point", "coordinates": [ -95.3704827, 29.7226889 ] } },
{ "type": "Feature", "properties": { "mean_value": null, "mean_sentiment": null, "value_gap_to_market": null }, "geometry": { "type": "Point", "coordinates": [ -95.3704827, 29.7226889 ] } },
{ "type": "Feature", "properties": { "mean_value": null, "mean_sentiment": null, "value_gap_to_market": null }, "geometry": { "type": "Point", "coordinates": [ -95.3704827, 29.7226889 ] } },
{ "type": "Feature", "properties": { "mean_value": null, "mean_sentiment": null, "value_gap_to_market": null }, "geometry": { "type": "Point", "coordinates": [ -95.3703336, 29.7240121 ] } },
{ "type": "Feature", "properties": { "mean_value": null, "mean_sentiment": null, "value_gap_to_market": null }, "geometry": { "type": "Point", "coordinates": [ -95.3519358, 29.7225383 ] } },
{ "type": "Feature", "properties": { "mean_value": null, "mean_sentiment": null, "value_gap_to_market": null }, "geometry": { "type": "Point", "coordinates": [ -95.3967041, 29.704898 ] } },
{ "type": "Feature", "properties": { "mean_value": null, "mean_sentiment": null, "value_gap_to_market": null }, "geometry": { "type": "Point", "coordinates": [ -95.3339447, 29.7499178 ] } },
{ "type": "Feature", "properties": { "mean_value": null, "mean_sentiment": null, "value_gap_to_market": null }, "geometry": { "type": "Point", "coordinates": [ -95.3592692, 29.7214214 ] } },
{ "type": "Feature", "properties": { "mean_value": null, "mean_sentiment": null, "value_gap_to_market": null }, "geometry": { "type": "Point", "coordinates": [ -95.356602, 29.7210725 ] } },
{ "type": "Feature", "properties": { "mean_value": null, "mean_sentiment": null, "value_gap_to_market": null }, "geometry": { "type": "Point", "coordinates": [ -95.3587803, 29.7417219 ] } },
{ "type": "Feature", "properties": { "mean_value": null, "mean_sentiment": null, "value_gap_to_market": null }, "geometry": { "type": "Point", "coordinates": [ -95.3377703, 29.7339419 ] } },
{ "type": "Feature", "properties": { "mean_value": null, "mean_sentiment": null, "value_gap_to_market": null }, "geometry": { "type": "Point", "coordinates": [ -95.40345, 29.706853 ] } },
{ "type": "Feature", "properties": { "mean_value": null, "mean_sentiment": null, "value_gap_to_market": null }, "geometry": { "type": "Point", "coordinates": [ -95.4031536, 29.7032113 ] } },
{ "type": "Feature", "properties": { "mean_value": null, "mean_sentiment": null, "value_gap_to_market": null }, "geometry": { "type": "Point", "coordinates": [ -95.40132, 29.707747 ] } },
{ "type": "Feature", "properties": { "mean_value": null, "mean_sentiment": null, "value_gap_to_market": null }, "geometry": { "type": "Point", "coordinates": [ -95.3421453, 29.7327953 ] } },
{ "type": "Feature", "properties": { "mean_value": null, "mean_sentiment": null, "value_gap_to_market": null }, "geometry": { "type": "Point", "coordinates": [ -95.3405093, 29.7408819 ] } },
{ "type": "Feature", "properties": { "mean_value": null, "mean_sentiment": null, "value_gap_to_market": null }, "geometry": { "type": "Point", "coordinates": [ -95.3594994, 29.7417212 ] } },
{ "type": "Feature", "properties": { "mean_value": null, "mean_sentiment": null, "value_gap_to_market": null }, "geometry": { "type": "Point", "coordinates": [ -95.3974939, 29.7081434 ] } },
{ "type": "Feature", "properties": { "mean_value": null, "mean_sentiment": null, "value_gap_to_market": null }, "geometry": { "type": "Point", "coordinates": [ -95.4005571, 29.707556 ] } },
{ "type": "Feature", "properties": { "mean_value": null, "mean_sentiment": null, "value_gap_to_market": null }, "geometry": { "type": "Point", "coordinates": [ -95.4019566, 29.7075361 ] } },
{ "type": "Feature", "properties": { "mean_value": null, "mean_sentiment": null, "value_gap_to_market": null }, "geometry": { "type": "Point", "coordinates": [ -95.402677, 29.70802 ] } },
{ "type": "Feature", "properties": { "mean_value": null, "mean_sentiment": null, "value_gap_to_market": null }, "geometry": { "type": "Point", "coordinates": [ -95.3973126, 29.7078463 ] } },
{ "type": "Feature", "properties": { "mean_value": null, "mean_sentiment": null, "value_gap_to_market": null }, "geometry": { "type": "Point", "coordinates": [ -95.4016256, 29.707902 ] } },
{ "type": "Feature", "properties": { "mean_value": null, "mean_sentiment": null, "value_gap_to_market": null }, "geometry": { "type": "Point", "coordinates": [ -95.3430119, 29.7331866 ] } },
{ "type": "Feature", "properties": { "mean_value": null, "mean_sentiment": null, "value_gap_to_market": null }, "geometry": { "type": "Point", "coordinates": [ -95.3474348, 29.7365764 ] } },
{ "type": "Feature", "properties": { "mean_value": null, "mean_sentiment": null, "value_gap_to_market": null }, "geometry": { "type": "Point", "coordinates": [ -95.3420147, 29.7327997 ] } },
{ "type": "Feature", "properties": { "mean_value": null, "mean_sentiment": null, "value_gap_to_market": null }, "geometry": { "type": "Point", "coordinates": [ -95.4015533, 29.7079033 ] } },
{ "type": "Feature", "properties": { "mean_value": 3.1413517441860463, "mean_sentiment": 0.25363372093023256, "value_gap_to_market": -0.49691165277011207 }, "geometry": { "type": "Point", "coordinates": [ -95.242411, 30.067631 ] } },
{ "type": "Feature", "properties": { "mean_value": null, "mean_sentiment": null, "value_gap_to_market": null }, "geometry": { "type": "Point", "coordinates": [ -95.3763553, 29.7518668 ] } },
{ "type": "Feature", "properties": { "mean_value": null, "mean_sentiment": null, "value_gap_to_market": null }, "geometry": { "type": "Point", "coordinates": [ -95.254855, 30.0459784 ] } },
{ "type": "Feature", "properties": { "mean_value": null, "mean_sentiment": null, "value_gap_to_market": null }, "geometry": { "type": "Point", "coordinates": [ -95.3883538, 29.748449 ] } },
{ "type": "Feature", "properties": { "mean_value": null, "mean_sentiment": null, "value_gap_to_market": null }, "geometry": { "type": "Point", "coordinates": [ -95.3771472, 29.7437558 ] } },
{ "type": "Feature", "properties": { "mean_value": null, "mean_sentiment": null, "value_gap_to_market": null }, "geometry": { "type": "Point", "coordinates": [ -95.376282, 29.728933 ] } },
{ "type": "Feature", "properties": { "mean_value": null, "mean_sentiment": null, "value_gap_to_market": null }, "geometry": { "type": "Point", "coordinates": [ -95.3704827, 29.7226889 ] } },
{ "type": "Feature", "properties": { "mean_value": null, "mean_sentiment": null, "value_gap_to_market": null }, "geometry": { "type": "Point", "coordinates": [ -95.3650319, 29.7588614 ] } },
{ "type": "Feature", "properties": { "mean_value": null, "mean_sentiment": null, "value_gap_to_market": null }, "geometry": { "type": "Point", "coordinates": [ -95.4158258, 29.803035 ] } },
{ "type": "Feature", "properties": { "mean_value": null, "mean_sentiment": null, "value_gap_to_market": null }, "geometry": { "type": "Point", "coordinates": [ -95.4456362, 29.8145508 ] } },
{ "type": "Feature", "properties": { "mean_value": 4.3370752427184467, "mean_sentiment": 0.73689320388349511, "value_gap_to_market": 0.69881184576228828 }, "geometry": { "type": "Point", "coordinates": [ -95.3874338, 29.7906015 ] } },
{ "type": "Feature", "properties": { "mean_value": null, "mean_sentiment": null, "value_gap_to_market": null }, "geometry": { "type": "Point", "coordinates": [ -95.4100195, 29.8113245 ] } },
{ "type": "Feature", "properties": { "mean_value": 4.1631578947368419, "mean_sentiment": 0.67872340425531918, "value_gap_to_market": 0.52489449778068353 }, "geometry": { "type": "Point", "coordinates": [ -95.4300002, 29.8058159 ] } },
{ "type": "Feature", "properties": { "mean_value": null, "mean_sentiment": null, "value_gap_to_market": null }, "geometry": { "type": "Point", "coordinates": [ -95.3909209, 29.7418832 ] } },
{ "type": "Feature", "properties": { "mean_value": null, "mean_sentiment": null, "value_gap_to_market": null }, "geometry": { "type": "Point", "coordinates": [ -95.381395, 29.7702533 ] } },
{ "type": "Feature", "properties": { "mean_value": null, "mean_sentiment": null, "value_gap_to_market": null }, "geometry": { "type": "Point", "coordinates": [ -95.4299884, 29.8154495 ] } },
{ "type": "Feature", "properties": { "mean_value": 3.9350907029478459, "mean_sentiment": 0.57698412698412704, "value_gap_to_market": 0.2968273059916875 }, "geometry": { "type": "Point", "coordinates": [ -95.3797057, 29.7678245 ] } },
{ "type": "Feature", "properties": { "mean_value": null, "mean_sentiment": null, "value_gap_to_market": null }, "geometry": { "type": "Point", "coordinates": [ -95.4590448, 29.820828 ] } },
{ "type": "Feature", "properties": { "mean_value": null, "mean_sentiment": null, "value_gap_to_market": null }, "geometry": { "type": "Point", "coordinates": [ -95.3916852, 29.7813873 ] } },
{ "type": "Feature", "properties": { "mean_value": null, "mean_sentiment": null, "value_gap_to_market": null }, "geometry": { "type": "Point", "coordinates": [ -95.4085784, 29.8062443 ] } },
{ "type": "Feature", "properties": { "mean_value": null, "mean_sentiment": null, "value_gap_to_market": null }, "geometry": { "type": "Point", "coordinates": [ -95.4209971, 29.8117749 ] } },
{ "type": "Feature", "properties": { "mean_value": null, "mean_sentiment": null, "value_gap_to_market": null }, "geometry": { "type": "Point", "coordinates": [ -95.4228764, 29.7992302 ] } },
{ "type": "Feature", "properties": { "mean_value": null, "mean_sentiment": null, "value_gap_to_market": null }, "geometry": { "type": "Point", "coordinates": [ -95.3948111, 29.7325562 ] } },
{ "type": "Feature", "properties": { "mean_value": null, "mean_sentiment": null, "value_gap_to_market": null }, "geometry": { "type": "Point", "coordinates": [ -95.3901641, 29.7347514 ] } },
{ "type": "Feature", "properties": { "mean_value": null, "mean_sentiment": null, "value_gap_to_market": null }, "geometry": { "type": "Point", "coordinates": [ -95.3906422, 29.741945 ] } },
{ "type": "Feature", "properties": { "mean_value": null, "mean_sentiment": null, "value_gap_to_market": null }, "geometry": { "type": "Point", "coordinates": [ -95.394224, 29.7341339 ] } },
{ "type": "Feature", "properties": { "mean_value": null, "mean_sentiment": null, "value_gap_to_market": null }, "geometry": { "type": "Point", "coordinates": [ -95.3909104, 29.7385189 ] } },
{ "type": "Feature", "properties": { "mean_value": null, "mean_sentiment": null, "value_gap_to_market": null }, "geometry": { "type": "Point", "coordinates": [ -95.3676617, 29.7591146 ] } },
{ "type": "Feature", "properties": { "mean_value": null, "mean_sentiment": null, "value_gap_to_market": null }, "geometry": { "type": "Point", "coordinates": [ -95.364853, 29.762385 ] } },
{ "type": "Feature", "properties": { "mean_value": null, "mean_sentiment": null, "value_gap_to_market": null }, "geometry": { "type": "Point", "coordinates": [ -95.3656118, 29.7601487 ] } },
{ "type": "Feature", "properties": { "mean_value": null, "mean_sentiment": null, "value_gap_to_market": null }, "geometry": { "type": "Point", "coordinates": [ -95.3648839, 29.7662149 ] } },
{ "type": "Feature", "properties": { "mean_value": null, "mean_sentiment": null, "value_gap_to_market": null }, "geometry": { "type": "Point", "coordinates": [ -95.4010444, 29.8027222 ] } },
{ "type": "Feature", "properties": { "mean_value": 4.1619047619047622, "mean_sentiment": 0.66476190476190478, "value_gap_to_market": 0.5236413649486038 }, "geometry": { "type": "Point", "coordinates": [ -95.4117583, 29.7939603 ] } },
{ "type": "Feature", "properties": { "mean_value": null, "mean_sentiment": null, "value_gap_to_market": null }, "geometry": { "type": "Point", "coordinates": [ -95.3970635, 29.7811882 ] } },
{ "type": "Feature", "properties": { "mean_value": null, "mean_sentiment": null, "value_gap_to_market": null }, "geometry": { "type": "Point", "coordinates": [ -95.4077585, 29.7823385 ] } },
{ "type": "Feature", "properties": { "mean_value": null, "mean_sentiment": null, "value_gap_to_market": null }, "geometry": { "type": "Point", "coordinates": [ -95.4117964, 29.7934033 ] } },
{ "type": "Feature", "properties": { "mean_value": null, "mean_sentiment": null, "value_gap_to_market": null }, "geometry": { "type": "Point", "coordinates": [ -95.3932678, 29.7819955 ] } },
{ "type": "Feature", "properties": { "mean_value": null, "mean_sentiment": null, "value_gap_to_market": null }, "geometry": { "type": "Point", "coordinates": [ -95.3916852, 29.7813873 ] } },
{ "type": "Feature", "properties": { "mean_value": null, "mean_sentiment": null, "value_gap_to_market": null }, "geometry": { "type": "Point", "coordinates": [ -95.3688453, 29.7575785 ] } },
{ "type": "Feature", "properties": { "mean_value": null, "mean_sentiment": null, "value_gap_to_market": null }, "geometry": { "type": "Point", "coordinates": [ -95.3706198, 29.7577289 ] } },
{ "type": "Feature", "properties": { "mean_value": null, "mean_sentiment": null, "value_gap_to_market": null }, "geometry": { "type": "Point", "coordinates": [ -95.3767208, 29.7678978 ] } },
{ "type": "Feature", "properties": { "mean_value": null, "mean_sentiment": null, "value_gap_to_market": null }, "geometry": { "type": "Point", "coordinates": [ -95.3646003, 29.7631017 ] } },
{ "type": "Feature", "properties": { "mean_value": null, "mean_sentiment": null, "value_gap_to_market": null }, "geometry": { "type": "Point", "coordinates": [ -95.3645692, 29.7629958 ] } },
{ "type": "Feature", "properties": { "mean_value": null, "mean_sentiment": null, "value_gap_to_market": null }, "geometry": { "type": "Point", "coordinates": [ -95.4101622, 29.7907674 ] } },
{ "type": "Feature", "properties": { "mean_value": null, "mean_sentiment": null, "value_gap_to_market": null }, "geometry": { "type": "Point", "coordinates": [ -95.3847947, 29.7264223 ] } },
{ "type": "Feature", "properties": { "mean_value": 4.077464788732394, "mean_sentiment": 0.61126760563380278, "value_gap_to_market": 0.43920139177623563 }, "geometry": { "type": "Point", "coordinates": [ -95.3908347, 29.7392375 ] } },
{ "type": "Feature", "properties": { "mean_value": null, "mean_sentiment": null, "value_gap_to_market": null }, "geometry": { "type": "Point", "coordinates": [ -95.3837707, 29.7386699 ] } },
{ "type": "Feature", "properties": { "mean_value": 3.4953752642706131, "mean_sentiment": 0.39830866807610993, "value_gap_to_market": -0.14288813268554534 }, "geometry": { "type": "Point", "coordinates": [ -95.4099241, 29.8045823 ] } },
{ "type": "Feature", "properties": { "mean_value": null, "mean_sentiment": null, "value_gap_to_market": null }, "geometry": { "type": "Point", "coordinates": [ -95.4108497, 29.8015501 ] } },
{ "type": "Feature", "properties": { "mean_value": null, "mean_sentiment": null, "value_gap_to_market": null }, "geometry": { "type": "Point", "coordinates": [ -95.4504398, 29.8144248 ] } },
{ "type": "Feature", "properties": { "mean_value": null, "mean_sentiment": null, "value_gap_to_market": null }, "geometry": { "type": "Point", "coordinates": [ -95.4590812, 29.8202108 ] } },
{ "type": "Feature", "properties": { "mean_value": null, "mean_sentiment": null, "value_gap_to_market": null }, "geometry": { "type": "Point", "coordinates": [ -95.4553802, 29.8147808 ] } },
{ "type": "Feature", "properties": { "mean_value": null, "mean_sentiment": null, "value_gap_to_market": null }, "geometry": { "type": "Point", "coordinates": [ -95.4474876, 29.8139217 ] } },
{ "type": "Feature", "properties": { "mean_value": null, "mean_sentiment": null, "value_gap_to_market": null }, "geometry": { "type": "Point", "coordinates": [ -95.3631059, 29.7588934 ] } },
{ "type": "Feature", "properties": { "mean_value": null, "mean_sentiment": null, "value_gap_to_market": null }, "geometry": { "type": "Point", "coordinates": [ -95.3648839, 29.7662149 ] } },
{ "type": "Feature", "properties": { "mean_value": null, "mean_sentiment": null, "value_gap_to_market": null }, "geometry": { "type": "Point", "coordinates": [ -95.3607797, 29.7636007 ] } },
{ "type": "Feature", "properties": { "mean_value": null, "mean_sentiment": null, "value_gap_to_market": null }, "geometry": { "type": "Point", "coordinates": [ -95.3584223, 29.761095 ] } },
{ "type": "Feature", "properties": { "mean_value": null, "mean_sentiment": null, "value_gap_to_market": null }, "geometry": { "type": "Point", "coordinates": [ -95.3698028, 29.7604267 ] } },
{ "type": "Feature", "properties": { "mean_value": 4.8125, "mean_sentiment": 0.925, "value_gap_to_market": 1.1742366030438416 }, "geometry": { "type": "Point", "coordinates": [ -95.4194421, 29.8039941 ] } },
{ "type": "Feature", "properties": { "mean_value": null, "mean_sentiment": null, "value_gap_to_market": null }, "geometry": { "type": "Point", "coordinates": [ -95.4398407, 29.8102009 ] } },
{ "type": "Feature", "properties": { "mean_value": null, "mean_sentiment": null, "value_gap_to_market": null }, "geometry": { "type": "Point", "coordinates": [ -95.420905, 29.8044865 ] } },
{ "type": "Feature", "properties": { "mean_value": 4.0562730627306269, "mean_sentiment": 0.62177121771217714, "value_gap_to_market": 0.41800966577446852 }, "geometry": { "type": "Point", "coordinates": [ -95.4318935, 29.8019526 ] } },
{ "type": "Feature", "properties": { "mean_value": null, "mean_sentiment": null, "value_gap_to_market": null }, "geometry": { "type": "Point", "coordinates": [ -95.4219734, 29.8002767 ] } },
{ "type": "Feature", "properties": { "mean_value": null, "mean_sentiment": null, "value_gap_to_market": null }, "geometry": { "type": "Point", "coordinates": [ -95.4321414, 29.802534 ] } },
{ "type": "Feature", "properties": { "mean_value": null, "mean_sentiment": null, "value_gap_to_market": null }, "geometry": { "type": "Point", "coordinates": [ -95.4103383, 29.7946051 ] } },
{ "type": "Feature", "properties": { "mean_value": null, "mean_sentiment": null, "value_gap_to_market": null }, "geometry": { "type": "Point", "coordinates": [ -95.3964161, 29.781345 ] } },
{ "type": "Feature", "properties": { "mean_value": null, "mean_sentiment": null, "value_gap_to_market": null }, "geometry": { "type": "Point", "coordinates": [ -95.409565, 29.7899627 ] } },
{ "type": "Feature", "properties": { "mean_value": 2.1973684210526314, "mean_sentiment": -0.13007518796992482, "value_gap_to_market": -1.440894975903527 }, "geometry": { "type": "Point", "coordinates": [ -95.4116611, 29.7902288 ] } },
{ "type": "Feature", "properties": { "mean_value": 3.25, "mean_sentiment": 0.31265822784810127, "value_gap_to_market": -0.38826339695615841 }, "geometry": { "type": "Point", "coordinates": [ -95.4097881, 29.7959333 ] } },
{ "type": "Feature", "properties": { "mean_value": null, "mean_sentiment": null, "value_gap_to_market": null }, "geometry": { "type": "Point", "coordinates": [ -95.3986533, 29.7839208 ] } },
{ "type": "Feature", "properties": { "mean_value": null, "mean_sentiment": null, "value_gap_to_market": null }, "geometry": { "type": "Point", "coordinates": [ -95.3905344, 29.742113 ] } },
{ "type": "Feature", "properties": { "mean_value": null, "mean_sentiment": null, "value_gap_to_market": null }, "geometry": { "type": "Point", "coordinates": [ -95.4588528, 29.8139255 ] } },
{ "type": "Feature", "properties": { "mean_value": null, "mean_sentiment": null, "value_gap_to_market": null }, "geometry": { "type": "Point", "coordinates": [ -95.365714, 29.7600417 ] } },
{ "type": "Feature", "properties": { "mean_value": null, "mean_sentiment": null, "value_gap_to_market": null }, "geometry": { "type": "Point", "coordinates": [ -95.3604519, 29.7622724 ] } },
{ "type": "Feature", "properties": { "mean_value": null, "mean_sentiment": null, "value_gap_to_market": null }, "geometry": { "type": "Point", "coordinates": [ -95.3578305, 29.7618604 ] } },
{ "type": "Feature", "properties": { "mean_value": null, "mean_sentiment": null, "value_gap_to_market": null }, "geometry": { "type": "Point", "coordinates": [ -95.3689752, 29.7618058 ] } },
{ "type": "Feature", "properties": { "mean_value": null, "mean_sentiment": null, "value_gap_to_market": null }, "geometry": { "type": "Point", "coordinates": [ -95.3648839, 29.7662149 ] } },
{ "type": "Feature", "properties": { "mean_value": null, "mean_sentiment": null, "value_gap_to_market": null }, "geometry": { "type": "Point", "coordinates": [ -95.3621801, 29.7618953 ] } },
{ "type": "Feature", "properties": { "mean_value": null, "mean_sentiment": null, "value_gap_to_market": null }, "geometry": { "type": "Point", "coordinates": [ -95.3645956, 29.7629821 ] } },
{ "type": "Feature", "properties": { "mean_value": null, "mean_sentiment": null, "value_gap_to_market": null }, "geometry": { "type": "Point", "coordinates": [ -95.3648839, 29.7662149 ] } },
{ "type": "Feature", "properties": { "mean_value": null, "mean_sentiment": null, "value_gap_to_market": null }, "geometry": { "type": "Point", "coordinates": [ -95.3648839, 29.7662149 ] } },
{ "type": "Feature", "properties": { "mean_value": null, "mean_sentiment": null, "value_gap_to_market": null }, "geometry": { "type": "Point", "coordinates": [ -95.4217344, 29.8030709 ] } },
{ "type": "Feature", "properties": { "mean_value": null, "mean_sentiment": null, "value_gap_to_market": null }, "geometry": { "type": "Point", "coordinates": [ -95.4398437, 29.8101999 ] } },
{ "type": "Feature", "properties": { "mean_value": null, "mean_sentiment": null, "value_gap_to_market": null }, "geometry": { "type": "Point", "coordinates": [ -95.4455277, 29.8052442 ] } },
{ "type": "Feature", "properties": { "mean_value": null, "mean_sentiment": null, "value_gap_to_market": null }, "geometry": { "type": "Point", "coordinates": [ -95.4477842, 29.8027199 ] } },
{ "type": "Feature", "properties": { "mean_value": null, "mean_sentiment": null, "value_gap_to_market": null }, "geometry": { "type": "Point", "coordinates": [ -95.4291295, 29.802637 ] } },
{ "type": "Feature", "properties": { "mean_value": null, "mean_sentiment": null, "value_gap_to_market": null }, "geometry": { "type": "Point", "coordinates": [ -95.4321272, 29.8018918 ] } },
{ "type": "Feature", "properties": { "mean_value": null, "mean_sentiment": null, "value_gap_to_market": null }, "geometry": { "type": "Point", "coordinates": [ -95.4194336, 29.8040364 ] } },
{ "type": "Feature", "properties": { "mean_value": 4.4624542124542126, "mean_sentiment": 0.78608058608058606, "value_gap_to_market": 0.82419081549805417 }, "geometry": { "type": "Point", "coordinates": [ -95.4102085, 29.7993626 ] } },
{ "type": "Feature", "properties": { "mean_value": null, "mean_sentiment": null, "value_gap_to_market": null }, "geometry": { "type": "Point", "coordinates": [ -95.4093155, 29.8026272 ] } },
{ "type": "Feature", "properties": { "mean_value": 4.4965517241379311, "mean_sentiment": 0.79862068965517241, "value_gap_to_market": 0.85828832718177273 }, "geometry": { "type": "Point", "coordinates": [ -95.4096389, 29.8096784 ] } },
{ "type": "Feature", "properties": { "mean_value": 3.7976190476190474, "mean_sentiment": 0.50952380952380949, "value_gap_to_market": 0.15935565066288904 }, "geometry": { "type": "Point", "coordinates": [ -95.4119329, 29.7992359 ] } },
{ "type": "Feature", "properties": { "mean_value": null, "mean_sentiment": null, "value_gap_to_market": null }, "geometry": { "type": "Point", "coordinates": [ -95.400845, 29.8037369 ] } },
{ "type": "Feature", "properties": { "mean_value": null, "mean_sentiment": null, "value_gap_to_market": null }, "geometry": { "type": "Point", "coordinates": [ -95.3991129, 29.8097979 ] } },
{ "type": "Feature", "properties": { "mean_value": 4.2261904761904763, "mean_sentiment": 0.69047619047619047, "value_gap_to_market": 0.58792707923431786 }, "geometry": { "type": "Point", "coordinates": [ -95.3645956, 29.7629821 ] } },
{ "type": "Feature", "properties": { "mean_value": null, "mean_sentiment": null, "value_gap_to_market": null }, "geometry": { "type": "Point", "coordinates": [ -95.3827084, 29.7606694 ] } },
{ "type": "Feature", "properties": { "mean_value": null, "mean_sentiment": null, "value_gap_to_market": null }, "geometry": { "type": "Point", "coordinates": [ -95.4591619, 29.8024345 ] } },
{ "type": "Feature", "properties": { "mean_value": null, "mean_sentiment": null, "value_gap_to_market": null }, "geometry": { "type": "Point", "coordinates": [ -95.3655982, 29.7600873 ] } },
{ "type": "Feature", "properties": { "mean_value": null, "mean_sentiment": null, "value_gap_to_market": null }, "geometry": { "type": "Point", "coordinates": [ -95.3648839, 29.7662149 ] } },
{ "type": "Feature", "properties": { "mean_value": null, "mean_sentiment": null, "value_gap_to_market": null }, "geometry": { "type": "Point", "coordinates": [ -95.3644726, 29.7597863 ] } },
{ "type": "Feature", "properties": { "mean_value": null, "mean_sentiment": null, "value_gap_to_market": null }, "geometry": { "type": "Point", "coordinates": [ -95.3654293, 29.7593273 ] } },
{ "type": "Feature", "properties": { "mean_value": null, "mean_sentiment": null, "value_gap_to_market": null }, "geometry": { "type": "Point", "coordinates": [ -95.3648839, 29.7662149 ] } },
{ "type": "Feature", "properties": { "mean_value": null, "mean_sentiment": null, "value_gap_to_market": null }, "geometry": { "type": "Point", "coordinates": [ -95.3656692, 29.7601541 ] } },
{ "type": "Feature", "properties": { "mean_value": 2.5542253521126761, "mean_sentiment": 0.014971751412429381, "value_gap_to_market": -1.0840380448434823 }, "geometry": { "type": "Point", "coordinates": [ -95.3988475, 29.8046163 ] } },
{ "type": "Feature", "properties": { "mean_value": null, "mean_sentiment": null, "value_gap_to_market": null }, "geometry": { "type": "Point", "coordinates": [ -95.4055927, 29.8024636 ] } },
{ "type": "Feature", "properties": { "mean_value": null, "mean_sentiment": null, "value_gap_to_market": null }, "geometry": { "type": "Point", "coordinates": [ -95.409786, 29.8081759 ] } },
{ "type": "Feature", "properties": { "mean_value": null, "mean_sentiment": null, "value_gap_to_market": null }, "geometry": { "type": "Point", "coordinates": [ -95.3995995, 29.8046169 ] } },
{ "type": "Feature", "properties": { "mean_value": null, "mean_sentiment": null, "value_gap_to_market": null }, "geometry": { "type": "Point", "coordinates": [ -95.4108481, 29.8030421 ] } },
{ "type": "Feature", "properties": { "mean_value": null, "mean_sentiment": null, "value_gap_to_market": null }, "geometry": { "type": "Point", "coordinates": [ -95.4130499, 29.8025241 ] } },
{ "type": "Feature", "properties": { "mean_value": null, "mean_sentiment": null, "value_gap_to_market": null }, "geometry": { "type": "Point", "coordinates": [ -95.3904991, 29.7753478 ] } },
{ "type": "Feature", "properties": { "mean_value": null, "mean_sentiment": null, "value_gap_to_market": null }, "geometry": { "type": "Point", "coordinates": [ -95.3624924, 29.7613156 ] } },
{ "type": "Feature", "properties": { "mean_value": null, "mean_sentiment": null, "value_gap_to_market": null }, "geometry": { "type": "Point", "coordinates": [ -95.3868914, 29.7708317 ] } },
{ "type": "Feature", "properties": { "mean_value": null, "mean_sentiment": null, "value_gap_to_market": null }, "geometry": { "type": "Point", "coordinates": [ -95.39127, 29.7752601 ] } },
{ "type": "Feature", "properties": { "mean_value": null, "mean_sentiment": null, "value_gap_to_market": null }, "geometry": { "type": "Point", "coordinates": [ -95.3648839, 29.7662149 ] } },
{ "type": "Feature", "properties": { "mean_value": null, "mean_sentiment": null, "value_gap_to_market": null }, "geometry": { "type": "Point", "coordinates": [ -95.4649514, 29.8057262 ] } },
{ "type": "Feature", "properties": { "mean_value": null, "mean_sentiment": null, "value_gap_to_market": null }, "geometry": { "type": "Point", "coordinates": [ -95.4423324, 29.8075979 ] } },
{ "type": "Feature", "properties": { "mean_value": null, "mean_sentiment": null, "value_gap_to_market": null }, "geometry": { "type": "Point", "coordinates": [ -95.4596831, 29.8057594 ] } },
{ "type": "Feature", "properties": { "mean_value": null, "mean_sentiment": null, "value_gap_to_market": null }, "geometry": { "type": "Point", "coordinates": [ -95.4556054, 29.8086966 ] } },
{ "type": "Feature", "properties": { "mean_value": null, "mean_sentiment": null, "value_gap_to_market": null }, "geometry": { "type": "Point", "coordinates": [ -95.4613174, 29.8044831 ] } },
{ "type": "Feature", "properties": { "mean_value": null, "mean_sentiment": null, "value_gap_to_market": null }, "geometry": { "type": "Point", "coordinates": [ -95.3622231, 29.7607116 ] } },
{ "type": "Feature", "properties": { "mean_value": null, "mean_sentiment": null, "value_gap_to_market": null }, "geometry": { "type": "Point", "coordinates": [ -95.3648839, 29.7662149 ] } },
{ "type": "Feature", "properties": { "mean_value": null, "mean_sentiment": null, "value_gap_to_market": null }, "geometry": { "type": "Point", "coordinates": [ -95.3761659, 29.7621977 ] } },
{ "type": "Feature", "properties": { "mean_value": 1.25, "mean_sentiment": -0.5, "value_gap_to_market": -2.3882633969561584 }, "geometry": { "type": "Point", "coordinates": [ -95.385407, 29.774169 ] } },
{ "type": "Feature", "properties": { "mean_value": null, "mean_sentiment": null, "value_gap_to_market": null }, "geometry": { "type": "Point", "coordinates": [ -95.39157, 29.76749 ] } },
{ "type": "Feature", "properties": { "mean_value": null, "mean_sentiment": null, "value_gap_to_market": null }, "geometry": { "type": "Point", "coordinates": [ -95.4113202, 29.7764835 ] } },
{ "type": "Feature", "properties": { "mean_value": null, "mean_sentiment": null, "value_gap_to_market": null }, "geometry": { "type": "Point", "coordinates": [ -95.4214967, 29.7711427 ] } },
{ "type": "Feature", "properties": { "mean_value": null, "mean_sentiment": null, "value_gap_to_market": null }, "geometry": { "type": "Point", "coordinates": [ -95.4183647, 29.7746986 ] } },
{ "type": "Feature", "properties": { "mean_value": null, "mean_sentiment": null, "value_gap_to_market": null }, "geometry": { "type": "Point", "coordinates": [ -95.4090834, 29.7670612 ] } },
{ "type": "Feature", "properties": { "mean_value": null, "mean_sentiment": null, "value_gap_to_market": null }, "geometry": { "type": "Point", "coordinates": [ -95.3801118, 29.7984061 ] } },
{ "type": "Feature", "properties": { "mean_value": null, "mean_sentiment": null, "value_gap_to_market": null }, "geometry": { "type": "Point", "coordinates": [ -95.3887405, 29.7813718 ] } },
{ "type": "Feature", "properties": { "mean_value": null, "mean_sentiment": null, "value_gap_to_market": null }, "geometry": { "type": "Point", "coordinates": [ -95.3869819, 29.7806767 ] } },
{ "type": "Feature", "properties": { "mean_value": null, "mean_sentiment": null, "value_gap_to_market": null }, "geometry": { "type": "Point", "coordinates": [ -95.4108772, 29.8161723 ] } },
{ "type": "Feature", "properties": { "mean_value": null, "mean_sentiment": null, "value_gap_to_market": null }, "geometry": { "type": "Point", "coordinates": [ -95.3824319, 29.7763158 ] } },
{ "type": "Feature", "properties": { "mean_value": null, "mean_sentiment": null, "value_gap_to_market": null }, "geometry": { "type": "Point", "coordinates": [ -95.387997, 29.7745657 ] } },
{ "type": "Feature", "properties": { "mean_value": null, "mean_sentiment": null, "value_gap_to_market": null }, "geometry": { "type": "Point", "coordinates": [ -95.3978769, 29.7738891 ] } },
{ "type": "Feature", "properties": { "mean_value": null, "mean_sentiment": null, "value_gap_to_market": null }, "geometry": { "type": "Point", "coordinates": [ -95.423049, 29.8219912 ] } },
{ "type": "Feature", "properties": { "mean_value": null, "mean_sentiment": null, "value_gap_to_market": null }, "geometry": { "type": "Point", "coordinates": [ -95.4230714, 29.8220567 ] } },
{ "type": "Feature", "properties": { "mean_value": null, "mean_sentiment": null, "value_gap_to_market": null }, "geometry": { "type": "Point", "coordinates": [ -95.4217808, 29.8168473 ] } },
{ "type": "Feature", "properties": { "mean_value": null, "mean_sentiment": null, "value_gap_to_market": null }, "geometry": { "type": "Point", "coordinates": [ -95.4214063, 29.8168974 ] } },
{ "type": "Feature", "properties": { "mean_value": 4.425, "mean_sentiment": 0.77, "value_gap_to_market": 0.78673660304384141 }, "geometry": { "type": "Point", "coordinates": [ -95.4108593, 29.8121072 ] } },
{ "type": "Feature", "properties": { "mean_value": 3.895, "mean_sentiment": 0.558, "value_gap_to_market": 0.2567366030438416 }, "geometry": { "type": "Point", "coordinates": [ -95.4108781, 29.8121517 ] } },
{ "type": "Feature", "properties": { "mean_value": null, "mean_sentiment": null, "value_gap_to_market": null }, "geometry": { "type": "Point", "coordinates": [ -95.4098897, 29.8121095 ] } },
{ "type": "Feature", "properties": { "mean_value": 2.4616438356164383, "mean_sentiment": -0.025549450549450549, "value_gap_to_market": -1.1766195613397201 }, "geometry": { "type": "Point", "coordinates": [ -95.4112414, 29.812209 ] } },
{ "type": "Feature", "properties": { "mean_value": 3.1224093264248705, "mean_sentiment": 0.24956597222222224, "value_gap_to_market": -0.51585407053128796 }, "geometry": { "type": "Point", "coordinates": [ -95.4108445, 29.8134373 ] } },
{ "type": "Feature", "properties": { "mean_value": null, "mean_sentiment": null, "value_gap_to_market": null }, "geometry": { "type": "Point", "coordinates": [ -95.4111429, 29.7765113 ] } },
{ "type": "Feature", "properties": { "mean_value": null, "mean_sentiment": null, "value_gap_to_market": null }, "geometry": { "type": "Point", "coordinates": [ -95.4096763, 29.7713316 ] } },
{ "type": "Feature", "properties": { "mean_value": null, "mean_sentiment": null, "value_gap_to_market": null }, "geometry": { "type": "Point", "coordinates": [ -95.3903914, 29.7818457 ] } },
{ "type": "Feature", "properties": { "mean_value": null, "mean_sentiment": null, "value_gap_to_market": null }, "geometry": { "type": "Point", "coordinates": [ -95.376634, 29.7933273 ] } },
{ "type": "Feature", "properties": { "mean_value": null, "mean_sentiment": null, "value_gap_to_market": null }, "geometry": { "type": "Point", "coordinates": [ -95.399732, 29.8117462 ] } },
{ "type": "Feature", "properties": { "mean_value": null, "mean_sentiment": null, "value_gap_to_market": null }, "geometry": { "type": "Point", "coordinates": [ -95.3981272, 29.813746 ] } },
{ "type": "Feature", "properties": { "mean_value": null, "mean_sentiment": null, "value_gap_to_market": null }, "geometry": { "type": "Point", "coordinates": [ -95.4096022, 29.8212993 ] } },
{ "type": "Feature", "properties": { "mean_value": null, "mean_sentiment": null, "value_gap_to_market": null }, "geometry": { "type": "Point", "coordinates": [ -95.3990323, 29.8116644 ] } },
{ "type": "Feature", "properties": { "mean_value": null, "mean_sentiment": null, "value_gap_to_market": null }, "geometry": { "type": "Point", "coordinates": [ -95.4118112, 29.8121732 ] } },
{ "type": "Feature", "properties": { "mean_value": null, "mean_sentiment": null, "value_gap_to_market": null }, "geometry": { "type": "Point", "coordinates": [ -95.3974709, 29.812554 ] } },
{ "type": "Feature", "properties": { "mean_value": null, "mean_sentiment": null, "value_gap_to_market": null }, "geometry": { "type": "Point", "coordinates": [ -95.4055667, 29.8123304 ] } },
{ "type": "Feature", "properties": { "mean_value": null, "mean_sentiment": null, "value_gap_to_market": null }, "geometry": { "type": "Point", "coordinates": [ -95.4110337, 29.8148148 ] } },
{ "type": "Feature", "properties": { "mean_value": null, "mean_sentiment": null, "value_gap_to_market": null }, "geometry": { "type": "Point", "coordinates": [ -95.4025809, 29.8406768 ] } },
{ "type": "Feature", "properties": { "mean_value": null, "mean_sentiment": null, "value_gap_to_market": null }, "geometry": { "type": "Point", "coordinates": [ -95.3854951, 29.7517959 ] } },
{ "type": "Feature", "properties": { "mean_value": null, "mean_sentiment": null, "value_gap_to_market": null }, "geometry": { "type": "Point", "coordinates": [ -95.4033974, 29.752674 ] } },
{ "type": "Feature", "properties": { "mean_value": null, "mean_sentiment": null, "value_gap_to_market": null }, "geometry": { "type": "Point", "coordinates": [ -95.387163, 29.753638 ] } },
{ "type": "Feature", "properties": { "mean_value": 3.8125, "mean_sentiment": 0.525, "value_gap_to_market": 0.17423660304384159 }, "geometry": { "type": "Point", "coordinates": [ -95.4093459, 29.7745527 ] } },
{ "type": "Feature", "properties": { "mean_value": 4.147935779816514, "mean_sentiment": 0.65871559633027521, "value_gap_to_market": 0.50967238286035554 }, "geometry": { "type": "Point", "coordinates": [ -95.4097659, 29.771034 ] } },
{ "type": "Feature", "properties": { "mean_value": null, "mean_sentiment": null, "value_gap_to_market": null }, "geometry": { "type": "Point", "coordinates": [ -95.4106436, 29.7793167 ] } },
{ "type": "Feature", "properties": { "mean_value": 2.1511904761904761, "mean_sentiment": -0.14940334128878283, "value_gap_to_market": -1.4870729207656823 }, "geometry": { "type": "Point", "coordinates": [ -95.3979127, 29.774673 ] } },
{ "type": "Feature", "properties": { "mean_value": null, "mean_sentiment": null, "value_gap_to_market": null }, "geometry": { "type": "Point", "coordinates": [ -95.383441, 29.776314 ] } },
{ "type": "Feature", "properties": { "mean_value": null, "mean_sentiment": null, "value_gap_to_market": null }, "geometry": { "type": "Point", "coordinates": [ -95.388895, 29.7819058 ] } },
{ "type": "Feature", "properties": { "mean_value": null, "mean_sentiment": null, "value_gap_to_market": null }, "geometry": { "type": "Point", "coordinates": [ -95.3969486, 29.7773914 ] } },
{ "type": "Feature", "properties": { "mean_value": null, "mean_sentiment": null, "value_gap_to_market": null }, "geometry": { "type": "Point", "coordinates": [ -95.4115415, 29.84749 ] } },
{ "type": "Feature", "properties": { "mean_value": null, "mean_sentiment": null, "value_gap_to_market": null }, "geometry": { "type": "Point", "coordinates": [ -95.3863574, 29.7480038 ] } },
{ "type": "Feature", "properties": { "mean_value": 3.9642857142857144, "mean_sentiment": 0.58571428571428574, "value_gap_to_market": 0.326022317329556 }, "geometry": { "type": "Point", "coordinates": [ -95.4110627, 29.7789165 ] } },
{ "type": "Feature", "properties": { "mean_value": null, "mean_sentiment": null, "value_gap_to_market": null }, "geometry": { "type": "Point", "coordinates": [ -95.4272185, 29.7765385 ] } },
{ "type": "Feature", "properties": { "mean_value": 2.4474871134020617, "mean_sentiment": -0.029510309278350515, "value_gap_to_market": -1.1907762835540967 }, "geometry": { "type": "Point", "coordinates": [ -95.411059, 29.7782197 ] } },
{ "type": "Feature", "properties": { "mean_value": null, "mean_sentiment": null, "value_gap_to_market": null }, "geometry": { "type": "Point", "coordinates": [ -95.4272185, 29.7765375 ] } },
{ "type": "Feature", "properties": { "mean_value": 2.952572347266881, "mean_sentiment": 0.17741935483870969, "value_gap_to_market": -0.68569104968927741 }, "geometry": { "type": "Point", "coordinates": [ -95.4272883, 29.7754913 ] } },
{ "type": "Feature", "properties": { "mean_value": null, "mean_sentiment": null, "value_gap_to_market": null }, "geometry": { "type": "Point", "coordinates": [ -95.410426, 29.7715287 ] } },
{ "type": "Feature", "properties": { "mean_value": null, "mean_sentiment": null, "value_gap_to_market": null }, "geometry": { "type": "Point", "coordinates": [ -95.4098678, 29.7724617 ] } },
{ "type": "Feature", "properties": { "mean_value": null, "mean_sentiment": null, "value_gap_to_market": null }, "geometry": { "type": "Point", "coordinates": [ -95.4201773, 29.7765058 ] } },
{ "type": "Feature", "properties": { "mean_value": null, "mean_sentiment": null, "value_gap_to_market": null }, "geometry": { "type": "Point", "coordinates": [ -95.4245879, 29.7725478 ] } },
{ "type": "Feature", "properties": { "mean_value": null, "mean_sentiment": null, "value_gap_to_market": null }, "geometry": { "type": "Point", "coordinates": [ -95.4238455, 29.7716378 ] } },
{ "type": "Feature", "properties": { "mean_value": null, "mean_sentiment": null, "value_gap_to_market": null }, "geometry": { "type": "Point", "coordinates": [ -95.410875, 29.7765008 ] } },
{ "type": "Feature", "properties": { "mean_value": null, "mean_sentiment": null, "value_gap_to_market": null }, "geometry": { "type": "Point", "coordinates": [ -95.4074541, 29.7534836 ] } },
{ "type": "Feature", "properties": { "mean_value": null, "mean_sentiment": null, "value_gap_to_market": null }, "geometry": { "type": "Point", "coordinates": [ -95.3838701, 29.7500189 ] } },
{ "type": "Feature", "properties": { "mean_value": null, "mean_sentiment": null, "value_gap_to_market": null }, "geometry": { "type": "Point", "coordinates": [ -95.3994324, 29.7534336 ] } },
{ "type": "Feature", "properties": { "mean_value": null, "mean_sentiment": null, "value_gap_to_market": null }, "geometry": { "type": "Point", "coordinates": [ -95.4093609, 29.752847 ] } },
{ "type": "Feature", "properties": { "mean_value": null, "mean_sentiment": null, "value_gap_to_market": null }, "geometry": { "type": "Point", "coordinates": [ -95.4086076, 29.7534972 ] } },
{ "type": "Feature", "properties": { "mean_value": null, "mean_sentiment": null, "value_gap_to_market": null }, "geometry": { "type": "Point", "coordinates": [ -95.3914876, 29.7534909 ] } },
{ "type": "Feature", "properties": { "mean_value": 3.8818548387096774, "mean_sentiment": 0.55129032258064514, "value_gap_to_market": 0.24359144175351899 }, "geometry": { "type": "Point", "coordinates": [ -95.396559, 29.7499735 ] } },
{ "type": "Feature", "properties": { "mean_value": null, "mean_sentiment": null, "value_gap_to_market": null }, "geometry": { "type": "Point", "coordinates": [ -95.4033673, 29.756948 ] } },
{ "type": "Feature", "properties": { "mean_value": null, "mean_sentiment": null, "value_gap_to_market": null }, "geometry": { "type": "Point", "coordinates": [ -95.3918611, 29.7535782 ] } },
{ "type": "Feature", "properties": { "mean_value": 5.0, "mean_sentiment": 1.0, "value_gap_to_market": 1.3617366030438416 }, "geometry": { "type": "Point", "coordinates": [ -95.3854885, 29.7484397 ] } },
{ "type": "Feature", "properties": { "mean_value": null, "mean_sentiment": null, "value_gap_to_market": null }, "geometry": { "type": "Point", "coordinates": [ -95.4025934, 29.7568519 ] } },
{ "type": "Feature", "properties": { "mean_value": null, "mean_sentiment": null, "value_gap_to_market": null }, "geometry": { "type": "Point", "coordinates": [ -95.3977987, 29.755796 ] } },
{ "type": "Feature", "properties": { "mean_value": null, "mean_sentiment": null, "value_gap_to_market": null }, "geometry": { "type": "Point", "coordinates": [ -95.3867152, 29.7531503 ] } },
{ "type": "Feature", "properties": { "mean_value": null, "mean_sentiment": null, "value_gap_to_market": null }, "geometry": { "type": "Point", "coordinates": [ -95.3534974, 29.7747578 ] } },
{ "type": "Feature", "properties": { "mean_value": 3.8302304964539009, "mean_sentiment": 0.53705673758865247, "value_gap_to_market": 0.19196709949774249 }, "geometry": { "type": "Point", "coordinates": [ -95.3601741, 29.7764025 ] } },
{ "type": "Feature", "properties": { "mean_value": null, "mean_sentiment": null, "value_gap_to_market": null }, "geometry": { "type": "Point", "coordinates": [ -95.3966102, 29.7499546 ] } },
{ "type": "Feature", "properties": { "mean_value": null, "mean_sentiment": null, "value_gap_to_market": null }, "geometry": { "type": "Point", "coordinates": [ -95.3872162, 29.7531557 ] } },
{ "type": "Feature", "properties": { "mean_value": null, "mean_sentiment": null, "value_gap_to_market": null }, "geometry": { "type": "Point", "coordinates": [ -95.3872163, 29.7531557 ] } },
{ "type": "Feature", "properties": { "mean_value": null, "mean_sentiment": null, "value_gap_to_market": null }, "geometry": { "type": "Point", "coordinates": [ -95.402985, 29.75268 ] } },
{ "type": "Feature", "properties": { "mean_value": null, "mean_sentiment": null, "value_gap_to_market": null }, "geometry": { "type": "Point", "coordinates": [ -95.3902969, 29.7479072 ] } },
{ "type": "Feature", "properties": { "mean_value": null, "mean_sentiment": null, "value_gap_to_market": null }, "geometry": { "type": "Point", "coordinates": [ -95.3985994, 29.7603386 ] } },
{ "type": "Feature", "properties": { "mean_value": null, "mean_sentiment": null, "value_gap_to_market": null }, "geometry": { "type": "Point", "coordinates": [ -95.4031586, 29.7527116 ] } },
{ "type": "Feature", "properties": { "mean_value": 2.0693277310924372, "mean_sentiment": -0.16806722689075632, "value_gap_to_market": -1.5689356658637212 }, "geometry": { "type": "Point", "coordinates": [ -95.3991241, 29.7528468 ] } },
{ "type": "Feature", "properties": { "mean_value": 4.4456521739130439, "mean_sentiment": 0.77826086956521734, "value_gap_to_market": 0.80738877695688549 }, "geometry": { "type": "Point", "coordinates": [ -95.3864793, 29.7443746 ] } },
{ "type": "Feature", "properties": { "mean_value": null, "mean_sentiment": null, "value_gap_to_market": null }, "geometry": { "type": "Point", "coordinates": [ -95.4473281, 29.7667831 ] } },
{ "type": "Feature", "properties": { "mean_value": null, "mean_sentiment": null, "value_gap_to_market": null }, "geometry": { "type": "Point", "coordinates": [ -95.4600335, 29.763494 ] } },
{ "type": "Feature", "properties": { "mean_value": null, "mean_sentiment": null, "value_gap_to_market": null }, "geometry": { "type": "Point", "coordinates": [ -95.4622332, 29.7623334 ] } },
{ "type": "Feature", "properties": { "mean_value": null, "mean_sentiment": null, "value_gap_to_market": null }, "geometry": { "type": "Point", "coordinates": [ -95.4110216, 29.7456361 ] } },
{ "type": "Feature", "properties": { "mean_value": null, "mean_sentiment": null, "value_gap_to_market": null }, "geometry": { "type": "Point", "coordinates": [ -95.4035854, 29.7428774 ] } },
{ "type": "Feature", "properties": { "mean_value": null, "mean_sentiment": null, "value_gap_to_market": null }, "geometry": { "type": "Point", "coordinates": [ -95.3986995, 29.7425797 ] } },
{ "type": "Feature", "properties": { "mean_value": null, "mean_sentiment": null, "value_gap_to_market": null }, "geometry": { "type": "Point", "coordinates": [ -95.4022586, 29.7426451 ] } },
{ "type": "Feature", "properties": { "mean_value": 4.375, "mean_sentiment": 0.74909909909909911, "value_gap_to_market": 0.73673660304384159 }, "geometry": { "type": "Point", "coordinates": [ -95.4281585, 29.7886233 ] } },
{ "type": "Feature", "properties": { "mean_value": null, "mean_sentiment": null, "value_gap_to_market": null }, "geometry": { "type": "Point", "coordinates": [ -95.4092516, 29.7662953 ] } },
{ "type": "Feature", "properties": { "mean_value": null, "mean_sentiment": null, "value_gap_to_market": null }, "geometry": { "type": "Point", "coordinates": [ -95.4061182, 29.7429086 ] } },
{ "type": "Feature", "properties": { "mean_value": null, "mean_sentiment": null, "value_gap_to_market": null }, "geometry": { "type": "Point", "coordinates": [ -95.4074268, 29.7448402 ] } },
{ "type": "Feature", "properties": { "mean_value": null, "mean_sentiment": null, "value_gap_to_market": null }, "geometry": { "type": "Point", "coordinates": [ -95.4153469, 29.7427551 ] } },
{ "type": "Feature", "properties": { "mean_value": null, "mean_sentiment": null, "value_gap_to_market": null }, "geometry": { "type": "Point", "coordinates": [ -95.399789, 29.7425021 ] } },
{ "type": "Feature", "properties": { "mean_value": null, "mean_sentiment": null, "value_gap_to_market": null }, "geometry": { "type": "Point", "coordinates": [ -95.4601062, 29.7452227 ] } },
{ "type": "Feature", "properties": { "mean_value": null, "mean_sentiment": null, "value_gap_to_market": null }, "geometry": { "type": "Point", "coordinates": [ -95.3809497, 29.7534725 ] } },
{ "type": "Feature", "properties": { "mean_value": null, "mean_sentiment": null, "value_gap_to_market": null }, "geometry": { "type": "Point", "coordinates": [ -95.4201773, 29.7765058 ] } },
{ "type": "Feature", "properties": { "mean_value": null, "mean_sentiment": null, "value_gap_to_market": null }, "geometry": { "type": "Point", "coordinates": [ -95.4171507, 29.7418572 ] } },
{ "type": "Feature", "properties": { "mean_value": null, "mean_sentiment": null, "value_gap_to_market": null }, "geometry": { "type": "Point", "coordinates": [ -95.4056411, 29.7581832 ] } },
{ "type": "Feature", "properties": { "mean_value": null, "mean_sentiment": null, "value_gap_to_market": null }, "geometry": { "type": "Point", "coordinates": [ -95.4023099, 29.7429661 ] } },
{ "type": "Feature", "properties": { "mean_value": null, "mean_sentiment": null, "value_gap_to_market": null }, "geometry": { "type": "Point", "coordinates": [ -95.4190055, 29.7428723 ] } },
{ "type": "Feature", "properties": { "mean_value": null, "mean_sentiment": null, "value_gap_to_market": null }, "geometry": { "type": "Point", "coordinates": [ -95.4235361, 29.7418687 ] } },
{ "type": "Feature", "properties": { "mean_value": null, "mean_sentiment": null, "value_gap_to_market": null }, "geometry": { "type": "Point", "coordinates": [ -95.3798501, 29.81049 ] } },
{ "type": "Feature", "properties": { "mean_value": null, "mean_sentiment": null, "value_gap_to_market": null }, "geometry": { "type": "Point", "coordinates": [ -95.418461, 29.7793409 ] } },
{ "type": "Feature", "properties": { "mean_value": null, "mean_sentiment": null, "value_gap_to_market": null }, "geometry": { "type": "Point", "coordinates": [ -95.4332592, 29.7731483 ] } },
{ "type": "Feature", "properties": { "mean_value": null, "mean_sentiment": null, "value_gap_to_market": null }, "geometry": { "type": "Point", "coordinates": [ -95.4085334, 29.7557974 ] } },
{ "type": "Feature", "properties": { "mean_value": null, "mean_sentiment": null, "value_gap_to_market": null }, "geometry": { "type": "Point", "coordinates": [ -95.4205954, 29.7610319 ] } },
{ "type": "Feature", "properties": { "mean_value": null, "mean_sentiment": null, "value_gap_to_market": null }, "geometry": { "type": "Point", "coordinates": [ -95.3408195, 29.7839703 ] } },
{ "type": "Feature", "properties": { "mean_value": null, "mean_sentiment": null, "value_gap_to_market": null }, "geometry": { "type": "Point", "coordinates": [ -95.3977923, 29.7430682 ] } },
{ "type": "Feature", "properties": { "mean_value": null, "mean_sentiment": null, "value_gap_to_market": null }, "geometry": { "type": "Point", "coordinates": [ -95.4077241, 29.7425755 ] } },
{ "type": "Feature", "properties": { "mean_value": null, "mean_sentiment": null, "value_gap_to_market": null }, "geometry": { "type": "Point", "coordinates": [ -95.4560836, 29.7454982 ] } },
{ "type": "Feature", "properties": { "mean_value": null, "mean_sentiment": null, "value_gap_to_market": null }, "geometry": { "type": "Point", "coordinates": [ -95.4172795, 29.7610315 ] } },
{ "type": "Feature", "properties": { "mean_value": null, "mean_sentiment": null, "value_gap_to_market": null }, "geometry": { "type": "Point", "coordinates": [ -95.4172734, 29.76084 ] } },
{ "type": "Feature", "properties": { "mean_value": null, "mean_sentiment": null, "value_gap_to_market": null }, "geometry": { "type": "Point", "coordinates": [ -95.4055461, 29.7540643 ] } },
{ "type": "Feature", "properties": { "mean_value": null, "mean_sentiment": null, "value_gap_to_market": null }, "geometry": { "type": "Point", "coordinates": [ -95.398464, 29.7356656 ] } },
{ "type": "Feature", "properties": { "mean_value": null, "mean_sentiment": null, "value_gap_to_market": null }, "geometry": { "type": "Point", "coordinates": [ -95.3850988, 29.8362331 ] } },
{ "type": "Feature", "properties": { "mean_value": null, "mean_sentiment": null, "value_gap_to_market": null }, "geometry": { "type": "Point", "coordinates": [ -95.4034414, 29.7426555 ] } },
{ "type": "Feature", "properties": { "mean_value": null, "mean_sentiment": null, "value_gap_to_market": null }, "geometry": { "type": "Point", "coordinates": [ -95.3983403, 29.7425112 ] } },
{ "type": "Feature", "properties": { "mean_value": 4.4467592592592595, "mean_sentiment": 0.78224299065420566, "value_gap_to_market": 0.80849586230310111 }, "geometry": { "type": "Point", "coordinates": [ -95.4104586, 29.7464896 ] } },
{ "type": "Feature", "properties": { "mean_value": null, "mean_sentiment": null, "value_gap_to_market": null }, "geometry": { "type": "Point", "coordinates": [ -95.419778, 29.742428 ] } },
{ "type": "Feature", "properties": { "mean_value": null, "mean_sentiment": null, "value_gap_to_market": null }, "geometry": { "type": "Point", "coordinates": [ -95.410445, 29.7441245 ] } },
{ "type": "Feature", "properties": { "mean_value": null, "mean_sentiment": null, "value_gap_to_market": null }, "geometry": { "type": "Point", "coordinates": [ -95.4203645, 29.7426065 ] } },
{ "type": "Feature", "properties": { "mean_value": null, "mean_sentiment": null, "value_gap_to_market": null }, "geometry": { "type": "Point", "coordinates": [ -95.4190778, 29.7398194 ] } },
{ "type": "Feature", "properties": { "mean_value": null, "mean_sentiment": null, "value_gap_to_market": null }, "geometry": { "type": "Point", "coordinates": [ -95.3843609, 29.8260948 ] } },
{ "type": "Feature", "properties": { "mean_value": null, "mean_sentiment": null, "value_gap_to_market": null }, "geometry": { "type": "Point", "coordinates": [ -95.3852313, 29.8362328 ] } },
{ "type": "Feature", "properties": { "mean_value": 4.5, "mean_sentiment": 0.8, "value_gap_to_market": 0.86173660304384159 }, "geometry": { "type": "Point", "coordinates": [ -95.3804056, 29.8105828 ] } },
{ "type": "Feature", "properties": { "mean_value": null, "mean_sentiment": null, "value_gap_to_market": null }, "geometry": { "type": "Point", "coordinates": [ -95.4419214, 29.7392322 ] } },
{ "type": "Feature", "properties": { "mean_value": null, "mean_sentiment": null, "value_gap_to_market": null }, "geometry": { "type": "Point", "coordinates": [ -95.466288, 29.7490559 ] } },
{ "type": "Feature", "properties": { "mean_value": null, "mean_sentiment": null, "value_gap_to_market": null }, "geometry": { "type": "Point", "coordinates": [ -95.465044, 29.7320501 ] } },
{ "type": "Feature", "properties": { "mean_value": null, "mean_sentiment": null, "value_gap_to_market": null }, "geometry": { "type": "Point", "coordinates": [ -95.4099477, 29.742379 ] } },
{ "type": "Feature", "properties": { "mean_value": 2.7590782122905027, "mean_sentiment": 0.095810055865921798, "value_gap_to_market": -0.87918518466565576 }, "geometry": { "type": "Point", "coordinates": [ -95.410278, 29.7470768 ] } },
{ "type": "Feature", "properties": { "mean_value": null, "mean_sentiment": null, "value_gap_to_market": null }, "geometry": { "type": "Point", "coordinates": [ -95.3958523, 29.7435383 ] } },
{ "type": "Feature", "properties": { "mean_value": null, "mean_sentiment": null, "value_gap_to_market": null }, "geometry": { "type": "Point", "coordinates": [ -95.3945392, 29.7437705 ] } },
{ "type": "Feature", "properties": { "mean_value": null, "mean_sentiment": null, "value_gap_to_market": null }, "geometry": { "type": "Point", "coordinates": [ -95.4180918, 29.7395184 ] } },
{ "type": "Feature", "properties": { "mean_value": 1.680921052631579, "mean_sentiment": -0.32960526315789473, "value_gap_to_market": -1.9573423443245794 }, "geometry": { "type": "Point", "coordinates": [ -95.4110134, 29.7412958 ] } },
{ "type": "Feature", "properties": { "mean_value": null, "mean_sentiment": null, "value_gap_to_market": null }, "geometry": { "type": "Point", "coordinates": [ -95.4682885, 29.7395921 ] } },
{ "type": "Feature", "properties": { "mean_value": null, "mean_sentiment": null, "value_gap_to_market": null }, "geometry": { "type": "Point", "coordinates": [ -95.4864244, 29.7313419 ] } },
{ "type": "Feature", "properties": { "mean_value": null, "mean_sentiment": null, "value_gap_to_market": null }, "geometry": { "type": "Point", "coordinates": [ -95.4831261, 29.7375239 ] } },
{ "type": "Feature", "properties": { "mean_value": null, "mean_sentiment": null, "value_gap_to_market": null }, "geometry": { "type": "Point", "coordinates": [ -95.4642123, 29.7357904 ] } },
{ "type": "Feature", "properties": { "mean_value": null, "mean_sentiment": null, "value_gap_to_market": null }, "geometry": { "type": "Point", "coordinates": [ -95.476358, 29.7368002 ] } },
{ "type": "Feature", "properties": { "mean_value": null, "mean_sentiment": null, "value_gap_to_market": null }, "geometry": { "type": "Point", "coordinates": [ -95.4103647, 29.8322744 ] } },
{ "type": "Feature", "properties": { "mean_value": null, "mean_sentiment": null, "value_gap_to_market": null }, "geometry": { "type": "Point", "coordinates": [ -95.4183229, 29.7364852 ] } },
{ "type": "Feature", "properties": { "mean_value": null, "mean_sentiment": null, "value_gap_to_market": null }, "geometry": { "type": "Point", "coordinates": [ -95.4611566, 29.7392598 ] } },
{ "type": "Feature", "properties": { "mean_value": null, "mean_sentiment": null, "value_gap_to_market": null }, "geometry": { "type": "Point", "coordinates": [ -95.4663343, 29.7410783 ] } },
{ "type": "Feature", "properties": { "mean_value": null, "mean_sentiment": null, "value_gap_to_market": null }, "geometry": { "type": "Point", "coordinates": [ -95.4601062, 29.7452227 ] } },
{ "type": "Feature", "properties": { "mean_value": null, "mean_sentiment": null, "value_gap_to_market": null }, "geometry": { "type": "Point", "coordinates": [ -95.4670695, 29.738241 ] } },
{ "type": "Feature", "properties": { "mean_value": null, "mean_sentiment": null, "value_gap_to_market": null }, "geometry": { "type": "Point", "coordinates": [ -95.4001929, 29.7341294 ] } },
{ "type": "Feature", "properties": { "mean_value": null, "mean_sentiment": null, "value_gap_to_market": null }, "geometry": { "type": "Point", "coordinates": [ -95.3952809, 29.828739 ] } },
{ "type": "Feature", "properties": { "mean_value": null, "mean_sentiment": null, "value_gap_to_market": null }, "geometry": { "type": "Point", "coordinates": [ -95.4496188, 29.8329877 ] } },
{ "type": "Feature", "properties": { "mean_value": null, "mean_sentiment": null, "value_gap_to_market": null }, "geometry": { "type": "Point", "coordinates": [ -95.4567723, 29.7331063 ] } },
{ "type": "Feature", "properties": { "mean_value": null, "mean_sentiment": null, "value_gap_to_market": null }, "geometry": { "type": "Point", "coordinates": [ -95.4820821, 29.7334158 ] } },
{ "type": "Feature", "properties": { "mean_value": null, "mean_sentiment": null, "value_gap_to_market": null }, "geometry": { "type": "Point", "coordinates": [ -95.482082, 29.733416 ] } },
{ "type": "Feature", "properties": { "mean_value": null, "mean_sentiment": null, "value_gap_to_market": null }, "geometry": { "type": "Point", "coordinates": [ -95.4564165, 29.7323026 ] } },
{ "type": "Feature", "properties": { "mean_value": null, "mean_sentiment": null, "value_gap_to_market": null }, "geometry": { "type": "Point", "coordinates": [ -95.4675, 29.7311111 ] } },
{ "type": "Feature", "properties": { "mean_value": null, "mean_sentiment": null, "value_gap_to_market": null }, "geometry": { "type": "Point", "coordinates": [ -95.4820821, 29.7334158 ] } },
{ "type": "Feature", "properties": { "mean_value": null, "mean_sentiment": null, "value_gap_to_market": null }, "geometry": { "type": "Point", "coordinates": [ -95.4797096, 29.7320863 ] } },
{ "type": "Feature", "properties": { "mean_value": null, "mean_sentiment": null, "value_gap_to_market": null }, "geometry": { "type": "Point", "coordinates": [ -95.4811818, 29.7376071 ] } },
{ "type": "Feature", "properties": { "mean_value": null, "mean_sentiment": null, "value_gap_to_market": null }, "geometry": { "type": "Point", "coordinates": [ -95.4643873, 29.7857337 ] } },
{ "type": "Feature", "properties": { "mean_value": null, "mean_sentiment": null, "value_gap_to_market": null }, "geometry": { "type": "Point", "coordinates": [ -95.468402, 29.7875545 ] } },
{ "type": "Feature", "properties": { "mean_value": null, "mean_sentiment": null, "value_gap_to_market": null }, "geometry": { "type": "Point", "coordinates": [ -95.4565052, 29.7522332 ] } },
{ "type": "Feature", "properties": { "mean_value": null, "mean_sentiment": null, "value_gap_to_market": null }, "geometry": { "type": "Point", "coordinates": [ -95.4879781, 29.7298344 ] } },
{ "type": "Feature", "properties": { "mean_value": null, "mean_sentiment": null, "value_gap_to_market": null }, "geometry": { "type": "Point", "coordinates": [ -95.4651667, 29.7889054 ] } },
{ "type": "Feature", "properties": { "mean_value": null, "mean_sentiment": null, "value_gap_to_market": null }, "geometry": { "type": "Point", "coordinates": [ -95.4512988, 29.7275337 ] } },
{ "type": "Feature", "properties": { "mean_value": null, "mean_sentiment": null, "value_gap_to_market": null }, "geometry": { "type": "Point", "coordinates": [ -95.4664563, 29.7350958 ] } },
{ "type": "Feature", "properties": { "mean_value": null, "mean_sentiment": null, "value_gap_to_market": null }, "geometry": { "type": "Point", "coordinates": [ -95.4675999, 29.7241897 ] } },
{ "type": "Feature", "properties": { "mean_value": null, "mean_sentiment": null, "value_gap_to_market": null }, "geometry": { "type": "Point", "coordinates": [ -95.4820821, 29.7334158 ] } },
{ "type": "Feature", "properties": { "mean_value": null, "mean_sentiment": null, "value_gap_to_market": null }, "geometry": { "type": "Point", "coordinates": [ -95.4761947, 29.7374084 ] } },
{ "type": "Feature", "properties": { "mean_value": null, "mean_sentiment": null, "value_gap_to_market": null }, "geometry": { "type": "Point", "coordinates": [ -95.4760825, 29.7320575 ] } },
{ "type": "Feature", "properties": { "mean_value": null, "mean_sentiment": null, "value_gap_to_market": null }, "geometry": { "type": "Point", "coordinates": [ -95.4820821, 29.7334158 ] } },
{ "type": "Feature", "properties": { "mean_value": null, "mean_sentiment": null, "value_gap_to_market": null }, "geometry": { "type": "Point", "coordinates": [ -95.478756, 29.75029 ] } },
{ "type": "Feature", "properties": { "mean_value": null, "mean_sentiment": null, "value_gap_to_market": null }, "geometry": { "type": "Point", "coordinates": [ -95.484236, 29.749057 ] } },
{ "type": "Feature", "properties": { "mean_value": null, "mean_sentiment": null, "value_gap_to_market": null }, "geometry": { "type": "Point", "coordinates": [ -95.4571302, 29.7563578 ] } },
{ "type": "Feature", "properties": { "mean_value": null, "mean_sentiment": null, "value_gap_to_market": null }, "geometry": { "type": "Point", "coordinates": [ -95.4351221, 29.7384751 ] } },
{ "type": "Feature", "properties": { "mean_value": null, "mean_sentiment": null, "value_gap_to_market": null }, "geometry": { "type": "Point", "coordinates": [ -95.4267154, 29.7337531 ] } },
{ "type": "Feature", "properties": { "mean_value": null, "mean_sentiment": null, "value_gap_to_market": null }, "geometry": { "type": "Point", "coordinates": [ -95.4399871, 29.7420049 ] } },
{ "type": "Feature", "properties": { "mean_value": null, "mean_sentiment": null, "value_gap_to_market": null }, "geometry": { "type": "Point", "coordinates": [ -95.4387591, 29.7323126 ] } },
{ "type": "Feature", "properties": { "mean_value": null, "mean_sentiment": null, "value_gap_to_market": null }, "geometry": { "type": "Point", "coordinates": [ -95.4633444, 29.7390376 ] } },
{ "type": "Feature", "properties": { "mean_value": null, "mean_sentiment": null, "value_gap_to_market": null }, "geometry": { "type": "Point", "coordinates": [ -95.4622222, 29.7391667 ] } },
{ "type": "Feature", "properties": { "mean_value": null, "mean_sentiment": null, "value_gap_to_market": null }, "geometry": { "type": "Point", "coordinates": [ -95.463174, 29.7397941 ] } },
{ "type": "Feature", "properties": { "mean_value": null, "mean_sentiment": null, "value_gap_to_market": null }, "geometry": { "type": "Point", "coordinates": [ -95.4630742, 29.7392729 ] } },
{ "type": "Feature", "properties": { "mean_value": null, "mean_sentiment": null, "value_gap_to_market": null }, "geometry": { "type": "Point", "coordinates": [ -95.4634264, 29.7390914 ] } },
{ "type": "Feature", "properties": { "mean_value": null, "mean_sentiment": null, "value_gap_to_market": null }, "geometry": { "type": "Point", "coordinates": [ -95.4219734, 29.8002767 ] } },
{ "type": "Feature", "properties": { "mean_value": null, "mean_sentiment": null, "value_gap_to_market": null }, "geometry": { "type": "Point", "coordinates": [ -95.4676055, 29.785839 ] } },
{ "type": "Feature", "properties": { "mean_value": null, "mean_sentiment": null, "value_gap_to_market": null }, "geometry": { "type": "Point", "coordinates": [ -95.4648101, 29.7858934 ] } },
{ "type": "Feature", "properties": { "mean_value": null, "mean_sentiment": null, "value_gap_to_market": null }, "geometry": { "type": "Point", "coordinates": [ -95.4639568, 29.7855562 ] } },
{ "type": "Feature", "properties": { "mean_value": null, "mean_sentiment": null, "value_gap_to_market": null }, "geometry": { "type": "Point", "coordinates": [ -95.4662793, 29.785482 ] } },
{ "type": "Feature", "properties": { "mean_value": null, "mean_sentiment": null, "value_gap_to_market": null }, "geometry": { "type": "Point", "coordinates": [ -95.5007834, 29.7451801 ] } },
{ "type": "Feature", "properties": { "mean_value": 4.2814189189189191, "mean_sentiment": 0.71527027027027024, "value_gap_to_market": 0.64315552196276071 }, "geometry": { "type": "Point", "coordinates": [ -95.4972361, 29.7372694 ] } },
{ "type": "Feature", "properties": { "mean_value": null, "mean_sentiment": null, "value_gap_to_market": null }, "geometry": { "type": "Point", "coordinates": [ -95.4820333, 29.733513 ] } },
{ "type": "Feature", "properties": { "mean_value": null, "mean_sentiment": null, "value_gap_to_market": null }, "geometry": { "type": "Point", "coordinates": [ -95.465938, 29.732769 ] } },
{ "type": "Feature", "properties": { "mean_value": null, "mean_sentiment": null, "value_gap_to_market": null }, "geometry": { "type": "Point", "coordinates": [ -95.4638155, 29.7327254 ] } },
{ "type": "Feature", "properties": { "mean_value": null, "mean_sentiment": null, "value_gap_to_market": null }, "geometry": { "type": "Point", "coordinates": [ -95.4820821, 29.7334158 ] } },
{ "type": "Feature", "properties": { "mean_value": null, "mean_sentiment": null, "value_gap_to_market": null }, "geometry": { "type": "Point", "coordinates": [ -95.4820821, 29.7334158 ] } },
{ "type": "Feature", "properties": { "mean_value": null, "mean_sentiment": null, "value_gap_to_market": null }, "geometry": { "type": "Point", "coordinates": [ -95.467616, 29.7245007 ] } },
{ "type": "Feature", "properties": { "mean_value": null, "mean_sentiment": null, "value_gap_to_market": null }, "geometry": { "type": "Point", "coordinates": [ -95.4611855, 29.7250676 ] } },
{ "type": "Feature", "properties": { "mean_value": null, "mean_sentiment": null, "value_gap_to_market": null }, "geometry": { "type": "Point", "coordinates": [ -95.4820821, 29.7334158 ] } },
{ "type": "Feature", "properties": { "mean_value": null, "mean_sentiment": null, "value_gap_to_market": null }, "geometry": { "type": "Point", "coordinates": [ -95.4820821, 29.7334158 ] } },
{ "type": "Feature", "properties": { "mean_value": null, "mean_sentiment": null, "value_gap_to_market": null }, "geometry": { "type": "Point", "coordinates": [ -95.4661772, 29.7320318 ] } },
{ "type": "Feature", "properties": { "mean_value": null, "mean_sentiment": null, "value_gap_to_market": null }, "geometry": { "type": "Point", "coordinates": [ -95.4289818, 29.7277515 ] } },
{ "type": "Feature", "properties": { "mean_value": null, "mean_sentiment": null, "value_gap_to_market": null }, "geometry": { "type": "Point", "coordinates": [ -95.4832109, 29.7852482 ] } },
{ "type": "Feature", "properties": { "mean_value": null, "mean_sentiment": null, "value_gap_to_market": null }, "geometry": { "type": "Point", "coordinates": [ -95.464466, 29.739259 ] } },
{ "type": "Feature", "properties": { "mean_value": null, "mean_sentiment": null, "value_gap_to_market": null }, "geometry": { "type": "Point", "coordinates": [ -95.3403592, 29.7623647 ] } },
{ "type": "Feature", "properties": { "mean_value": null, "mean_sentiment": null, "value_gap_to_market": null }, "geometry": { "type": "Point", "coordinates": [ -95.3403592, 29.7623647 ] } },
{ "type": "Feature", "properties": { "mean_value": null, "mean_sentiment": null, "value_gap_to_market": null }, "geometry": { "type": "Point", "coordinates": [ -95.4581702, 29.7353937 ] } },
{ "type": "Feature", "properties": { "mean_value": null, "mean_sentiment": null, "value_gap_to_market": null }, "geometry": { "type": "Point", "coordinates": [ -95.4780976, 29.7373498 ] } },
{ "type": "Feature", "properties": { "mean_value": null, "mean_sentiment": null, "value_gap_to_market": null }, "geometry": { "type": "Point", "coordinates": [ -95.463075, 29.7392401 ] } },
{ "type": "Feature", "properties": { "mean_value": null, "mean_sentiment": null, "value_gap_to_market": null }, "geometry": { "type": "Point", "coordinates": [ -95.4695465, 29.7375629 ] } },
{ "type": "Feature", "properties": { "mean_value": null, "mean_sentiment": null, "value_gap_to_market": null }, "geometry": { "type": "Point", "coordinates": [ -95.4758261, 29.7374751 ] } },
{ "type": "Feature", "properties": { "mean_value": null, "mean_sentiment": null, "value_gap_to_market": null }, "geometry": { "type": "Point", "coordinates": [ -95.4304468, 29.7287122 ] } },
{ "type": "Feature", "properties": { "mean_value": null, "mean_sentiment": null, "value_gap_to_market": null }, "geometry": { "type": "Point", "coordinates": [ -95.43041, 29.72881 ] } },
{ "type": "Feature", "properties": { "mean_value": null, "mean_sentiment": null, "value_gap_to_market": null }, "geometry": { "type": "Point", "coordinates": [ -95.479952, 29.7639007 ] } },
{ "type": "Feature", "properties": { "mean_value": null, "mean_sentiment": null, "value_gap_to_market": null }, "geometry": { "type": "Point", "coordinates": [ -95.4270024, 29.7280465 ] } },
{ "type": "Feature", "properties": { "mean_value": null, "mean_sentiment": null, "value_gap_to_market": null }, "geometry": { "type": "Point", "coordinates": [ -95.4294333, 29.7268103 ] } },
{ "type": "Feature", "properties": { "mean_value": null, "mean_sentiment": null, "value_gap_to_market": null }, "geometry": { "type": "Point", "coordinates": [ -95.4242196, 29.7328064 ] } },
{ "type": "Feature", "properties": { "mean_value": null, "mean_sentiment": null, "value_gap_to_market": null }, "geometry": { "type": "Point", "coordinates": [ -95.4375312, 29.7299271 ] } },
{ "type": "Feature", "properties": { "mean_value": null, "mean_sentiment": null, "value_gap_to_market": null }, "geometry": { "type": "Point", "coordinates": [ -95.4314328, 29.7314927 ] } },
{ "type": "Feature", "properties": { "mean_value": null, "mean_sentiment": null, "value_gap_to_market": null }, "geometry": { "type": "Point", "coordinates": [ -95.4256212, 29.7343391 ] } },
{ "type": "Feature", "properties": { "mean_value": null, "mean_sentiment": null, "value_gap_to_market": null }, "geometry": { "type": "Point", "coordinates": [ -95.4386153, 29.7283338 ] } },
{ "type": "Feature", "properties": { "mean_value": null, "mean_sentiment": null, "value_gap_to_market": null }, "geometry": { "type": "Point", "coordinates": [ -95.4380143, 29.7283815 ] } },
{ "type": "Feature", "properties": { "mean_value": null, "mean_sentiment": null, "value_gap_to_market": null }, "geometry": { "type": "Point", "coordinates": [ -95.4315151, 29.7306577 ] } },
{ "type": "Feature", "properties": { "mean_value": null, "mean_sentiment": null, "value_gap_to_market": null }, "geometry": { "type": "Point", "coordinates": [ -95.4317883, 29.7306796 ] } },
{ "type": "Feature", "properties": { "mean_value": null, "mean_sentiment": null, "value_gap_to_market": null }, "geometry": { "type": "Point", "coordinates": [ -95.4411774, 29.7347851 ] } },
{ "type": "Feature", "properties": { "mean_value": null, "mean_sentiment": null, "value_gap_to_market": null }, "geometry": { "type": "Point", "coordinates": [ -95.3505875, 29.7586416 ] } },
{ "type": "Feature", "properties": { "mean_value": null, "mean_sentiment": null, "value_gap_to_market": null }, "geometry": { "type": "Point", "coordinates": [ -95.4823581, 29.7597607 ] } },
{ "type": "Feature", "properties": { "mean_value": null, "mean_sentiment": null, "value_gap_to_market": null }, "geometry": { "type": "Point", "coordinates": [ -95.4310222, 29.7287028 ] } },
{ "type": "Feature", "properties": { "mean_value": null, "mean_sentiment": null, "value_gap_to_market": null }, "geometry": { "type": "Point", "coordinates": [ -95.4372472, 29.7324208 ] } },
{ "type": "Feature", "properties": { "mean_value": null, "mean_sentiment": null, "value_gap_to_market": null }, "geometry": { "type": "Point", "coordinates": [ -95.4314823, 29.7310967 ] } },
{ "type": "Feature", "properties": { "mean_value": null, "mean_sentiment": null, "value_gap_to_market": null }, "geometry": { "type": "Point", "coordinates": [ -95.4375453, 29.728326 ] } },
{ "type": "Feature", "properties": { "mean_value": 2.5, "mean_sentiment": 0.0, "value_gap_to_market": -1.1382633969561584 }, "geometry": { "type": "Point", "coordinates": [ -95.4313529, 29.7308763 ] } },
{ "type": "Feature", "properties": { "mean_value": null, "mean_sentiment": null, "value_gap_to_market": null }, "geometry": { "type": "Point", "coordinates": [ -95.4407865, 29.732217 ] } },
{ "type": "Feature", "properties": { "mean_value": null, "mean_sentiment": null, "value_gap_to_market": null }, "geometry": { "type": "Point", "coordinates": [ -95.4392913, 29.7315239 ] } },
{ "type": "Feature", "properties": { "mean_value": 3.4583333333333335, "mean_sentiment": 0.38333333333333336, "value_gap_to_market": -0.17993006362282493 }, "geometry": { "type": "Point", "coordinates": [ -95.4345685, 29.7318609 ] } },
{ "type": "Feature", "properties": { "mean_value": null, "mean_sentiment": null, "value_gap_to_market": null }, "geometry": { "type": "Point", "coordinates": [ -95.4409057, 29.7321863 ] } },
{ "type": "Feature", "properties": { "mean_value": null, "mean_sentiment": null, "value_gap_to_market": null }, "geometry": { "type": "Point", "coordinates": [ -95.4381305, 29.7298145 ] } },
{ "type": "Feature", "properties": { "mean_value": null, "mean_sentiment": null, "value_gap_to_market": null }, "geometry": { "type": "Point", "coordinates": [ -95.4435434, 29.7330716 ] } },
{ "type": "Feature", "properties": { "mean_value": null, "mean_sentiment": null, "value_gap_to_market": null }, "geometry": { "type": "Point", "coordinates": [ -95.4191331, 29.7275485 ] } },
{ "type": "Feature", "properties": { "mean_value": null, "mean_sentiment": null, "value_gap_to_market": null }, "geometry": { "type": "Point", "coordinates": [ -95.4177235, 29.7344364 ] } },
{ "type": "Feature", "properties": { "mean_value": null, "mean_sentiment": null, "value_gap_to_market": null }, "geometry": { "type": "Point", "coordinates": [ -95.4326098, 29.7256091 ] } },
{ "type": "Feature", "properties": { "mean_value": null, "mean_sentiment": null, "value_gap_to_market": null }, "geometry": { "type": "Point", "coordinates": [ -95.4182964, 29.7270153 ] } },
{ "type": "Feature", "properties": { "mean_value": 4.0038461538461538, "mean_sentiment": 0.60461538461538467, "value_gap_to_market": 0.36558275688999542 }, "geometry": { "type": "Point", "coordinates": [ -95.345406, 29.7570917 ] } },
{ "type": "Feature", "properties": { "mean_value": null, "mean_sentiment": null, "value_gap_to_market": null }, "geometry": { "type": "Point", "coordinates": [ -95.3573732, 29.7607831 ] } },
{ "type": "Feature", "properties": { "mean_value": null, "mean_sentiment": null, "value_gap_to_market": null }, "geometry": { "type": "Point", "coordinates": [ -95.3533138, 29.7601308 ] } },
{ "type": "Feature", "properties": { "mean_value": null, "mean_sentiment": null, "value_gap_to_market": null }, "geometry": { "type": "Point", "coordinates": [ -95.3365953, 29.754937 ] } },
{ "type": "Feature", "properties": { "mean_value": null, "mean_sentiment": null, "value_gap_to_market": null }, "geometry": { "type": "Point", "coordinates": [ -95.3355491, 29.7556771 ] } },
{ "type": "Feature", "properties": { "mean_value": null, "mean_sentiment": null, "value_gap_to_market": null }, "geometry": { "type": "Point", "coordinates": [ -95.3552587, 29.7572867 ] } },
{ "type": "Feature", "properties": { "mean_value": null, "mean_sentiment": null, "value_gap_to_market": null }, "geometry": { "type": "Point", "coordinates": [ -95.4355495, 29.731845 ] } },
{ "type": "Feature", "properties": { "mean_value": null, "mean_sentiment": null, "value_gap_to_market": null }, "geometry": { "type": "Point", "coordinates": [ -95.4379289, 29.7324357 ] } },
{ "type": "Feature", "properties": { "mean_value": null, "mean_sentiment": null, "value_gap_to_market": null }, "geometry": { "type": "Point", "coordinates": [ -95.4457077, 29.732907 ] } },
{ "type": "Feature", "properties": { "mean_value": null, "mean_sentiment": null, "value_gap_to_market": null }, "geometry": { "type": "Point", "coordinates": [ -95.4266372, 29.7344221 ] } },
{ "type": "Feature", "properties": { "mean_value": 2.5845323741007196, "mean_sentiment": 0.02517985611510791, "value_gap_to_market": -1.0537310228554388 }, "geometry": { "type": "Point", "coordinates": [ -95.439057, 29.7322553 ] } },
{ "type": "Feature", "properties": { "mean_value": null, "mean_sentiment": null, "value_gap_to_market": null }, "geometry": { "type": "Point", "coordinates": [ -95.4299285, 29.7287968 ] } },
{ "type": "Feature", "properties": { "mean_value": null, "mean_sentiment": null, "value_gap_to_market": null }, "geometry": { "type": "Point", "coordinates": [ -95.4299802, 29.7267874 ] } },
{ "type": "Feature", "properties": { "mean_value": null, "mean_sentiment": null, "value_gap_to_market": null }, "geometry": { "type": "Point", "coordinates": [ -95.4182782, 29.7378775 ] } },
{ "type": "Feature", "properties": { "mean_value": null, "mean_sentiment": null, "value_gap_to_market": null }, "geometry": { "type": "Point", "coordinates": [ -95.4182248, 29.7330463 ] } },
{ "type": "Feature", "properties": { "mean_value": null, "mean_sentiment": null, "value_gap_to_market": null }, "geometry": { "type": "Point", "coordinates": [ -95.339092, 29.7528261 ] } },
{ "type": "Feature", "properties": { "mean_value": null, "mean_sentiment": null, "value_gap_to_market": null }, "geometry": { "type": "Point", "coordinates": [ -95.3282668, 29.7486985 ] } },
{ "type": "Feature", "properties": { "mean_value": null, "mean_sentiment": null, "value_gap_to_market": null }, "geometry": { "type": "Point", "coordinates": [ -95.3282032, 29.7487309 ] } },
{ "type": "Feature", "properties": { "mean_value": null, "mean_sentiment": null, "value_gap_to_market": null }, "geometry": { "type": "Point", "coordinates": [ -95.3271962, 29.7478587 ] } },
{ "type": "Feature", "properties": { "mean_value": null, "mean_sentiment": null, "value_gap_to_market": null }, "geometry": { "type": "Point", "coordinates": [ -95.4189885, 29.7356308 ] } },
{ "type": "Feature", "properties": { "mean_value": null, "mean_sentiment": null, "value_gap_to_market": null }, "geometry": { "type": "Point", "coordinates": [ -95.4165897, 29.7381412 ] } },
{ "type": "Feature", "properties": { "mean_value": null, "mean_sentiment": null, "value_gap_to_market": null }, "geometry": { "type": "Point", "coordinates": [ -95.4190183, 29.7358345 ] } },
{ "type": "Feature", "properties": { "mean_value": null, "mean_sentiment": null, "value_gap_to_market": null }, "geometry": { "type": "Point", "coordinates": [ -95.4164746, 29.7346865 ] } },
{ "type": "Feature", "properties": { "mean_value": null, "mean_sentiment": null, "value_gap_to_market": null }, "geometry": { "type": "Point", "coordinates": [ -95.4227499, 29.733569 ] } },
{ "type": "Feature", "properties": { "mean_value": null, "mean_sentiment": null, "value_gap_to_market": null }, "geometry": { "type": "Point", "coordinates": [ -95.4189563, 29.7361176 ] } },
{ "type": "Feature", "properties": { "mean_value": null, "mean_sentiment": null, "value_gap_to_market": null }, "geometry": { "type": "Point", "coordinates": [ -95.43063, 29.7276848 ] } },
{ "type": "Feature", "properties": { "mean_value": null, "mean_sentiment": null, "value_gap_to_market": null }, "geometry": { "type": "Point", "coordinates": [ -95.4121385, 29.7322061 ] } },
{ "type": "Feature", "properties": { "mean_value": null, "mean_sentiment": null, "value_gap_to_market": null }, "geometry": { "type": "Point", "coordinates": [ -95.4172416, 29.7315509 ] } },
{ "type": "Feature", "properties": { "mean_value": null, "mean_sentiment": null, "value_gap_to_market": null }, "geometry": { "type": "Point", "coordinates": [ -95.4208791, 29.7297136 ] } },
{ "type": "Feature", "properties": { "mean_value": null, "mean_sentiment": null, "value_gap_to_market": null }, "geometry": { "type": "Point", "coordinates": [ -95.4189403, 29.7333834 ] } },
{ "type": "Feature", "properties": { "mean_value": null, "mean_sentiment": null, "value_gap_to_market": null }, "geometry": { "type": "Point", "coordinates": [ -95.4419153, 29.7322868 ] } },
{ "type": "Feature", "properties": { "mean_value": null, "mean_sentiment": null, "value_gap_to_market": null }, "geometry": { "type": "Point", "coordinates": [ -95.4123633, 29.7328034 ] } },
{ "type": "Feature", "properties": { "mean_value": null, "mean_sentiment": null, "value_gap_to_market": null }, "geometry": { "type": "Point", "coordinates": [ -95.4176055, 29.7333161 ] } },
{ "type": "Feature", "properties": { "mean_value": null, "mean_sentiment": null, "value_gap_to_market": null }, "geometry": { "type": "Point", "coordinates": [ -95.429008, 29.7289 ] } },
{ "type": "Feature", "properties": { "mean_value": null, "mean_sentiment": null, "value_gap_to_market": null }, "geometry": { "type": "Point", "coordinates": [ -95.4399998, 29.8116527 ] } },
{ "type": "Feature", "properties": { "mean_value": null, "mean_sentiment": null, "value_gap_to_market": null }, "geometry": { "type": "Point", "coordinates": [ -95.4430719, 29.8103802 ] } },
{ "type": "Feature", "properties": { "mean_value": null, "mean_sentiment": null, "value_gap_to_market": null }, "geometry": { "type": "Point", "coordinates": [ -95.4274824, 29.8121353 ] } },
{ "type": "Feature", "properties": { "mean_value": null, "mean_sentiment": null, "value_gap_to_market": null }, "geometry": { "type": "Point", "coordinates": [ -95.3556442, 29.7830885 ] } },
{ "type": "Feature", "properties": { "mean_value": null, "mean_sentiment": null, "value_gap_to_market": null }, "geometry": { "type": "Point", "coordinates": [ -95.457658, 29.6895222 ] } },
{ "type": "Feature", "properties": { "mean_value": 4.3125, "mean_sentiment": 0.72083333333333333, "value_gap_to_market": 0.67423660304384159 }, "geometry": { "type": "Point", "coordinates": [ -95.1463669, 29.5441899 ] } },
{ "type": "Feature", "properties": { "mean_value": 3.5401583710407238, "mean_sentiment": 0.41653454133635337, "value_gap_to_market": -0.098105025915434574 }, "geometry": { "type": "Point", "coordinates": [ -95.1450613, 29.5396044 ] } },
{ "type": "Feature", "properties": { "mean_value": null, "mean_sentiment": null, "value_gap_to_market": null }, "geometry": { "type": "Point", "coordinates": [ -95.1572782, 29.5788042 ] } },
{ "type": "Feature", "properties": { "mean_value": null, "mean_sentiment": null, "value_gap_to_market": null }, "geometry": { "type": "Point", "coordinates": [ -95.1497387, 29.5521912 ] } },
{ "type": "Feature", "properties": { "mean_value": 3.6223404255319149, "mean_sentiment": 0.44095744680851062, "value_gap_to_market": -0.015922971424243482 }, "geometry": { "type": "Point", "coordinates": [ -95.1218379, 29.5542274 ] } },
{ "type": "Feature", "properties": { "mean_value": null, "mean_sentiment": null, "value_gap_to_market": null }, "geometry": { "type": "Point", "coordinates": [ -95.1225801, 29.5568218 ] } },
{ "type": "Feature", "properties": { "mean_value": null, "mean_sentiment": null, "value_gap_to_market": null }, "geometry": { "type": "Point", "coordinates": [ -95.3925027, 29.7448347 ] } },
{ "type": "Feature", "properties": { "mean_value": null, "mean_sentiment": null, "value_gap_to_market": null }, "geometry": { "type": "Point", "coordinates": [ -95.3839385, 29.7443754 ] } },
{ "type": "Feature", "properties": { "mean_value": null, "mean_sentiment": null, "value_gap_to_market": null }, "geometry": { "type": "Point", "coordinates": [ -95.1211511, 29.5546659 ] } },
{ "type": "Feature", "properties": { "mean_value": null, "mean_sentiment": null, "value_gap_to_market": null }, "geometry": { "type": "Point", "coordinates": [ -95.1506242, 29.5537948 ] } },
{ "type": "Feature", "properties": { "mean_value": null, "mean_sentiment": null, "value_gap_to_market": null }, "geometry": { "type": "Point", "coordinates": [ -95.1537962, 29.555735 ] } },
{ "type": "Feature", "properties": { "mean_value": null, "mean_sentiment": null, "value_gap_to_market": null }, "geometry": { "type": "Point", "coordinates": [ -95.1503191, 29.553425 ] } },
{ "type": "Feature", "properties": { "mean_value": null, "mean_sentiment": null, "value_gap_to_market": null }, "geometry": { "type": "Point", "coordinates": [ -95.1519059, 29.555595 ] } },
{ "type": "Feature", "properties": { "mean_value": null, "mean_sentiment": null, "value_gap_to_market": null }, "geometry": { "type": "Point", "coordinates": [ -95.417253, 29.7177425 ] } },
{ "type": "Feature", "properties": { "mean_value": null, "mean_sentiment": null, "value_gap_to_market": null }, "geometry": { "type": "Point", "coordinates": [ -95.4159116, 29.7153611 ] } },
{ "type": "Feature", "properties": { "mean_value": null, "mean_sentiment": null, "value_gap_to_market": null }, "geometry": { "type": "Point", "coordinates": [ -95.4153551, 29.7173321 ] } },
{ "type": "Feature", "properties": { "mean_value": null, "mean_sentiment": null, "value_gap_to_market": null }, "geometry": { "type": "Point", "coordinates": [ -95.4166181, 29.7165976 ] } },
{ "type": "Feature", "properties": { "mean_value": null, "mean_sentiment": null, "value_gap_to_market": null }, "geometry": { "type": "Point", "coordinates": [ -95.4162526, 29.7172843 ] } },
{ "type": "Feature", "properties": { "mean_value": null, "mean_sentiment": null, "value_gap_to_market": null }, "geometry": { "type": "Point", "coordinates": [ -95.4164797, 29.7182164 ] } },
{ "type": "Feature", "properties": { "mean_value": null, "mean_sentiment": null, "value_gap_to_market": null }, "geometry": { "type": "Point", "coordinates": [ -95.4165574, 29.7196065 ] } },
{ "type": "Feature", "properties": { "mean_value": null, "mean_sentiment": null, "value_gap_to_market": null }, "geometry": { "type": "Point", "coordinates": [ -95.1551159, 29.5764216 ] } },
{ "type": "Feature", "properties": { "mean_value": null, "mean_sentiment": null, "value_gap_to_market": null }, "geometry": { "type": "Point", "coordinates": [ -95.4676546, 29.7232648 ] } },
{ "type": "Feature", "properties": { "mean_value": null, "mean_sentiment": null, "value_gap_to_market": null }, "geometry": { "type": "Point", "coordinates": [ -95.4573137, 29.7331026 ] } },
{ "type": "Feature", "properties": { "mean_value": null, "mean_sentiment": null, "value_gap_to_market": null }, "geometry": { "type": "Point", "coordinates": [ -95.5006461, 29.7242694 ] } },
{ "type": "Feature", "properties": { "mean_value": null, "mean_sentiment": null, "value_gap_to_market": null }, "geometry": { "type": "Point", "coordinates": [ -95.4969209, 29.7176652 ] } },
{ "type": "Feature", "properties": { "mean_value": null, "mean_sentiment": null, "value_gap_to_market": null }, "geometry": { "type": "Point", "coordinates": [ -95.5055997, 29.7177373 ] } },
{ "type": "Feature", "properties": { "mean_value": null, "mean_sentiment": null, "value_gap_to_market": null }, "geometry": { "type": "Point", "coordinates": [ -95.4993079, 29.7201651 ] } },
{ "type": "Feature", "properties": { "mean_value": 4.4892857142857139, "mean_sentiment": 0.79571428571428571, "value_gap_to_market": 0.85102231732955547 }, "geometry": { "type": "Point", "coordinates": [ -95.1460696, 29.5588554 ] } },
{ "type": "Feature", "properties": { "mean_value": 3.3427272727272728, "mean_sentiment": 0.33563636363636362, "value_gap_to_market": -0.29553612422888564 }, "geometry": { "type": "Point", "coordinates": [ -95.149865, 29.5564261 ] } },
{ "type": "Feature", "properties": { "mean_value": null, "mean_sentiment": null, "value_gap_to_market": null }, "geometry": { "type": "Point", "coordinates": [ -95.4130591, 29.7058455 ] } },
{ "type": "Feature", "properties": { "mean_value": null, "mean_sentiment": null, "value_gap_to_market": null }, "geometry": { "type": "Point", "coordinates": [ -95.4223781, 29.7324758 ] } },
{ "type": "Feature", "properties": { "mean_value": null, "mean_sentiment": null, "value_gap_to_market": null }, "geometry": { "type": "Point", "coordinates": [ -95.4921884, 29.7219721 ] } },
{ "type": "Feature", "properties": { "mean_value": null, "mean_sentiment": null, "value_gap_to_market": null }, "geometry": { "type": "Point", "coordinates": [ -95.4819367, 29.7334226 ] } },
{ "type": "Feature", "properties": { "mean_value": null, "mean_sentiment": null, "value_gap_to_market": null }, "geometry": { "type": "Point", "coordinates": [ -95.4999007, 29.7212356 ] } },
{ "type": "Feature", "properties": { "mean_value": null, "mean_sentiment": null, "value_gap_to_market": null }, "geometry": { "type": "Point", "coordinates": [ -95.4897222, 29.7167487 ] } },
{ "type": "Feature", "properties": { "mean_value": null, "mean_sentiment": null, "value_gap_to_market": null }, "geometry": { "type": "Point", "coordinates": [ -95.501692, 29.721051 ] } },
{ "type": "Feature", "properties": { "mean_value": null, "mean_sentiment": null, "value_gap_to_market": null }, "geometry": { "type": "Point", "coordinates": [ -95.4958412, 29.7146505 ] } },
{ "type": "Feature", "properties": { "mean_value": null, "mean_sentiment": null, "value_gap_to_market": null }, "geometry": { "type": "Point", "coordinates": [ -95.4820821, 29.7334158 ] } },
{ "type": "Feature", "properties": { "mean_value": null, "mean_sentiment": null, "value_gap_to_market": null }, "geometry": { "type": "Point", "coordinates": [ -95.4820821, 29.7334158 ] } },
{ "type": "Feature", "properties": { "mean_value": null, "mean_sentiment": null, "value_gap_to_market": null }, "geometry": { "type": "Point", "coordinates": [ -95.4820821, 29.7334158 ] } },
{ "type": "Feature", "properties": { "mean_value": null, "mean_sentiment": null, "value_gap_to_market": null }, "geometry": { "type": "Point", "coordinates": [ -95.4156971, 29.7168939 ] } },
{ "type": "Feature", "properties": { "mean_value": null, "mean_sentiment": null, "value_gap_to_market": null }, "geometry": { "type": "Point", "coordinates": [ -95.411524, 29.7065031 ] } },
{ "type": "Feature", "properties": { "mean_value": null, "mean_sentiment": null, "value_gap_to_market": null }, "geometry": { "type": "Point", "coordinates": [ -95.4180422, 29.7076028 ] } },
{ "type": "Feature", "properties": { "mean_value": 3.5608407079646018, "mean_sentiment": 0.42256637168141592, "value_gap_to_market": -0.077422688991556576 }, "geometry": { "type": "Point", "coordinates": [ -95.4268408, 29.7048366 ] } },
{ "type": "Feature", "properties": { "mean_value": null, "mean_sentiment": null, "value_gap_to_market": null }, "geometry": { "type": "Point", "coordinates": [ -95.4977473, 29.7372419 ] } },
{ "type": "Feature", "properties": { "mean_value": null, "mean_sentiment": null, "value_gap_to_market": null }, "geometry": { "type": "Point", "coordinates": [ -95.489273, 29.7368583 ] } },
{ "type": "Feature", "properties": { "mean_value": null, "mean_sentiment": null, "value_gap_to_market": null }, "geometry": { "type": "Point", "coordinates": [ -95.508388, 29.7381257 ] } },
{ "type": "Feature", "properties": { "mean_value": null, "mean_sentiment": null, "value_gap_to_market": null }, "geometry": { "type": "Point", "coordinates": [ -95.5077149, 29.7369304 ] } },
{ "type": "Feature", "properties": { "mean_value": null, "mean_sentiment": null, "value_gap_to_market": null }, "geometry": { "type": "Point", "coordinates": [ -95.5015872, 29.7344011 ] } },
{ "type": "Feature", "properties": { "mean_value": null, "mean_sentiment": null, "value_gap_to_market": null }, "geometry": { "type": "Point", "coordinates": [ -95.5016279, 29.736404 ] } },
{ "type": "Feature", "properties": { "mean_value": null, "mean_sentiment": null, "value_gap_to_market": null }, "geometry": { "type": "Point", "coordinates": [ -95.4944148, 29.7372485 ] } },
{ "type": "Feature", "properties": { "mean_value": null, "mean_sentiment": null, "value_gap_to_market": null }, "geometry": { "type": "Point", "coordinates": [ -95.4948555, 29.7145492 ] } },
{ "type": "Feature", "properties": { "mean_value": null, "mean_sentiment": null, "value_gap_to_market": null }, "geometry": { "type": "Point", "coordinates": [ -95.4880789, 29.7166787 ] } },
{ "type": "Feature", "properties": { "mean_value": null, "mean_sentiment": null, "value_gap_to_market": null }, "geometry": { "type": "Point", "coordinates": [ -95.5006593, 29.7167779 ] } },
{ "type": "Feature", "properties": { "mean_value": null, "mean_sentiment": null, "value_gap_to_market": null }, "geometry": { "type": "Point", "coordinates": [ -95.4994508, 29.7185361 ] } },
{ "type": "Feature", "properties": { "mean_value": null, "mean_sentiment": null, "value_gap_to_market": null }, "geometry": { "type": "Point", "coordinates": [ -95.4883438, 29.7196245 ] } },
{ "type": "Feature", "properties": { "mean_value": null, "mean_sentiment": null, "value_gap_to_market": null }, "geometry": { "type": "Point", "coordinates": [ -95.5019526, 29.718926 ] } },
{ "type": "Feature", "properties": { "mean_value": null, "mean_sentiment": null, "value_gap_to_market": null }, "geometry": { "type": "Point", "coordinates": [ -95.4820821, 29.7334158 ] } },
{ "type": "Feature", "properties": { "mean_value": null, "mean_sentiment": null, "value_gap_to_market": null }, "geometry": { "type": "Point", "coordinates": [ -95.4795219, 29.7310517 ] } },
{ "type": "Feature", "properties": { "mean_value": null, "mean_sentiment": null, "value_gap_to_market": null }, "geometry": { "type": "Point", "coordinates": [ -95.4663279, 29.7320109 ] } },
{ "type": "Feature", "properties": { "mean_value": null, "mean_sentiment": null, "value_gap_to_market": null }, "geometry": { "type": "Point", "coordinates": [ -95.4820821, 29.7334158 ] } },
{ "type": "Feature", "properties": { "mean_value": null, "mean_sentiment": null, "value_gap_to_market": null }, "geometry": { "type": "Point", "coordinates": [ -95.4829583, 29.7318682 ] } },
{ "type": "Feature", "properties": { "mean_value": null, "mean_sentiment": null, "value_gap_to_market": null }, "geometry": { "type": "Point", "coordinates": [ -95.4820821, 29.7334158 ] } },
{ "type": "Feature", "properties": { "mean_value": null, "mean_sentiment": null, "value_gap_to_market": null }, "geometry": { "type": "Point", "coordinates": [ -95.4769306, 29.7190428 ] } },
{ "type": "Feature", "properties": { "mean_value": null, "mean_sentiment": null, "value_gap_to_market": null }, "geometry": { "type": "Point", "coordinates": [ -95.4659181, 29.7336592 ] } },
{ "type": "Feature", "properties": { "mean_value": null, "mean_sentiment": null, "value_gap_to_market": null }, "geometry": { "type": "Point", "coordinates": [ -95.5199854, 29.7295435 ] } },
{ "type": "Feature", "properties": { "mean_value": null, "mean_sentiment": null, "value_gap_to_market": null }, "geometry": { "type": "Point", "coordinates": [ -95.4152896, 29.716109 ] } },
{ "type": "Feature", "properties": { "mean_value": null, "mean_sentiment": null, "value_gap_to_market": null }, "geometry": { "type": "Point", "coordinates": [ -95.4143842, 29.7147505 ] } },
{ "type": "Feature", "properties": { "mean_value": null, "mean_sentiment": null, "value_gap_to_market": null }, "geometry": { "type": "Point", "coordinates": [ -95.4153708, 29.7159697 ] } },
{ "type": "Feature", "properties": { "mean_value": null, "mean_sentiment": null, "value_gap_to_market": null }, "geometry": { "type": "Point", "coordinates": [ -95.396629, 29.714293 ] } },
{ "type": "Feature", "properties": { "mean_value": 3.025, "mean_sentiment": 0.215, "value_gap_to_market": -0.6132633969561585 }, "geometry": { "type": "Point", "coordinates": [ -95.400535, 29.710833 ] } },
{ "type": "Feature", "properties": { "mean_value": null, "mean_sentiment": null, "value_gap_to_market": null }, "geometry": { "type": "Point", "coordinates": [ -95.4194137, 29.705367 ] } },
{ "type": "Feature", "properties": { "mean_value": null, "mean_sentiment": null, "value_gap_to_market": null }, "geometry": { "type": "Point", "coordinates": [ -95.41429, 29.70468 ] } },
{ "type": "Feature", "properties": { "mean_value": null, "mean_sentiment": null, "value_gap_to_market": null }, "geometry": { "type": "Point", "coordinates": [ -95.4254575, 29.7047527 ] } },
{ "type": "Feature", "properties": { "mean_value": null, "mean_sentiment": null, "value_gap_to_market": null }, "geometry": { "type": "Point", "coordinates": [ -95.4059353, 29.7065325 ] } },
{ "type": "Feature", "properties": { "mean_value": null, "mean_sentiment": null, "value_gap_to_market": null }, "geometry": { "type": "Point", "coordinates": [ -95.4053185, 29.7065441 ] } },
{ "type": "Feature", "properties": { "mean_value": null, "mean_sentiment": null, "value_gap_to_market": null }, "geometry": { "type": "Point", "coordinates": [ -95.4149616, 29.7057905 ] } },
{ "type": "Feature", "properties": { "mean_value": null, "mean_sentiment": null, "value_gap_to_market": null }, "geometry": { "type": "Point", "coordinates": [ -95.4076459, 29.7063901 ] } },
{ "type": "Feature", "properties": { "mean_value": 3.875, "mean_sentiment": 0.55, "value_gap_to_market": 0.23673660304384159 }, "geometry": { "type": "Point", "coordinates": [ -95.405331, 29.706545 ] } },
{ "type": "Feature", "properties": { "mean_value": null, "mean_sentiment": null, "value_gap_to_market": null }, "geometry": { "type": "Point", "coordinates": [ -95.4192276, 29.705574 ] } },
{ "type": "Feature", "properties": { "mean_value": null, "mean_sentiment": null, "value_gap_to_market": null }, "geometry": { "type": "Point", "coordinates": [ -95.4762144, 29.7373454 ] } },
{ "type": "Feature", "properties": { "mean_value": null, "mean_sentiment": null, "value_gap_to_market": null }, "geometry": { "type": "Point", "coordinates": [ -95.5155269, 29.7364903 ] } },
{ "type": "Feature", "properties": { "mean_value": null, "mean_sentiment": null, "value_gap_to_market": null }, "geometry": { "type": "Point", "coordinates": [ -95.4852153, 29.7170343 ] } },
{ "type": "Feature", "properties": { "mean_value": null, "mean_sentiment": null, "value_gap_to_market": null }, "geometry": { "type": "Point", "coordinates": [ -95.4906694, 29.7124998 ] } },
{ "type": "Feature", "properties": { "mean_value": null, "mean_sentiment": null, "value_gap_to_market": null }, "geometry": { "type": "Point", "coordinates": [ -95.4981962, 29.7164973 ] } },
{ "type": "Feature", "properties": { "mean_value": null, "mean_sentiment": null, "value_gap_to_market": null }, "geometry": { "type": "Point", "coordinates": [ -95.488439, 29.719697 ] } },
{ "type": "Feature", "properties": { "mean_value": null, "mean_sentiment": null, "value_gap_to_market": null }, "geometry": { "type": "Point", "coordinates": [ -95.496549, 29.7149808 ] } },
{ "type": "Feature", "properties": { "mean_value": null, "mean_sentiment": null, "value_gap_to_market": null }, "geometry": { "type": "Point", "coordinates": [ -95.497914, 29.714715 ] } },
{ "type": "Feature", "properties": { "mean_value": null, "mean_sentiment": null, "value_gap_to_market": null }, "geometry": { "type": "Point", "coordinates": [ -95.501304, 29.7161423 ] } },
{ "type": "Feature", "properties": { "mean_value": null, "mean_sentiment": null, "value_gap_to_market": null }, "geometry": { "type": "Point", "coordinates": [ -95.4838718, 29.7265272 ] } },
{ "type": "Feature", "properties": { "mean_value": null, "mean_sentiment": null, "value_gap_to_market": null }, "geometry": { "type": "Point", "coordinates": [ -95.500416, 29.7380916 ] } },
{ "type": "Feature", "properties": { "mean_value": null, "mean_sentiment": null, "value_gap_to_market": null }, "geometry": { "type": "Point", "coordinates": [ -95.4820821, 29.7334158 ] } },
{ "type": "Feature", "properties": { "mean_value": null, "mean_sentiment": null, "value_gap_to_market": null }, "geometry": { "type": "Point", "coordinates": [ -95.4820821, 29.7334158 ] } },
{ "type": "Feature", "properties": { "mean_value": null, "mean_sentiment": null, "value_gap_to_market": null }, "geometry": { "type": "Point", "coordinates": [ -95.4745631, 29.7310641 ] } },
{ "type": "Feature", "properties": { "mean_value": null, "mean_sentiment": null, "value_gap_to_market": null }, "geometry": { "type": "Point", "coordinates": [ -95.4820821, 29.7334158 ] } },
{ "type": "Feature", "properties": { "mean_value": null, "mean_sentiment": null, "value_gap_to_market": null }, "geometry": { "type": "Point", "coordinates": [ -95.4685101, 29.731861 ] } },
{ "type": "Feature", "properties": { "mean_value": null, "mean_sentiment": null, "value_gap_to_market": null }, "geometry": { "type": "Point", "coordinates": [ -95.4658077, 29.7326783 ] } },
{ "type": "Feature", "properties": { "mean_value": null, "mean_sentiment": null, "value_gap_to_market": null }, "geometry": { "type": "Point", "coordinates": [ -95.5007652, 29.7264558 ] } },
{ "type": "Feature", "properties": { "mean_value": null, "mean_sentiment": null, "value_gap_to_market": null }, "geometry": { "type": "Point", "coordinates": [ -95.491731, 29.7263014 ] } },
{ "type": "Feature", "properties": { "mean_value": null, "mean_sentiment": null, "value_gap_to_market": null }, "geometry": { "type": "Point", "coordinates": [ -95.4944698, 29.7132351 ] } },
{ "type": "Feature", "properties": { "mean_value": null, "mean_sentiment": null, "value_gap_to_market": null }, "geometry": { "type": "Point", "coordinates": [ -95.500147, 29.7200487 ] } },
{ "type": "Feature", "properties": { "mean_value": null, "mean_sentiment": null, "value_gap_to_market": null }, "geometry": { "type": "Point", "coordinates": [ -95.4981209, 29.7150794 ] } },
{ "type": "Feature", "properties": { "mean_value": null, "mean_sentiment": null, "value_gap_to_market": null }, "geometry": { "type": "Point", "coordinates": [ -95.5133311, 29.7127684 ] } },
{ "type": "Feature", "properties": { "mean_value": null, "mean_sentiment": null, "value_gap_to_market": null }, "geometry": { "type": "Point", "coordinates": [ -95.401646, 29.7099268 ] } },
{ "type": "Feature", "properties": { "mean_value": null, "mean_sentiment": null, "value_gap_to_market": null }, "geometry": { "type": "Point", "coordinates": [ -95.4129132, 29.7148611 ] } },
{ "type": "Feature", "properties": { "mean_value": null, "mean_sentiment": null, "value_gap_to_market": null }, "geometry": { "type": "Point", "coordinates": [ -95.397517, 29.709437 ] } },
{ "type": "Feature", "properties": { "mean_value": null, "mean_sentiment": null, "value_gap_to_market": null }, "geometry": { "type": "Point", "coordinates": [ -95.5219199, 29.7282076 ] } },
{ "type": "Feature", "properties": { "mean_value": null, "mean_sentiment": null, "value_gap_to_market": null }, "geometry": { "type": "Point", "coordinates": [ -95.5187967, 29.7369446 ] } },
{ "type": "Feature", "properties": { "mean_value": null, "mean_sentiment": null, "value_gap_to_market": null }, "geometry": { "type": "Point", "coordinates": [ -95.514721, 29.73701 ] } },
{ "type": "Feature", "properties": { "mean_value": null, "mean_sentiment": null, "value_gap_to_market": null }, "geometry": { "type": "Point", "coordinates": [ -95.5063305, 29.7365658 ] } },
{ "type": "Feature", "properties": { "mean_value": null, "mean_sentiment": null, "value_gap_to_market": null }, "geometry": { "type": "Point", "coordinates": [ -95.5007557, 29.7307548 ] } },
{ "type": "Feature", "properties": { "mean_value": null, "mean_sentiment": null, "value_gap_to_market": null }, "geometry": { "type": "Point", "coordinates": [ -95.5212561, 29.7293553 ] } },
{ "type": "Feature", "properties": { "mean_value": null, "mean_sentiment": null, "value_gap_to_market": null }, "geometry": { "type": "Point", "coordinates": [ -95.3898243, 29.717258 ] } },
{ "type": "Feature", "properties": { "mean_value": null, "mean_sentiment": null, "value_gap_to_market": null }, "geometry": { "type": "Point", "coordinates": [ -95.401985, 29.711176 ] } },
{ "type": "Feature", "properties": { "mean_value": null, "mean_sentiment": null, "value_gap_to_market": null }, "geometry": { "type": "Point", "coordinates": [ -95.4157503, 29.7169479 ] } },
{ "type": "Feature", "properties": { "mean_value": null, "mean_sentiment": null, "value_gap_to_market": null }, "geometry": { "type": "Point", "coordinates": [ -95.3976386, 29.7095071 ] } },
{ "type": "Feature", "properties": { "mean_value": null, "mean_sentiment": null, "value_gap_to_market": null }, "geometry": { "type": "Point", "coordinates": [ -95.4016465, 29.7095198 ] } },
{ "type": "Feature", "properties": { "mean_value": null, "mean_sentiment": null, "value_gap_to_market": null }, "geometry": { "type": "Point", "coordinates": [ -95.3977686, 29.7095939 ] } },
{ "type": "Feature", "properties": { "mean_value": null, "mean_sentiment": null, "value_gap_to_market": null }, "geometry": { "type": "Point", "coordinates": [ -95.4923413, 29.7387473 ] } },
{ "type": "Feature", "properties": { "mean_value": null, "mean_sentiment": null, "value_gap_to_market": null }, "geometry": { "type": "Point", "coordinates": [ -95.4998629, 29.7372591 ] } },
{ "type": "Feature", "properties": { "mean_value": null, "mean_sentiment": null, "value_gap_to_market": null }, "geometry": { "type": "Point", "coordinates": [ -95.5003725, 29.735816 ] } },
{ "type": "Feature", "properties": { "mean_value": null, "mean_sentiment": null, "value_gap_to_market": null }, "geometry": { "type": "Point", "coordinates": [ -95.5245556, 29.7364449 ] } },
{ "type": "Feature", "properties": { "mean_value": null, "mean_sentiment": null, "value_gap_to_market": null }, "geometry": { "type": "Point", "coordinates": [ -95.4597424, 29.6869374 ] } },
{ "type": "Feature", "properties": { "mean_value": null, "mean_sentiment": null, "value_gap_to_market": null }, "geometry": { "type": "Point", "coordinates": [ -95.5017617, 29.7338628 ] } },
{ "type": "Feature", "properties": { "mean_value": null, "mean_sentiment": null, "value_gap_to_market": null }, "geometry": { "type": "Point", "coordinates": [ -95.4959911, 29.7386796 ] } },
{ "type": "Feature", "properties": { "mean_value": null, "mean_sentiment": null, "value_gap_to_market": null }, "geometry": { "type": "Point", "coordinates": [ -95.5075873, 29.7363507 ] } },
{ "type": "Feature", "properties": { "mean_value": null, "mean_sentiment": null, "value_gap_to_market": null }, "geometry": { "type": "Point", "coordinates": [ -95.4948691, 29.7326932 ] } },
{ "type": "Feature", "properties": { "mean_value": null, "mean_sentiment": null, "value_gap_to_market": null }, "geometry": { "type": "Point", "coordinates": [ -95.5092594, 29.7382477 ] } },
{ "type": "Feature", "properties": { "mean_value": null, "mean_sentiment": null, "value_gap_to_market": null }, "geometry": { "type": "Point", "coordinates": [ -95.5104611, 29.7091157 ] } },
{ "type": "Feature", "properties": { "mean_value": null, "mean_sentiment": null, "value_gap_to_market": null }, "geometry": { "type": "Point", "coordinates": [ -95.4017493, 29.7092344 ] } },
{ "type": "Feature", "properties": { "mean_value": null, "mean_sentiment": null, "value_gap_to_market": null }, "geometry": { "type": "Point", "coordinates": [ -95.3942545, 29.7113473 ] } },
{ "type": "Feature", "properties": { "mean_value": null, "mean_sentiment": null, "value_gap_to_market": null }, "geometry": { "type": "Point", "coordinates": [ -95.3976139, 29.7095266 ] } },
{ "type": "Feature", "properties": { "mean_value": null, "mean_sentiment": null, "value_gap_to_market": null }, "geometry": { "type": "Point", "coordinates": [ -95.401183, 29.709687 ] } },
{ "type": "Feature", "properties": { "mean_value": null, "mean_sentiment": null, "value_gap_to_market": null }, "geometry": { "type": "Point", "coordinates": [ -95.4926666, 29.7043051 ] } },
{ "type": "Feature", "properties": { "mean_value": null, "mean_sentiment": null, "value_gap_to_market": null }, "geometry": { "type": "Point", "coordinates": [ -95.4580007, 29.6885748 ] } },
{ "type": "Feature", "properties": { "mean_value": null, "mean_sentiment": null, "value_gap_to_market": null }, "geometry": { "type": "Point", "coordinates": [ -95.5105995, 29.7127482 ] } },
{ "type": "Feature", "properties": { "mean_value": null, "mean_sentiment": null, "value_gap_to_market": null }, "geometry": { "type": "Point", "coordinates": [ -95.5288361, 29.7295414 ] } },
{ "type": "Feature", "properties": { "mean_value": null, "mean_sentiment": null, "value_gap_to_market": null }, "geometry": { "type": "Point", "coordinates": [ -95.4941265, 29.7372473 ] } },
{ "type": "Feature", "properties": { "mean_value": null, "mean_sentiment": null, "value_gap_to_market": null }, "geometry": { "type": "Point", "coordinates": [ -95.5074321, 29.7369197 ] } },
{ "type": "Feature", "properties": { "mean_value": null, "mean_sentiment": null, "value_gap_to_market": null }, "geometry": { "type": "Point", "coordinates": [ -95.4972159, 29.738032 ] } },
{ "type": "Feature", "properties": { "mean_value": null, "mean_sentiment": null, "value_gap_to_market": null }, "geometry": { "type": "Point", "coordinates": [ -95.5039378, 29.7372195 ] } },
{ "type": "Feature", "properties": { "mean_value": null, "mean_sentiment": null, "value_gap_to_market": null }, "geometry": { "type": "Point", "coordinates": [ -95.4942085, 29.7313805 ] } },
{ "type": "Feature", "properties": { "mean_value": null, "mean_sentiment": null, "value_gap_to_market": null }, "geometry": { "type": "Point", "coordinates": [ -95.5188938, 29.7294918 ] } },
{ "type": "Feature", "properties": { "mean_value": null, "mean_sentiment": null, "value_gap_to_market": null }, "geometry": { "type": "Point", "coordinates": [ -95.4990433, 29.738126 ] } },
{ "type": "Feature", "properties": { "mean_value": null, "mean_sentiment": null, "value_gap_to_market": null }, "geometry": { "type": "Point", "coordinates": [ -95.5015473, 29.7371773 ] } },
{ "type": "Feature", "properties": { "mean_value": null, "mean_sentiment": null, "value_gap_to_market": null }, "geometry": { "type": "Point", "coordinates": [ -95.5035195, 29.7364942 ] } },
{ "type": "Feature", "properties": { "mean_value": null, "mean_sentiment": null, "value_gap_to_market": null }, "geometry": { "type": "Point", "coordinates": [ -95.5014465, 29.7399283 ] } },
{ "type": "Feature", "properties": { "mean_value": null, "mean_sentiment": null, "value_gap_to_market": null }, "geometry": { "type": "Point", "coordinates": [ -95.4933344, 29.7067247 ] } },
{ "type": "Feature", "properties": { "mean_value": null, "mean_sentiment": null, "value_gap_to_market": null }, "geometry": { "type": "Point", "coordinates": [ -95.4915961, 29.7047867 ] } },
{ "type": "Feature", "properties": { "mean_value": null, "mean_sentiment": null, "value_gap_to_market": null }, "geometry": { "type": "Point", "coordinates": [ -95.51093, 29.712711 ] } },
{ "type": "Feature", "properties": { "mean_value": null, "mean_sentiment": null, "value_gap_to_market": null }, "geometry": { "type": "Point", "coordinates": [ -95.4907538, 29.7124675 ] } },
{ "type": "Feature", "properties": { "mean_value": null, "mean_sentiment": null, "value_gap_to_market": null }, "geometry": { "type": "Point", "coordinates": [ -95.4915961, 29.7047867 ] } },
{ "type": "Feature", "properties": { "mean_value": null, "mean_sentiment": null, "value_gap_to_market": null }, "geometry": { "type": "Point", "coordinates": [ -95.5255541, 29.7379281 ] } },
{ "type": "Feature", "properties": { "mean_value": null, "mean_sentiment": null, "value_gap_to_market": null }, "geometry": { "type": "Point", "coordinates": [ -95.522506, 29.7377697 ] } },
{ "type": "Feature", "properties": { "mean_value": null, "mean_sentiment": null, "value_gap_to_market": null }, "geometry": { "type": "Point", "coordinates": [ -95.5279885, 29.728627 ] } },
{ "type": "Feature", "properties": { "mean_value": null, "mean_sentiment": null, "value_gap_to_market": null }, "geometry": { "type": "Point", "coordinates": [ -95.490318, 29.7391383 ] } },
{ "type": "Feature", "properties": { "mean_value": null, "mean_sentiment": null, "value_gap_to_market": null }, "geometry": { "type": "Point", "coordinates": [ -95.4884106, 29.7380813 ] } },
{ "type": "Feature", "properties": { "mean_value": null, "mean_sentiment": null, "value_gap_to_market": null }, "geometry": { "type": "Point", "coordinates": [ -95.4579805, 29.6862927 ] } },
{ "type": "Feature", "properties": { "mean_value": null, "mean_sentiment": null, "value_gap_to_market": null }, "geometry": { "type": "Point", "coordinates": [ -95.4581229, 29.6888682 ] } },
{ "type": "Feature", "properties": { "mean_value": null, "mean_sentiment": null, "value_gap_to_market": null }, "geometry": { "type": "Point", "coordinates": [ -95.4580007, 29.6885748 ] } },
{ "type": "Feature", "properties": { "mean_value": null, "mean_sentiment": null, "value_gap_to_market": null }, "geometry": { "type": "Point", "coordinates": [ -95.4581236, 29.6852597 ] } },
{ "type": "Feature", "properties": { "mean_value": null, "mean_sentiment": null, "value_gap_to_market": null }, "geometry": { "type": "Point", "coordinates": [ -95.4599632, 29.6895817 ] } },
{ "type": "Feature", "properties": { "mean_value": null, "mean_sentiment": null, "value_gap_to_market": null }, "geometry": { "type": "Point", "coordinates": [ -95.4579061, 29.6826868 ] } },
{ "type": "Feature", "properties": { "mean_value": null, "mean_sentiment": null, "value_gap_to_market": null }, "geometry": { "type": "Point", "coordinates": [ -95.4571552, 29.6895464 ] } },
{ "type": "Feature", "properties": { "mean_value": null, "mean_sentiment": null, "value_gap_to_market": null }, "geometry": { "type": "Point", "coordinates": [ -95.5095954, 29.7084819 ] } },
{ "type": "Feature", "properties": { "mean_value": null, "mean_sentiment": null, "value_gap_to_market": null }, "geometry": { "type": "Point", "coordinates": [ -95.4914785, 29.7045679 ] } },
{ "type": "Feature", "properties": { "mean_value": null, "mean_sentiment": null, "value_gap_to_market": null }, "geometry": { "type": "Point", "coordinates": [ -95.494261, 29.7056052 ] } },
{ "type": "Feature", "properties": { "mean_value": null, "mean_sentiment": null, "value_gap_to_market": null }, "geometry": { "type": "Point", "coordinates": [ -95.526651, 29.736951 ] } },
{ "type": "Feature", "properties": { "mean_value": null, "mean_sentiment": null, "value_gap_to_market": null }, "geometry": { "type": "Point", "coordinates": [ -95.5266172, 29.7379751 ] } },
{ "type": "Feature", "properties": { "mean_value": null, "mean_sentiment": null, "value_gap_to_market": null }, "geometry": { "type": "Point", "coordinates": [ -95.4758839, 29.7086205 ] } },
{ "type": "Feature", "properties": { "mean_value": null, "mean_sentiment": null, "value_gap_to_market": null }, "geometry": { "type": "Point", "coordinates": [ -95.4890919, 29.7167741 ] } },
{ "type": "Feature", "properties": { "mean_value": null, "mean_sentiment": null, "value_gap_to_market": null }, "geometry": { "type": "Point", "coordinates": [ -95.4760934, 29.7161099 ] } },
{ "type": "Feature", "properties": { "mean_value": null, "mean_sentiment": null, "value_gap_to_market": null }, "geometry": { "type": "Point", "coordinates": [ -95.4854334, 29.7049007 ] } },
{ "type": "Feature", "properties": { "mean_value": null, "mean_sentiment": null, "value_gap_to_market": null }, "geometry": { "type": "Point", "coordinates": [ -95.5138082, 29.7284063 ] } },
{ "type": "Feature", "properties": { "mean_value": null, "mean_sentiment": null, "value_gap_to_market": null }, "geometry": { "type": "Point", "coordinates": [ -95.5195128, 29.718685 ] } },
{ "type": "Feature", "properties": { "mean_value": null, "mean_sentiment": null, "value_gap_to_market": null }, "geometry": { "type": "Point", "coordinates": [ -95.400653, 29.7199078 ] } },
{ "type": "Feature", "properties": { "mean_value": null, "mean_sentiment": null, "value_gap_to_market": null }, "geometry": { "type": "Point", "coordinates": [ -95.4403895, 29.691408 ] } },
{ "type": "Feature", "properties": { "mean_value": null, "mean_sentiment": null, "value_gap_to_market": null }, "geometry": { "type": "Point", "coordinates": [ -95.4143479, 29.6938591 ] } },
{ "type": "Feature", "properties": { "mean_value": null, "mean_sentiment": null, "value_gap_to_market": null }, "geometry": { "type": "Point", "coordinates": [ -95.4220917, 29.6857935 ] } },
{ "type": "Feature", "properties": { "mean_value": null, "mean_sentiment": null, "value_gap_to_market": null }, "geometry": { "type": "Point", "coordinates": [ -95.4136254, 29.693197 ] } },
{ "type": "Feature", "properties": { "mean_value": null, "mean_sentiment": null, "value_gap_to_market": null }, "geometry": { "type": "Point", "coordinates": [ -95.4131409, 29.6888774 ] } },
{ "type": "Feature", "properties": { "mean_value": null, "mean_sentiment": null, "value_gap_to_market": null }, "geometry": { "type": "Point", "coordinates": [ -95.4221728, 29.6851323 ] } },
{ "type": "Feature", "properties": { "mean_value": null, "mean_sentiment": null, "value_gap_to_market": null }, "geometry": { "type": "Point", "coordinates": [ -95.4152685, 29.7388669 ] } },
{ "type": "Feature", "properties": { "mean_value": null, "mean_sentiment": null, "value_gap_to_market": null }, "geometry": { "type": "Point", "coordinates": [ -95.3704827, 29.7226889 ] } },
{ "type": "Feature", "properties": { "mean_value": null, "mean_sentiment": null, "value_gap_to_market": null }, "geometry": { "type": "Point", "coordinates": [ -95.3704827, 29.7226889 ] } },
{ "type": "Feature", "properties": { "mean_value": null, "mean_sentiment": null, "value_gap_to_market": null }, "geometry": { "type": "Point", "coordinates": [ -95.4084929, 29.7382431 ] } },
{ "type": "Feature", "properties": { "mean_value": null, "mean_sentiment": null, "value_gap_to_market": null }, "geometry": { "type": "Point", "coordinates": [ -95.4099633, 29.7339549 ] } },
{ "type": "Feature", "properties": { "mean_value": null, "mean_sentiment": null, "value_gap_to_market": null }, "geometry": { "type": "Point", "coordinates": [ -95.3990314, 29.7388782 ] } },
{ "type": "Feature", "properties": { "mean_value": 4.3695652173913047, "mean_sentiment": 0.74782608695652175, "value_gap_to_market": 0.73130182043514624 }, "geometry": { "type": "Point", "coordinates": [ -95.4046494, 29.7344586 ] } },
{ "type": "Feature", "properties": { "mean_value": null, "mean_sentiment": null, "value_gap_to_market": null }, "geometry": { "type": "Point", "coordinates": [ -95.4000093, 29.7340663 ] } },
{ "type": "Feature", "properties": { "mean_value": null, "mean_sentiment": null, "value_gap_to_market": null }, "geometry": { "type": "Point", "coordinates": [ -95.4161302, 29.7388671 ] } },
{ "type": "Feature", "properties": { "mean_value": null, "mean_sentiment": null, "value_gap_to_market": null }, "geometry": { "type": "Point", "coordinates": [ -95.3704827, 29.7226889 ] } },
{ "type": "Feature", "properties": { "mean_value": null, "mean_sentiment": null, "value_gap_to_market": null }, "geometry": { "type": "Point", "coordinates": [ -95.3704827, 29.7226889 ] } },
{ "type": "Feature", "properties": { "mean_value": null, "mean_sentiment": null, "value_gap_to_market": null }, "geometry": { "type": "Point", "coordinates": [ -95.4846335, 29.735113 ] } },
{ "type": "Feature", "properties": { "mean_value": null, "mean_sentiment": null, "value_gap_to_market": null }, "geometry": { "type": "Point", "coordinates": [ -95.3704827, 29.7226889 ] } },
{ "type": "Feature", "properties": { "mean_value": null, "mean_sentiment": null, "value_gap_to_market": null }, "geometry": { "type": "Point", "coordinates": [ -95.3704827, 29.7226889 ] } },
{ "type": "Feature", "properties": { "mean_value": null, "mean_sentiment": null, "value_gap_to_market": null }, "geometry": { "type": "Point", "coordinates": [ -95.3704827, 29.7226889 ] } },
{ "type": "Feature", "properties": { "mean_value": null, "mean_sentiment": null, "value_gap_to_market": null }, "geometry": { "type": "Point", "coordinates": [ -95.3727212, 29.7243915 ] } },
{ "type": "Feature", "properties": { "mean_value": null, "mean_sentiment": null, "value_gap_to_market": null }, "geometry": { "type": "Point", "coordinates": [ -95.403567, 29.718101 ] } },
{ "type": "Feature", "properties": { "mean_value": null, "mean_sentiment": null, "value_gap_to_market": null }, "geometry": { "type": "Point", "coordinates": [ -95.398409, 29.721449 ] } },
{ "type": "Feature", "properties": { "mean_value": null, "mean_sentiment": null, "value_gap_to_market": null }, "geometry": { "type": "Point", "coordinates": [ -95.373222, 29.7203675 ] } },
{ "type": "Feature", "properties": { "mean_value": null, "mean_sentiment": null, "value_gap_to_market": null }, "geometry": { "type": "Point", "coordinates": [ -95.363922, 29.734674 ] } },
{ "type": "Feature", "properties": { "mean_value": null, "mean_sentiment": null, "value_gap_to_market": null }, "geometry": { "type": "Point", "coordinates": [ -95.3731233, 29.720258 ] } },
{ "type": "Feature", "properties": { "mean_value": null, "mean_sentiment": null, "value_gap_to_market": null }, "geometry": { "type": "Point", "coordinates": [ -95.3799906, 29.7425717 ] } },
{ "type": "Feature", "properties": { "mean_value": null, "mean_sentiment": null, "value_gap_to_market": null }, "geometry": { "type": "Point", "coordinates": [ -95.3799906, 29.7425717 ] } },
{ "type": "Feature", "properties": { "mean_value": null, "mean_sentiment": null, "value_gap_to_market": null }, "geometry": { "type": "Point", "coordinates": [ -95.3658425, 29.7238328 ] } },
{ "type": "Feature", "properties": { "mean_value": null, "mean_sentiment": null, "value_gap_to_market": null }, "geometry": { "type": "Point", "coordinates": [ -95.382052, 29.734401 ] } },
{ "type": "Feature", "properties": { "mean_value": null, "mean_sentiment": null, "value_gap_to_market": null }, "geometry": { "type": "Point", "coordinates": [ -95.3704827, 29.7226889 ] } },
{ "type": "Feature", "properties": { "mean_value": null, "mean_sentiment": null, "value_gap_to_market": null }, "geometry": { "type": "Point", "coordinates": [ -95.376289, 29.728938 ] } },
{ "type": "Feature", "properties": { "mean_value": null, "mean_sentiment": null, "value_gap_to_market": null }, "geometry": { "type": "Point", "coordinates": [ -95.3761706, 29.7310982 ] } },
{ "type": "Feature", "properties": { "mean_value": null, "mean_sentiment": null, "value_gap_to_market": null }, "geometry": { "type": "Point", "coordinates": [ -95.3772779, 29.741894 ] } },
{ "type": "Feature", "properties": { "mean_value": null, "mean_sentiment": null, "value_gap_to_market": null }, "geometry": { "type": "Point", "coordinates": [ -95.3860591, 29.7386471 ] } },
{ "type": "Feature", "properties": { "mean_value": null, "mean_sentiment": null, "value_gap_to_market": null }, "geometry": { "type": "Point", "coordinates": [ -95.3704827, 29.7226889 ] } },
{ "type": "Feature", "properties": { "mean_value": null, "mean_sentiment": null, "value_gap_to_market": null }, "geometry": { "type": "Point", "coordinates": [ -95.3704827, 29.7226889 ] } },
{ "type": "Feature", "properties": { "mean_value": null, "mean_sentiment": null, "value_gap_to_market": null }, "geometry": { "type": "Point", "coordinates": [ -95.3763771, 29.7306082 ] } },
{ "type": "Feature", "properties": { "mean_value": null, "mean_sentiment": null, "value_gap_to_market": null }, "geometry": { "type": "Point", "coordinates": [ -95.3832768, 29.7300659 ] } },
{ "type": "Feature", "properties": { "mean_value": null, "mean_sentiment": null, "value_gap_to_market": null }, "geometry": { "type": "Point", "coordinates": [ -95.376282, 29.728933 ] } },
{ "type": "Feature", "properties": { "mean_value": null, "mean_sentiment": null, "value_gap_to_market": null }, "geometry": { "type": "Point", "coordinates": [ -95.367684, 29.73152 ] } },
{ "type": "Feature", "properties": { "mean_value": null, "mean_sentiment": null, "value_gap_to_market": null }, "geometry": { "type": "Point", "coordinates": [ -95.3704827, 29.7226889 ] } },
{ "type": "Feature", "properties": { "mean_value": null, "mean_sentiment": null, "value_gap_to_market": null }, "geometry": { "type": "Point", "coordinates": [ -95.4547221, 29.756186 ] } },
{ "type": "Feature", "properties": { "mean_value": null, "mean_sentiment": null, "value_gap_to_market": null }, "geometry": { "type": "Point", "coordinates": [ -95.3802753, 29.747711 ] } },
{ "type": "Feature", "properties": { "mean_value": null, "mean_sentiment": null, "value_gap_to_market": null }, "geometry": { "type": "Point", "coordinates": [ -95.343751, 29.7444805 ] } },
{ "type": "Feature", "properties": { "mean_value": null, "mean_sentiment": null, "value_gap_to_market": null }, "geometry": { "type": "Point", "coordinates": [ -95.3455645, 29.738899 ] } },
{ "type": "Feature", "properties": { "mean_value": null, "mean_sentiment": null, "value_gap_to_market": null }, "geometry": { "type": "Point", "coordinates": [ -95.3775848, 29.7451996 ] } },
{ "type": "Feature", "properties": { "mean_value": 4.2505274261603372, "mean_sentiment": 0.70063291139240502, "value_gap_to_market": 0.61226402920417877 }, "geometry": { "type": "Point", "coordinates": [ -95.4104046, 29.8039645 ] } },
{ "type": "Feature", "properties": { "mean_value": null, "mean_sentiment": null, "value_gap_to_market": null }, "geometry": { "type": "Point", "coordinates": [ -95.3554494, 29.7443744 ] } },
{ "type": "Feature", "properties": { "mean_value": null, "mean_sentiment": null, "value_gap_to_market": null }, "geometry": { "type": "Point", "coordinates": [ -95.3602476, 29.7458383 ] } },
{ "type": "Feature", "properties": { "mean_value": 4.708333333333333, "mean_sentiment": 0.8833333333333333, "value_gap_to_market": 1.0700699363771746 }, "geometry": { "type": "Point", "coordinates": [ -95.3663581, 29.7460122 ] } },
{ "type": "Feature", "properties": { "mean_value": null, "mean_sentiment": null, "value_gap_to_market": null }, "geometry": { "type": "Point", "coordinates": [ -95.3653928, 29.7443898 ] } },
{ "type": "Feature", "properties": { "mean_value": null, "mean_sentiment": null, "value_gap_to_market": null }, "geometry": { "type": "Point", "coordinates": [ -95.3916516, 29.7905381 ] } },
{ "type": "Feature", "properties": { "mean_value": null, "mean_sentiment": null, "value_gap_to_market": null }, "geometry": { "type": "Point", "coordinates": [ -95.3866714, 29.7911111 ] } },
{ "type": "Feature", "properties": { "mean_value": null, "mean_sentiment": null, "value_gap_to_market": null }, "geometry": { "type": "Point", "coordinates": [ -95.368046, 29.7574256 ] } },
{ "type": "Feature", "properties": { "mean_value": 2.8359375, "mean_sentiment": 0.12961672473867597, "value_gap_to_market": -0.80232589695615841 }, "geometry": { "type": "Point", "coordinates": [ -95.4290614, 29.8146332 ] } },
{ "type": "Feature", "properties": { "mean_value": null, "mean_sentiment": null, "value_gap_to_market": null }, "geometry": { "type": "Point", "coordinates": [ -95.4289148, 29.8133847 ] } },
{ "type": "Feature", "properties": { "mean_value": null, "mean_sentiment": null, "value_gap_to_market": null }, "geometry": { "type": "Point", "coordinates": [ -95.3577647, 29.7444275 ] } },
{ "type": "Feature", "properties": { "mean_value": null, "mean_sentiment": null, "value_gap_to_market": null }, "geometry": { "type": "Point", "coordinates": [ -95.3655059, 29.7444257 ] } },
{ "type": "Feature", "properties": { "mean_value": null, "mean_sentiment": null, "value_gap_to_market": null }, "geometry": { "type": "Point", "coordinates": [ -95.3592508, 29.7420557 ] } },
{ "type": "Feature", "properties": { "mean_value": null, "mean_sentiment": null, "value_gap_to_market": null }, "geometry": { "type": "Point", "coordinates": [ -95.3513621, 29.7423742 ] } },
{ "type": "Feature", "properties": { "mean_value": 4.7857142857142856, "mean_sentiment": 0.91428571428571426, "value_gap_to_market": 1.1474508887581272 }, "geometry": { "type": "Point", "coordinates": [ -95.3568902, 29.7451394 ] } },
{ "type": "Feature", "properties": { "mean_value": null, "mean_sentiment": null, "value_gap_to_market": null }, "geometry": { "type": "Point", "coordinates": [ -95.4595885, 29.814979 ] } },
{ "type": "Feature", "properties": { "mean_value": null, "mean_sentiment": null, "value_gap_to_market": null }, "geometry": { "type": "Point", "coordinates": [ -95.3903647, 29.7448507 ] } },
{ "type": "Feature", "properties": { "mean_value": null, "mean_sentiment": null, "value_gap_to_market": null }, "geometry": { "type": "Point", "coordinates": [ -95.3856528, 29.7443128 ] } },
{ "type": "Feature", "properties": { "mean_value": null, "mean_sentiment": null, "value_gap_to_market": null }, "geometry": { "type": "Point", "coordinates": [ -95.3892419, 29.7814463 ] } },
{ "type": "Feature", "properties": { "mean_value": null, "mean_sentiment": null, "value_gap_to_market": null }, "geometry": { "type": "Point", "coordinates": [ -95.412544, 29.812199 ] } },
{ "type": "Feature", "properties": { "mean_value": null, "mean_sentiment": null, "value_gap_to_market": null }, "geometry": { "type": "Point", "coordinates": [ -95.3782921, 29.7234102 ] } },
{ "type": "Feature", "properties": { "mean_value": null, "mean_sentiment": null, "value_gap_to_market": null }, "geometry": { "type": "Point", "coordinates": [ -95.3908795, 29.7335747 ] } },
{ "type": "Feature", "properties": { "mean_value": null, "mean_sentiment": null, "value_gap_to_market": null }, "geometry": { "type": "Point", "coordinates": [ -95.3880598, 29.7441748 ] } },
{ "type": "Feature", "properties": { "mean_value": null, "mean_sentiment": null, "value_gap_to_market": null }, "geometry": { "type": "Point", "coordinates": [ -95.3887205, 29.7813906 ] } },
{ "type": "Feature", "properties": { "mean_value": null, "mean_sentiment": null, "value_gap_to_market": null }, "geometry": { "type": "Point", "coordinates": [ -95.3645547, 29.7439049 ] } },
{ "type": "Feature", "properties": { "mean_value": null, "mean_sentiment": null, "value_gap_to_market": null }, "geometry": { "type": "Point", "coordinates": [ -95.3850866, 29.7311644 ] } },
{ "type": "Feature", "properties": { "mean_value": null, "mean_sentiment": null, "value_gap_to_market": null }, "geometry": { "type": "Point", "coordinates": [ -95.376611, 29.7277611 ] } },
{ "type": "Feature", "properties": { "mean_value": null, "mean_sentiment": null, "value_gap_to_market": null }, "geometry": { "type": "Point", "coordinates": [ -95.3766298, 29.7277599 ] } },
{ "type": "Feature", "properties": { "mean_value": null, "mean_sentiment": null, "value_gap_to_market": null }, "geometry": { "type": "Point", "coordinates": [ -95.390319, 29.7242456 ] } },
{ "type": "Feature", "properties": { "mean_value": null, "mean_sentiment": null, "value_gap_to_market": null }, "geometry": { "type": "Point", "coordinates": [ -95.3857245, 29.744744 ] } },
{ "type": "Feature", "properties": { "mean_value": null, "mean_sentiment": null, "value_gap_to_market": null }, "geometry": { "type": "Point", "coordinates": [ -95.3861342, 29.7442742 ] } },
{ "type": "Feature", "properties": { "mean_value": null, "mean_sentiment": null, "value_gap_to_market": null }, "geometry": { "type": "Point", "coordinates": [ -95.3878946, 29.7447847 ] } },
{ "type": "Feature", "properties": { "mean_value": null, "mean_sentiment": null, "value_gap_to_market": null }, "geometry": { "type": "Point", "coordinates": [ -95.3881679, 29.744143 ] } },
{ "type": "Feature", "properties": { "mean_value": null, "mean_sentiment": null, "value_gap_to_market": null }, "geometry": { "type": "Point", "coordinates": [ -95.3878976, 29.7447861 ] } },
{ "type": "Feature", "properties": { "mean_value": null, "mean_sentiment": null, "value_gap_to_market": null }, "geometry": { "type": "Point", "coordinates": [ -95.3704827, 29.7226889 ] } },
{ "type": "Feature", "properties": { "mean_value": null, "mean_sentiment": null, "value_gap_to_market": null }, "geometry": { "type": "Point", "coordinates": [ -95.3601457, 29.7632311 ] } },
{ "type": "Feature", "properties": { "mean_value": null, "mean_sentiment": null, "value_gap_to_market": null }, "geometry": { "type": "Point", "coordinates": [ -95.3641593, 29.7583584 ] } },
{ "type": "Feature", "properties": { "mean_value": null, "mean_sentiment": null, "value_gap_to_market": null }, "geometry": { "type": "Point", "coordinates": [ -95.3879065, 29.7742858 ] } },
{ "type": "Feature", "properties": { "mean_value": null, "mean_sentiment": null, "value_gap_to_market": null }, "geometry": { "type": "Point", "coordinates": [ -95.3822578, 29.7671797 ] } },
{ "type": "Feature", "properties": { "mean_value": null, "mean_sentiment": null, "value_gap_to_market": null }, "geometry": { "type": "Point", "coordinates": [ -95.3682049, 29.7582224 ] } },
{ "type": "Feature", "properties": { "mean_value": null, "mean_sentiment": null, "value_gap_to_market": null }, "geometry": { "type": "Point", "coordinates": [ -95.3827831, 29.7608985 ] } },
{ "type": "Feature", "properties": { "mean_value": null, "mean_sentiment": null, "value_gap_to_market": null }, "geometry": { "type": "Point", "coordinates": [ -95.3982661, 29.7699602 ] } },
{ "type": "Feature", "properties": { "mean_value": null, "mean_sentiment": null, "value_gap_to_market": null }, "geometry": { "type": "Point", "coordinates": [ -95.359904, 29.7598584 ] } },
{ "type": "Feature", "properties": { "mean_value": null, "mean_sentiment": null, "value_gap_to_market": null }, "geometry": { "type": "Point", "coordinates": [ -95.4623462, 29.809755 ] } },
{ "type": "Feature", "properties": { "mean_value": null, "mean_sentiment": null, "value_gap_to_market": null }, "geometry": { "type": "Point", "coordinates": [ -95.3989298, 29.7728888 ] } },
{ "type": "Feature", "properties": { "mean_value": null, "mean_sentiment": null, "value_gap_to_market": null }, "geometry": { "type": "Point", "coordinates": [ -95.3982451, 29.7735599 ] } },
{ "type": "Feature", "properties": { "mean_value": null, "mean_sentiment": null, "value_gap_to_market": null }, "geometry": { "type": "Point", "coordinates": [ -95.4098352, 29.7758584 ] } },
{ "type": "Feature", "properties": { "mean_value": null, "mean_sentiment": null, "value_gap_to_market": null }, "geometry": { "type": "Point", "coordinates": [ -95.412026, 29.770656 ] } },
{ "type": "Feature", "properties": { "mean_value": null, "mean_sentiment": null, "value_gap_to_market": null }, "geometry": { "type": "Point", "coordinates": [ -95.4152481, 29.7707313 ] } },
{ "type": "Feature", "properties": { "mean_value": null, "mean_sentiment": null, "value_gap_to_market": null }, "geometry": { "type": "Point", "coordinates": [ -95.412026, 29.770656 ] } },
{ "type": "Feature", "properties": { "mean_value": null, "mean_sentiment": null, "value_gap_to_market": null }, "geometry": { "type": "Point", "coordinates": [ -95.3822993, 29.7702705 ] } },
{ "type": "Feature", "properties": { "mean_value": null, "mean_sentiment": null, "value_gap_to_market": null }, "geometry": { "type": "Point", "coordinates": [ -95.3601424, 29.7606279 ] } },
{ "type": "Feature", "properties": { "mean_value": null, "mean_sentiment": null, "value_gap_to_market": null }, "geometry": { "type": "Point", "coordinates": [ -95.3768165, 29.7575867 ] } },
{ "type": "Feature", "properties": { "mean_value": null, "mean_sentiment": null, "value_gap_to_market": null }, "geometry": { "type": "Point", "coordinates": [ -95.3907649, 29.7599362 ] } },
{ "type": "Feature", "properties": { "mean_value": null, "mean_sentiment": null, "value_gap_to_market": null }, "geometry": { "type": "Point", "coordinates": [ -95.3907649, 29.7599362 ] } },
{ "type": "Feature", "properties": { "mean_value": null, "mean_sentiment": null, "value_gap_to_market": null }, "geometry": { "type": "Point", "coordinates": [ -95.3873993, 29.7690165 ] } },
{ "type": "Feature", "properties": { "mean_value": null, "mean_sentiment": null, "value_gap_to_market": null }, "geometry": { "type": "Point", "coordinates": [ -95.3779742, 29.7720618 ] } },
{ "type": "Feature", "properties": { "mean_value": null, "mean_sentiment": null, "value_gap_to_market": null }, "geometry": { "type": "Point", "coordinates": [ -95.408196, 29.7703325 ] } },
{ "type": "Feature", "properties": { "mean_value": null, "mean_sentiment": null, "value_gap_to_market": null }, "geometry": { "type": "Point", "coordinates": [ -95.4047249, 29.8041287 ] } },
{ "type": "Feature", "properties": { "mean_value": null, "mean_sentiment": null, "value_gap_to_market": null }, "geometry": { "type": "Point", "coordinates": [ -95.4098745, 29.8053792 ] } },
{ "type": "Feature", "properties": { "mean_value": null, "mean_sentiment": null, "value_gap_to_market": null }, "geometry": { "type": "Point", "coordinates": [ -95.398972, 29.77193 ] } },
{ "type": "Feature", "properties": { "mean_value": null, "mean_sentiment": null, "value_gap_to_market": null }, "geometry": { "type": "Point", "coordinates": [ -95.3982915, 29.7747723 ] } },
{ "type": "Feature", "properties": { "mean_value": null, "mean_sentiment": null, "value_gap_to_market": null }, "geometry": { "type": "Point", "coordinates": [ -95.4195256, 29.77052 ] } },
{ "type": "Feature", "properties": { "mean_value": null, "mean_sentiment": null, "value_gap_to_market": null }, "geometry": { "type": "Point", "coordinates": [ -95.415679, 29.7703577 ] } },
{ "type": "Feature", "properties": { "mean_value": null, "mean_sentiment": null, "value_gap_to_market": null }, "geometry": { "type": "Point", "coordinates": [ -95.3633527, 29.762865 ] } },
{ "type": "Feature", "properties": { "mean_value": null, "mean_sentiment": null, "value_gap_to_market": null }, "geometry": { "type": "Point", "coordinates": [ -95.365761, 29.7603685 ] } },
{ "type": "Feature", "properties": { "mean_value": null, "mean_sentiment": null, "value_gap_to_market": null }, "geometry": { "type": "Point", "coordinates": [ -95.3669409, 29.7622979 ] } },
{ "type": "Feature", "properties": { "mean_value": null, "mean_sentiment": null, "value_gap_to_market": null }, "geometry": { "type": "Point", "coordinates": [ -95.3804141, 29.7711351 ] } },
{ "type": "Feature", "properties": { "mean_value": null, "mean_sentiment": null, "value_gap_to_market": null }, "geometry": { "type": "Point", "coordinates": [ -95.390781, 29.774798 ] } },
{ "type": "Feature", "properties": { "mean_value": null, "mean_sentiment": null, "value_gap_to_market": null }, "geometry": { "type": "Point", "coordinates": [ -95.409075, 29.770848 ] } },
{ "type": "Feature", "properties": { "mean_value": null, "mean_sentiment": null, "value_gap_to_market": null }, "geometry": { "type": "Point", "coordinates": [ -95.410384, 29.769972 ] } },
{ "type": "Feature", "properties": { "mean_value": null, "mean_sentiment": null, "value_gap_to_market": null }, "geometry": { "type": "Point", "coordinates": [ -95.430016, 29.818974 ] } },
{ "type": "Feature", "properties": { "mean_value": null, "mean_sentiment": null, "value_gap_to_market": null }, "geometry": { "type": "Point", "coordinates": [ -95.4037761, 29.7704885 ] } },
{ "type": "Feature", "properties": { "mean_value": 3.424145299145299, "mean_sentiment": 0.37051282051282053, "value_gap_to_market": -0.21411809781085944 }, "geometry": { "type": "Point", "coordinates": [ -95.4007106, 29.7695794 ] } },
{ "type": "Feature", "properties": { "mean_value": null, "mean_sentiment": null, "value_gap_to_market": null }, "geometry": { "type": "Point", "coordinates": [ -95.3627964, 29.7602164 ] } },
{ "type": "Feature", "properties": { "mean_value": null, "mean_sentiment": null, "value_gap_to_market": null }, "geometry": { "type": "Point", "coordinates": [ -95.3650483, 29.7659144 ] } },
{ "type": "Feature", "properties": { "mean_value": null, "mean_sentiment": null, "value_gap_to_market": null }, "geometry": { "type": "Point", "coordinates": [ -95.364105, 29.7604763 ] } },
{ "type": "Feature", "properties": { "mean_value": null, "mean_sentiment": null, "value_gap_to_market": null }, "geometry": { "type": "Point", "coordinates": [ -95.360788, 29.7614373 ] } },
{ "type": "Feature", "properties": { "mean_value": null, "mean_sentiment": null, "value_gap_to_market": null }, "geometry": { "type": "Point", "coordinates": [ -95.3648839, 29.7662149 ] } },
{ "type": "Feature", "properties": { "mean_value": null, "mean_sentiment": null, "value_gap_to_market": null }, "geometry": { "type": "Point", "coordinates": [ -95.4583448, 29.7576236 ] } },
{ "type": "Feature", "properties": { "mean_value": null, "mean_sentiment": null, "value_gap_to_market": null }, "geometry": { "type": "Point", "coordinates": [ -95.4582464, 29.7575809 ] } },
{ "type": "Feature", "properties": { "mean_value": null, "mean_sentiment": null, "value_gap_to_market": null }, "geometry": { "type": "Point", "coordinates": [ -95.4570999, 29.7562752 ] } },
{ "type": "Feature", "properties": { "mean_value": null, "mean_sentiment": null, "value_gap_to_market": null }, "geometry": { "type": "Point", "coordinates": [ -95.3764063, 29.7936039 ] } },
{ "type": "Feature", "properties": { "mean_value": null, "mean_sentiment": null, "value_gap_to_market": null }, "geometry": { "type": "Point", "coordinates": [ -95.3913714, 29.8146394 ] } },
{ "type": "Feature", "properties": { "mean_value": null, "mean_sentiment": null, "value_gap_to_market": null }, "geometry": { "type": "Point", "coordinates": [ -95.4215309, 29.7708612 ] } },
{ "type": "Feature", "properties": { "mean_value": null, "mean_sentiment": null, "value_gap_to_market": null }, "geometry": { "type": "Point", "coordinates": [ -95.416053, 29.770337 ] } },
{ "type": "Feature", "properties": { "mean_value": null, "mean_sentiment": null, "value_gap_to_market": null }, "geometry": { "type": "Point", "coordinates": [ -95.4297479, 29.8164429 ] } },
{ "type": "Feature", "properties": { "mean_value": null, "mean_sentiment": null, "value_gap_to_market": null }, "geometry": { "type": "Point", "coordinates": [ -95.3801531, 29.7531235 ] } },
{ "type": "Feature", "properties": { "mean_value": null, "mean_sentiment": null, "value_gap_to_market": null }, "geometry": { "type": "Point", "coordinates": [ -95.3893694, 29.7468925 ] } },
{ "type": "Feature", "properties": { "mean_value": null, "mean_sentiment": null, "value_gap_to_market": null }, "geometry": { "type": "Point", "coordinates": [ -95.4286906, 29.8170498 ] } },
{ "type": "Feature", "properties": { "mean_value": null, "mean_sentiment": null, "value_gap_to_market": null }, "geometry": { "type": "Point", "coordinates": [ -95.4292695, 29.817822 ] } },
{ "type": "Feature", "properties": { "mean_value": null, "mean_sentiment": null, "value_gap_to_market": null }, "geometry": { "type": "Point", "coordinates": [ -95.4298016, 29.8140618 ] } },
{ "type": "Feature", "properties": { "mean_value": null, "mean_sentiment": null, "value_gap_to_market": null }, "geometry": { "type": "Point", "coordinates": [ -95.428706, 29.817037 ] } },
{ "type": "Feature", "properties": { "mean_value": null, "mean_sentiment": null, "value_gap_to_market": null }, "geometry": { "type": "Point", "coordinates": [ -95.4099099, 29.7527337 ] } },
{ "type": "Feature", "properties": { "mean_value": null, "mean_sentiment": null, "value_gap_to_market": null }, "geometry": { "type": "Point", "coordinates": [ -95.3904991, 29.7753129 ] } },
{ "type": "Feature", "properties": { "mean_value": null, "mean_sentiment": null, "value_gap_to_market": null }, "geometry": { "type": "Point", "coordinates": [ -95.3787639, 29.7487137 ] } },
{ "type": "Feature", "properties": { "mean_value": null, "mean_sentiment": null, "value_gap_to_market": null }, "geometry": { "type": "Point", "coordinates": [ -95.3786283, 29.7485578 ] } },
{ "type": "Feature", "properties": { "mean_value": null, "mean_sentiment": null, "value_gap_to_market": null }, "geometry": { "type": "Point", "coordinates": [ -95.378162, 29.749411 ] } },
{ "type": "Feature", "properties": { "mean_value": null, "mean_sentiment": null, "value_gap_to_market": null }, "geometry": { "type": "Point", "coordinates": [ -95.3966485, 29.749942 ] } },
{ "type": "Feature", "properties": { "mean_value": null, "mean_sentiment": null, "value_gap_to_market": null }, "geometry": { "type": "Point", "coordinates": [ -95.3999656, 29.7574772 ] } },
{ "type": "Feature", "properties": { "mean_value": null, "mean_sentiment": null, "value_gap_to_market": null }, "geometry": { "type": "Point", "coordinates": [ -95.3778761, 29.749607 ] } },
{ "type": "Feature", "properties": { "mean_value": 1.1111111111111112, "mean_sentiment": -0.58888888888888891, "value_gap_to_market": -2.5271522858450473 }, "geometry": { "type": "Point", "coordinates": [ -95.3919556, 29.7557282 ] } },
{ "type": "Feature", "properties": { "mean_value": null, "mean_sentiment": null, "value_gap_to_market": null }, "geometry": { "type": "Point", "coordinates": [ -95.3780998, 29.7488919 ] } },
{ "type": "Feature", "properties": { "mean_value": null, "mean_sentiment": null, "value_gap_to_market": null }, "geometry": { "type": "Point", "coordinates": [ -95.3887707, 29.7535994 ] } },
{ "type": "Feature", "properties": { "mean_value": null, "mean_sentiment": null, "value_gap_to_market": null }, "geometry": { "type": "Point", "coordinates": [ -95.3777603, 29.7528292 ] } },
{ "type": "Feature", "properties": { "mean_value": null, "mean_sentiment": null, "value_gap_to_market": null }, "geometry": { "type": "Point", "coordinates": [ -95.4060271, 29.7428976 ] } },
{ "type": "Feature", "properties": { "mean_value": null, "mean_sentiment": null, "value_gap_to_market": null }, "geometry": { "type": "Point", "coordinates": [ -95.3824384, 29.8095091 ] } },
{ "type": "Feature", "properties": { "mean_value": null, "mean_sentiment": null, "value_gap_to_market": null }, "geometry": { "type": "Point", "coordinates": [ -95.3822094, 29.8088637 ] } },
{ "type": "Feature", "properties": { "mean_value": null, "mean_sentiment": null, "value_gap_to_market": null }, "geometry": { "type": "Point", "coordinates": [ -95.4110748, 29.7404138 ] } },
{ "type": "Feature", "properties": { "mean_value": null, "mean_sentiment": null, "value_gap_to_market": null }, "geometry": { "type": "Point", "coordinates": [ -95.4090795, 29.7422056 ] } },
{ "type": "Feature", "properties": { "mean_value": 4.0363636363636362, "mean_sentiment": 0.62, "value_gap_to_market": 0.39810023940747774 }, "geometry": { "type": "Point", "coordinates": [ -95.4103985, 29.7384131 ] } },
{ "type": "Feature", "properties": { "mean_value": null, "mean_sentiment": null, "value_gap_to_market": null }, "geometry": { "type": "Point", "coordinates": [ -95.4198513, 29.7603287 ] } },
{ "type": "Feature", "properties": { "mean_value": null, "mean_sentiment": null, "value_gap_to_market": null }, "geometry": { "type": "Point", "coordinates": [ -95.4123999, 29.7702587 ] } },
{ "type": "Feature", "properties": { "mean_value": null, "mean_sentiment": null, "value_gap_to_market": null }, "geometry": { "type": "Point", "coordinates": [ -95.4195123, 29.7413537 ] } },
{ "type": "Feature", "properties": { "mean_value": null, "mean_sentiment": null, "value_gap_to_market": null }, "geometry": { "type": "Point", "coordinates": [ -95.3953662, 29.7440307 ] } },
{ "type": "Feature", "properties": { "mean_value": null, "mean_sentiment": null, "value_gap_to_market": null }, "geometry": { "type": "Point", "coordinates": [ -95.3777414, 29.7523464 ] } },
{ "type": "Feature", "properties": { "mean_value": null, "mean_sentiment": null, "value_gap_to_market": null }, "geometry": { "type": "Point", "coordinates": [ -95.376217, 29.752516 ] } },
{ "type": "Feature", "properties": { "mean_value": null, "mean_sentiment": null, "value_gap_to_market": null }, "geometry": { "type": "Point", "coordinates": [ -95.3818902, 29.8123863 ] } },
{ "type": "Feature", "properties": { "mean_value": null, "mean_sentiment": null, "value_gap_to_market": null }, "geometry": { "type": "Point", "coordinates": [ -95.3823818, 29.8109771 ] } },
{ "type": "Feature", "properties": { "mean_value": null, "mean_sentiment": null, "value_gap_to_market": null }, "geometry": { "type": "Point", "coordinates": [ -95.3819563, 29.811804 ] } },
{ "type": "Feature", "properties": { "mean_value": null, "mean_sentiment": null, "value_gap_to_market": null }, "geometry": { "type": "Point", "coordinates": [ -95.381059, 29.8091693 ] } },
{ "type": "Feature", "properties": { "mean_value": null, "mean_sentiment": null, "value_gap_to_market": null }, "geometry": { "type": "Point", "coordinates": [ -95.4820821, 29.7334158 ] } },
{ "type": "Feature", "properties": { "mean_value": null, "mean_sentiment": null, "value_gap_to_market": null }, "geometry": { "type": "Point", "coordinates": [ -95.484848, 29.733408 ] } },
{ "type": "Feature", "properties": { "mean_value": null, "mean_sentiment": null, "value_gap_to_market": null }, "geometry": { "type": "Point", "coordinates": [ -95.4110441, 29.7419148 ] } },
{ "type": "Feature", "properties": { "mean_value": null, "mean_sentiment": null, "value_gap_to_market": null }, "geometry": { "type": "Point", "coordinates": [ -95.4090291, 29.7415798 ] } },
{ "type": "Feature", "properties": { "mean_value": null, "mean_sentiment": null, "value_gap_to_market": null }, "geometry": { "type": "Point", "coordinates": [ -95.3914246, 29.7461252 ] } },
{ "type": "Feature", "properties": { "mean_value": null, "mean_sentiment": null, "value_gap_to_market": null }, "geometry": { "type": "Point", "coordinates": [ -95.4129295, 29.738537 ] } },
{ "type": "Feature", "properties": { "mean_value": null, "mean_sentiment": null, "value_gap_to_market": null }, "geometry": { "type": "Point", "coordinates": [ -95.4831335, 29.7386049 ] } },
{ "type": "Feature", "properties": { "mean_value": null, "mean_sentiment": null, "value_gap_to_market": null }, "geometry": { "type": "Point", "coordinates": [ -95.3729059, 29.7535533 ] } },
{ "type": "Feature", "properties": { "mean_value": null, "mean_sentiment": null, "value_gap_to_market": null }, "geometry": { "type": "Point", "coordinates": [ -95.3726489, 29.7544239 ] } },
{ "type": "Feature", "properties": { "mean_value": null, "mean_sentiment": null, "value_gap_to_market": null }, "geometry": { "type": "Point", "coordinates": [ -95.3755229, 29.7506872 ] } },
{ "type": "Feature", "properties": { "mean_value": 3.2172131147540983, "mean_sentiment": 0.28595041322314052, "value_gap_to_market": -0.42105028220206009 }, "geometry": { "type": "Point", "coordinates": [ -95.3771953, 29.7530843 ] } },
{ "type": "Feature", "properties": { "mean_value": null, "mean_sentiment": null, "value_gap_to_market": null }, "geometry": { "type": "Point", "coordinates": [ -95.3772107, 29.7520368 ] } },
{ "type": "Feature", "properties": { "mean_value": null, "mean_sentiment": null, "value_gap_to_market": null }, "geometry": { "type": "Point", "coordinates": [ -95.377324, 29.752112 ] } },
{ "type": "Feature", "properties": { "mean_value": null, "mean_sentiment": null, "value_gap_to_market": null }, "geometry": { "type": "Point", "coordinates": [ -95.374699, 29.750549 ] } },
{ "type": "Feature", "properties": { "mean_value": null, "mean_sentiment": null, "value_gap_to_market": null }, "geometry": { "type": "Point", "coordinates": [ -95.410888, 29.7448952 ] } },
{ "type": "Feature", "properties": { "mean_value": null, "mean_sentiment": null, "value_gap_to_market": null }, "geometry": { "type": "Point", "coordinates": [ -95.4104387, 29.7405139 ] } },
{ "type": "Feature", "properties": { "mean_value": null, "mean_sentiment": null, "value_gap_to_market": null }, "geometry": { "type": "Point", "coordinates": [ -95.4820821, 29.7334158 ] } },
{ "type": "Feature", "properties": { "mean_value": null, "mean_sentiment": null, "value_gap_to_market": null }, "geometry": { "type": "Point", "coordinates": [ -95.3953662, 29.7440307 ] } },
{ "type": "Feature", "properties": { "mean_value": null, "mean_sentiment": null, "value_gap_to_market": null }, "geometry": { "type": "Point", "coordinates": [ -95.4016041, 29.7429469 ] } },
{ "type": "Feature", "properties": { "mean_value": null, "mean_sentiment": null, "value_gap_to_market": null }, "geometry": { "type": "Point", "coordinates": [ -95.4760208, 29.7364311 ] } },
{ "type": "Feature", "properties": { "mean_value": null, "mean_sentiment": null, "value_gap_to_market": null }, "geometry": { "type": "Point", "coordinates": [ -95.4048536, 29.733992 ] } },
{ "type": "Feature", "properties": { "mean_value": null, "mean_sentiment": null, "value_gap_to_market": null }, "geometry": { "type": "Point", "coordinates": [ -95.3949525, 29.7389449 ] } },
{ "type": "Feature", "properties": { "mean_value": null, "mean_sentiment": null, "value_gap_to_market": null }, "geometry": { "type": "Point", "coordinates": [ -95.4847097, 29.7320336 ] } },
{ "type": "Feature", "properties": { "mean_value": null, "mean_sentiment": null, "value_gap_to_market": null }, "geometry": { "type": "Point", "coordinates": [ -95.4839882, 29.7320248 ] } },
{ "type": "Feature", "properties": { "mean_value": null, "mean_sentiment": null, "value_gap_to_market": null }, "geometry": { "type": "Point", "coordinates": [ -95.4876738, 29.7326659 ] } },
{ "type": "Feature", "properties": { "mean_value": null, "mean_sentiment": null, "value_gap_to_market": null }, "geometry": { "type": "Point", "coordinates": [ -95.4817597, 29.7309736 ] } },
{ "type": "Feature", "properties": { "mean_value": null, "mean_sentiment": null, "value_gap_to_market": null }, "geometry": { "type": "Point", "coordinates": [ -95.4896641, 29.7381575 ] } },
{ "type": "Feature", "properties": { "mean_value": null, "mean_sentiment": null, "value_gap_to_market": null }, "geometry": { "type": "Point", "coordinates": [ -95.4760301, 29.7364284 ] } },
{ "type": "Feature", "properties": { "mean_value": null, "mean_sentiment": null, "value_gap_to_market": null }, "geometry": { "type": "Point", "coordinates": [ -95.4853007, 29.7370164 ] } },
{ "type": "Feature", "properties": { "mean_value": null, "mean_sentiment": null, "value_gap_to_market": null }, "geometry": { "type": "Point", "coordinates": [ -95.4693209, 29.7376932 ] } },
{ "type": "Feature", "properties": { "mean_value": null, "mean_sentiment": null, "value_gap_to_market": null }, "geometry": { "type": "Point", "coordinates": [ -95.4801671, 29.7325408 ] } },
{ "type": "Feature", "properties": { "mean_value": null, "mean_sentiment": null, "value_gap_to_market": null }, "geometry": { "type": "Point", "coordinates": [ -95.4770084, 29.7347621 ] } },
{ "type": "Feature", "properties": { "mean_value": null, "mean_sentiment": null, "value_gap_to_market": null }, "geometry": { "type": "Point", "coordinates": [ -95.4770326, 29.7367447 ] } },
{ "type": "Feature", "properties": { "mean_value": null, "mean_sentiment": null, "value_gap_to_market": null }, "geometry": { "type": "Point", "coordinates": [ -95.4803306, 29.7373735 ] } },
{ "type": "Feature", "properties": { "mean_value": null, "mean_sentiment": null, "value_gap_to_market": null }, "geometry": { "type": "Point", "coordinates": [ -95.463128, 29.7389824 ] } },
{ "type": "Feature", "properties": { "mean_value": null, "mean_sentiment": null, "value_gap_to_market": null }, "geometry": { "type": "Point", "coordinates": [ -95.4405146, 29.7419286 ] } },
{ "type": "Feature", "properties": { "mean_value": null, "mean_sentiment": null, "value_gap_to_market": null }, "geometry": { "type": "Point", "coordinates": [ -95.4740129, 29.7495798 ] } },
{ "type": "Feature", "properties": { "mean_value": null, "mean_sentiment": null, "value_gap_to_market": null }, "geometry": { "type": "Point", "coordinates": [ -95.4378586, 29.7356873 ] } },
{ "type": "Feature", "properties": { "mean_value": null, "mean_sentiment": null, "value_gap_to_market": null }, "geometry": { "type": "Point", "coordinates": [ -95.4817945, 29.7494492 ] } },
{ "type": "Feature", "properties": { "mean_value": null, "mean_sentiment": null, "value_gap_to_market": null }, "geometry": { "type": "Point", "coordinates": [ -95.4785938, 29.749398 ] } },
{ "type": "Feature", "properties": { "mean_value": null, "mean_sentiment": null, "value_gap_to_market": null }, "geometry": { "type": "Point", "coordinates": [ -95.4865006, 29.7470097 ] } },
{ "type": "Feature", "properties": { "mean_value": null, "mean_sentiment": null, "value_gap_to_market": null }, "geometry": { "type": "Point", "coordinates": [ -95.4941265, 29.7372473 ] } },
{ "type": "Feature", "properties": { "mean_value": null, "mean_sentiment": null, "value_gap_to_market": null }, "geometry": { "type": "Point", "coordinates": [ -95.4696826, 29.7384467 ] } },
{ "type": "Feature", "properties": { "mean_value": null, "mean_sentiment": null, "value_gap_to_market": null }, "geometry": { "type": "Point", "coordinates": [ -95.4689225, 29.7375604 ] } },
{ "type": "Feature", "properties": { "mean_value": null, "mean_sentiment": null, "value_gap_to_market": null }, "geometry": { "type": "Point", "coordinates": [ -95.4618798, 29.7371884 ] } },
{ "type": "Feature", "properties": { "mean_value": null, "mean_sentiment": null, "value_gap_to_market": null }, "geometry": { "type": "Point", "coordinates": [ -95.4590485, 29.7400612 ] } },
{ "type": "Feature", "properties": { "mean_value": null, "mean_sentiment": null, "value_gap_to_market": null }, "geometry": { "type": "Point", "coordinates": [ -95.4826593, 29.7500696 ] } },
{ "type": "Feature", "properties": { "mean_value": null, "mean_sentiment": null, "value_gap_to_market": null }, "geometry": { "type": "Point", "coordinates": [ -95.4857802, 29.7481632 ] } },
{ "type": "Feature", "properties": { "mean_value": null, "mean_sentiment": null, "value_gap_to_market": null }, "geometry": { "type": "Point", "coordinates": [ -95.494235, 29.73194 ] } },
{ "type": "Feature", "properties": { "mean_value": null, "mean_sentiment": null, "value_gap_to_market": null }, "geometry": { "type": "Point", "coordinates": [ -95.4604311, 29.7529554 ] } },
{ "type": "Feature", "properties": { "mean_value": null, "mean_sentiment": null, "value_gap_to_market": null }, "geometry": { "type": "Point", "coordinates": [ -95.4614248, 29.753213 ] } },
{ "type": "Feature", "properties": { "mean_value": null, "mean_sentiment": null, "value_gap_to_market": null }, "geometry": { "type": "Point", "coordinates": [ -95.4183017, 29.7351109 ] } },
{ "type": "Feature", "properties": { "mean_value": null, "mean_sentiment": null, "value_gap_to_market": null }, "geometry": { "type": "Point", "coordinates": [ -95.4689239, 29.7375954 ] } },
{ "type": "Feature", "properties": { "mean_value": null, "mean_sentiment": null, "value_gap_to_market": null }, "geometry": { "type": "Point", "coordinates": [ -95.466155, 29.73514 ] } },
{ "type": "Feature", "properties": { "mean_value": null, "mean_sentiment": null, "value_gap_to_market": null }, "geometry": { "type": "Point", "coordinates": [ -95.4758342, 29.7319159 ] } },
{ "type": "Feature", "properties": { "mean_value": null, "mean_sentiment": null, "value_gap_to_market": null }, "geometry": { "type": "Point", "coordinates": [ -95.370171, 29.7442224 ] } },
{ "type": "Feature", "properties": { "mean_value": null, "mean_sentiment": null, "value_gap_to_market": null }, "geometry": { "type": "Point", "coordinates": [ -95.4840488, 29.7270396 ] } },
{ "type": "Feature", "properties": { "mean_value": null, "mean_sentiment": null, "value_gap_to_market": null }, "geometry": { "type": "Point", "coordinates": [ -95.4631381, 29.7412678 ] } },
{ "type": "Feature", "properties": { "mean_value": null, "mean_sentiment": null, "value_gap_to_market": null }, "geometry": { "type": "Point", "coordinates": [ -95.4689225, 29.7375604 ] } },
{ "type": "Feature", "properties": { "mean_value": null, "mean_sentiment": null, "value_gap_to_market": null }, "geometry": { "type": "Point", "coordinates": [ -95.4655056, 29.7394412 ] } },
{ "type": "Feature", "properties": { "mean_value": null, "mean_sentiment": null, "value_gap_to_market": null }, "geometry": { "type": "Point", "coordinates": [ -95.4622183, 29.7370769 ] } },
{ "type": "Feature", "properties": { "mean_value": null, "mean_sentiment": null, "value_gap_to_market": null }, "geometry": { "type": "Point", "coordinates": [ -95.4641184, 29.739343 ] } },
{ "type": "Feature", "properties": { "mean_value": null, "mean_sentiment": null, "value_gap_to_market": null }, "geometry": { "type": "Point", "coordinates": [ -95.4689225, 29.7375604 ] } },
{ "type": "Feature", "properties": { "mean_value": null, "mean_sentiment": null, "value_gap_to_market": null }, "geometry": { "type": "Point", "coordinates": [ -95.4541314, 29.7545257 ] } },
{ "type": "Feature", "properties": { "mean_value": null, "mean_sentiment": null, "value_gap_to_market": null }, "geometry": { "type": "Point", "coordinates": [ -95.420807, 29.7344346 ] } },
{ "type": "Feature", "properties": { "mean_value": null, "mean_sentiment": null, "value_gap_to_market": null }, "geometry": { "type": "Point", "coordinates": [ -95.433287, 29.730443 ] } },
{ "type": "Feature", "properties": { "mean_value": null, "mean_sentiment": null, "value_gap_to_market": null }, "geometry": { "type": "Point", "coordinates": [ -95.4189885, 29.7356308 ] } },
{ "type": "Feature", "properties": { "mean_value": null, "mean_sentiment": null, "value_gap_to_market": null }, "geometry": { "type": "Point", "coordinates": [ -95.4243829, 29.7356688 ] } },
{ "type": "Feature", "properties": { "mean_value": null, "mean_sentiment": null, "value_gap_to_market": null }, "geometry": { "type": "Point", "coordinates": [ -95.4194558, 29.7356446 ] } },
{ "type": "Feature", "properties": { "mean_value": null, "mean_sentiment": null, "value_gap_to_market": null }, "geometry": { "type": "Point", "coordinates": [ -95.4634352, 29.7365003 ] } },
{ "type": "Feature", "properties": { "mean_value": null, "mean_sentiment": null, "value_gap_to_market": null }, "geometry": { "type": "Point", "coordinates": [ -95.3732236, 29.7459886 ] } },
{ "type": "Feature", "properties": { "mean_value": null, "mean_sentiment": null, "value_gap_to_market": null }, "geometry": { "type": "Point", "coordinates": [ -95.3729329, 29.7476912 ] } },
{ "type": "Feature", "properties": { "mean_value": null, "mean_sentiment": null, "value_gap_to_market": null }, "geometry": { "type": "Point", "coordinates": [ -95.3764726, 29.746467 ] } },
{ "type": "Feature", "properties": { "mean_value": 2.0016778523489931, "mean_sentiment": -0.20872483221476509, "value_gap_to_market": -1.6365855446071653 }, "geometry": { "type": "Point", "coordinates": [ -95.3826658, 29.7449912 ] } },
{ "type": "Feature", "properties": { "mean_value": null, "mean_sentiment": null, "value_gap_to_market": null }, "geometry": { "type": "Point", "coordinates": [ -95.4849393, 29.7265657 ] } },
{ "type": "Feature", "properties": { "mean_value": null, "mean_sentiment": null, "value_gap_to_market": null }, "geometry": { "type": "Point", "coordinates": [ -95.484941, 29.7266276 ] } },
{ "type": "Feature", "properties": { "mean_value": null, "mean_sentiment": null, "value_gap_to_market": null }, "geometry": { "type": "Point", "coordinates": [ -95.4689225, 29.7375604 ] } },
{ "type": "Feature", "properties": { "mean_value": null, "mean_sentiment": null, "value_gap_to_market": null }, "geometry": { "type": "Point", "coordinates": [ -95.4629188, 29.7392652 ] } },
{ "type": "Feature", "properties": { "mean_value": null, "mean_sentiment": null, "value_gap_to_market": null }, "geometry": { "type": "Point", "coordinates": [ -95.462634, 29.73899 ] } },
{ "type": "Feature", "properties": { "mean_value": null, "mean_sentiment": null, "value_gap_to_market": null }, "geometry": { "type": "Point", "coordinates": [ -95.3470376, 29.7578759 ] } },
{ "type": "Feature", "properties": { "mean_value": null, "mean_sentiment": null, "value_gap_to_market": null }, "geometry": { "type": "Point", "coordinates": [ -95.4634311, 29.7392114 ] } },
{ "type": "Feature", "properties": { "mean_value": null, "mean_sentiment": null, "value_gap_to_market": null }, "geometry": { "type": "Point", "coordinates": [ -95.4640476, 29.7389136 ] } },
{ "type": "Feature", "properties": { "mean_value": null, "mean_sentiment": null, "value_gap_to_market": null }, "geometry": { "type": "Point", "coordinates": [ -95.462975, 29.738998 ] } },
{ "type": "Feature", "properties": { "mean_value": null, "mean_sentiment": null, "value_gap_to_market": null }, "geometry": { "type": "Point", "coordinates": [ -95.3335929, 29.7642083 ] } },
{ "type": "Feature", "properties": { "mean_value": null, "mean_sentiment": null, "value_gap_to_market": null }, "geometry": { "type": "Point", "coordinates": [ -95.4676562, 29.7232648 ] } },
{ "type": "Feature", "properties": { "mean_value": null, "mean_sentiment": null, "value_gap_to_market": null }, "geometry": { "type": "Point", "coordinates": [ -95.4828925, 29.7830304 ] } },
{ "type": "Feature", "properties": { "mean_value": null, "mean_sentiment": null, "value_gap_to_market": null }, "geometry": { "type": "Point", "coordinates": [ -95.3578764, 29.756786 ] } },
{ "type": "Feature", "properties": { "mean_value": null, "mean_sentiment": null, "value_gap_to_market": null }, "geometry": { "type": "Point", "coordinates": [ -95.3443064, 29.7536514 ] } },
{ "type": "Feature", "properties": { "mean_value": null, "mean_sentiment": null, "value_gap_to_market": null }, "geometry": { "type": "Point", "coordinates": [ -95.3438836, 29.7580206 ] } },
{ "type": "Feature", "properties": { "mean_value": null, "mean_sentiment": null, "value_gap_to_market": null }, "geometry": { "type": "Point", "coordinates": [ -95.3498193, 29.7532281 ] } },
{ "type": "Feature", "properties": { "mean_value": null, "mean_sentiment": null, "value_gap_to_market": null }, "geometry": { "type": "Point", "coordinates": [ -95.352284, 29.756439 ] } },
{ "type": "Feature", "properties": { "mean_value": null, "mean_sentiment": null, "value_gap_to_market": null }, "geometry": { "type": "Point", "coordinates": [ -95.3508355, 29.7581748 ] } },
{ "type": "Feature", "properties": { "mean_value": null, "mean_sentiment": null, "value_gap_to_market": null }, "geometry": { "type": "Point", "coordinates": [ -95.4652896, 29.7365444 ] } },
{ "type": "Feature", "properties": { "mean_value": null, "mean_sentiment": null, "value_gap_to_market": null }, "geometry": { "type": "Point", "coordinates": [ -95.4651436, 29.7365311 ] } },
{ "type": "Feature", "properties": { "mean_value": null, "mean_sentiment": null, "value_gap_to_market": null }, "geometry": { "type": "Point", "coordinates": [ -95.4182366, 29.727706 ] } },
{ "type": "Feature", "properties": { "mean_value": null, "mean_sentiment": null, "value_gap_to_market": null }, "geometry": { "type": "Point", "coordinates": [ -95.3697698, 29.7561002 ] } },
{ "type": "Feature", "properties": { "mean_value": null, "mean_sentiment": null, "value_gap_to_market": null }, "geometry": { "type": "Point", "coordinates": [ -95.430451, 29.81129 ] } },
{ "type": "Feature", "properties": { "mean_value": null, "mean_sentiment": null, "value_gap_to_market": null }, "geometry": { "type": "Point", "coordinates": [ -95.4181897, 29.7240175 ] } },
{ "type": "Feature", "properties": { "mean_value": null, "mean_sentiment": null, "value_gap_to_market": null }, "geometry": { "type": "Point", "coordinates": [ -95.4190359, 29.7279157 ] } },
{ "type": "Feature", "properties": { "mean_value": null, "mean_sentiment": null, "value_gap_to_market": null }, "geometry": { "type": "Point", "coordinates": [ -95.4182701, 29.7266742 ] } },
{ "type": "Feature", "properties": { "mean_value": null, "mean_sentiment": null, "value_gap_to_market": null }, "geometry": { "type": "Point", "coordinates": [ -95.4168677, 29.7297978 ] } },
{ "type": "Feature", "properties": { "mean_value": null, "mean_sentiment": null, "value_gap_to_market": null }, "geometry": { "type": "Point", "coordinates": [ -95.5247865, 29.7235348 ] } },
{ "type": "Feature", "properties": { "mean_value": null, "mean_sentiment": null, "value_gap_to_market": null }, "geometry": { "type": "Point", "coordinates": [ -95.3632819, 29.7811637 ] } },
{ "type": "Feature", "properties": { "mean_value": null, "mean_sentiment": null, "value_gap_to_market": null }, "geometry": { "type": "Point", "coordinates": [ -95.1484922, 29.5420308 ] } },
{ "type": "Feature", "properties": { "mean_value": null, "mean_sentiment": null, "value_gap_to_market": null }, "geometry": { "type": "Point", "coordinates": [ -95.1486856, 29.5422566 ] } },
{ "type": "Feature", "properties": { "mean_value": null, "mean_sentiment": null, "value_gap_to_market": null }, "geometry": { "type": "Point", "coordinates": [ -95.1486293, 29.5419439 ] } },
{ "type": "Feature", "properties": { "mean_value": null, "mean_sentiment": null, "value_gap_to_market": null }, "geometry": { "type": "Point", "coordinates": [ -95.1457193, 29.539269 ] } },
{ "type": "Feature", "properties": { "mean_value": null, "mean_sentiment": null, "value_gap_to_market": null }, "geometry": { "type": "Point", "coordinates": [ -95.1481207, 29.5417473 ] } },
{ "type": "Feature", "properties": { "mean_value": 4.1166666666666663, "mean_sentiment": 0.64666666666666672, "value_gap_to_market": 0.47840326971050784 }, "geometry": { "type": "Point", "coordinates": [ -95.1484801, 29.5420232 ] } },
{ "type": "Feature", "properties": { "mean_value": null, "mean_sentiment": null, "value_gap_to_market": null }, "geometry": { "type": "Point", "coordinates": [ -95.1465869, 29.5390788 ] } },
{ "type": "Feature", "properties": { "mean_value": null, "mean_sentiment": null, "value_gap_to_market": null }, "geometry": { "type": "Point", "coordinates": [ -95.4993166, 29.7201832 ] } },
{ "type": "Feature", "properties": { "mean_value": null, "mean_sentiment": null, "value_gap_to_market": null }, "geometry": { "type": "Point", "coordinates": [ -95.3685129, 29.748684 ] } },
{ "type": "Feature", "properties": { "mean_value": null, "mean_sentiment": null, "value_gap_to_market": null }, "geometry": { "type": "Point", "coordinates": [ -95.372624, 29.748059 ] } },
{ "type": "Feature", "properties": { "mean_value": null, "mean_sentiment": null, "value_gap_to_market": null }, "geometry": { "type": "Point", "coordinates": [ -95.5006759, 29.7274778 ] } },
{ "type": "Feature", "properties": { "mean_value": null, "mean_sentiment": null, "value_gap_to_market": null }, "geometry": { "type": "Point", "coordinates": [ -95.148411, 29.5422478 ] } },
{ "type": "Feature", "properties": { "mean_value": null, "mean_sentiment": null, "value_gap_to_market": null }, "geometry": { "type": "Point", "coordinates": [ -95.151868, 29.538405 ] } },
{ "type": "Feature", "properties": { "mean_value": 3.6797752808988764, "mean_sentiment": 0.47303370786516857, "value_gap_to_market": 0.041511883942717986 }, "geometry": { "type": "Point", "coordinates": [ -95.1483531, 29.5422953 ] } },
{ "type": "Feature", "properties": { "mean_value": null, "mean_sentiment": null, "value_gap_to_market": null }, "geometry": { "type": "Point", "coordinates": [ -95.148901, 29.541795 ] } },
{ "type": "Feature", "properties": { "mean_value": null, "mean_sentiment": null, "value_gap_to_market": null }, "geometry": { "type": "Point", "coordinates": [ -95.4768551, 29.7231606 ] } },
{ "type": "Feature", "properties": { "mean_value": null, "mean_sentiment": null, "value_gap_to_market": null }, "geometry": { "type": "Point", "coordinates": [ -95.4767366, 29.7285172 ] } },
{ "type": "Feature", "properties": { "mean_value": null, "mean_sentiment": null, "value_gap_to_market": null }, "geometry": { "type": "Point", "coordinates": [ -95.4770185, 29.7227004 ] } },
{ "type": "Feature", "properties": { "mean_value": null, "mean_sentiment": null, "value_gap_to_market": null }, "geometry": { "type": "Point", "coordinates": [ -95.4770396, 29.722789 ] } },
{ "type": "Feature", "properties": { "mean_value": null, "mean_sentiment": null, "value_gap_to_market": null }, "geometry": { "type": "Point", "coordinates": [ -95.4974916, 29.7164738 ] } },
{ "type": "Feature", "properties": { "mean_value": null, "mean_sentiment": null, "value_gap_to_market": null }, "geometry": { "type": "Point", "coordinates": [ -95.5134261, 29.7289571 ] } },
{ "type": "Feature", "properties": { "mean_value": null, "mean_sentiment": null, "value_gap_to_market": null }, "geometry": { "type": "Point", "coordinates": [ -95.5015838, 29.7344124 ] } },
{ "type": "Feature", "properties": { "mean_value": null, "mean_sentiment": null, "value_gap_to_market": null }, "geometry": { "type": "Point", "coordinates": [ -95.5072778, 29.7368823 ] } },
{ "type": "Feature", "properties": { "mean_value": null, "mean_sentiment": null, "value_gap_to_market": null }, "geometry": { "type": "Point", "coordinates": [ -95.5150257, 29.7379888 ] } },
{ "type": "Feature", "properties": { "mean_value": null, "mean_sentiment": null, "value_gap_to_market": null }, "geometry": { "type": "Point", "coordinates": [ -95.4946098, 29.7134659 ] } },
{ "type": "Feature", "properties": { "mean_value": null, "mean_sentiment": null, "value_gap_to_market": null }, "geometry": { "type": "Point", "coordinates": [ -95.4914662, 29.7087247 ] } },
{ "type": "Feature", "properties": { "mean_value": null, "mean_sentiment": null, "value_gap_to_market": null }, "geometry": { "type": "Point", "coordinates": [ -95.5007295, 29.727737 ] } },
{ "type": "Feature", "properties": { "mean_value": null, "mean_sentiment": null, "value_gap_to_market": null }, "geometry": { "type": "Point", "coordinates": [ -95.5021802, 29.7249331 ] } },
{ "type": "Feature", "properties": { "mean_value": null, "mean_sentiment": null, "value_gap_to_market": null }, "geometry": { "type": "Point", "coordinates": [ -95.506836, 29.708771 ] } },
{ "type": "Feature", "properties": { "mean_value": null, "mean_sentiment": null, "value_gap_to_market": null }, "geometry": { "type": "Point", "coordinates": [ -95.4160159, 29.7177569 ] } },
{ "type": "Feature", "properties": { "mean_value": null, "mean_sentiment": null, "value_gap_to_market": null }, "geometry": { "type": "Point", "coordinates": [ -95.4850533, 29.7166422 ] } },
{ "type": "Feature", "properties": { "mean_value": null, "mean_sentiment": null, "value_gap_to_market": null }, "geometry": { "type": "Point", "coordinates": [ -95.4776677, 29.7175656 ] } },
{ "type": "Feature", "properties": { "mean_value": null, "mean_sentiment": null, "value_gap_to_market": null }, "geometry": { "type": "Point", "coordinates": [ -95.4785184, 29.7177306 ] } },
{ "type": "Feature", "properties": { "mean_value": null, "mean_sentiment": null, "value_gap_to_market": null }, "geometry": { "type": "Point", "coordinates": [ -95.481953, 29.7199156 ] } },
{ "type": "Feature", "properties": { "mean_value": null, "mean_sentiment": null, "value_gap_to_market": null }, "geometry": { "type": "Point", "coordinates": [ -95.4885546, 29.7192555 ] } },
{ "type": "Feature", "properties": { "mean_value": null, "mean_sentiment": null, "value_gap_to_market": null }, "geometry": { "type": "Point", "coordinates": [ -95.4808621, 29.7183976 ] } },
{ "type": "Feature", "properties": { "mean_value": 2.3272727272727272, "mean_sentiment": -0.072222222222222215, "value_gap_to_market": -1.3109906696834313 }, "geometry": { "type": "Point", "coordinates": [ -95.1596094, 29.5524916 ] } },
{ "type": "Feature", "properties": { "mean_value": null, "mean_sentiment": null, "value_gap_to_market": null }, "geometry": { "type": "Point", "coordinates": [ -95.452394, 29.801225 ] } },
{ "type": "Feature", "properties": { "mean_value": null, "mean_sentiment": null, "value_gap_to_market": null }, "geometry": { "type": "Point", "coordinates": [ -95.4486502, 29.804766 ] } },
{ "type": "Feature", "properties": { "mean_value": null, "mean_sentiment": null, "value_gap_to_market": null }, "geometry": { "type": "Point", "coordinates": [ -95.4946964, 29.7135043 ] } },
{ "type": "Feature", "properties": { "mean_value": null, "mean_sentiment": null, "value_gap_to_market": null }, "geometry": { "type": "Point", "coordinates": [ -95.5164296, 29.7288006 ] } },
{ "type": "Feature", "properties": { "mean_value": null, "mean_sentiment": null, "value_gap_to_market": null }, "geometry": { "type": "Point", "coordinates": [ -95.5133574, 29.7286171 ] } },
{ "type": "Feature", "properties": { "mean_value": null, "mean_sentiment": null, "value_gap_to_market": null }, "geometry": { "type": "Point", "coordinates": [ -95.5219191, 29.7282071 ] } },
{ "type": "Feature", "properties": { "mean_value": null, "mean_sentiment": null, "value_gap_to_market": null }, "geometry": { "type": "Point", "coordinates": [ -95.5199854, 29.7295435 ] } },
{ "type": "Feature", "properties": { "mean_value": null, "mean_sentiment": null, "value_gap_to_market": null }, "geometry": { "type": "Point", "coordinates": [ -95.5021279, 29.7248416 ] } },
{ "type": "Feature", "properties": { "mean_value": null, "mean_sentiment": null, "value_gap_to_market": null }, "geometry": { "type": "Point", "coordinates": [ -95.4965077, 29.7263174 ] } },
{ "type": "Feature", "properties": { "mean_value": null, "mean_sentiment": null, "value_gap_to_market": null }, "geometry": { "type": "Point", "coordinates": [ -95.49491, 29.7253036 ] } },
{ "type": "Feature", "properties": { "mean_value": null, "mean_sentiment": null, "value_gap_to_market": null }, "geometry": { "type": "Point", "coordinates": [ -95.4965077, 29.7263174 ] } },
{ "type": "Feature", "properties": { "mean_value": null, "mean_sentiment": null, "value_gap_to_market": null }, "geometry": { "type": "Point", "coordinates": [ -95.5122176, 29.7354809 ] } },
{ "type": "Feature", "properties": { "mean_value": null, "mean_sentiment": null, "value_gap_to_market": null }, "geometry": { "type": "Point", "coordinates": [ -95.5074264, 29.7368713 ] } },
{ "type": "Feature", "properties": { "mean_value": null, "mean_sentiment": null, "value_gap_to_market": null }, "geometry": { "type": "Point", "coordinates": [ -95.5073912, 29.7365647 ] } },
{ "type": "Feature", "properties": { "mean_value": null, "mean_sentiment": null, "value_gap_to_market": null }, "geometry": { "type": "Point", "coordinates": [ -95.5072186, 29.7377632 ] } },
{ "type": "Feature", "properties": { "mean_value": null, "mean_sentiment": null, "value_gap_to_market": null }, "geometry": { "type": "Point", "coordinates": [ -95.5074804, 29.7368169 ] } },
{ "type": "Feature", "properties": { "mean_value": null, "mean_sentiment": null, "value_gap_to_market": null }, "geometry": { "type": "Point", "coordinates": [ -95.5144132, 29.7365111 ] } },
{ "type": "Feature", "properties": { "mean_value": null, "mean_sentiment": null, "value_gap_to_market": null }, "geometry": { "type": "Point", "coordinates": [ -95.5075926, 29.7367006 ] } },
{ "type": "Feature", "properties": { "mean_value": null, "mean_sentiment": null, "value_gap_to_market": null }, "geometry": { "type": "Point", "coordinates": [ -95.4177235, 29.7172947 ] } },
{ "type": "Feature", "properties": { "mean_value": null, "mean_sentiment": null, "value_gap_to_market": null }, "geometry": { "type": "Point", "coordinates": [ -95.4174318, 29.7177419 ] } },
{ "type": "Feature", "properties": { "mean_value": null, "mean_sentiment": null, "value_gap_to_market": null }, "geometry": { "type": "Point", "coordinates": [ -95.4886129, 29.7186737 ] } },
{ "type": "Feature", "properties": { "mean_value": null, "mean_sentiment": null, "value_gap_to_market": null }, "geometry": { "type": "Point", "coordinates": [ -95.4850341, 29.7166129 ] } },
{ "type": "Feature", "properties": { "mean_value": null, "mean_sentiment": null, "value_gap_to_market": null }, "geometry": { "type": "Point", "coordinates": [ -95.4897878, 29.7198714 ] } },
{ "type": "Feature", "properties": { "mean_value": null, "mean_sentiment": null, "value_gap_to_market": null }, "geometry": { "type": "Point", "coordinates": [ -95.5149234, 29.7380754 ] } },
{ "type": "Feature", "properties": { "mean_value": null, "mean_sentiment": null, "value_gap_to_market": null }, "geometry": { "type": "Point", "coordinates": [ -95.5077213, 29.7371992 ] } },
{ "type": "Feature", "properties": { "mean_value": null, "mean_sentiment": null, "value_gap_to_market": null }, "geometry": { "type": "Point", "coordinates": [ -95.5015838, 29.7344124 ] } },
{ "type": "Feature", "properties": { "mean_value": null, "mean_sentiment": null, "value_gap_to_market": null }, "geometry": { "type": "Point", "coordinates": [ -95.5145645, 29.7379137 ] } },
{ "type": "Feature", "properties": { "mean_value": null, "mean_sentiment": null, "value_gap_to_market": null }, "geometry": { "type": "Point", "coordinates": [ -95.502522, 29.738038 ] } },
{ "type": "Feature", "properties": { "mean_value": null, "mean_sentiment": null, "value_gap_to_market": null }, "geometry": { "type": "Point", "coordinates": [ -95.5054508, 29.7371755 ] } },
{ "type": "Feature", "properties": { "mean_value": null, "mean_sentiment": null, "value_gap_to_market": null }, "geometry": { "type": "Point", "coordinates": [ -95.5152579, 29.7380632 ] } },
{ "type": "Feature", "properties": { "mean_value": null, "mean_sentiment": null, "value_gap_to_market": null }, "geometry": { "type": "Point", "coordinates": [ -95.5075958, 29.7363601 ] } },
{ "type": "Feature", "properties": { "mean_value": null, "mean_sentiment": null, "value_gap_to_market": null }, "geometry": { "type": "Point", "coordinates": [ -95.503885, 29.737262 ] } },
{ "type": "Feature", "properties": { "mean_value": null, "mean_sentiment": null, "value_gap_to_market": null }, "geometry": { "type": "Point", "coordinates": [ -95.4181123, 29.7195119 ] } },
{ "type": "Feature", "properties": { "mean_value": null, "mean_sentiment": null, "value_gap_to_market": null }, "geometry": { "type": "Point", "coordinates": [ -95.4151447, 29.7169868 ] } },
{ "type": "Feature", "properties": { "mean_value": 2.027542372881356, "mean_sentiment": -0.20677966101694917, "value_gap_to_market": -1.6107210240748024 }, "geometry": { "type": "Point", "coordinates": [ -95.418207, 29.7207298 ] } },
{ "type": "Feature", "properties": { "mean_value": null, "mean_sentiment": null, "value_gap_to_market": null }, "geometry": { "type": "Point", "coordinates": [ -95.5017603, 29.7301564 ] } },
{ "type": "Feature", "properties": { "mean_value": null, "mean_sentiment": null, "value_gap_to_market": null }, "geometry": { "type": "Point", "coordinates": [ -95.50766, 29.736887 ] } },
{ "type": "Feature", "properties": { "mean_value": null, "mean_sentiment": null, "value_gap_to_market": null }, "geometry": { "type": "Point", "coordinates": [ -95.4883088, 29.7060032 ] } },
{ "type": "Feature", "properties": { "mean_value": null, "mean_sentiment": null, "value_gap_to_market": null }, "geometry": { "type": "Point", "coordinates": [ -95.4854413, 29.704918 ] } },
{ "type": "Feature", "properties": { "mean_value": null, "mean_sentiment": null, "value_gap_to_market": null }, "geometry": { "type": "Point", "coordinates": [ -95.4884781, 29.7063491 ] } },
{ "type": "Feature", "properties": { "mean_value": null, "mean_sentiment": null, "value_gap_to_market": null }, "geometry": { "type": "Point", "coordinates": [ -95.4921519, 29.7050731 ] } },
{ "type": "Feature", "properties": { "mean_value": null, "mean_sentiment": null, "value_gap_to_market": null }, "geometry": { "type": "Point", "coordinates": [ -95.4925197, 29.7076404 ] } },
{ "type": "Feature", "properties": { "mean_value": null, "mean_sentiment": null, "value_gap_to_market": null }, "geometry": { "type": "Point", "coordinates": [ -95.4877647, 29.7056261 ] } },
{ "type": "Feature", "properties": { "mean_value": null, "mean_sentiment": null, "value_gap_to_market": null }, "geometry": { "type": "Point", "coordinates": [ -95.3973696, 29.7151178 ] } },
{ "type": "Feature", "properties": { "mean_value": null, "mean_sentiment": null, "value_gap_to_market": null }, "geometry": { "type": "Point", "coordinates": [ -95.4836929, 29.7381334 ] } },
{ "type": "Feature", "properties": { "mean_value": null, "mean_sentiment": null, "value_gap_to_market": null }, "geometry": { "type": "Point", "coordinates": [ -95.4842737, 29.7059219 ] } },
{ "type": "Feature", "properties": { "mean_value": null, "mean_sentiment": null, "value_gap_to_market": null }, "geometry": { "type": "Point", "coordinates": [ -95.4848791, 29.7074885 ] } },
{ "type": "Feature", "properties": { "mean_value": null, "mean_sentiment": null, "value_gap_to_market": null }, "geometry": { "type": "Point", "coordinates": [ -95.4841003, 29.706583 ] } },
{ "type": "Feature", "properties": { "mean_value": null, "mean_sentiment": null, "value_gap_to_market": null }, "geometry": { "type": "Point", "coordinates": [ -95.4912047, 29.7051288 ] } },
{ "type": "Feature", "properties": { "mean_value": null, "mean_sentiment": null, "value_gap_to_market": null }, "geometry": { "type": "Point", "coordinates": [ -95.5207638, 29.7368122 ] } },
{ "type": "Feature", "properties": { "mean_value": null, "mean_sentiment": null, "value_gap_to_market": null }, "geometry": { "type": "Point", "coordinates": [ -95.5206373, 29.7358058 ] } },
{ "type": "Feature", "properties": { "mean_value": null, "mean_sentiment": null, "value_gap_to_market": null }, "geometry": { "type": "Point", "coordinates": [ -95.4914784, 29.7045678 ] } },
{ "type": "Feature", "properties": { "mean_value": null, "mean_sentiment": null, "value_gap_to_market": null }, "geometry": { "type": "Point", "coordinates": [ -95.4933197, 29.7071211 ] } },
{ "type": "Feature", "properties": { "mean_value": null, "mean_sentiment": null, "value_gap_to_market": null }, "geometry": { "type": "Point", "coordinates": [ -95.4912647, 29.7051303 ] } },
{ "type": "Feature", "properties": { "mean_value": null, "mean_sentiment": null, "value_gap_to_market": null }, "geometry": { "type": "Point", "coordinates": [ -95.4935713, 29.7065906 ] } },
{ "type": "Feature", "properties": { "mean_value": null, "mean_sentiment": null, "value_gap_to_market": null }, "geometry": { "type": "Point", "coordinates": [ -95.4925188, 29.7065125 ] } },
{ "type": "Feature", "properties": { "mean_value": null, "mean_sentiment": null, "value_gap_to_market": null }, "geometry": { "type": "Point", "coordinates": [ -95.4850122, 29.7076707 ] } },
{ "type": "Feature", "properties": { "mean_value": null, "mean_sentiment": null, "value_gap_to_market": null }, "geometry": { "type": "Point", "coordinates": [ -95.484206, 29.7068888 ] } },
{ "type": "Feature", "properties": { "mean_value": null, "mean_sentiment": null, "value_gap_to_market": null }, "geometry": { "type": "Point", "coordinates": [ -95.5201493, 29.7365726 ] } },
{ "type": "Feature", "properties": { "mean_value": null, "mean_sentiment": null, "value_gap_to_market": null }, "geometry": { "type": "Point", "coordinates": [ -95.5176955, 29.7346166 ] } },
{ "type": "Feature", "properties": { "mean_value": null, "mean_sentiment": null, "value_gap_to_market": null }, "geometry": { "type": "Point", "coordinates": [ -95.4760988, 29.7135245 ] } },
{ "type": "Feature", "properties": { "mean_value": null, "mean_sentiment": null, "value_gap_to_market": null }, "geometry": { "type": "Point", "coordinates": [ -95.4109862, 29.7343943 ] } },
{ "type": "Feature", "properties": { "mean_value": null, "mean_sentiment": null, "value_gap_to_market": null }, "geometry": { "type": "Point", "coordinates": [ -95.4080016, 29.7385017 ] } },
{ "type": "Feature", "properties": { "mean_value": null, "mean_sentiment": null, "value_gap_to_market": null }, "geometry": { "type": "Point", "coordinates": [ -95.3701857, 29.7482996 ] } },
{ "type": "Feature", "properties": { "mean_value": null, "mean_sentiment": null, "value_gap_to_market": null }, "geometry": { "type": "Point", "coordinates": [ -95.4786702, 29.705034 ] } },
{ "type": "Feature", "properties": { "mean_value": null, "mean_sentiment": null, "value_gap_to_market": null }, "geometry": { "type": "Point", "coordinates": [ -95.3985771, 29.7340443 ] } },
{ "type": "Feature", "properties": { "mean_value": null, "mean_sentiment": null, "value_gap_to_market": null }, "geometry": { "type": "Point", "coordinates": [ -95.5204366, 29.7190849 ] } },
{ "type": "Feature", "properties": { "mean_value": null, "mean_sentiment": null, "value_gap_to_market": null }, "geometry": { "type": "Point", "coordinates": [ -95.5198343, 29.7179875 ] } },
{ "type": "Feature", "properties": { "mean_value": null, "mean_sentiment": null, "value_gap_to_market": null }, "geometry": { "type": "Point", "coordinates": [ -95.4104834, 29.734411 ] } },
{ "type": "Feature", "properties": { "mean_value": null, "mean_sentiment": null, "value_gap_to_market": null }, "geometry": { "type": "Point", "coordinates": [ -95.4110339, 29.7339652 ] } },
{ "type": "Feature", "properties": { "mean_value": null, "mean_sentiment": null, "value_gap_to_market": null }, "geometry": { "type": "Point", "coordinates": [ -95.5160563, 29.7287883 ] } },
{ "type": "Feature", "properties": { "mean_value": null, "mean_sentiment": null, "value_gap_to_market": null }, "geometry": { "type": "Point", "coordinates": [ -95.376289, 29.728938 ] } },
{ "type": "Feature", "properties": { "mean_value": null, "mean_sentiment": null, "value_gap_to_market": null }, "geometry": { "type": "Point", "coordinates": [ -95.376289, 29.728938 ] } },
{ "type": "Feature", "properties": { "mean_value": null, "mean_sentiment": null, "value_gap_to_market": null }, "geometry": { "type": "Point", "coordinates": [ -95.3808632, 29.730759 ] } },
{ "type": "Feature", "properties": { "mean_value": null, "mean_sentiment": null, "value_gap_to_market": null }, "geometry": { "type": "Point", "coordinates": [ -95.3659196, 29.758056 ] } },
{ "type": "Feature", "properties": { "mean_value": null, "mean_sentiment": null, "value_gap_to_market": null }, "geometry": { "type": "Point", "coordinates": [ -95.3650225, 29.7574884 ] } },
{ "type": "Feature", "properties": { "mean_value": null, "mean_sentiment": null, "value_gap_to_market": null }, "geometry": { "type": "Point", "coordinates": [ -95.3688454, 29.7575786 ] } },
{ "type": "Feature", "properties": { "mean_value": null, "mean_sentiment": null, "value_gap_to_market": null }, "geometry": { "type": "Point", "coordinates": [ -95.4130499, 29.8025241 ] } },
{ "type": "Feature", "properties": { "mean_value": null, "mean_sentiment": null, "value_gap_to_market": null }, "geometry": { "type": "Point", "coordinates": [ -95.3597238, 29.7507806 ] } },
{ "type": "Feature", "properties": { "mean_value": null, "mean_sentiment": null, "value_gap_to_market": null }, "geometry": { "type": "Point", "coordinates": [ -95.3622859, 29.7462295 ] } },
{ "type": "Feature", "properties": { "mean_value": null, "mean_sentiment": null, "value_gap_to_market": null }, "geometry": { "type": "Point", "coordinates": [ -95.3520104, 29.7463884 ] } },
{ "type": "Feature", "properties": { "mean_value": null, "mean_sentiment": null, "value_gap_to_market": null }, "geometry": { "type": "Point", "coordinates": [ -95.4064372, 29.8024577 ] } },
{ "type": "Feature", "properties": { "mean_value": null, "mean_sentiment": null, "value_gap_to_market": null }, "geometry": { "type": "Point", "coordinates": [ -95.3599097, 29.746673 ] } },
{ "type": "Feature", "properties": { "mean_value": null, "mean_sentiment": null, "value_gap_to_market": null }, "geometry": { "type": "Point", "coordinates": [ -95.3600606, 29.7465684 ] } },
{ "type": "Feature", "properties": { "mean_value": null, "mean_sentiment": null, "value_gap_to_market": null }, "geometry": { "type": "Point", "coordinates": [ -95.3892349, 29.731008 ] } },
{ "type": "Feature", "properties": { "mean_value": null, "mean_sentiment": null, "value_gap_to_market": null }, "geometry": { "type": "Point", "coordinates": [ -95.3679911, 29.757125 ] } },
{ "type": "Feature", "properties": { "mean_value": null, "mean_sentiment": null, "value_gap_to_market": null }, "geometry": { "type": "Point", "coordinates": [ -95.3650614, 29.7578939 ] } },
{ "type": "Feature", "properties": { "mean_value": null, "mean_sentiment": null, "value_gap_to_market": null }, "geometry": { "type": "Point", "coordinates": [ -95.3653148, 29.75845 ] } },
{ "type": "Feature", "properties": { "mean_value": null, "mean_sentiment": null, "value_gap_to_market": null }, "geometry": { "type": "Point", "coordinates": [ -95.3672592, 29.7580846 ] } },
{ "type": "Feature", "properties": { "mean_value": null, "mean_sentiment": null, "value_gap_to_market": null }, "geometry": { "type": "Point", "coordinates": [ -95.3709965, 29.7578744 ] } },
{ "type": "Feature", "properties": { "mean_value": null, "mean_sentiment": null, "value_gap_to_market": null }, "geometry": { "type": "Point", "coordinates": [ -95.3653148, 29.75845 ] } },
{ "type": "Feature", "properties": { "mean_value": null, "mean_sentiment": null, "value_gap_to_market": null }, "geometry": { "type": "Point", "coordinates": [ -95.3703659, 29.7576147 ] } },
{ "type": "Feature", "properties": { "mean_value": null, "mean_sentiment": null, "value_gap_to_market": null }, "geometry": { "type": "Point", "coordinates": [ -95.364958, 29.757745 ] } },
{ "type": "Feature", "properties": { "mean_value": null, "mean_sentiment": null, "value_gap_to_market": null }, "geometry": { "type": "Point", "coordinates": [ -95.3649227, 29.7577371 ] } },
{ "type": "Feature", "properties": { "mean_value": null, "mean_sentiment": null, "value_gap_to_market": null }, "geometry": { "type": "Point", "coordinates": [ -95.3650553, 29.75744 ] } },
{ "type": "Feature", "properties": { "mean_value": null, "mean_sentiment": null, "value_gap_to_market": null }, "geometry": { "type": "Point", "coordinates": [ -95.3699979, 29.756383 ] } },
{ "type": "Feature", "properties": { "mean_value": null, "mean_sentiment": null, "value_gap_to_market": null }, "geometry": { "type": "Point", "coordinates": [ -95.3640136, 29.7556362 ] } },
{ "type": "Feature", "properties": { "mean_value": null, "mean_sentiment": null, "value_gap_to_market": null }, "geometry": { "type": "Point", "coordinates": [ -95.3659548, 29.7581138 ] } },
{ "type": "Feature", "properties": { "mean_value": null, "mean_sentiment": null, "value_gap_to_market": null }, "geometry": { "type": "Point", "coordinates": [ -95.3652908, 29.7588823 ] } },
{ "type": "Feature", "properties": { "mean_value": null, "mean_sentiment": null, "value_gap_to_market": null }, "geometry": { "type": "Point", "coordinates": [ -95.3650553, 29.75744 ] } },
{ "type": "Feature", "properties": { "mean_value": null, "mean_sentiment": null, "value_gap_to_market": null }, "geometry": { "type": "Point", "coordinates": [ -95.3654952, 29.7575405 ] } },
{ "type": "Feature", "properties": { "mean_value": null, "mean_sentiment": null, "value_gap_to_market": null }, "geometry": { "type": "Point", "coordinates": [ -95.3663131, 29.7592922 ] } },
{ "type": "Feature", "properties": { "mean_value": null, "mean_sentiment": null, "value_gap_to_market": null }, "geometry": { "type": "Point", "coordinates": [ -95.3622655, 29.7614979 ] } },
{ "type": "Feature", "properties": { "mean_value": null, "mean_sentiment": null, "value_gap_to_market": null }, "geometry": { "type": "Point", "coordinates": [ -95.3600175, 29.7635334 ] } },
{ "type": "Feature", "properties": { "mean_value": null, "mean_sentiment": null, "value_gap_to_market": null }, "geometry": { "type": "Point", "coordinates": [ -95.3662717, 29.7596219 ] } },
{ "type": "Feature", "properties": { "mean_value": null, "mean_sentiment": null, "value_gap_to_market": null }, "geometry": { "type": "Point", "coordinates": [ -95.370503, 29.7578216 ] } },
{ "type": "Feature", "properties": { "mean_value": null, "mean_sentiment": null, "value_gap_to_market": null }, "geometry": { "type": "Point", "coordinates": [ -95.3708239, 29.7577528 ] } },
{ "type": "Feature", "properties": { "mean_value": null, "mean_sentiment": null, "value_gap_to_market": null }, "geometry": { "type": "Point", "coordinates": [ -95.3691605, 29.7570742 ] } },
{ "type": "Feature", "properties": { "mean_value": null, "mean_sentiment": null, "value_gap_to_market": null }, "geometry": { "type": "Point", "coordinates": [ -95.3648084, 29.7594315 ] } },
{ "type": "Feature", "properties": { "mean_value": null, "mean_sentiment": null, "value_gap_to_market": null }, "geometry": { "type": "Point", "coordinates": [ -95.3643646, 29.7579956 ] } },
{ "type": "Feature", "properties": { "mean_value": null, "mean_sentiment": null, "value_gap_to_market": null }, "geometry": { "type": "Point", "coordinates": [ -95.3699628, 29.7580126 ] } },
{ "type": "Feature", "properties": { "mean_value": null, "mean_sentiment": null, "value_gap_to_market": null }, "geometry": { "type": "Point", "coordinates": [ -95.3659038, 29.7567954 ] } },
{ "type": "Feature", "properties": { "mean_value": null, "mean_sentiment": null, "value_gap_to_market": null }, "geometry": { "type": "Point", "coordinates": [ -95.3706991, 29.7577092 ] } },
{ "type": "Feature", "properties": { "mean_value": 1.8724066390041494, "mean_sentiment": -0.25394190871369293, "value_gap_to_market": -1.765856757952009 }, "geometry": { "type": "Point", "coordinates": [ -95.3649859, 29.757318 ] } },
{ "type": "Feature", "properties": { "mean_value": null, "mean_sentiment": null, "value_gap_to_market": null }, "geometry": { "type": "Point", "coordinates": [ -95.3666111, 29.755586 ] } },
{ "type": "Feature", "properties": { "mean_value": null, "mean_sentiment": null, "value_gap_to_market": null }, "geometry": { "type": "Point", "coordinates": [ -95.36527, 29.757359 ] } },
{ "type": "Feature", "properties": { "mean_value": null, "mean_sentiment": null, "value_gap_to_market": null }, "geometry": { "type": "Point", "coordinates": [ -95.3655, 29.758617 ] } },
{ "type": "Feature", "properties": { "mean_value": null, "mean_sentiment": null, "value_gap_to_market": null }, "geometry": { "type": "Point", "coordinates": [ -95.3876495, 29.7238903 ] } },
{ "type": "Feature", "properties": { "mean_value": null, "mean_sentiment": null, "value_gap_to_market": null }, "geometry": { "type": "Point", "coordinates": [ -95.3881679, 29.744143 ] } },
{ "type": "Feature", "properties": { "mean_value": null, "mean_sentiment": null, "value_gap_to_market": null }, "geometry": { "type": "Point", "coordinates": [ -95.387676, 29.7442282 ] } },
{ "type": "Feature", "properties": { "mean_value": null, "mean_sentiment": null, "value_gap_to_market": null }, "geometry": { "type": "Point", "coordinates": [ -95.3879102, 29.7683788 ] } },
{ "type": "Feature", "properties": { "mean_value": null, "mean_sentiment": null, "value_gap_to_market": null }, "geometry": { "type": "Point", "coordinates": [ -95.3879102, 29.7683788 ] } },
{ "type": "Feature", "properties": { "mean_value": null, "mean_sentiment": null, "value_gap_to_market": null }, "geometry": { "type": "Point", "coordinates": [ -95.3643095, 29.756905 ] } },
{ "type": "Feature", "properties": { "mean_value": null, "mean_sentiment": null, "value_gap_to_market": null }, "geometry": { "type": "Point", "coordinates": [ -95.360571, 29.7601303 ] } },
{ "type": "Feature", "properties": { "mean_value": null, "mean_sentiment": null, "value_gap_to_market": null }, "geometry": { "type": "Point", "coordinates": [ -95.367398, 29.7610743 ] } },
{ "type": "Feature", "properties": { "mean_value": null, "mean_sentiment": null, "value_gap_to_market": null }, "geometry": { "type": "Point", "coordinates": [ -95.3644994, 29.763145 ] } },
{ "type": "Feature", "properties": { "mean_value": null, "mean_sentiment": null, "value_gap_to_market": null }, "geometry": { "type": "Point", "coordinates": [ -95.3637968, 29.7589542 ] } },
{ "type": "Feature", "properties": { "mean_value": 4.1, "mean_sentiment": 0.64428571428571424, "value_gap_to_market": 0.46173660304384123 }, "geometry": { "type": "Point", "coordinates": [ -95.3648839, 29.7662149 ] } },
{ "type": "Feature", "properties": { "mean_value": null, "mean_sentiment": null, "value_gap_to_market": null }, "geometry": { "type": "Point", "coordinates": [ -95.3953946, 29.7555597 ] } },
{ "type": "Feature", "properties": { "mean_value": null, "mean_sentiment": null, "value_gap_to_market": null }, "geometry": { "type": "Point", "coordinates": [ -95.3902626, 29.7450022 ] } },
{ "type": "Feature", "properties": { "mean_value": null, "mean_sentiment": null, "value_gap_to_market": null }, "geometry": { "type": "Point", "coordinates": [ -95.3783126, 29.7485123 ] } },
{ "type": "Feature", "properties": { "mean_value": null, "mean_sentiment": null, "value_gap_to_market": null }, "geometry": { "type": "Point", "coordinates": [ -95.3776817, 29.7491994 ] } },
{ "type": "Feature", "properties": { "mean_value": null, "mean_sentiment": null, "value_gap_to_market": null }, "geometry": { "type": "Point", "coordinates": [ -95.3746713, 29.7490072 ] } },
{ "type": "Feature", "properties": { "mean_value": null, "mean_sentiment": null, "value_gap_to_market": null }, "geometry": { "type": "Point", "coordinates": [ -95.3648839, 29.7662149 ] } },
{ "type": "Feature", "properties": { "mean_value": null, "mean_sentiment": null, "value_gap_to_market": null }, "geometry": { "type": "Point", "coordinates": [ -95.3895139, 29.7483356 ] } },
{ "type": "Feature", "properties": { "mean_value": null, "mean_sentiment": null, "value_gap_to_market": null }, "geometry": { "type": "Point", "coordinates": [ -95.3907424, 29.7450294 ] } },
{ "type": "Feature", "properties": { "mean_value": 5.0, "mean_sentiment": 1.0, "value_gap_to_market": 1.3617366030438416 }, "geometry": { "type": "Point", "coordinates": [ -95.3887272, 29.747994 ] } },
{ "type": "Feature", "properties": { "mean_value": 2.9653465346534653, "mean_sentiment": 0.18712871287128713, "value_gap_to_market": -0.6729168623026931 }, "geometry": { "type": "Point", "coordinates": [ -95.38978, 29.7468325 ] } },
{ "type": "Feature", "properties": { "mean_value": null, "mean_sentiment": null, "value_gap_to_market": null }, "geometry": { "type": "Point", "coordinates": [ -95.3901651, 29.7469617 ] } },
{ "type": "Feature", "properties": { "mean_value": null, "mean_sentiment": null, "value_gap_to_market": null }, "geometry": { "type": "Point", "coordinates": [ -95.373518, 29.7518402 ] } },
{ "type": "Feature", "properties": { "mean_value": null, "mean_sentiment": null, "value_gap_to_market": null }, "geometry": { "type": "Point", "coordinates": [ -95.4779549, 29.7371371 ] } },
{ "type": "Feature", "properties": { "mean_value": null, "mean_sentiment": null, "value_gap_to_market": null }, "geometry": { "type": "Point", "coordinates": [ -95.3921252, 29.7440596 ] } },
{ "type": "Feature", "properties": { "mean_value": null, "mean_sentiment": null, "value_gap_to_market": null }, "geometry": { "type": "Point", "coordinates": [ -95.488104, 29.7313175 ] } },
{ "type": "Feature", "properties": { "mean_value": null, "mean_sentiment": null, "value_gap_to_market": null }, "geometry": { "type": "Point", "coordinates": [ -95.3701166, 29.7558844 ] } },
{ "type": "Feature", "properties": { "mean_value": null, "mean_sentiment": null, "value_gap_to_market": null }, "geometry": { "type": "Point", "coordinates": [ -95.3723367, 29.7532529 ] } },
{ "type": "Feature", "properties": { "mean_value": null, "mean_sentiment": null, "value_gap_to_market": null }, "geometry": { "type": "Point", "coordinates": [ -95.4937168, 29.7372643 ] } },
{ "type": "Feature", "properties": { "mean_value": null, "mean_sentiment": null, "value_gap_to_market": null }, "geometry": { "type": "Point", "coordinates": [ -95.4783902, 29.7376071 ] } },
{ "type": "Feature", "properties": { "mean_value": null, "mean_sentiment": null, "value_gap_to_market": null }, "geometry": { "type": "Point", "coordinates": [ -95.396192, 29.7433361 ] } },
{ "type": "Feature", "properties": { "mean_value": null, "mean_sentiment": null, "value_gap_to_market": null }, "geometry": { "type": "Point", "coordinates": [ -95.3921252, 29.7440596 ] } },
{ "type": "Feature", "properties": { "mean_value": null, "mean_sentiment": null, "value_gap_to_market": null }, "geometry": { "type": "Point", "coordinates": [ -95.3930553, 29.7445055 ] } },
{ "type": "Feature", "properties": { "mean_value": null, "mean_sentiment": null, "value_gap_to_market": null }, "geometry": { "type": "Point", "coordinates": [ -95.4838095, 29.7367994 ] } },
{ "type": "Feature", "properties": { "mean_value": null, "mean_sentiment": null, "value_gap_to_market": null }, "geometry": { "type": "Point", "coordinates": [ -95.4851535, 29.7369704 ] } },
{ "type": "Feature", "properties": { "mean_value": null, "mean_sentiment": null, "value_gap_to_market": null }, "geometry": { "type": "Point", "coordinates": [ -95.4774077, 29.7319819 ] } },
{ "type": "Feature", "properties": { "mean_value": null, "mean_sentiment": null, "value_gap_to_market": null }, "geometry": { "type": "Point", "coordinates": [ -95.4794332, 29.7503038 ] } },
{ "type": "Feature", "properties": { "mean_value": null, "mean_sentiment": null, "value_gap_to_market": null }, "geometry": { "type": "Point", "coordinates": [ -95.4769648, 29.7336595 ] } },
{ "type": "Feature", "properties": { "mean_value": null, "mean_sentiment": null, "value_gap_to_market": null }, "geometry": { "type": "Point", "coordinates": [ -95.3787113, 29.7221864 ] } },
{ "type": "Feature", "properties": { "mean_value": null, "mean_sentiment": null, "value_gap_to_market": null }, "geometry": { "type": "Point", "coordinates": [ -95.3976415, 29.7578553 ] } },
{ "type": "Feature", "properties": { "mean_value": null, "mean_sentiment": null, "value_gap_to_market": null }, "geometry": { "type": "Point", "coordinates": [ -95.4849149, 29.7265644 ] } },
{ "type": "Feature", "properties": { "mean_value": null, "mean_sentiment": null, "value_gap_to_market": null }, "geometry": { "type": "Point", "coordinates": [ -95.4589599, 29.7422404 ] } },
{ "type": "Feature", "properties": { "mean_value": null, "mean_sentiment": null, "value_gap_to_market": null }, "geometry": { "type": "Point", "coordinates": [ -95.3517233, 29.7517587 ] } },
{ "type": "Feature", "properties": { "mean_value": null, "mean_sentiment": null, "value_gap_to_market": null }, "geometry": { "type": "Point", "coordinates": [ -95.3473058, 29.7579527 ] } },
{ "type": "Feature", "properties": { "mean_value": null, "mean_sentiment": null, "value_gap_to_market": null }, "geometry": { "type": "Point", "coordinates": [ -95.3631358, 29.7586147 ] } },
{ "type": "Feature", "properties": { "mean_value": null, "mean_sentiment": null, "value_gap_to_market": null }, "geometry": { "type": "Point", "coordinates": [ -95.4643477, 29.7389737 ] } },
{ "type": "Feature", "properties": { "mean_value": null, "mean_sentiment": null, "value_gap_to_market": null }, "geometry": { "type": "Point", "coordinates": [ -95.3516953, 29.7527721 ] } },
{ "type": "Feature", "properties": { "mean_value": null, "mean_sentiment": null, "value_gap_to_market": null }, "geometry": { "type": "Point", "coordinates": [ -95.4177087, 29.7351446 ] } },
{ "type": "Feature", "properties": { "mean_value": null, "mean_sentiment": null, "value_gap_to_market": null }, "geometry": { "type": "Point", "coordinates": [ -95.3519454, 29.7529771 ] } },
{ "type": "Feature", "properties": { "mean_value": null, "mean_sentiment": null, "value_gap_to_market": null }, "geometry": { "type": "Point", "coordinates": [ -95.3515595, 29.7528922 ] } },
{ "type": "Feature", "properties": { "mean_value": null, "mean_sentiment": null, "value_gap_to_market": null }, "geometry": { "type": "Point", "coordinates": [ -95.3529885, 29.7518372 ] } },
{ "type": "Feature", "properties": { "mean_value": null, "mean_sentiment": null, "value_gap_to_market": null }, "geometry": { "type": "Point", "coordinates": [ -95.3526562, 29.7516856 ] } },
{ "type": "Feature", "properties": { "mean_value": null, "mean_sentiment": null, "value_gap_to_market": null }, "geometry": { "type": "Point", "coordinates": [ -95.3505084, 29.7579174 ] } },
{ "type": "Feature", "properties": { "mean_value": null, "mean_sentiment": null, "value_gap_to_market": null }, "geometry": { "type": "Point", "coordinates": [ -95.4641529, 29.7390707 ] } },
{ "type": "Feature", "properties": { "mean_value": null, "mean_sentiment": null, "value_gap_to_market": null }, "geometry": { "type": "Point", "coordinates": [ -95.3727802, 29.745788 ] } },
{ "type": "Feature", "properties": { "mean_value": null, "mean_sentiment": null, "value_gap_to_market": null }, "geometry": { "type": "Point", "coordinates": [ -95.3749474, 29.7459235 ] } },
{ "type": "Feature", "properties": { "mean_value": null, "mean_sentiment": null, "value_gap_to_market": null }, "geometry": { "type": "Point", "coordinates": [ -95.3754633, 29.7456306 ] } },
{ "type": "Feature", "properties": { "mean_value": null, "mean_sentiment": null, "value_gap_to_market": null }, "geometry": { "type": "Point", "coordinates": [ -95.3812532, 29.7452804 ] } },
{ "type": "Feature", "properties": { "mean_value": null, "mean_sentiment": null, "value_gap_to_market": null }, "geometry": { "type": "Point", "coordinates": [ -95.462505, 29.7520839 ] } },
{ "type": "Feature", "properties": { "mean_value": null, "mean_sentiment": null, "value_gap_to_market": null }, "geometry": { "type": "Point", "coordinates": [ -95.3619691, 29.7549522 ] } },
{ "type": "Feature", "properties": { "mean_value": null, "mean_sentiment": null, "value_gap_to_market": null }, "geometry": { "type": "Point", "coordinates": [ -95.4243984, 29.7281144 ] } },
{ "type": "Feature", "properties": { "mean_value": 4.2053571428571432, "mean_sentiment": 0.6876984126984127, "value_gap_to_market": 0.56709374590098482 }, "geometry": { "type": "Point", "coordinates": [ -95.362522, 29.7597223 ] } },
{ "type": "Feature", "properties": { "mean_value": null, "mean_sentiment": null, "value_gap_to_market": null }, "geometry": { "type": "Point", "coordinates": [ -95.3638475, 29.7588841 ] } },
{ "type": "Feature", "properties": { "mean_value": null, "mean_sentiment": null, "value_gap_to_market": null }, "geometry": { "type": "Point", "coordinates": [ -95.363778, 29.7588659 ] } },
{ "type": "Feature", "properties": { "mean_value": null, "mean_sentiment": null, "value_gap_to_market": null }, "geometry": { "type": "Point", "coordinates": [ -95.3621106, 29.7587085 ] } },
{ "type": "Feature", "properties": { "mean_value": null, "mean_sentiment": null, "value_gap_to_market": null }, "geometry": { "type": "Point", "coordinates": [ -95.5209053, 29.7230345 ] } },
{ "type": "Feature", "properties": { "mean_value": null, "mean_sentiment": null, "value_gap_to_market": null }, "geometry": { "type": "Point", "coordinates": [ -95.5247865, 29.7235348 ] } },
{ "type": "Feature", "properties": { "mean_value": 3.5038759689922481, "mean_sentiment": 0.39767441860465119, "value_gap_to_market": -0.13438742796391034 }, "geometry": { "type": "Point", "coordinates": [ -95.1471197, 29.5446091 ] } },
{ "type": "Feature", "properties": { "mean_value": null, "mean_sentiment": null, "value_gap_to_market": null }, "geometry": { "type": "Point", "coordinates": [ -95.4770209, 29.7222386 ] } },
{ "type": "Feature", "properties": { "mean_value": null, "mean_sentiment": null, "value_gap_to_market": null }, "geometry": { "type": "Point", "coordinates": [ -95.4766658, 29.728493 ] } },
{ "type": "Feature", "properties": { "mean_value": null, "mean_sentiment": null, "value_gap_to_market": null }, "geometry": { "type": "Point", "coordinates": [ -95.489931, 29.708844 ] } },
{ "type": "Feature", "properties": { "mean_value": null, "mean_sentiment": null, "value_gap_to_market": null }, "geometry": { "type": "Point", "coordinates": [ -95.4896813, 29.7094426 ] } },
{ "type": "Feature", "properties": { "mean_value": null, "mean_sentiment": null, "value_gap_to_market": null }, "geometry": { "type": "Point", "coordinates": [ -95.4912621, 29.705147 ] } },
{ "type": "Feature", "properties": { "mean_value": null, "mean_sentiment": null, "value_gap_to_market": null }, "geometry": { "type": "Point", "coordinates": [ -95.4912621, 29.7051469 ] } },
{ "type": "Feature", "properties": { "mean_value": null, "mean_sentiment": null, "value_gap_to_market": null }, "geometry": { "type": "Point", "coordinates": [ -95.48561, 29.7056978 ] } },
{ "type": "Feature", "properties": { "mean_value": null, "mean_sentiment": null, "value_gap_to_market": null }, "geometry": { "type": "Point", "coordinates": [ -95.4976339, 29.7276025 ] } },
{ "type": "Feature", "properties": { "mean_value": null, "mean_sentiment": null, "value_gap_to_market": null }, "geometry": { "type": "Point", "coordinates": [ -95.5052509, 29.7372335 ] } },
{ "type": "Feature", "properties": { "mean_value": null, "mean_sentiment": null, "value_gap_to_market": null }, "geometry": { "type": "Point", "coordinates": [ -95.4974754, 29.7058092 ] } },
{ "type": "Feature", "properties": { "mean_value": null, "mean_sentiment": null, "value_gap_to_market": null }, "geometry": { "type": "Point", "coordinates": [ -95.484053, 29.706644 ] } },
{ "type": "Feature", "properties": { "mean_value": null, "mean_sentiment": null, "value_gap_to_market": null }, "geometry": { "type": "Point", "coordinates": [ -95.4160664, 29.7177007 ] } },
{ "type": "Feature", "properties": { "mean_value": null, "mean_sentiment": null, "value_gap_to_market": null }, "geometry": { "type": "Point", "coordinates": [ -95.5133538, 29.7285975 ] } },
{ "type": "Feature", "properties": { "mean_value": null, "mean_sentiment": null, "value_gap_to_market": null }, "geometry": { "type": "Point", "coordinates": [ -95.418286, 29.720321 ] } },
{ "type": "Feature", "properties": { "mean_value": null, "mean_sentiment": null, "value_gap_to_market": null }, "geometry": { "type": "Point", "coordinates": [ -95.4812548, 29.7071155 ] } },
{ "type": "Feature", "properties": { "mean_value": null, "mean_sentiment": null, "value_gap_to_market": null }, "geometry": { "type": "Point", "coordinates": [ -95.4833285, 29.7053434 ] } },
{ "type": "Feature", "properties": { "mean_value": null, "mean_sentiment": null, "value_gap_to_market": null }, "geometry": { "type": "Point", "coordinates": [ -95.4818772, 29.7051528 ] } },
{ "type": "Feature", "properties": { "mean_value": null, "mean_sentiment": null, "value_gap_to_market": null }, "geometry": { "type": "Point", "coordinates": [ -95.4827826, 29.7052325 ] } },
{ "type": "Feature", "properties": { "mean_value": null, "mean_sentiment": null, "value_gap_to_market": null }, "geometry": { "type": "Point", "coordinates": [ -95.4829014, 29.7043319 ] } },
{ "type": "Feature", "properties": { "mean_value": null, "mean_sentiment": null, "value_gap_to_market": null }, "geometry": { "type": "Point", "coordinates": [ -95.3709733, 29.7569509 ] } },
{ "type": "Feature", "properties": { "mean_value": null, "mean_sentiment": null, "value_gap_to_market": null }, "geometry": { "type": "Point", "coordinates": [ -95.3621122, 29.7509372 ] } },
{ "type": "Feature", "properties": { "mean_value": null, "mean_sentiment": null, "value_gap_to_market": null }, "geometry": { "type": "Point", "coordinates": [ -95.3597695, 29.7535127 ] } },
{ "type": "Feature", "properties": { "mean_value": null, "mean_sentiment": null, "value_gap_to_market": null }, "geometry": { "type": "Point", "coordinates": [ -95.3626819, 29.7540639 ] } },
{ "type": "Feature", "properties": { "mean_value": null, "mean_sentiment": null, "value_gap_to_market": null }, "geometry": { "type": "Point", "coordinates": [ -95.3675155, 29.7578392 ] } },
{ "type": "Feature", "properties": { "mean_value": null, "mean_sentiment": null, "value_gap_to_market": null }, "geometry": { "type": "Point", "coordinates": [ -95.4753173, 29.7135324 ] } },
{ "type": "Feature", "properties": { "mean_value": null, "mean_sentiment": null, "value_gap_to_market": null }, "geometry": { "type": "Point", "coordinates": [ -95.3606712, 29.7514142 ] } },
{ "type": "Feature", "properties": { "mean_value": null, "mean_sentiment": null, "value_gap_to_market": null }, "geometry": { "type": "Point", "coordinates": [ -95.3703821, 29.7575698 ] } },
{ "type": "Feature", "properties": { "mean_value": null, "mean_sentiment": null, "value_gap_to_market": null }, "geometry": { "type": "Point", "coordinates": [ -95.3669728, 29.7553696 ] } },
{ "type": "Feature", "properties": { "mean_value": null, "mean_sentiment": null, "value_gap_to_market": null }, "geometry": { "type": "Point", "coordinates": [ -95.3659038, 29.7567954 ] } },
{ "type": "Feature", "properties": { "mean_value": null, "mean_sentiment": null, "value_gap_to_market": null }, "geometry": { "type": "Point", "coordinates": [ -95.370503, 29.7578216 ] } },
{ "type": "Feature", "properties": { "mean_value": null, "mean_sentiment": null, "value_gap_to_market": null }, "geometry": { "type": "Point", "coordinates": [ -95.3659038, 29.7567954 ] } },
{ "type": "Feature", "properties": { "mean_value": null, "mean_sentiment": null, "value_gap_to_market": null }, "geometry": { "type": "Point", "coordinates": [ -95.3688298, 29.7566559 ] } },
{ "type": "Feature", "properties": { "mean_value": null, "mean_sentiment": null, "value_gap_to_market": null }, "geometry": { "type": "Point", "coordinates": [ -95.3650553, 29.75744 ] } },
{ "type": "Feature", "properties": { "mean_value": null, "mean_sentiment": null, "value_gap_to_market": null }, "geometry": { "type": "Point", "coordinates": [ -95.3626334, 29.7547627 ] } },
{ "type": "Feature", "properties": { "mean_value": null, "mean_sentiment": null, "value_gap_to_market": null }, "geometry": { "type": "Point", "coordinates": [ -95.3633079, 29.7554797 ] } },
{ "type": "Feature", "properties": { "mean_value": null, "mean_sentiment": null, "value_gap_to_market": null }, "geometry": { "type": "Point", "coordinates": [ -95.367991, 29.7571251 ] } },
{ "type": "Feature", "properties": { "mean_value": null, "mean_sentiment": null, "value_gap_to_market": null }, "geometry": { "type": "Point", "coordinates": [ -95.3659196, 29.758056 ] } },
{ "type": "Feature", "properties": { "mean_value": null, "mean_sentiment": null, "value_gap_to_market": null }, "geometry": { "type": "Point", "coordinates": [ -95.3648227, 29.759277 ] } },
{ "type": "Feature", "properties": { "mean_value": null, "mean_sentiment": null, "value_gap_to_market": null }, "geometry": { "type": "Point", "coordinates": [ -95.364808, 29.7593631 ] } },
{ "type": "Feature", "properties": { "mean_value": null, "mean_sentiment": null, "value_gap_to_market": null }, "geometry": { "type": "Point", "coordinates": [ -95.370508, 29.7574803 ] } },
{ "type": "Feature", "properties": { "mean_value": null, "mean_sentiment": null, "value_gap_to_market": null }, "geometry": { "type": "Point", "coordinates": [ -95.367732, 29.758192 ] } },
{ "type": "Feature", "properties": { "mean_value": null, "mean_sentiment": null, "value_gap_to_market": null }, "geometry": { "type": "Point", "coordinates": [ -95.3780599, 29.7493379 ] } },
{ "type": "Feature", "properties": { "mean_value": null, "mean_sentiment": null, "value_gap_to_market": null }, "geometry": { "type": "Point", "coordinates": [ -95.3616762, 29.7602468 ] } },
{ "type": "Feature", "properties": { "mean_value": null, "mean_sentiment": null, "value_gap_to_market": null }, "geometry": { "type": "Point", "coordinates": [ -95.3648839, 29.7662149 ] } },
{ "type": "Feature", "properties": { "mean_value": null, "mean_sentiment": null, "value_gap_to_market": null }, "geometry": { "type": "Point", "coordinates": [ -95.369017, 29.7580817 ] } },
{ "type": "Feature", "properties": { "mean_value": null, "mean_sentiment": null, "value_gap_to_market": null }, "geometry": { "type": "Point", "coordinates": [ -95.3623571, 29.7546872 ] } },
{ "type": "Feature", "properties": { "mean_value": null, "mean_sentiment": null, "value_gap_to_market": null }, "geometry": { "type": "Point", "coordinates": [ -95.364724, 29.75501 ] } },
{ "type": "Feature", "properties": { "mean_value": 3.6527777777777777, "mean_sentiment": 0.46111111111111114, "value_gap_to_market": 0.014514380821619266 }, "geometry": { "type": "Point", "coordinates": [ -95.362559, 29.754874 ] } },
{ "type": "Feature", "properties": { "mean_value": null, "mean_sentiment": null, "value_gap_to_market": null }, "geometry": { "type": "Point", "coordinates": [ -95.36308, 29.754995 ] } },
{ "type": "Feature", "properties": { "mean_value": null, "mean_sentiment": null, "value_gap_to_market": null }, "geometry": { "type": "Point", "coordinates": [ -95.3650286, 29.75952 ] } },
{ "type": "Feature", "properties": { "mean_value": null, "mean_sentiment": null, "value_gap_to_market": null }, "geometry": { "type": "Point", "coordinates": [ -95.3676873, 29.7594627 ] } },
{ "type": "Feature", "properties": { "mean_value": null, "mean_sentiment": null, "value_gap_to_market": null }, "geometry": { "type": "Point", "coordinates": [ -95.3650553, 29.75744 ] } },
{ "type": "Feature", "properties": { "mean_value": null, "mean_sentiment": null, "value_gap_to_market": null }, "geometry": { "type": "Point", "coordinates": [ -95.3640861, 29.7610603 ] } },
{ "type": "Feature", "properties": { "mean_value": 4.95, "mean_sentiment": 0.98, "value_gap_to_market": 1.3117366030438418 }, "geometry": { "type": "Point", "coordinates": [ -95.3614023, 29.7618501 ] } },
{ "type": "Feature", "properties": { "mean_value": null, "mean_sentiment": null, "value_gap_to_market": null }, "geometry": { "type": "Point", "coordinates": [ -95.3657073, 29.7602996 ] } },
{ "type": "Feature", "properties": { "mean_value": null, "mean_sentiment": null, "value_gap_to_market": null }, "geometry": { "type": "Point", "coordinates": [ -95.3921875, 29.7444402 ] } },
{ "type": "Feature", "properties": { "mean_value": null, "mean_sentiment": null, "value_gap_to_market": null }, "geometry": { "type": "Point", "coordinates": [ -95.3921252, 29.7440596 ] } },
{ "type": "Feature", "properties": { "mean_value": null, "mean_sentiment": null, "value_gap_to_market": null }, "geometry": { "type": "Point", "coordinates": [ -95.3626229, 29.756832 ] } },
{ "type": "Feature", "properties": { "mean_value": null, "mean_sentiment": null, "value_gap_to_market": null }, "geometry": { "type": "Point", "coordinates": [ -95.3704009, 29.752554 ] } },
{ "type": "Feature", "properties": { "mean_value": 4.75, "mean_sentiment": 0.9, "value_gap_to_market": 1.1117366030438416 }, "geometry": { "type": "Point", "coordinates": [ -95.3650996, 29.7573817 ] } },
{ "type": "Feature", "properties": { "mean_value": null, "mean_sentiment": null, "value_gap_to_market": null }, "geometry": { "type": "Point", "coordinates": [ -95.3895139, 29.7483356 ] } },
{ "type": "Feature", "properties": { "mean_value": null, "mean_sentiment": null, "value_gap_to_market": null }, "geometry": { "type": "Point", "coordinates": [ -95.3962661, 29.7429116 ] } },
{ "type": "Feature", "properties": { "mean_value": null, "mean_sentiment": null, "value_gap_to_market": null }, "geometry": { "type": "Point", "coordinates": [ -95.3632445, 29.7539137 ] } },
{ "type": "Feature", "properties": { "mean_value": null, "mean_sentiment": null, "value_gap_to_market": null }, "geometry": { "type": "Point", "coordinates": [ -95.4242256, 29.7282313 ] } },
{ "type": "Feature", "properties": { "mean_value": null, "mean_sentiment": null, "value_gap_to_market": null }, "geometry": { "type": "Point", "coordinates": [ -95.3640564, 29.7539291 ] } },
{ "type": "Feature", "properties": { "mean_value": null, "mean_sentiment": null, "value_gap_to_market": null }, "geometry": { "type": "Point", "coordinates": [ -95.4855556, 29.7061111 ] } },
{ "type": "Feature", "properties": { "mean_value": null, "mean_sentiment": null, "value_gap_to_market": null }, "geometry": { "type": "Point", "coordinates": [ -95.3641393, 29.7534377 ] } },
{ "type": "Feature", "properties": { "mean_value": null, "mean_sentiment": null, "value_gap_to_market": null }, "geometry": { "type": "Point", "coordinates": [ -95.3706991, 29.7577092 ] } },
{ "type": "Feature", "properties": { "mean_value": null, "mean_sentiment": null, "value_gap_to_market": null }, "geometry": { "type": "Point", "coordinates": [ -95.3603103, 29.7532962 ] } },
{ "type": "Feature", "properties": { "mean_value": 4.75, "mean_sentiment": 0.9, "value_gap_to_market": 1.1117366030438416 }, "geometry": { "type": "Point", "coordinates": [ -95.3620611, 29.7509069 ] } },
{ "type": "Feature", "properties": { "mean_value": null, "mean_sentiment": null, "value_gap_to_market": null }, "geometry": { "type": "Point", "coordinates": [ -95.3641749, 29.7539943 ] } },
{ "type": "Feature", "properties": { "mean_value": null, "mean_sentiment": null, "value_gap_to_market": null }, "geometry": { "type": "Point", "coordinates": [ -95.3627921, 29.7614555 ] } },
{ "type": "Feature", "properties": { "mean_value": null, "mean_sentiment": null, "value_gap_to_market": null }, "geometry": { "type": "Point", "coordinates": [ -95.4787064, 29.7051331 ] } },
{ "type": "Feature", "properties": { "mean_value": null, "mean_sentiment": null, "value_gap_to_market": null }, "geometry": { "type": "Point", "coordinates": [ -95.4780927, 29.7060421 ] } }
]
}
