{
  "type": "FeatureCollection",
  "name": "hex_r8_menu",
  "features": [
    {
      "type": "Feature",
      "properties": {
        "hex_id": "88446ca9b3fffff",
        "price_mean_menu": 8.29,
        "price_median_menu": 6.74,
        "n_menu": 74,
        "top_restaurants_menu": "Abasolo|$15.99;;Rabbits Got the Gun|$13.00"
      },
      "geometry": {
        "type": "Polygon",
        "coordinates": [
          [
            [
              -95.36353662213425,
              29.773454405550503
            ],
            [
              -95.35863209052614,
              29.776107007728378
            ],
            [
              -95.35885159613505,
              29.781224776934078
            ],
            [
              -95.3639760851993,
              29.783690091431186
            ],
            [
              -95.36888097820776,
              29.781037422620074
            ],
            [
              -95.36866102074221,
              29.775919505959497
            ]
          ]
        ]
      }
    },
    {
      "type": "Feature",
      "properties": {
        "hex_id": "88446c321bfffff",
        "price_mean_menu": 15.3,
        "price_median_menu": 14.98,
        "n_menu": 18,
        "top_restaurants_menu": "Valencias Tex-Mex Garage|$29.95;;Aladdin Mediterranean Grill|$22.00"
      },
      "geometry": {
        "type": "Polygon",
        "coordinates": [
          [
            [
              -95.43040628647111,
              29.810608482969712
            ],
            [
              -95.42549965617467,
              29.813263252386147
            ],
            [
              -95.42572224779727,
              29.818381456891032
            ],
            [
              -95.43085192212699,
              29.820845038491402
            ],
            [
              -95.4357589130559,
              29.81819020198707
            ],
            [
              -95.43553586901334,
              29.813071850984727
            ]
          ]
        ]
      }
    },
    {
      "type": "Feature",
      "properties": {
        "hex_id": "88446c336dfffff",
        "price_mean_menu": 7.0,
        "price_median_menu": 7.0,
        "n_menu": 46,
        "top_restaurants_menu": "Alamos Taqueria|$15.00;;Las patronas mexican restaurant|$11.99"
      },
      "geometry": {
        "type": "Polygon",
        "coordinates": [
          [
            [
              -95.30337522322661,
              29.774566029552613
            ],
            [
              -95.29847114317192,
              29.777215883554863
            ],
            [
              -95.29868793848978,
              29.782332765132825
            ],
            [
              -95.30380926546654,
              29.78479994100572
            ],
            [
              -95.30871370782194,
              29.78215002094206
            ],
            [
              -95.30849646089032,
              29.777032991081278
            ]
          ]
        ]
      }
    },
    {
      "type": "Feature",
      "properties": {
        "hex_id": "88446c0247fffff",
        "price_mean_menu": 11.35,
        "price_median_menu": 10.62,
        "n_menu": 72,
        "top_restaurants_menu": "Abu Omar Halal - Clear Lake TX|$59.99;;Tommys Seafood Restaurant  Oyster Bar|$19.00;;Wrap  Roll|$16.99"
      },
      "geometry": {
        "type": "Polygon",
        "coordinates": [
          [
            [
              -95.10957956905953,
              29.570636687901843
            ],
            [
              -95.10468568771103,
              29.573282486385047
            ],
            [
              -95.10489338827395,
              29.578399323599765
            ],
            [
              -95.10999541939415,
              29.580870513484907
            ],
            [
              -95.11488966463209,
              29.578224649809744
            ],
            [
              -95.11468151485052,
              29.573107661455563
            ]
          ]
        ]
      }
    },
    {
      "type": "Feature",
      "properties": {
        "hex_id": "88446c321dfffff",
        "price_mean_menu": 12.56,
        "price_median_menu": 13.99,
        "n_menu": 15,
        "top_restaurants_menu": "Alma|$19.99;;TJ Birria Y Mas|$12.99"
      },
      "geometry": {
        "type": "Polygon",
        "coordinates": [
          [
            [
              -95.41501982137754,
              29.80321755868732
            ],
            [
              -95.41011362444983,
              29.805871802652426
            ],
            [
              -95.41033550795053,
              29.810989891633884
            ],
            [
              -95.41546404066919,
              29.813453883381424
            ],
            [
              -95.42037059841358,
              29.81079957243837
            ],
            [
              -95.42014826261332,
              29.805681336740165
            ]
          ]
        ]
      }
    },
    {
      "type": "Feature",
      "properties": {
        "hex_id": "88446ca9d3fffff",
        "price_mean_menu": 13.46,
        "price_median_menu": 14.5,
        "n_menu": 36,
        "top_restaurants_menu": "Aladdin Mediterranean cuisine|$25.95;;Rudyards|$18.50"
      },
      "geometry": {
        "type": "Polygon",
        "coordinates": [
          [
            [
              -95.39229938165077,
              29.74217685811539
            ],
            [
              -95.38739592492827,
              29.744831482016142
            ],
            [
              -95.38761666859929,
              29.749950106296346
            ],
            [
              -95.39274132071805,
              29.752414253777538
            ],
            [
              -95.39764513821989,
              29.749759562826252
            ],
            [
              -95.3974239428143,
              29.744640791458725
            ]
          ]
        ]
      }
    },
    {
      "type": "Feature",
      "properties": {
        "hex_id": "88446c3269fffff",
        "price_mean_menu": 6.24,
        "price_median_menu": 5.5,
        "n_menu": 77,
        "top_restaurants_menu": "Southwells|$12.75;;MOD Pizza|$11.57;;Active Passion Coffee  Cafe|$8.00"
      },
      "geometry": {
        "type": "Polygon",
        "coordinates": [
          [
            [
              -95.38359523080373,
              29.773077717326398
            ],
            [
              -95.3786905510803,
              29.775731235524784
            ],
            [
              -95.37891096044267,
              29.78084929950212
            ],
            [
              -95.38403650145607,
              29.78331399247412
            ],
            [
              -95.38894154227891,
              29.780660407452043
            ],
            [
              -95.38872068097959,
              29.77554219629609
            ]
          ]
        ]
      }
    },
    {
      "type": "Feature",
      "properties": {
        "hex_id": "88446c2ae7fffff",
        "price_mean_menu": 14.4,
        "price_median_menu": 14.95,
        "n_menu": 56,
        "top_restaurants_menu": "Akashi|$56.00"
      },
      "geometry": {
        "type": "Polygon",
        "coordinates": [
          [
            [
              -95.20995481217192,
              30.06024456607256
            ],
            [
              -95.20503952255069,
              30.062883487153723
            ],
            [
              -95.20525262705155,
              30.06799485355737
            ],
            [
              -95.21038147459367,
              30.070467448174355
            ],
            [
              -95.21529712967994,
              30.06782846324036
            ],
            [
              -95.21508357174926,
              30.062716947556577
            ]
          ]
        ]
      }
    },
    {
      "type": "Feature",
      "properties": {
        "hex_id": "88446c169bfffff",
        "price_mean_menu": 9.47,
        "price_median_menu": 7.74,
        "n_menu": 74,
        "top_restaurants_menu": "Taqueria La Norteñita|$63.99;;American Deli|$27.99"
      },
      "geometry": {
        "type": "Polygon",
        "coordinates": [
          [
            [
              -95.35096165444659,
              29.59694217059309
            ],
            [
              -95.34606460628483,
              29.599598257997954
            ],
            [
              -95.3462832157648,
              29.604718288332574
            ],
            [
              -95.35139932384266,
              29.607182379066614
            ],
            [
              -95.3562967325043,
              29.604526224314707
            ],
            [
              -95.35607767257882,
              29.599406046190143
            ]
          ]
        ]
      }
    },
    {
      "type": "Feature",
      "properties": {
        "hex_id": "88446caed9fffff",
        "price_mean_menu": 11.24,
        "price_median_menu": 11.49,
        "n_menu": 69,
        "top_restaurants_menu": "Blue Agave Cantina|$25.99;;Adrians Mexican Street Food|$24.99"
      },
      "geometry": {
        "type": "Polygon",
        "coordinates": [
          [
            [
              -95.63989931357192,
              29.775687831468694
            ],
            [
              -95.6349925267074,
              29.778352867162173
            ],
            [
              -95.63522450368905,
              29.78347453691297
            ],
            [
              -95.64036372052075,
              29.785931314616228
            ],
            [
              -95.6452708646565,
              29.783266209710185
            ],
            [
              -95.64503843468047,
              29.778144396328027
            ]
          ]
        ]
      }
    },
    {
      "type": "Feature",
      "properties": {
        "hex_id": "88446c306dfffff",
        "price_mean_menu": 10.17,
        "price_median_menu": 11.99,
        "n_menu": 23,
        "top_restaurants_menu": "Alma Latina|$13.99"
      },
      "geometry": {
        "type": "Polygon",
        "coordinates": [
          [
            [
              -95.340762926707,
              29.82765132559549
            ],
            [
              -95.33585631122594,
              29.830301642338597
            ],
            [
              -95.33607489110962,
              29.835418312817286
            ],
            [
              -95.34120053864518,
              29.83788481428447
            ],
            [
              -95.34610751620028,
              29.83523443137613
            ],
            [
              -95.34588848413631,
              29.830117613180224
            ]
          ]
        ]
      }
    },
    {
      "type": "Feature",
      "properties": {
        "hex_id": "88446c0243fffff",
        "price_mean_menu": 4.76,
        "price_median_menu": 5.0,
        "n_menu": 33,
        "top_restaurants_menu": "Art of Coffee|$6.36"
      },
      "geometry": {
        "type": "Polygon",
        "coordinates": [
          [
            [
              -95.11957547770976,
              29.5704614074898
            ],
            [
              -95.11468151485052,
              29.573107661455563
            ],
            [
              -95.11488966463209,
              29.578224649809744
            ],
            [
              -95.1199922265236,
              29.58069553521455
            ],
            [
              -95.12488655312507,
              29.578049215961254
            ],
            [
              -95.12467795408293,
              29.572932076604857
            ]
          ]
        ]
      }
    },
    {
      "type": "Feature",
      "properties": {
        "hex_id": "88446c0241fffff",
        "price_mean_menu": 10.19,
        "price_median_menu": 10.5,
        "n_menu": 43,
        "top_restaurants_menu": "Luchos Tex-Mex|$15.50;;Ashleys Donuts Houston|$2.99"
      },
      "geometry": {
        "type": "Polygon",
        "coordinates": [
          [
            [
              -95.114265270611,
              29.56287348805948
            ],
            [
              -95.10937167152456,
              29.565519676751972
            ],
            [
              -95.10957956905953,
              29.570636687901843
            ],
            [
              -95.11468151485052,
              29.573107661455563
            ],
            [
              -95.11957547770976,
              29.5704614074898
            ],
            [
              -95.11936713099531,
              29.565344245257762
            ]
          ]
        ]
      }
    },
    {
      "type": "Feature",
      "properties": {
        "hex_id": "88446c1567fffff",
        "price_mean_menu": 11.11,
        "price_median_menu": 11.99,
        "n_menu": 67,
        "top_restaurants_menu": "Abes Cajun Market|$22.99"
      },
      "geometry": {
        "type": "Polygon",
        "coordinates": [
          [
            [
              -95.15488088588708,
              29.577518352762088
            ],
            [
              -95.14998631697871,
              29.580166038728617
            ],
            [
              -95.15019606723361,
              29.58528345641501
            ],
            [
              -95.15530083585406,
              29.587753338659343
            ],
            [
              -95.16019576803171,
              29.585105587104447
            ],
            [
              -95.1599855683098,
              29.579988018907795
            ]
          ]
        ]
      }
    },
    {
      "type": "Feature",
      "properties": {
        "hex_id": "88446c1501fffff",
        "price_mean_menu": 13.12,
        "price_median_menu": 11.49,
        "n_menu": 8,
        "top_restaurants_menu": "BD Restaurant|$39.99"
      },
      "geometry": {
        "type": "Polygon",
        "coordinates": [
          [
            [
              -95.18019699820235,
              29.58474756580339
            ],
            [
              -95.17530190626928,
              29.58739622867283
            ],
            [
              -95.17551280830398,
              29.592513923592627
            ],
            [
              -95.18061925189312,
              29.59498310581252
            ],
            [
              -95.18551470676903,
              29.59233437714947
            ],
            [
              -95.18530335510322,
              29.587216532074372
            ]
          ]
        ]
      }
    },
    {
      "type": "Feature",
      "properties": {
        "hex_id": "88446dda59fffff",
        "price_mean_menu": 14.56,
        "price_median_menu": 14.95,
        "n_menu": 14,
        "top_restaurants_menu": "Basas Mexican Grill|$21.95"
      },
      "geometry": {
        "type": "Polygon",
        "coordinates": [
          [
            [
              -95.74790014596074,
              29.82724647037539
            ],
            [
              -95.74299041137934,
              29.829915200915718
            ],
            [
              -95.74322736769469,
              29.835037637750354
            ],
            [
              -95.74837451239874,
              29.837491486145613
            ],
            [
              -95.75328460292852,
              29.834822685627692
            ],
            [
              -95.75304719279724,
              29.829700106706802
            ]
          ]
        ]
      }
    },
    {
      "type": "Feature",
      "properties": {
        "hex_id": "88446dda6bfffff",
        "price_mean_menu": 3.09,
        "price_median_menu": 1.39,
        "n_menu": 43,
        "top_restaurants_menu": "Tacos El Derby|$10.75;;AT Donuts|$2.89"
      },
      "geometry": {
        "type": "Polygon",
        "coordinates": [
          [
            [
              -95.70767856883072,
              29.82810093292862
            ],
            [
              -95.70276908817515,
              29.83076782920168
            ],
            [
              -95.70300422960075,
              29.835889696297038
            ],
            [
              -95.70814930533939,
              29.838344809777897
            ],
            [
              -95.71305914255949,
              29.835677843905582
            ],
            [
              -95.7128235474677,
              29.830555834166322
            ]
          ]
        ]
      }
    },
    {
      "type": "Feature",
      "properties": {
        "hex_id": "88446caec7fffff",
        "price_mean_menu": 8.08,
        "price_median_menu": 9.0,
        "n_menu": 43,
        "top_restaurants_menu": "Becks Prime|$16.00"
      },
      "geometry": {
        "type": "Polygon",
        "coordinates": [
          [
            [
              -95.60976490381974,
              29.776309985021733
            ],
            [
              -95.60485831652464,
              29.778973646852105
            ],
            [
              -95.60508893475213,
              29.784094884874367
            ],
            [
              -95.61022659314563,
              29.786552605129366
            ],
            [
              -95.61513353817054,
              29.78388887437068
            ],
            [
              -95.61490246706325,
              29.778767492299874
            ]
          ]
        ]
      }
    },
    {
      "type": "Feature",
      "properties": {
        "hex_id": "88446ca99dfffff",
        "price_mean_menu": 4.76,
        "price_median_menu": 5.25,
        "n_menu": 20,
        "top_restaurants_menu": "Best Street Tacos Food Truck|$12.00"
      },
      "geometry": {
        "type": "Polygon",
        "coordinates": [
          [
            [
              -95.37758879777864,
              29.75013988153547
            ],
            [
              -95.37268512749209,
              29.75279365706807
            ],
            [
              -95.37290522294376,
              29.757911957466487
            ],
            [
              -95.37802944040769,
              29.760376629629626
            ],
            [
              -95.38293347174164,
              29.757722787222214
            ],
            [
              -95.3827129245549,
              29.752604339540895
            ]
          ]
        ]
      }
    },
    {
      "type": "Feature",
      "properties": {
        "hex_id": "88446c024dfffff",
        "price_mean_menu": 7.86,
        "price_median_menu": 4.46,
        "n_menu": 66,
        "top_restaurants_menu": "Lukas Barbecue  Steakhouse inc|$24.42;;Betos Taqueria|$3.99"
      },
      "geometry": {
        "type": "Polygon",
        "coordinates": [
          [
            [
              -95.10895593170709,
              29.5552854581384
            ],
            [
              -95.10406269642394,
              29.557931581571864
            ],
            [
              -95.10427034178845,
              29.563048615290533
            ],
            [
              -95.10937167152456,
              29.565519676751972
            ],
            [
              -95.114265270611,
              29.56287348805948
            ],
            [
              -95.11405717614814,
              29.557756303178735
            ]
          ]
        ]
      }
    },
    {
      "type": "Feature",
      "properties": {
        "hex_id": "88446c2ac5fffff",
        "price_mean_menu": 12.98,
        "price_median_menu": 13.0,
        "n_menu": 30,
        "top_restaurants_menu": "Big City Wings|$26.50"
      },
      "geometry": {
        "type": "Polygon",
        "coordinates": [
          [
            [
              -95.22940110880339,
              30.044574021571727
            ],
            [
              -95.22448631265172,
              30.047214199427614
            ],
            [
              -95.2247002669279,
              30.05232608412088
            ],
            [
              -95.22982947073717,
              30.054797940002707
            ],
            [
              -95.23474463196727,
              30.052157698038098
            ],
            [
              -95.2345302242999,
              30.047045664314755
            ]
          ]
        ]
      }
    },
    {
      "type": "Feature",
      "properties": {
        "hex_id": "88446c2acbfffff",
        "price_mean_menu": 5.46,
        "price_median_menu": 3.75,
        "n_menu": 48,
        "top_restaurants_menu": "Bills Cafe|$39.95"
      },
      "geometry": {
        "type": "Polygon",
        "coordinates": [
          [
            [
              -95.24948969936767,
              30.04423525439096
            ],
            [
              -95.24457474635341,
              30.046876355190292
            ],
            [
              -95.24478960745346,
              30.051988537806185
            ],
            [
              -95.24991987503223,
              30.05445976839214
            ],
            [
              -95.25483519282454,
              30.05181860329278
            ],
            [
              -95.25461987825032,
              30.04670627192187
            ]
          ]
        ]
      }
    },
    {
      "type": "Feature",
      "properties": {
        "hex_id": "88446c3453fffff",
        "price_mean_menu": 8.03,
        "price_median_menu": 5.75,
        "n_menu": 129,
        "top_restaurants_menu": "Raising Canes Chicken Fingers|$79.99;;KPOT Korean BBQ  Hot Pot|$25.00;;Burger House|$17.52"
      },
      "geometry": {
        "type": "Polygon",
        "coordinates": [
          [
            [
              -95.54231035060144,
              29.95444340215273
            ],
            [
              -95.5373968046635,
              29.957099909066603
            ],
            [
              -95.53762472542648,
              29.962217622615157
            ],
            [
              -95.5427666461082,
              29.964678974079632
            ],
            [
              -95.54768055188497,
              29.96202239969802
            ],
            [
              -95.5474521771321,
              29.956904541334247
            ]
          ]
        ]
      }
    },
    {
      "type": "Feature",
      "properties": {
        "hex_id": "88446ca8c7fffff",
        "price_mean_menu": 7.67,
        "price_median_menu": 8.99,
        "n_menu": 29,
        "top_restaurants_menu": "Bread Zeppelin Salads Elevated|$13.49"
      },
      "geometry": {
        "type": "Polygon",
        "coordinates": [
          [
            [
              -95.43174714951375,
              29.726049286388545
            ],
            [
              -95.42684404940951,
              29.7287060632574
            ],
            [
              -95.4270665409945,
              29.73382548062539
            ],
            [
              -95.43219258444721,
              29.736288267696448
            ],
            [
              -95.43709604464357,
              29.73363142333062
            ],
            [
              -95.43687310128588,
              29.728511859405167
            ]
          ]
        ]
      }
    },
    {
      "type": "Feature",
      "properties": {
        "hex_id": "88446c15c9fffff",
        "price_mean_menu": 10.67,
        "price_median_menu": 8.74,
        "n_menu": 106,
        "top_restaurants_menu": "Pho 21Fuqua St Paul|$300.00;;Lone Star Seafood|$48.99;;Bravos Mexican Restaurant|$15.99"
      },
      "geometry": {
        "type": "Polygon",
        "coordinates": [
          [
            [
              -95.22616794413875,
              29.606963512949623
            ],
            [
              -95.22127152740298,
              29.60961374104356
            ],
            [
              -95.2214845380531,
              29.61473181298389
            ],
            [
              -95.22659441542707,
              29.617199806346687
            ],
            [
              -95.2314911945675,
              29.614549512129944
            ],
            [
              -95.23127773391965,
              29.609431290687482
            ]
          ]
        ]
      }
    },
    {
      "type": "Feature",
      "properties": {
        "hex_id": "88446c3007fffff",
        "price_mean_menu": 5.09,
        "price_median_menu": 3.98,
        "n_menu": 70,
        "top_restaurants_menu": "Big Burger V|$20.88"
      },
      "geometry": {
        "type": "Polygon",
        "coordinates": [
          [
            [
              -95.36214652082943,
              29.857982976479768
            ],
            [
              -95.35723845724786,
              29.860633557973394
            ],
            [
              -95.35745805856884,
              29.865750102823696
            ],
            [
              -95.36258617596597,
              29.868216213588248
            ],
            [
              -95.36749460149098,
              29.865565565869627
            ],
            [
              -95.36727454766599,
              29.860448873625863
            ]
          ]
        ]
      }
    },
    {
      "type": "Feature",
      "properties": {
        "hex_id": "88446cac59fffff",
        "price_mean_menu": 26.77,
        "price_median_menu": 14.0,
        "n_menu": 30,
        "top_restaurants_menu": "Brenners Steakhouse|$72.00"
      },
      "geometry": {
        "type": "Polygon",
        "coordinates": [
          [
            [
              -95.56959390643631,
              29.777128717946148
            ],
            [
              -95.5646875894629,
              29.779790547858745
            ],
            [
              -95.56491639655565,
              29.784911208297334
            ],
            [
              -95.57005197333868,
              29.787370183442142
            ],
            [
              -95.57495864865201,
              29.784708284980518
            ],
            [
              -95.5747293888334,
              29.77958747993766
            ]
          ]
        ]
      }
    },
    {
      "type": "Feature",
      "properties": {
        "hex_id": "88446c10b7fffff",
        "price_mean_menu": 5.29,
        "price_median_menu": 4.99,
        "n_menu": 18,
        "top_restaurants_menu": "Bucks Pizza|$10.99"
      },
      "geometry": {
        "type": "Polygon",
        "coordinates": [
          [
            [
              -95.13425696373079,
              29.56252095452691
            ],
            [
              -95.12936320221992,
              29.56516805398303
            ],
            [
              -95.12957199815573,
              29.570285367159975
            ],
            [
              -95.1346750048558,
              29.5727557317026
            ],
            [
              -95.13956912984497,
              29.57010856678214
            ],
            [
              -95.13935988464596,
              29.564991102797578
            ]
          ]
        ]
      }
    },
    {
      "type": "Feature",
      "properties": {
        "hex_id": "88446c141dfffff",
        "price_mean_menu": 13.49,
        "price_median_menu": 9.74,
        "n_menu": 62,
        "top_restaurants_menu": "Cafe Petra Greek  Lebanese Restaurant|$69.95;;BreWingZ Restaurant and Bar|$12.00;;Whataburger|$9.99"
      },
      "geometry": {
        "type": "Polygon",
        "coordinates": [
          [
            [
              -95.26555174984267,
              29.590870585056166
            ],
            [
              -95.26065566904364,
              29.593522959574862
            ],
            [
              -95.26087042280996,
              29.598641827366823
            ],
            [
              -95.26598170740678,
              29.601108469628365
            ],
            [
              -95.27087814993088,
              29.598456028538735
            ],
            [
              -95.2706629461235,
              29.593337011772785
            ]
          ]
        ]
      }
    },
    {
      "type": "Feature",
      "properties": {
        "hex_id": "88446c3451fffff",
        "price_mean_menu": 7.99,
        "price_median_menu": 8.99,
        "n_menu": 11,
        "top_restaurants_menu": "Buffalo Wild Wings|$14.99"
      },
      "geometry": {
        "type": "Polygon",
        "coordinates": [
          [
            [
              -95.53694102395762,
              29.94686426586051
            ],
            [
              -95.53202783789277,
              29.949520705321795
            ],
            [
              -95.53225550129557,
              29.95463845446921
            ],
            [
              -95.5373968046635,
              29.957099909066603
            ],
            [
              -95.54231035060144,
              29.95444340215273
            ],
            [
              -95.54208223328926,
              29.94932550810862
            ]
          ]
        ]
      }
    },
    {
      "type": "Feature",
      "properties": {
        "hex_id": "88446cad43fffff",
        "price_mean_menu": 7.01,
        "price_median_menu": 5.75,
        "n_menu": 36,
        "top_restaurants_menu": "BuffBurger|$14.00"
      },
      "geometry": {
        "type": "Polygon",
        "coordinates": [
          [
            [
              -95.47924366820762,
              29.778925755981014
            ],
            [
              -95.4743379771092,
              29.781583463689376
            ],
            [
              -95.47456271141904,
              29.78670281644614
            ],
            [
              -95.47969358919308,
              29.789164607361553
            ],
            [
              -95.48459963999858,
              29.786506831958686
            ],
            [
              -95.48437445331378,
              29.781387333349414
            ]
          ]
        ]
      }
    },
    {
      "type": "Feature",
      "properties": {
        "hex_id": "88446c15cbfffff",
        "price_mean_menu": 13.8,
        "price_median_menu": 8.54,
        "n_menu": 46,
        "top_restaurants_menu": "Bun Bo Hue Co Do 1|$81.25;;Rey del Pollo|$59.99;;Popeyes Louisiana Kitchen|$34.99"
      },
      "geometry": {
        "type": "Polygon",
        "coordinates": [
          [
            [
              -95.2314911945675,
              29.614549512129944
            ],
            [
              -95.22659441542707,
              29.617199806346687
            ],
            [
              -95.2268076794289,
              29.62231785348842
            ],
            [
              -95.23191817264005,
              29.62478575584957
            ],
            [
              -95.23681531415363,
              29.62213539549568
            ],
            [
              -95.23660160007324,
              29.617017198932057
            ]
          ]
        ]
      }
    },
    {
      "type": "Feature",
      "properties": {
        "hex_id": "88446c1519fffff",
        "price_mean_menu": 6.15,
        "price_median_menu": 6.0,
        "n_menu": 107,
        "top_restaurants_menu": "Phở Hải Vân|$16.25;;Boba  More Xpress|$7.25"
      },
      "geometry": {
        "type": "Polygon",
        "coordinates": [
          [
            [
              -95.20552032830624,
              29.591972999992525
            ],
            [
              -95.20062471516152,
              29.594622640145175
            ],
            [
              -95.20083676954211,
              29.599740611201106
            ],
            [
              -95.20594488685246,
              29.60220909191874
            ],
            [
              -95.21084086261281,
              29.599559385767318
            ],
            [
              -95.21062835843745,
              29.594441264911268
            ]
          ]
        ]
      }
    },
    {
      "type": "Feature",
      "properties": {
        "hex_id": "88446c3249fffff",
        "price_mean_menu": 10.64,
        "price_median_menu": 9.0,
        "n_menu": 90,
        "top_restaurants_menu": "Spanish Flowers Mexican Restaurant - Durham|$29.99;;Tío Trompo|$20.75;;Burger Bodega|$12.95"
      },
      "geometry": {
        "type": "Polygon",
        "coordinates": [
          [
            [
              -95.4083392657043,
              29.76492459361531
            ],
            [
              -95.40343472674257,
              29.76757941871162
            ],
            [
              -95.40365623651559,
              29.77269795394684
            ],
            [
              -95.40878273721731,
              29.775161810944972
            ],
            [
              -95.41368763685948,
              29.77250691875411
            ],
            [
              -95.41346567511016,
              29.76738823667411
            ]
          ]
        ]
      }
    },
    {
      "type": "Feature",
      "properties": {
        "hex_id": "88446c324dfffff",
        "price_mean_menu": 8.21,
        "price_median_menu": 8.75,
        "n_menu": 71,
        "top_restaurants_menu": "Star Pizza|$15.00;;Burger Vibe|$13.49;;Luna Pizzeria|$12.00"
      },
      "geometry": {
        "type": "Polygon",
        "coordinates": [
          [
            [
              -95.39830884227868,
              29.76511546464363
            ],
            [
              -95.39340437647326,
              29.76776983184286
            ],
            [
              -95.3936254343099,
              29.77288822009502
            ],
            [
              -95.39875140987901,
              29.77535238814544
            ],
            [
              -95.40365623651559,
              29.77269795394684
            ],
            [
              -95.40343472674257,
              29.76757941871162
            ]
          ]
        ]
      }
    },
    {
      "type": "Feature",
      "properties": {
        "hex_id": "88446c32b5fffff",
        "price_mean_menu": 2.04,
        "price_median_menu": 1.0,
        "n_menu": 13,
        "top_restaurants_menu": "Burns Burger Shack|$6.75"
      },
      "geometry": {
        "type": "Polygon",
        "coordinates": [
          [
            [
              -95.42304016933517,
              29.872212945687306
            ],
            [
              -95.41813101463693,
              29.87486595599736
            ],
            [
              -95.41835339086735,
              29.879983171445232
            ],
            [
              -95.42348537465297,
              29.88244752313799
            ],
            [
              -95.42839489047371,
              29.879794446096703
            ],
            [
              -95.42817206137704,
              29.87467708410835
            ]
          ]
        ]
      }
    },
    {
      "type": "Feature",
      "properties": {
        "hex_id": "88446c324bfffff",
        "price_mean_menu": 35.11,
        "price_median_menu": 12.0,
        "n_menu": 102,
        "top_restaurants_menu": "Taqueria Roxana Food Truck|$402.62;;Lupe Tortilla Mexican Restaurant|$19.00;;Cadillac Bar|$18.00"
      },
      "geometry": {
        "type": "Polygon",
        "coordinates": [
          [
            [
              -95.41368763685948,
              29.77250691875411
            ],
            [
              -95.40878273721731,
              29.775161810944972
            ],
            [
              -95.40900450251061,
              29.78028031604352
            ],
            [
              -95.41413161949365,
              29.782744075729557
            ],
            [
              -95.41903687978318,
              29.780089116429473
            ],
            [
              -95.41881466243301,
              29.77497046456701
            ]
          ]
        ]
      }
    },
    {
      "type": "Feature",
      "properties": {
        "hex_id": "88446caeddfffff",
        "price_mean_menu": 21.63,
        "price_median_menu": 12.0,
        "n_menu": 53,
        "top_restaurants_menu": "Cafe Benedicte|$47.00"
      },
      "geometry": {
        "type": "Polygon",
        "coordinates": [
          [
            [
              -95.62985392462313,
              29.775895988031564
            ],
            [
              -95.62494720397956,
              29.778560565778044
            ],
            [
              -95.62517872800491,
              29.78368209175836
            ],
            [
              -95.63031742562127,
              29.786139183777276
            ],
            [
              -95.63522450368905,
              29.78347453691297
            ],
            [
              -95.6349925267074,
              29.778352867162173
            ]
          ]
        ]
      }
    },
    {
      "type": "Feature",
      "properties": {
        "hex_id": "88446c0249fffff",
        "price_mean_menu": 13.49,
        "price_median_menu": 12.99,
        "n_menu": 35,
        "top_restaurants_menu": "Cafe Mawal|$23.99;;Mr Gattis Pizza|$16.99"
      },
      "geometry": {
        "type": "Polygon",
        "coordinates": [
          [
            [
              -95.11895049293919,
              29.555109724457246
            ],
            [
              -95.11405717614814,
              29.557756303178735
            ],
            [
              -95.114265270611,
              29.56287348805948
            ],
            [
              -95.11936713099531,
              29.565344245257762
            ],
            [
              -95.12426081144254,
              29.562697601181693
            ],
            [
              -95.1240522678394,
              29.5575802652761
            ]
          ]
        ]
      }
    },
    {
      "type": "Feature",
      "properties": {
        "hex_id": "88446c3267fffff",
        "price_mean_menu": 11.17,
        "price_median_menu": 12.0,
        "n_menu": 6,
        "top_restaurants_menu": "Cantina Barba|$14.00"
      },
      "geometry": {
        "type": "Polygon",
        "coordinates": [
          [
            [
              -95.37422620611645,
              29.788620313041093
            ],
            [
              -95.36932095174039,
              29.791273048500184
            ],
            [
              -95.3695409678127,
              29.796390757558736
            ],
            [
              -95.37466669026976,
              29.79885587846581
            ],
            [
              -95.37957230598066,
              29.79620307634397
            ],
            [
              -95.37935183789024,
              29.791085219992212
            ]
          ]
        ]
      }
    },
    {
      "type": "Feature",
      "properties": {
        "hex_id": "88446cac47fffff",
        "price_mean_menu": 17.3,
        "price_median_menu": 17.99,
        "n_menu": 13,
        "top_restaurants_menu": "California Pizza Kitchen|$19.99"
      },
      "geometry": {
        "type": "Polygon",
        "coordinates": [
          [
            [
              -95.53947183990518,
              29.77773466815003
            ],
            [
              -95.5345657288426,
              29.780395124052404
            ],
            [
              -95.5347931779901,
              29.785515349845284
            ],
            [
              -95.53992719080075,
              29.787975264770992
            ],
            [
              -95.54483366065983,
              29.785314740604242
            ],
            [
              -95.54460575890272,
              29.780194369790692
            ]
          ]
        ]
      }
    },
    {
      "type": "Feature",
      "properties": {
        "hex_id": "88446ca9b7fffff",
        "price_mean_menu": 7.67,
        "price_median_menu": 8.5,
        "n_menu": 16,
        "top_restaurants_menu": "Casa|$9.95"
      },
      "geometry": {
        "type": "Polygon",
        "coordinates": [
          [
            [
              -95.35350821809253,
              29.773641596799486
            ],
            [
              -95.3486037609927,
              29.776293740959744
            ],
            [
              -95.34882281478527,
              29.781411362572477
            ],
            [
              -95.35394677748458,
              29.783876987632308
            ],
            [
              -95.35885159613505,
              29.781224776934078
            ],
            [
              -95.35863209052614,
              29.776107007728378
            ]
          ]
        ]
      }
    },
    {
      "type": "Feature",
      "properties": {
        "hex_id": "88446c3201fffff",
        "price_mean_menu": 6.63,
        "price_median_menu": 6.99,
        "n_menu": 83,
        "top_restaurants_menu": "CAVA|$13.57;;Zalat Pizza|$12.99;;La Carreta|$11.95"
      },
      "geometry": {
        "type": "Polygon",
        "coordinates": [
          [
            [
              -95.39963678092033,
              29.795825405746513
            ],
            [
              -95.3947310179973,
              29.798479124460194
            ],
            [
              -95.39495219365389,
              29.803597097390554
            ],
            [
              -95.40007958440313,
              29.806061498557597
            ],
            [
              -95.40498570832679,
              29.803407712975957
            ],
            [
              -95.40476408049125,
              29.798289593109647
            ]
          ]
        ]
      }
    },
    {
      "type": "Feature",
      "properties": {
        "hex_id": "88446c3257fffff",
        "price_mean_menu": 13.48,
        "price_median_menu": 14.0,
        "n_menu": 29,
        "top_restaurants_menu": "Cedar Creek|$17.00"
      },
      "geometry": {
        "type": "Polygon",
        "coordinates": [
          [
            [
              -95.41970365025492,
              29.795444656738294
            ],
            [
              -95.41479774132307,
              29.79809929202331
            ],
            [
              -95.41501982137754,
              29.80321755868732
            ],
            [
              -95.42014826261332,
              29.805681336740165
            ],
            [
              -95.42505453224408,
              29.80302663439683
            ],
            [
              -95.42483199993082,
              29.79790822107341
            ]
          ]
        ]
      }
    },
    {
      "type": "Feature",
      "properties": {
        "hex_id": "88446c15d7fffff",
        "price_mean_menu": 9.91,
        "price_median_menu": 9.99,
        "n_menu": 69,
        "top_restaurants_menu": "Las Mamalonas|$23.50;;Casarez|$12.99;;Taqueria Campo Azul Food Truck|$12.00"
      },
      "geometry": {
        "type": "Polygon",
        "coordinates": [
          [
            [
              -95.23745657009678,
              29.63748958594653
            ],
            [
              -95.23255878172873,
              29.640139622306837
            ],
            [
              -95.23277235596296,
              29.645257444371012
            ],
            [
              -95.23788416883566,
              29.647725379407866
            ],
            [
              -95.24278231963079,
              29.645075276962636
            ],
            [
              -95.2425682951165,
              29.63995730557976
            ]
          ]
        ]
      }
    },
    {
      "type": "Feature",
      "properties": {
        "hex_id": "88446c2a37fffff",
        "price_mean_menu": 9.61,
        "price_median_menu": 9.99,
        "n_menu": 37,
        "top_restaurants_menu": "Chachis Mexican Restaurant|$14.99;;Yonutz Donuts and Ice Cream - Kingwood TX|$6.50"
      },
      "geometry": {
        "type": "Polygon",
        "coordinates": [
          [
            [
              -95.18923126014863,
              30.045242270474997
            ],
            [
              -95.18431678134031,
              30.047880602414946
            ],
            [
              -95.18452892246879,
              30.052991889613583
            ],
            [
              -95.18965599561993,
              30.055464994466345
            ],
            [
              -95.19457084010632,
              30.052826598800504
            ],
            [
              -95.19435824575362,
              30.047715162022122
            ]
          ]
        ]
      }
    },
    {
      "type": "Feature",
      "properties": {
        "hex_id": "88446c06c7fffff",
        "price_mean_menu": 11.56,
        "price_median_menu": 10.99,
        "n_menu": 41,
        "top_restaurants_menu": "CASA MORALES|$22.49"
      },
      "geometry": {
        "type": "Polygon",
        "coordinates": [
          [
            [
              -95.29140225890032,
              29.72869394266487
            ],
            [
              -95.28650019981042,
              29.73134431554042
            ],
            [
              -95.28671637078213,
              29.736461666593698
            ],
            [
              -95.2918350520439,
              29.73892879327679
            ],
            [
              -95.29673747332808,
              29.736278354237353
            ],
            [
              -95.29652085114665,
              29.731160854693044
            ]
          ]
        ]
      }
    },
    {
      "type": "Feature",
      "properties": {
        "hex_id": "88446c3051fffff",
        "price_mean_menu": 9.47,
        "price_median_menu": 7.89,
        "n_menu": 84,
        "top_restaurants_menu": "Chachos|$25.99;;Las Fuentes Taqueria|$18.99"
      },
      "geometry": {
        "type": "Polygon",
        "coordinates": [
          [
            [
              -95.39159340849561,
              29.842073525704695
            ],
            [
              -95.38668577207304,
              29.844725810359712
            ],
            [
              -95.38690667213261,
              29.849843007871915
            ],
            [
              -95.39203566110855,
              29.8523080677465
            ],
            [
              -95.39694365893719,
              29.849655716515286
            ],
            [
              -95.39672230637444,
              29.844538372000123
            ]
          ]
        ]
      }
    },
    {
      "type": "Feature",
      "properties": {
        "hex_id": "88446c3217fffff",
        "price_mean_menu": 10.83,
        "price_median_menu": 12.0,
        "n_menu": 29,
        "top_restaurants_menu": "dAlba|$14.00"
      },
      "geometry": {
        "type": "Polygon",
        "coordinates": [
          [
            [
              -95.4156861799116,
              29.818571941250543
            ],
            [
              -95.41077933408576,
              29.82122586061252
            ],
            [
              -95.41100127672553,
              29.826343740448735
            ],
            [
              -95.41613051760278,
              29.828807847630493
            ],
            [
              -95.42103772433003,
              29.826153861356115
            ],
            [
              -95.42081532926932,
              29.821035834826827
            ]
          ]
        ]
      }
    },
    {
      "type": "Feature",
      "properties": {
        "hex_id": "88446caec9fffff",
        "price_mean_menu": 12.63,
        "price_median_menu": 10.0,
        "n_menu": 26,
        "top_restaurants_menu": "Houston Barbecue Company|$82.00;;Sylvias Enchilada Kitchen|$12.00"
      },
      "geometry": {
        "type": "Polygon",
        "coordinates": [
          [
            [
              -95.61911538257488,
              29.760738490741126
            ],
            [
              -95.6142093768841,
              29.763402930295737
            ],
            [
              -95.61444038642276,
              29.768524520181717
            ],
            [
              -95.61957785443988,
              29.770981814460633
            ],
            [
              -95.62448421762443,
              29.76831730581739
            ],
            [
              -95.6242527552892,
              29.76319557199845
            ]
          ]
        ]
      }
    },
    {
      "type": "Feature",
      "properties": {
        "hex_id": "88446c3359fffff",
        "price_mean_menu": 7.21,
        "price_median_menu": 7.45,
        "n_menu": 91,
        "top_restaurants_menu": "Rio Verdence|$13.99;;Houston Bakery  Cafe|$8.50"
      },
      "geometry": {
        "type": "Polygon",
        "coordinates": [
          [
            [
              -95.35885159613505,
              29.781224776934078
            ],
            [
              -95.35394677748458,
              29.783876987632308
            ],
            [
              -95.35416608638981,
              29.788994579365976
            ],
            [
              -95.3592906658332,
              29.79146010792797
            ],
            [
              -95.36419584600164,
              29.788807830677005
            ],
            [
              -95.3639760851993,
              29.783690091431186
            ]
          ]
        ]
      }
    },
    {
      "type": "Feature",
      "properties": {
        "hex_id": "88446ca987fffff",
        "price_mean_menu": 14.33,
        "price_median_menu": 12.99,
        "n_menu": 75,
        "top_restaurants_menu": "Saltgrass Steak House|$42.89;;Pizza Hut|$24.99;;Huynh Restaurant|$15.45"
      },
      "geometry": {
        "type": "Polygon",
        "coordinates": [
          [
            [
              -95.35753485477962,
              29.75051712783217
            ],
            [
              -95.35263133290964,
              29.75316998792563
            ],
            [
              -95.35285052501168,
              29.758287993343867
            ],
            [
              -95.35797369062897,
              29.76075328624218
            ],
            [
              -95.36287757384694,
              29.758100359464343
            ],
            [
              -95.36265793009021,
              29.752982206486966
            ]
          ]
        ]
      }
    },
    {
      "type": "Feature",
      "properties": {
        "hex_id": "88446c32edfffff",
        "price_mean_menu": 9.69,
        "price_median_menu": 10.0,
        "n_menu": 29,
        "top_restaurants_menu": "Hughies Tavern  Grill|$19.00"
      },
      "geometry": {
        "type": "Polygon",
        "coordinates": [
          [
            [
              -95.41100127672553,
              29.826343740448735
            ],
            [
              -95.40609414285053,
              29.828997268048916
            ],
            [
              -95.4063158888428,
              29.83411496964847
            ],
            [
              -95.41144522116247,
              29.836579290412615
            ],
            [
              -95.41635271605676,
              29.83392569598037
            ],
            [
              -95.41613051760278,
              29.828807847630493
            ]
          ]
        ]
      }
    },
    {
      "type": "Feature",
      "properties": {
        "hex_id": "88446c302dfffff",
        "price_mean_menu": 8.84,
        "price_median_menu": 9.0,
        "n_menu": 13,
        "top_restaurants_menu": "Indios Mexican Restaurant|$11.99"
      },
      "geometry": {
        "type": "Polygon",
        "coordinates": [
          [
            [
              -95.33673074728277,
              29.850767904308174
            ],
            [
              -95.33182319559496,
              29.85341750159059
            ],
            [
              -95.3320416367168,
              29.858533782826036
            ],
            [
              -95.33716808185915,
              29.861000614543922
            ],
            [
              -95.3420759958241,
              29.85835095124213
            ],
            [
              -95.3418571023601,
              29.853234522256233
            ]
          ]
        ]
      }
    },
    {
      "type": "Feature",
      "properties": {
        "hex_id": "88446ca8a9fffff",
        "price_mean_menu": 7.16,
        "price_median_menu": 5.49,
        "n_menu": 37,
        "top_restaurants_menu": "Irish Pub Kenneallys|$19.00;;Taco Bell|$10.00"
      },
      "geometry": {
        "type": "Polygon",
        "coordinates": [
          [
            [
              -95.41235616193663,
              29.74179379357301
            ],
            [
              -95.40745255889945,
              29.744449332680922
            ],
            [
              -95.40767420607958,
              29.749568250997516
            ],
            [
              -95.41279990810192,
              29.75203177703142
            ],
            [
              -95.41770387161722,
              29.749376170682662
            ],
            [
              -95.41748177262274,
              29.744257105555263
            ]
          ]
        ]
      }
    },
    {
      "type": "Feature",
      "properties": {
        "hex_id": "88446cac01fffff",
        "price_mean_menu": 5.6,
        "price_median_menu": 5.49,
        "n_menu": 11,
        "top_restaurants_menu": "Jack in the Box|$7.99"
      },
      "geometry": {
        "type": "Polygon",
        "coordinates": [
          [
            [
              -95.54015489658613,
              29.79309545899982
            ],
            [
              -95.53524813690092,
              29.79575559323918
            ],
            [
              -95.53547564666961,
              29.80087561067899
            ],
            [
              -95.54061036884552,
              29.803335638891113
            ],
            [
              -95.54551748741106,
              29.800675436452934
            ],
            [
              -95.54528952491133,
              29.795555274015978
            ]
          ]
        ]
      }
    },
    {
      "type": "Feature",
      "properties": {
        "hex_id": "88446c331bfffff",
        "price_mean_menu": 12.62,
        "price_median_menu": 12.99,
        "n_menu": 8,
        "top_restaurants_menu": "Indios Taco House|$12.99"
      },
      "geometry": {
        "type": "Polygon",
        "coordinates": [
          [
            [
              -95.36016903922334,
              29.811929937992417
            ],
            [
              -95.35526292311154,
              29.81458149798801
            ],
            [
              -95.35548234891311,
              29.819698673139957
            ],
            [
              -95.3606083429568,
              29.822164435775605
            ],
            [
              -95.36551482075667,
              29.819512809358606
            ],
            [
              -95.36529494281537,
              29.814395486741773
            ]
          ]
        ]
      }
    },
    {
      "type": "Feature",
      "properties": {
        "hex_id": "88446c2ad5fffff",
        "price_mean_menu": 8.04,
        "price_median_menu": 8.22,
        "n_menu": 41,
        "top_restaurants_menu": "Jersey Mikes Subs|$12.50;;Texas Roadhouse|$11.99"
      },
      "geometry": {
        "type": "Polygon",
        "coordinates": [
          [
            [
              -95.25013499157676,
              30.05957191552835
            ],
            [
              -95.24521938701835,
              30.062212683281597
            ],
            [
              -95.2454343054883,
              30.067324645981035
            ],
            [
              -95.25056528210307,
              30.069795989671817
            ],
            [
              -95.25548125152581,
              30.067155157683025
            ],
            [
              -95.25526587945973,
              30.062043046253393
            ]
          ]
        ]
      }
    },
    {
      "type": "Feature",
      "properties": {
        "hex_id": "88446c284bfffff",
        "price_mean_menu": 12.83,
        "price_median_menu": 4.85,
        "n_menu": 104,
        "top_restaurants_menu": "True Texas BBQ|$300.00;;Jimmy Johns|$17.00;;Potbelly|$9.79"
      },
      "geometry": {
        "type": "Polygon",
        "coordinates": [
          [
            [
              -95.1791903288572,
              30.045407399004645
            ],
            [
              -95.1742759301381,
              30.048045269460122
            ],
            [
              -95.17448761808424,
              30.053156406941717
            ],
            [
              -95.17961415792195,
              30.0556298236992
            ],
            [
              -95.18452892246879,
              30.052991889613583
            ],
            [
              -95.18431678134031,
              30.047880602414946
            ]
          ]
        ]
      }
    },
    {
      "type": "Feature",
      "properties": {
        "hex_id": "88446ca8d3fffff",
        "price_mean_menu": 10.23,
        "price_median_menu": 10.0,
        "n_menu": 13,
        "top_restaurants_menu": "Kenz Egyptian-Mediterranean Restaurant|$29.00"
      },
      "geometry": {
        "type": "Polygon",
        "coordinates": [
          [
            [
              -95.46250855623339,
              29.740822684001802
            ],
            [
              -95.45760459266944,
              29.743480511030185
            ],
            [
              -95.45782849931861,
              29.748600162017265
            ],
            [
              -95.46295682153506,
              29.751062132109283
            ],
            [
              -95.46786114482246,
              29.748404237364607
            ],
            [
              -95.46763678616075,
              29.74328444025868
            ]
          ]
        ]
      }
    },
    {
      "type": "Feature",
      "properties": {
        "hex_id": "88446c22adfffff",
        "price_mean_menu": 5.3,
        "price_median_menu": 5.0,
        "n_menu": 23,
        "top_restaurants_menu": "KFC|$10.49;;Taqueria Brisa Food Truck|$8.00"
      },
      "geometry": {
        "type": "Polygon",
        "coordinates": [
          [
            [
              -95.37879932028002,
              30.01127091217204
            ],
            [
              -95.3738846796832,
              30.013918671878283
            ],
            [
              -95.37410532131001,
              30.019033215880736
            ],
            [
              -95.37924105728605,
              30.021500147204243
            ],
            [
              -95.38415606052803,
              30.0188523218273
            ],
            [
              -95.3839349651394,
              30.01373763081202
            ]
          ]
        ]
      }
    },
    {
      "type": "Feature",
      "properties": {
        "hex_id": "88446dc16bfffff",
        "price_mean_menu": 14.7,
        "price_median_menu": 13.49,
        "n_menu": 87,
        "top_restaurants_menu": "Juanitas Mexican Kitchen|$48.95;;LongHorn Steakhouse|$33.49;;The Red Chickz|$17.00"
      },
      "geometry": {
        "type": "Polygon",
        "coordinates": [
          [
            [
              -95.75034586466279,
              29.9886776542583
            ],
            [
              -95.74542933703495,
              29.99134279105417
            ],
            [
              -95.74566673068897,
              29.996462901263726
            ],
            [
              -95.75082110704106,
              29.998918016595898
            ],
            [
              -95.75573799156315,
              29.99625281054954
            ],
            [
              -95.75550014283023,
              29.991132558436234
            ]
          ]
        ]
      }
    },
    {
      "type": "Feature",
      "properties": {
        "hex_id": "88446c0693fffff",
        "price_mean_menu": 4.72,
        "price_median_menu": 3.25,
        "n_menu": 51,
        "top_restaurants_menu": "JRs Taqueria|$12.00"
      },
      "geometry": {
        "type": "Polygon",
        "coordinates": [
          [
            [
              -95.31808704290178,
              29.766614767781558
            ],
            [
              -95.31318317316187,
              29.76926547162327
            ],
            [
              -95.3134006169543,
              29.77438267903842
            ],
            [
              -95.31852238209126,
              29.776849330713954
            ],
            [
              -95.32342661386447,
              29.774198560634908
            ],
            [
              -95.3232087184579,
              29.76908120513203
            ]
          ]
        ]
      }
    },
    {
      "type": "Feature",
      "properties": {
        "hex_id": "88446c32a3fffff",
        "price_mean_menu": 8.11,
        "price_median_menu": 8.99,
        "n_menu": 83,
        "top_restaurants_menu": "La Jaliciense|$29.99"
      },
      "geometry": {
        "type": "Polygon",
        "coordinates": [
          [
            [
              -95.41768632146375,
              29.864631313249596
            ],
            [
              -95.41277752792124,
              29.8672842568434
            ],
            [
              -95.41299964811974,
              29.872401504899255
            ],
            [
              -95.41813101463693,
              29.87486595599736
            ],
            [
              -95.42304016933517,
              29.872212945687306
            ],
            [
              -95.42281759635118,
              29.867095551009868
            ]
          ]
        ]
      }
    },
    {
      "type": "Feature",
      "properties": {
        "hex_id": "88446c14c7fffff",
        "price_mean_menu": 11.11,
        "price_median_menu": 11.99,
        "n_menu": 45,
        "top_restaurants_menu": "La Carreta Restaurante|$13.49"
      },
      "geometry": {
        "type": "Polygon",
        "coordinates": [
          [
            [
              -95.28686256456014,
              29.62121166017318
            ],
            [
              -95.28196503705173,
              29.623864301061392
            ],
            [
              -95.2821808056881,
              29.628983068508056
            ],
            [
              -95.28729455218712,
              29.631449343733543
            ],
            [
              -95.29219244129318,
              29.628796636217153
            ],
            [
              -95.29197622229302,
              29.62367772011776
            ]
          ]
        ]
      }
    },
    {
      "type": "Feature",
      "properties": {
        "hex_id": "88446caa49fffff",
        "price_mean_menu": 5.06,
        "price_median_menu": 3.0,
        "n_menu": 46,
        "top_restaurants_menu": "La Cocina de Sam|$19.99"
      },
      "geometry": {
        "type": "Polygon",
        "coordinates": [
          [
            [
              -95.43642638553617,
              29.602962198437787
            ],
            [
              -95.43152839156996,
              29.605621999913705
            ],
            [
              -95.43175086069947,
              29.61074318243831
            ],
            [
              -95.43687177463042,
              29.61320471010464
            ],
            [
              -95.44177012786393,
              29.610544840506833
            ],
            [
              -95.44154720788997,
              29.605423511379012
            ]
          ]
        ]
      }
    },
    {
      "type": "Feature",
      "properties": {
        "hex_id": "88446ca8adfffff",
        "price_mean_menu": 4.78,
        "price_median_menu": 3.5,
        "n_menu": 45,
        "top_restaurants_menu": "La Guadalupana bakery and cafe|$16.00"
      },
      "geometry": {
        "type": "Polygon",
        "coordinates": [
          [
            [
              -95.40232747284436,
              29.7419857099517
            ],
            [
              -95.3974239428143,
              29.744640791458725
            ],
            [
              -95.39764513821989,
              29.749759562826252
            ],
            [
              -95.40277031542071,
              29.752223399650244
            ],
            [
              -95.40767420607958,
              29.749568250997516
            ],
            [
              -95.40745255889945,
              29.744449332680922
            ]
          ]
        ]
      }
    },
    {
      "type": "Feature",
      "properties": {
        "hex_id": "88446c15cdfffff",
        "price_mean_menu": 10.77,
        "price_median_menu": 6.62,
        "n_menu": 71,
        "top_restaurants_menu": "Twin Crab|$160.00;;Marina Seafood Kitchen - Fuqua|$22.95;;Rincón Mexicano|$14.99"
      },
      "geometry": {
        "type": "Polygon",
        "coordinates": [
          [
            [
              -95.21616226582142,
              29.60714565692065
            ],
            [
              -95.21126592747673,
              29.609795429085153
            ],
            [
              -95.21147848817031,
              29.614913351385738
            ],
            [
              -95.21658783715544,
              29.617381651175815
            ],
            [
              -95.2214845380531,
              29.61473181298389
            ],
            [
              -95.22127152740298,
              29.60961374104356
            ]
          ]
        ]
      }
    },
    {
      "type": "Feature",
      "properties": {
        "hex_id": "88446ca967fffff",
        "price_mean_menu": 6.52,
        "price_median_menu": 6.0,
        "n_menu": 100,
        "top_restaurants_menu": "La Selva|$20.99;;Neveria  Taqueria El Quijote|$15.00"
      },
      "geometry": {
        "type": "Polygon",
        "coordinates": [
          [
            [
              -95.29947230858527,
              29.682448493011602
            ],
            [
              -95.29457211631491,
              29.685100296734156
            ],
            [
              -95.29478856556673,
              29.69021840772411
            ],
            [
              -95.29990565796696,
              29.69268486342871
            ],
            [
              -95.30480621202639,
              29.690032993248426
            ],
            [
              -95.30458931188697,
              29.684914733835612
            ]
          ]
        ]
      }
    },
    {
      "type": "Feature",
      "properties": {
        "hex_id": "88446c32c5fffff",
        "price_mean_menu": 16.6,
        "price_median_menu": 7.95,
        "n_menu": 20,
        "top_restaurants_menu": "La Viva Tex Mex|$99.95"
      },
      "geometry": {
        "type": "Polygon",
        "coordinates": [
          [
            [
              -95.43107476964852,
              29.825963211575452
            ],
            [
              -95.42616749037022,
              29.828617656518816
            ],
            [
              -95.42639014132583,
              29.83373565148075
            ],
            [
              -95.43152052409188,
              29.836199347987524
            ],
            [
              -95.43642816408727,
              29.833544836021737
            ],
            [
              -95.43620506059024,
              29.828426694586064
            ]
          ]
        ]
      }
    },
    {
      "type": "Feature",
      "properties": {
        "hex_id": "88446c3055fffff",
        "price_mean_menu": 8.0,
        "price_median_menu": 6.99,
        "n_menu": 89,
        "top_restaurants_menu": "Pizza Patrón N Houston Airline Drive|$17.99;;Los Mendoza Mexican Restaurant|$14.99;;Tacos La Bala|$11.45"
      },
      "geometry": {
        "type": "Polygon",
        "coordinates": [
          [
            [
              -95.3815574002614,
              29.842260652225598
            ],
            [
              -95.37664983759382,
              29.844912477996036
            ],
            [
              -95.37687028519035,
              29.850029528367116
            ],
            [
              -95.38199874790811,
              29.852494900123308
            ],
            [
              -95.38690667213261,
              29.849843007871915
            ],
            [
              -95.38668577207304,
              29.844725810359712
            ]
          ]
        ]
      }
    },
    {
      "type": "Feature",
      "properties": {
        "hex_id": "88446cadb7fffff",
        "price_mean_menu": 20.39,
        "price_median_menu": 15.49,
        "n_menu": 10,
        "top_restaurants_menu": "Lazaros Pizza|$36.99"
      },
      "geometry": {
        "type": "Polygon",
        "coordinates": [
          [
            [
              -95.49870209596415,
              29.878451739780097
            ],
            [
              -95.4937920797054,
              29.881108032165304
            ],
            [
              -95.49401788350652,
              29.886226237087214
            ],
            [
              -95.4991541567812,
              29.888688295128784
            ],
            [
              -95.50406453306714,
              29.88603193533145
            ],
            [
              -95.50383827604205,
              29.8809135849192
            ]
          ]
        ]
      }
    },
    {
      "type": "Feature",
      "properties": {
        "hex_id": "88446dcb43fffff",
        "price_mean_menu": 6.31,
        "price_median_menu": 6.75,
        "n_menu": 9,
        "top_restaurants_menu": "Locatellis|$7.25"
      },
      "geometry": {
        "type": "Polygon",
        "coordinates": [
          [
            [
              -95.62954090985237,
              29.991145223270394
            ],
            [
              -95.62462515983883,
              29.993804832046273
            ],
            [
              -95.62485709549067,
              29.99892322854767
            ],
            [
              -95.63000523577129,
              30.001382159862043
            ],
            [
              -95.63492134453084,
              29.99872248297276
            ],
            [
              -95.63468895425487,
              29.99360394289716
            ]
          ]
        ]
      }
    },
    {
      "type": "Feature",
      "properties": {
        "hex_id": "88446c2a21fffff",
        "price_mean_menu": 14.6,
        "price_median_menu": 12.99,
        "n_menu": 40,
        "top_restaurants_menu": "Loco Cantina Mexican Kitchen|$99.00;;Sharkys Waterfront Grill|$27.99"
      },
      "geometry": {
        "type": "Polygon",
        "coordinates": [
          [
            [
              -95.17321777286391,
              30.022488487338883
            ],
            [
              -95.16830439127853,
              30.025126628194528
            ],
            [
              -95.16851576800838,
              30.03023801901152
            ],
            [
              -95.1736409792923,
              30.03271141881003
            ],
            [
              -95.17855472665008,
              30.030073214275152
            ],
            [
              -95.17834289694164,
              30.024961673635314
            ]
          ]
        ]
      }
    },
    {
      "type": "Feature",
      "properties": {
        "hex_id": "88446caa47fffff",
        "price_mean_menu": 8.89,
        "price_median_menu": 6.95,
        "n_menu": 9,
        "top_restaurants_menu": "Los Cocos Restaurant|$20.95"
      },
      "geometry": {
        "type": "Polygon",
        "coordinates": [
          [
            [
              -95.42707485271772,
              29.61852360549791
            ],
            [
              -95.4221762841786,
              29.62118263120656
            ],
            [
              -95.42239836157835,
              29.6263034672297
            ],
            [
              -95.42751945843365,
              29.628765424277454
            ],
            [
              -95.43241838647464,
              29.626106330608415
            ],
            [
              -95.4321958581492,
              29.620985347866423
            ]
          ]
        ]
      }
    },
    {
      "type": "Feature",
      "properties": {
        "hex_id": "88446c3095fffff",
        "price_mean_menu": 8.78,
        "price_median_menu": 8.75,
        "n_menu": 43,
        "top_restaurants_menu": "Maldos Steak  Ocean|$49.00;;Pho Houston|$14.00"
      },
      "geometry": {
        "type": "Polygon",
        "coordinates": [
          [
            [
              -95.41499961860548,
              29.918453550756997
            ],
            [
              -95.4100885872481,
              29.92110512232269
            ],
            [
              -95.41031068827655,
              29.9262215517493
            ],
            [
              -95.41544427384436,
              29.928686556231252
            ],
            [
              -95.42035566673022,
              29.926034918224897
            ],
            [
              -95.42013311251044,
              29.92091834219173
            ]
          ]
        ]
      }
    },
    {
      "type": "Feature",
      "properties": {
        "hex_id": "88446cae0dfffff",
        "price_mean_menu": 5.54,
        "price_median_menu": 4.5,
        "n_menu": 14,
        "top_restaurants_menu": "Mad Dogs|$11.00"
      },
      "geometry": {
        "type": "Polygon",
        "coordinates": [
          [
            [
              -95.56753361199385,
              29.73103870332524
            ],
            [
              -95.56262923984531,
              29.733701494492106
            ],
            [
              -95.56285786412703,
              29.738822775846558
            ],
            [
              -95.56799131290997,
              29.741281410723115
            ],
            [
              -95.57289604314765,
              29.738618550810198
            ],
            [
              -95.57266696650427,
              29.733497124781323
            ]
          ]
        ]
      }
    },
    {
      "type": "Feature",
      "properties": {
        "hex_id": "88446c3255fffff",
        "price_mean_menu": 13.16,
        "price_median_menu": 13.29,
        "n_menu": 12,
        "top_restaurants_menu": "Lúa Viet Kitchen|$16.99"
      },
      "geometry": {
        "type": "Polygon",
        "coordinates": [
          [
            [
              -95.41435364038375,
              29.787862550463927
            ],
            [
              -95.40944809218391,
              29.790517118705395
            ],
            [
              -95.40966991656914,
              29.79563541610768
            ],
            [
              -95.41479774132307,
              29.79809929202331
            ],
            [
              -95.41970365025492,
              29.795444656738294
            ],
            [
              -95.41948137369151,
              29.790326212595637
            ]
          ]
        ]
      }
    },
    {
      "type": "Feature",
      "properties": {
        "hex_id": "88446c1513fffff",
        "price_mean_menu": 10.0,
        "price_median_menu": 9.75,
        "n_menu": 10,
        "top_restaurants_menu": "Las Haciendas|$12.50"
      },
      "geometry": {
        "type": "Polygon",
        "coordinates": [
          [
            [
              -95.20615719435145,
              29.60732703871056
            ],
            [
              -95.20126093469598,
              29.60997635494146
            ],
            [
              -95.20147304547426,
              29.61509412746469
            ],
            [
              -95.20658186581359,
              29.617562733548628
            ],
            [
              -95.21147848817031,
              29.614913351385738
            ],
            [
              -95.21126592747673,
              29.609795429085153
            ]
          ]
        ]
      }
    },
    {
      "type": "Feature",
      "properties": {
        "hex_id": "88446ca9d5fffff",
        "price_mean_menu": 34.66,
        "price_median_menu": 34.95,
        "n_menu": 7,
        "top_restaurants_menu": "Medium Rare|$34.95"
      },
      "geometry": {
        "type": "Polygon",
        "coordinates": [
          [
            [
              -95.37692798051225,
              29.73478424475886
            ],
            [
              -95.37202495836024,
              29.73743834410734
            ],
            [
              -95.37224499520293,
              29.742556850307956
            ],
            [
              -95.37736850580215,
              29.745021404480763
            ],
            [
              -95.38227188891675,
              29.742367238191576
            ],
            [
              -95.38205140046014,
              29.73724858468468
            ]
          ]
        ]
      }
    },
    {
      "type": "Feature",
      "properties": {
        "hex_id": "88446ca92bfffff",
        "price_mean_menu": 12.97,
        "price_median_menu": 3.0,
        "n_menu": 29,
        "top_restaurants_menu": "Que Pollaso|$101.50;;Mi Pueblito Refresqueria|$7.00"
      },
      "geometry": {
        "type": "Polygon",
        "coordinates": [
          [
            [
              -95.31014098585761,
              29.697617372469093
            ],
            [
              -95.30524007004124,
              29.70026930912162
            ],
            [
              -95.3054570279218,
              29.70538736542087
            ],
            [
              -95.31057535265833,
              29.70785363334372
            ],
            [
              -95.31547663019948,
              29.705201630204407
            ],
            [
              -95.31525922126983,
              29.70008342564336
            ]
          ]
        ]
      }
    },
    {
      "type": "Feature",
      "properties": {
        "hex_id": "88446c304bfffff",
        "price_mean_menu": 6.83,
        "price_median_menu": 5.99,
        "n_menu": 37,
        "top_restaurants_menu": "Mexico Lindo y Sabroso|$13.99"
      },
      "geometry": {
        "type": "Polygon",
        "coordinates": [
          [
            [
              -95.38089552581972,
              29.826908754878207
            ],
            [
              -95.37598861230806,
              29.829560906425534
            ],
            [
              -95.37620900115529,
              29.83467816694483
            ],
            [
              -95.38133675584633,
              29.83714342309615
            ],
            [
              -95.3862440308299,
              29.834491205002436
            ],
            [
              -95.38602318964111,
              29.829373797318205
            ]
          ]
        ]
      }
    },
    {
      "type": "Feature",
      "properties": {
        "hex_id": "88446c323bfffff",
        "price_mean_menu": 10.87,
        "price_median_menu": 10.99,
        "n_menu": 27,
        "top_restaurants_menu": "Millers Cafe|$14.99"
      },
      "geometry": {
        "type": "Polygon",
        "coordinates": [
          [
            [
              -95.40565070996138,
              29.818761655193363
            ],
            [
              -95.40074393713877,
              29.821415115976333
            ],
            [
              -95.40096542739751,
              29.826532848981223
            ],
            [
              -95.40609414285053,
              29.828997268048916
            ],
            [
              -95.41100127672553,
              29.826343740448735
            ],
            [
              -95.41077933408576,
              29.82122586061252
            ]
          ]
        ]
      }
    },
    {
      "type": "Feature",
      "properties": {
        "hex_id": "88446ca9b9fffff",
        "price_mean_menu": 9.72,
        "price_median_menu": 11.35,
        "n_menu": 48,
        "top_restaurants_menu": "Mendocino Farms|$14.75"
      },
      "geometry": {
        "type": "Polygon",
        "coordinates": [
          [
            [
              -95.36287757384694,
              29.758100359464343
            ],
            [
              -95.35797369062897,
              29.76075328624218
            ],
            [
              -95.35819313777567,
              29.765871262301925
            ],
            [
              -95.36331691986639,
              29.76833645907663
            ],
            [
              -95.36822116439973,
              29.76568346559976
            ],
            [
              -95.36800126551759,
              29.76056534206163
            ]
          ]
        ]
      }
    },
    {
      "type": "Feature",
      "properties": {
        "hex_id": "88446c151dfffff",
        "price_mean_menu": 18.82,
        "price_median_menu": 13.45,
        "n_menu": 69,
        "top_restaurants_menu": "Mi 45 South|$119.95"
      },
      "geometry": {
        "type": "Polygon",
        "coordinates": [
          [
            [
              -95.19551721362119,
              29.592154069325925
            ],
            [
              -95.19062167946196,
              29.594803253735797
            ],
            [
              -95.19083328408907,
              29.599921074854052
            ],
            [
              -95.19594087261916,
              29.602389861514336
            ],
            [
              -95.20083676954211,
              29.599740611201106
            ],
            [
              -95.20062471516152,
              29.594622640145175
            ]
          ]
        ]
      }
    },
    {
      "type": "Feature",
      "properties": {
        "hex_id": "88446c1083fffff",
        "price_mean_menu": 12.83,
        "price_median_menu": 6.5,
        "n_menu": 163,
        "top_restaurants_menu": "Perrys Steakhouse  Grille|$139.00;;The Juicy Seafood|$31.50;;Yummy Pho  Bo Ne Baybrook Mall|$17.00"
      },
      "geometry": {
        "type": "Polygon",
        "coordinates": [
          [
            [
              -95.14830898383221,
              29.539224337485305
            ],
            [
              -95.14341607020633,
              29.541872605892262
            ],
            [
              -95.14362545655806,
              29.546990439304633
            ],
            [
              -95.14872820567122,
              29.549460154959643
            ],
            [
              -95.15362148242546,
              29.54681182084446
            ],
            [
              -95.15341164692838,
              29.541693836796664
            ]
          ]
        ]
      }
    },
    {
      "type": "Feature",
      "properties": {
        "hex_id": "88446c320bfffff",
        "price_mean_menu": 8.38,
        "price_median_menu": 6.0,
        "n_menu": 44,
        "top_restaurants_menu": "Moon Rabbit|$28.00;;The Taco Stand|$10.00;;Via 313 Pizza|$6.00"
      },
      "geometry": {
        "type": "Polygon",
        "coordinates": [
          [
            [
              -95.40966991656914,
              29.79563541610768
            ],
            [
              -95.40476408049125,
              29.798289593109647
            ],
            [
              -95.40498570832679,
              29.803407712975957
            ],
            [
              -95.41011362444983,
              29.805871802652426
            ],
            [
              -95.41501982137754,
              29.80321755868732
            ],
            [
              -95.41479774132307,
              29.79809929202331
            ]
          ]
        ]
      }
    },
    {
      "type": "Feature",
      "properties": {
        "hex_id": "88446c3219fffff",
        "price_mean_menu": 13.91,
        "price_median_menu": 13.95,
        "n_menu": 71,
        "top_restaurants_menu": "Tonys Mexican Restaurant|$25.95;;Totys Mexican Restaurant|$22.00;;NettBar Shady Acres|$16.00"
      },
      "geometry": {
        "type": "Polygon",
        "coordinates": [
          [
            [
              -95.42505453224408,
              29.80302663439683
            ],
            [
              -95.42014826261332,
              29.805681336740165
            ],
            [
              -95.42037059841358,
              29.81079957243837
            ],
            [
              -95.42549965617467,
              29.813263252386147
            ],
            [
              -95.43040628647111,
              29.810608482969712
            ],
            [
              -95.43018349833146,
              29.80549010069306
            ]
          ]
        ]
      }
    },
    {
      "type": "Feature",
      "properties": {
        "hex_id": "88446c15c3fffff",
        "price_mean_menu": 7.53,
        "price_median_menu": 7.99,
        "n_menu": 39,
        "top_restaurants_menu": "Ojos Locos Sports Cantina - Almeda|$29.00;;Taqueria El Rincon de Jalisco 2|$12.99;;Sams Burgers  Gyros|$8.99"
      },
      "geometry": {
        "type": "Polygon",
        "coordinates": [
          [
            [
              -95.2268076794289,
              29.62231785348842
            ],
            [
              -95.22191061600965,
              29.624967757722096
            ],
            [
              -95.22212368332107,
              29.63008563035879
            ],
            [
              -95.22723426416039,
              29.632553748255344
            ],
            [
              -95.23213169006979,
              29.629903777965538
            ],
            [
              -95.23191817264005,
              29.62478575584957
            ]
          ]
        ]
      }
    },
    {
      "type": "Feature",
      "properties": {
        "hex_id": "88446c1427fffff",
        "price_mean_menu": 9.57,
        "price_median_menu": 10.95,
        "n_menu": 32,
        "top_restaurants_menu": "Pho Nhi|$15.85;;Nom Donuts|$4.75"
      },
      "geometry": {
        "type": "Polygon",
        "coordinates": [
          [
            [
              -95.22084556274648,
              29.599377398423425
            ],
            [
              -95.21594950844677,
              29.602027560408878
            ],
            [
              -95.21616226582142,
              29.60714565692065
            ],
            [
              -95.22127152740298,
              29.60961374104356
            ],
            [
              -95.22616794413875,
              29.606963512949623
            ],
            [
              -95.22595473684724,
              29.60184526685552
            ]
          ]
        ]
      }
    },
    {
      "type": "Feature",
      "properties": {
        "hex_id": "88446c0431fffff",
        "price_mean_menu": 15.15,
        "price_median_menu": 13.95,
        "n_menu": 5,
        "top_restaurants_menu": "Ostioneria Michoacan|$17.95"
      },
      "geometry": {
        "type": "Polygon",
        "coordinates": [
          [
            [
              -95.21786408287886,
              29.768419807310412
            ],
            [
              -95.21296098521998,
              29.77106593155747
            ],
            [
              -95.21317391511849,
              29.776181650516175
            ],
            [
              -95.21829039387049,
              29.77865139470732
            ],
            [
              -95.22319385505678,
              29.77600520517712
            ],
            [
              -95.22298047395395,
              29.770889336753214
            ]
          ]
        ]
      }
    },
    {
      "type": "Feature",
      "properties": {
        "hex_id": "88446caf0dfffff",
        "price_mean_menu": 5.18,
        "price_median_menu": 5.0,
        "n_menu": 14,
        "top_restaurants_menu": "Old Saigon Cafe|$9.00"
      },
      "geometry": {
        "type": "Polygon",
        "coordinates": [
          [
            [
              -95.49728556023663,
              29.73245093762688
            ],
            [
              -95.49238167281766,
              29.735110526803368
            ],
            [
              -95.49260713165421,
              29.740230791551017
            ],
            [
              -95.49773692999008,
              29.74269161278229
            ],
            [
              -95.50264117656083,
              29.740031955524078
            ],
            [
              -95.5024152656348,
              29.734911545130807
            ]
          ]
        ]
      }
    },
    {
      "type": "Feature",
      "properties": {
        "hex_id": "88446c043bfffff",
        "price_mean_menu": 6.64,
        "price_median_menu": 6.48,
        "n_menu": 8,
        "top_restaurants_menu": "Pappasitos Cantina|$9.95"
      },
      "geometry": {
        "type": "Polygon",
        "coordinates": [
          [
            [
              -95.22788365016912,
              29.76824275452923
            ],
            [
              -95.22298047395395,
              29.770889336753214
            ],
            [
              -95.22319385505678,
              29.77600520517712
            ],
            [
              -95.22831086361077,
              29.778474640718958
            ],
            [
              -95.23321440320439,
              29.775827993116323
            ],
            [
              -95.23300057085589,
              29.770711975364794
            ]
          ]
        ]
      }
    },
    {
      "type": "Feature",
      "properties": {
        "hex_id": "88446ca8e7fffff",
        "price_mean_menu": 8.49,
        "price_median_menu": 8.0,
        "n_menu": 27,
        "top_restaurants_menu": "Pacific Coast Tacos - S Shepherd Dr|$15.99;;Tacos Tierra Caliente Food Truck|$8.00"
      },
      "geometry": {
        "type": "Polygon",
        "coordinates": [
          [
            [
              -95.4070093235658,
              29.73421129036513
            ],
            [
              -95.40210608103979,
              29.736866762246827
            ],
            [
              -95.40232747284436,
              29.7419857099517
            ],
            [
              -95.40745255889945,
              29.744449332680922
            ],
            [
              -95.41235616193663,
              29.74179379357301
            ],
            [
              -95.41213431839822,
              29.736674698976508
            ]
          ]
        ]
      }
    },
    {
      "type": "Feature",
      "properties": {
        "hex_id": "88446c1191fffff",
        "price_mean_menu": 6.07,
        "price_median_menu": 5.85,
        "n_menu": 18,
        "top_restaurants_menu": "Parlor Doughnuts|$11.95;;Summer Moon Coffee|$6.50"
      },
      "geometry": {
        "type": "Polygon",
        "coordinates": [
          [
            [
              -95.09365449166349,
              29.547872139829774
            ],
            [
              -95.0887617021659,
              29.550517742822574
            ],
            [
              -95.0889686464609,
              29.555634647503965
            ],
            [
              -95.09406882921876,
              29.558106100585867
            ],
            [
              -95.09896198269705,
              29.555460432443837
            ],
            [
              -95.09875458942686,
              29.550343376383275
            ]
          ]
        ]
      }
    },
    {
      "type": "Feature",
      "properties": {
        "hex_id": "88446c1095fffff",
        "price_mean_menu": 11.43,
        "price_median_menu": 10.24,
        "n_menu": 24,
        "top_restaurants_menu": "Parrys Pizzeria  Taphouse|$20.99"
      },
      "geometry": {
        "type": "Polygon",
        "coordinates": [
          [
            [
              -95.15362148242546,
              29.54681182084446
            ],
            [
              -95.14872820567122,
              29.549460154959643
            ],
            [
              -95.14893784444646,
              29.554577965857483
            ],
            [
              -95.15404120919251,
              29.5570475932098
            ],
            [
              -95.15893484904431,
              29.554399193372205
            ],
            [
              -95.15872476104275,
              29.549281231918897
            ]
          ]
        ]
      }
    },
    {
      "type": "Feature",
      "properties": {
        "hex_id": "88446ca589fffff",
        "price_mean_menu": 10.01,
        "price_median_menu": 9.5,
        "n_menu": 11,
        "top_restaurants_menu": "Pho Tan An|$12.95"
      },
      "geometry": {
        "type": "Polygon",
        "coordinates": [
          [
            [
              -95.68546215002326,
              29.782425174844775
            ],
            [
              -95.68055474464022,
              29.785092111841774
            ],
            [
              -95.68078879158432,
              29.790214322581598
            ],
            [
              -95.68593069712848,
              29.79266973933231
            ],
            [
              -95.6908384591348,
              29.790002732729413
            ],
            [
              -95.69060395896493,
              29.78488037899634
            ]
          ]
        ]
      }
    },
    {
      "type": "Feature",
      "properties": {
        "hex_id": "88446c34d9fffff",
        "price_mean_menu": 18.3,
        "price_median_menu": 17.27,
        "n_menu": 16,
        "top_restaurants_menu": "Pho Thanh Long|$20.95"
      },
      "geometry": {
        "type": "Polygon",
        "coordinates": [
          [
            [
              -95.57923043205078,
              29.99214030805583
            ],
            [
              -95.57431501896566,
              29.994797613204216
            ],
            [
              -95.57454468207472,
              29.999915289750806
            ],
            [
              -95.57969021269115,
              30.002375805432273
            ],
            [
              -95.58460598528981,
              29.999718432645103
            ],
            [
              -95.58437586774949,
              29.994600611829846
            ]
          ]
        ]
      }
    },
    {
      "type": "Feature",
      "properties": {
        "hex_id": "88446c2155fffff",
        "price_mean_menu": 8.34,
        "price_median_menu": 6.72,
        "n_menu": 36,
        "top_restaurants_menu": "Pho Dien 1960|$18.95"
      },
      "geometry": {
        "type": "Polygon",
        "coordinates": [
          [
            [
              -95.2830262193172,
              30.005286533752965
            ],
            [
              -95.27811262281644,
              30.007930079180213
            ],
            [
              -95.27832892686571,
              30.0130433286919
            ],
            [
              -95.28345928071995,
              30.015513181125755
            ],
            [
              -95.288373241257,
              30.012869570902364
            ],
            [
              -95.28815648389391,
              30.007756173055657
            ]
          ]
        ]
      }
    },
    {
      "type": "Feature",
      "properties": {
        "hex_id": "88446c320dfffff",
        "price_mean_menu": 13.53,
        "price_median_menu": 17.99,
        "n_menu": 30,
        "top_restaurants_menu": "Pinks Pizza|$18.99"
      },
      "geometry": {
        "type": "Polygon",
        "coordinates": [
          [
            [
              -95.39428872561108,
              29.788242970415304
            ],
            [
              -95.38938332372166,
              29.790896622275806
            ],
            [
              -95.38960424387032,
              29.796014625782608
            ],
            [
              -95.3947310179973,
              29.798479124460194
            ],
            [
              -95.39963678092033,
              29.795825405746513
            ],
            [
              -95.39941540867339,
              29.79070725522285
            ]
          ]
        ]
      }
    },
    {
      "type": "Feature",
      "properties": {
        "hex_id": "88446c322dfffff",
        "price_mean_menu": 10.05,
        "price_median_menu": 10.0,
        "n_menu": 34,
        "top_restaurants_menu": "Pizza Patrón Patton Street|$25.99;;Takeria Arevalo Food Truck|$13.00"
      },
      "geometry": {
        "type": "Polygon",
        "coordinates": [
          [
            [
              -95.3695409678127,
              29.796390757558736
            ],
            [
              -95.36463542615896,
              29.799043101377194
            ],
            [
              -95.3648552455191,
              29.804160632670623
            ],
            [
              -95.36998105858225,
              29.80662596751044
            ],
            [
              -95.37488696168857,
              29.803973557109682
            ],
            [
              -95.37466669026976,
              29.79885587846581
            ]
          ]
        ]
      }
    },
    {
      "type": "Feature",
      "properties": {
        "hex_id": "88446ca9b1fffff",
        "price_mean_menu": 3.08,
        "price_median_menu": 2.99,
        "n_menu": 17,
        "top_restaurants_menu": "Poppa Burger|$5.99"
      },
      "geometry": {
        "type": "Polygon",
        "coordinates": [
          [
            [
              -95.35819313777567,
              29.765871262301925
            ],
            [
              -95.35328896760053,
              29.7685237978613
            ],
            [
              -95.35350821809253,
              29.773641596799486
            ],
            [
              -95.35863209052614,
              29.776107007728378
            ],
            [
              -95.36353662213425,
              29.773454405550503
            ],
            [
              -95.36331691986639,
              29.76833645907663
            ]
          ]
        ]
      }
    },
    {
      "type": "Feature",
      "properties": {
        "hex_id": "88446c06d3fffff",
        "price_mean_menu": 7.13,
        "price_median_menu": 4.99,
        "n_menu": 57,
        "top_restaurants_menu": "Pollos Asados La Silla|$38.97"
      },
      "geometry": {
        "type": "Polygon",
        "coordinates": [
          [
            [
              -95.32211953154459,
              29.743493395971885
            ],
            [
              -95.31721659638127,
              29.74614481648613
            ],
            [
              -95.3174341790355,
              29.751262407287605
            ],
            [
              -95.32255514829629,
              29.753728725643146
            ],
            [
              -95.32745844529015,
              29.75107723874504
            ],
            [
              -95.3272404111832,
              29.74595949988962
            ]
          ]
        ]
      }
    },
    {
      "type": "Feature",
      "properties": {
        "hex_id": "88446c3053fffff",
        "price_mean_menu": 12.31,
        "price_median_menu": 14.74,
        "n_menu": 10,
        "top_restaurants_menu": "Ranchero King Buffet|$18.49"
      },
      "geometry": {
        "type": "Polygon",
        "coordinates": [
          [
            [
              -95.39694365893719,
              29.849655716515286
            ],
            [
              -95.39203566110855,
              29.8523080677465
            ],
            [
              -95.39225681688926,
              29.857425233414048
            ],
            [
              -95.3973864230732,
              29.859890194786786
            ],
            [
              -95.40229478227488,
              29.85723777696445
            ],
            [
              -95.40207317391022,
              29.852120464374945
            ]
          ]
        ]
      }
    },
    {
      "type": "Feature",
      "properties": {
        "hex_id": "88446c14e1fffff",
        "price_mean_menu": 7.55,
        "price_median_menu": 7.49,
        "n_menu": 83,
        "top_restaurants_menu": "Taquería Mi Pueblito Bar  Grill 3|$13.99;;Refresqueria Puerto Escondido|$8.00"
      },
      "geometry": {
        "type": "Polygon",
        "coordinates": [
          [
            [
              -95.26684185126516,
              29.621583443888806
            ],
            [
              -95.26194447725905,
              29.62423517257701
            ],
            [
              -95.26215934529006,
              29.629353642304693
            ],
            [
              -95.26727203759988,
              29.631820532286866
            ],
            [
              -95.27216977350152,
              29.62916873716109
            ],
            [
              -95.27195445518822,
              29.62405011850501
            ]
          ]
        ]
      }
    },
    {
      "type": "Feature",
      "properties": {
        "hex_id": "88446c06d5fffff",
        "price_mean_menu": 7.65,
        "price_median_menu": 7.99,
        "n_menu": 137,
        "top_restaurants_menu": "Refresqueria Acapulco|$15.00;;Taqueria Mi Charro|$15.00;;Taqueria El Alacran|$13.00"
      },
      "geometry": {
        "type": "Polygon",
        "coordinates": [
          [
            [
              -95.30675917959,
              29.736094275219397
            ],
            [
              -95.30185668214783,
              29.73874517181389
            ],
            [
              -95.30207355882136,
              29.743862643004483
            ],
            [
              -95.30719338425885,
              29.746329365887462
            ],
            [
              -95.31209624371361,
              29.74367840301909
            ],
            [
              -95.31187891570876,
              29.738560783555968
            ]
          ]
        ]
      }
    },
    {
      "type": "Feature",
      "properties": {
        "hex_id": "88446ca535fffff",
        "price_mean_menu": 11.08,
        "price_median_menu": 9.5,
        "n_menu": 106,
        "top_restaurants_menu": "Resilience Viet Kitchen  Bar|$30.00"
      },
      "geometry": {
        "type": "Polygon",
        "coordinates": [
          [
            [
              -95.62915882750654,
              29.760530674686304
            ],
            [
              -95.6242527552892,
              29.76319557199845
            ],
            [
              -95.62448421762443,
              29.76831730581739
            ],
            [
              -95.62962220500292,
              29.770774286132674
            ],
            [
              -95.63452863456126,
              29.768109319637155
            ],
            [
              -95.63429671939126,
              29.762987442024315
            ]
          ]
        ]
      }
    },
    {
      "type": "Feature",
      "properties": {
        "hex_id": "88446c109dfffff",
        "price_mean_menu": 1.61,
        "price_median_menu": 1.5,
        "n_menu": 40,
        "top_restaurants_menu": "Rileys Donuts 2|$3.50"
      },
      "geometry": {
        "type": "Polygon",
        "coordinates": [
          [
            [
              -95.15830464087135,
              29.53904511331108
            ],
            [
              -95.15341164692838,
              29.541693836796664
            ],
            [
              -95.15362148242546,
              29.54681182084446
            ],
            [
              -95.15872476104275,
              29.549281231918897
            ],
            [
              -95.16361811796662,
              29.54663244262962
            ],
            [
              -95.16340783328255,
              29.54151430808378
            ]
          ]
        ]
      }
    },
    {
      "type": "Feature",
      "properties": {
        "hex_id": "88446c142dfffff",
        "price_mean_menu": 14.66,
        "price_median_menu": 10.75,
        "n_menu": 59,
        "top_restaurants_menu": "Texas Grill 49|$75.99;;Rice and Pho|$15.95"
      },
      "geometry": {
        "type": "Polygon",
        "coordinates": [
          [
            [
              -95.22020675733357,
              29.584022388853782
            ],
            [
              -95.21531134946228,
              29.586672874304128
            ],
            [
              -95.21552405026972,
              29.59179116902
            ],
            [
              -95.22063260873512,
              29.594259127904856
            ],
            [
              -95.22552837895697,
              29.591608576279214
            ],
            [
              -95.22531522835318,
              29.586490131958275
            ]
          ]
        ]
      }
    },
    {
      "type": "Feature",
      "properties": {
        "hex_id": "88446c10b3fffff",
        "price_mean_menu": 19.52,
        "price_median_menu": 8.25,
        "n_menu": 51,
        "top_restaurants_menu": "Randys Smokehouse BBQ|$185.00"
      },
      "geometry": {
        "type": "Polygon",
        "coordinates": [
          [
            [
              -95.14425372692331,
              29.56234354796503
            ],
            [
              -95.13935988464596,
              29.564991102797578
            ],
            [
              -95.13956912984497,
              29.57010856678214
            ],
            [
              -95.14467266661651,
              29.572578626618604
            ],
            [
              -95.14956687222477,
              29.569931006226195
            ],
            [
              -95.14935717772079,
              29.564813391571366
            ]
          ]
        ]
      }
    },
    {
      "type": "Feature",
      "properties": {
        "hex_id": "88446dcb35fffff",
        "price_mean_menu": 7.7,
        "price_median_menu": 8.79,
        "n_menu": 12,
        "top_restaurants_menu": "Rudys Country Store and Bar-B-Q|$10.49"
      },
      "geometry": {
        "type": "Polygon",
        "coordinates": [
          [
            [
              -95.60611695306861,
              30.030029508006375
            ],
            [
              -95.60119974276272,
              30.03268715150139
            ],
            [
              -95.60143069615049,
              30.037804640537754
            ],
            [
              -95.60657931466874,
              30.040264629953995
            ],
            [
              -95.61149688431445,
              30.03760691874374
            ],
            [
              -95.61126547609314,
              30.032489285847134
            ]
          ]
        ]
      }
    },
    {
      "type": "Feature",
      "properties": {
        "hex_id": "88446caee1fffff",
        "price_mean_menu": 8.74,
        "price_median_menu": 8.5,
        "n_menu": 38,
        "top_restaurants_menu": "Sams Deli Diner|$12.00"
      },
      "geometry": {
        "type": "Polygon",
        "coordinates": [
          [
            [
              -95.58967822958228,
              29.776720894660695
            ],
            [
              -95.5847717768441,
              29.779383640546197
            ],
            [
              -95.58500148942717,
              29.784504590054446
            ],
            [
              -95.5901381075425,
              29.78696293801824
            ],
            [
              -95.59504491831574,
              29.784300123394033
            ],
            [
              -95.59481475292966,
              29.77917902955931
            ]
          ]
        ]
      }
    },
    {
      "type": "Feature",
      "properties": {
        "hex_id": "88446c1561fffff",
        "price_mean_menu": 7.5,
        "price_median_menu": 9.1,
        "n_menu": 14,
        "top_restaurants_menu": "Savannah Cafe  Bakery|$10.25"
      },
      "geometry": {
        "type": "Polygon",
        "coordinates": [
          [
            [
              -95.15956522474222,
              29.56975268536221
            ],
            [
              -95.15467093881222,
              29.57240076122285
            ],
            [
              -95.15488088588708,
              29.577518352762088
            ],
            [
              -95.1599855683098,
              29.579988018907795
            ],
            [
              -95.16488021739234,
              29.57733987737757
            ],
            [
              -95.16466982088986,
              29.572222135385438
            ]
          ]
        ]
      }
    },
    {
      "type": "Feature",
      "properties": {
        "hex_id": "88446c3065fffff",
        "price_mean_menu": 12.02,
        "price_median_menu": 5.69,
        "n_menu": 27,
        "top_restaurants_menu": "Sams Food Market|$81.00"
      },
      "geometry": {
        "type": "Polygon",
        "coordinates": [
          [
            [
              -95.33607489110962,
              29.835418312817286
            ],
            [
              -95.3311679886637,
              29.8380682369179
            ],
            [
              -95.331386371571,
              29.84318472855614
            ],
            [
              -95.33651210913546,
              29.84565144388246
            ],
            [
              -95.34141937377322,
              29.84300145369702
            ],
            [
              -95.34120053864518,
              29.83788481428447
            ]
          ]
        ]
      }
    },
    {
      "type": "Feature",
      "properties": {
        "hex_id": "88446c32a5fffff",
        "price_mean_menu": 7.85,
        "price_median_menu": 8.25,
        "n_menu": 19,
        "top_restaurants_menu": "Sazón Los Abuelos|$15.00"
      },
      "geometry": {
        "type": "Polygon",
        "coordinates": [
          [
            [
              -95.40229478227488,
              29.85723777696445
            ],
            [
              -95.3973864230732,
              29.859890194786786
            ],
            [
              -95.39760783465171,
              29.86500732838228
            ],
            [
              -95.40273805808728,
              29.86747219101079
            ],
            [
              -95.407646778629,
              29.864819706582374
            ],
            [
              -95.40742491438573,
              29.859702426145976
            ]
          ]
        ]
      }
    },
    {
      "type": "Feature",
      "properties": {
        "hex_id": "88446c10a3fffff",
        "price_mean_menu": 9.58,
        "price_median_menu": 7.99,
        "n_menu": 71,
        "top_restaurants_menu": "Taqueria Los Charros Food Truck|$49.99;;Sawa Restaurant  Grill|$18.99"
      },
      "geometry": {
        "type": "Polygon",
        "coordinates": [
          [
            [
              -95.123635236055,
              29.54734539747985
            ],
            [
              -95.11874220159261,
              29.54999236604995
            ],
            [
              -95.11895049293919,
              29.555109724457246
            ],
            [
              -95.1240522678394,
              29.5575802652761
            ],
            [
              -95.12894566584133,
              29.5549332312701
            ],
            [
              -95.12873692539365,
              29.54981572189531
            ]
          ]
        ]
      }
    },
    {
      "type": "Feature",
      "properties": {
        "hex_id": "88446c2ac1fffff",
        "price_mean_menu": 6.48,
        "price_median_menu": 5.88,
        "n_menu": 22,
        "top_restaurants_menu": "Schlotzskys|$9.29"
      },
      "geometry": {
        "type": "Polygon",
        "coordinates": [
          [
            [
              -95.2394450990337,
              30.044405024985867
            ],
            [
              -95.2345302242999,
              30.047045664314755
            ],
            [
              -95.23474463196727,
              30.052157698038098
            ],
            [
              -95.23987436779139,
              30.054629241339473
            ],
            [
              -95.24478960745346,
              30.051988537806185
            ],
            [
              -95.24457474635341,
              30.046876355190292
            ]
          ]
        ]
      }
    },
    {
      "type": "Feature",
      "properties": {
        "hex_id": "88446c2369fffff",
        "price_mean_menu": 1.95,
        "price_median_menu": 1.75,
        "n_menu": 17,
        "top_restaurants_menu": "Shipley Do-Nuts|$3.50"
      },
      "geometry": {
        "type": "Polygon",
        "coordinates": [
          [
            [
              -95.28512390424135,
              29.93616101858391
            ],
            [
              -95.28021319716187,
              29.938806282065705
            ],
            [
              -95.28042946804784,
              29.943920578797787
            ],
            [
              -95.28555689879009,
              29.946389760438645
            ],
            [
              -95.29046796944407,
              29.94374443182107
            ],
            [
              -95.29025124577167,
              29.938629986712805
            ]
          ]
        ]
      }
    },
    {
      "type": "Feature",
      "properties": {
        "hex_id": "88446caedbfffff",
        "price_mean_menu": 9.3,
        "price_median_menu": 9.49,
        "n_menu": 15,
        "top_restaurants_menu": "Señor Burritos|$12.99"
      },
      "geometry": {
        "type": "Polygon",
        "coordinates": [
          [
            [
              -95.6452708646565,
              29.783266209710185
            ],
            [
              -95.64036372052075,
              29.785931314616228
            ],
            [
              -95.64059595494027,
              29.791052951990846
            ],
            [
              -95.64573578656093,
              29.79350962802409
            ],
            [
              -95.65064328793301,
              29.79084445389084
            ],
            [
              -95.65041060043929,
              29.785722672966163
            ]
          ]
        ]
      }
    },
    {
      "type": "Feature",
      "properties": {
        "hex_id": "88446ca8e9fffff",
        "price_mean_menu": 13.92,
        "price_median_menu": 15.0,
        "n_menu": 69,
        "top_restaurants_menu": "Secos Latin Cuisine Inc|$22.99;;Simone on Sunset|$16.00"
      },
      "geometry": {
        "type": "Polygon",
        "coordinates": [
          [
            [
              -95.41637157334964,
              29.718660752597362
            ],
            [
              -95.41146890592842,
              29.7213170046849
            ],
            [
              -95.41169069039671,
              29.726436304451866
            ],
            [
              -95.4168155939295,
              29.728899498922353
            ],
            [
              -95.4217186216267,
              29.7262431794475
            ],
            [
              -95.42149638550585,
              29.721123732903912
            ]
          ]
        ]
      }
    },
    {
      "type": "Feature",
      "properties": {
        "hex_id": "88446c2a89fffff",
        "price_mean_menu": 7.65,
        "price_median_menu": 5.99,
        "n_menu": 53,
        "top_restaurants_menu": "Slim Chickens|$16.99;;VnWich Cafe|$10.95"
      },
      "geometry": {
        "type": "Polygon",
        "coordinates": [
          [
            [
              -95.24008903082148,
              30.059741239664298
            ],
            [
              -95.23517350454483,
              30.062381545753198
            ],
            [
              -95.2353879694601,
              30.067493359584915
            ],
            [
              -95.24051841419698,
              30.06996501620983
            ],
            [
              -95.2454343054883,
              30.067324645981035
            ],
            [
              -95.24521938701835,
              30.062212683281597
            ]
          ]
        ]
      }
    },
    {
      "type": "Feature",
      "properties": {
        "hex_id": "88446c10bbfffff",
        "price_mean_menu": 9.46,
        "price_median_menu": 9.99,
        "n_menu": 96,
        "top_restaurants_menu": "Taqueria Los Charros El Dorado Blvd|$42.25;;Taqueria El Pavo Real|$24.99;;Space City Pizza|$13.99"
      },
      "geometry": {
        "type": "Polygon",
        "coordinates": [
          [
            [
              -95.14893784444646,
              29.554577965857483
            ],
            [
              -95.1440442849141,
              29.55722591042163
            ],
            [
              -95.14425372692331,
              29.56234354796503
            ],
            [
              -95.14935717772079,
              29.564813391571366
            ],
            [
              -95.1542511004674,
              29.562165381366093
            ],
            [
              -95.15404120919251,
              29.5570475932098
            ]
          ]
        ]
      }
    },
    {
      "type": "Feature",
      "properties": {
        "hex_id": "88446cb9b1fffff",
        "price_mean_menu": 5.0,
        "price_median_menu": 5.0,
        "n_menu": 1,
        "top_restaurants_menu": "SUBWAY Restaurant|$5.00"
      },
      "geometry": {
        "type": "Polygon",
        "coordinates": [
          [
            [
              -95.38634087482752,
              29.60394544790546
            ],
            [
              -95.38144324443186,
              29.606602970222845
            ],
            [
              -95.38166345993378,
              29.611723417655902
            ],
            [
              -95.38678175646798,
              29.61418649008088
            ],
            [
              -95.39167974688172,
              29.61152890011681
            ],
            [
              -95.39145908073384,
              29.606408305388833
            ]
          ]
        ]
      }
    },
    {
      "type": "Feature",
      "properties": {
        "hex_id": "88446ca9bbfffff",
        "price_mean_menu": 7.98,
        "price_median_menu": 8.0,
        "n_menu": 43,
        "top_restaurants_menu": "Stantons City Bites|$15.00"
      },
      "geometry": {
        "type": "Polygon",
        "coordinates": [
          [
            [
              -95.36822116439973,
              29.76568346559976
            ],
            [
              -95.36331691986639,
              29.76833645907663
            ],
            [
              -95.36353662213425,
              29.773454405550503
            ],
            [
              -95.36866102074221,
              29.775919505959497
            ],
            [
              -95.37356562655823,
              29.773266445768872
            ],
            [
              -95.37334547247423,
              29.76814835189742
            ]
          ]
        ]
      }
    },
    {
      "type": "Feature",
      "properties": {
        "hex_id": "88446ca8bdfffff",
        "price_mean_menu": 4.24,
        "price_median_menu": 4.24,
        "n_menu": 21,
        "top_restaurants_menu": "Sunrise Taquitos|$4.24"
      },
      "geometry": {
        "type": "Polygon",
        "coordinates": [
          [
            [
              -95.42305245272738,
              29.75695842122436
            ],
            [
              -95.418148128767,
              29.759614094828606
            ],
            [
              -95.41837028692754,
              29.764732953686043
            ],
            [
              -95.42349722101456,
              29.767196285602743
            ],
            [
              -95.42840190538686,
              29.76454054472835
            ],
            [
              -95.42817929525093,
              29.759421539221847
            ]
          ]
        ]
      }
    },
    {
      "type": "Feature",
      "properties": {
        "hex_id": "88446cad57fffff",
        "price_mean_menu": 6.19,
        "price_median_menu": 5.25,
        "n_menu": 24,
        "top_restaurants_menu": "Stuffed Belly|$12.00"
      },
      "geometry": {
        "type": "Polygon",
        "coordinates": [
          [
            [
              -95.48995648385574,
              29.794087777990946
            ],
            [
              -95.48505007337681,
              29.796745621103028
            ],
            [
              -95.48527532007559,
              29.80186491147696
            ],
            [
              -95.4904074297798,
              29.804326504443726
            ],
            [
              -95.49531419989844,
              29.801668593607697
            ],
            [
              -95.49508850066401,
              29.796549157543353
            ]
          ]
        ]
      }
    },
    {
      "type": "Feature",
      "properties": {
        "hex_id": "88446caaedfffff",
        "price_mean_menu": 7.34,
        "price_median_menu": 9.24,
        "n_menu": 36,
        "top_restaurants_menu": "Super La Mexicana|$11.99"
      },
      "geometry": {
        "type": "Polygon",
        "coordinates": [
          [
            [
              -95.4390999055695,
              29.664413262062094
            ],
            [
              -95.43419932383817,
              29.667071782557606
            ],
            [
              -95.43442202989291,
              29.67219216159218
            ],
            [
              -95.43954576899776,
              29.674654166657355
            ],
            [
              -95.44444671033315,
              29.671995578305456
            ],
            [
              -95.4442235529504,
              29.666875052759195
            ]
          ]
        ]
      }
    },
    {
      "type": "Feature",
      "properties": {
        "hex_id": "88446c1081fffff",
        "price_mean_menu": 13.04,
        "price_median_menu": 12.99,
        "n_menu": 21,
        "top_restaurants_menu": "Swamp shack|$26.99"
      },
      "geometry": {
        "type": "Polygon",
        "coordinates": [
          [
            [
              -95.14299735314317,
              29.53163674376295
            ],
            [
              -95.13810480267641,
              29.53428494647586
            ],
            [
              -95.1383139366807,
              29.53940280217575
            ],
            [
              -95.14341607020633,
              29.541872605892262
            ],
            [
              -95.14830898383221,
              29.539224337485305
            ],
            [
              -95.14809940076351,
              29.534106331070053
            ]
          ]
        ]
      }
    },
    {
      "type": "Feature",
      "properties": {
        "hex_id": "88446ca8ebfffff",
        "price_mean_menu": 6.32,
        "price_median_menu": 5.79,
        "n_menu": 35,
        "top_restaurants_menu": "Taco Cabana|$21.99"
      },
      "geometry": {
        "type": "Polygon",
        "coordinates": [
          [
            [
              -95.4217186216267,
              29.7262431794475
            ],
            [
              -95.4168155939295,
              29.728899498922353
            ],
            [
              -95.41703763378149,
              29.734018769594527
            ],
            [
              -95.42216315305441,
              29.736481867502107
            ],
            [
              -95.4270665409945,
              29.73382548062539
            ],
            [
              -95.42684404940951,
              29.7287060632574
            ]
          ]
        ]
      }
    },
    {
      "type": "Feature",
      "properties": {
        "hex_id": "88446ca999fffff",
        "price_mean_menu": 8.2,
        "price_median_menu": 8.5,
        "n_menu": 27,
        "top_restaurants_menu": "Taco chale Food Truck|$13.50"
      },
      "geometry": {
        "type": "Polygon",
        "coordinates": [
          [
            [
              -95.38761666859929,
              29.749950106296346
            ],
            [
              -95.3827129245549,
              29.752604339540895
            ],
            [
              -95.38293347174164,
              29.757722787222214
            ],
            [
              -95.38805821473858,
              29.76018714881813
            ],
            [
              -95.39296231967994,
              29.757532848603585
            ],
            [
              -95.39274132071805,
              29.752414253777538
            ]
          ]
        ]
      }
    },
    {
      "type": "Feature",
      "properties": {
        "hex_id": "88446c043dfffff",
        "price_mean_menu": 8.09,
        "price_median_menu": 6.94,
        "n_menu": 76,
        "top_restaurants_menu": "taqueria el regio market st|$28.99;;Taco Palenque Federal  I-10|$16.99"
      },
      "geometry": {
        "type": "Polygon",
        "coordinates": [
          [
            [
              -95.21253518212254,
              29.760834287328038
            ],
            [
              -95.2076324480226,
              29.76348034630672
            ],
            [
              -95.20784512401463,
              29.76859609364142
            ],
            [
              -95.21296098521998,
              29.77106593155747
            ],
            [
              -95.21786408287886,
              29.768419807310412
            ],
            [
              -95.2176509557637,
              29.76330391042997
            ]
          ]
        ]
      }
    },
    {
      "type": "Feature",
      "properties": {
        "hex_id": "88446ca8c3fffff",
        "price_mean_menu": 2.89,
        "price_median_menu": 2.89,
        "n_menu": 1,
        "top_restaurants_menu": "Tacos A Go Go Greenway|$2.89"
      },
      "geometry": {
        "type": "Polygon",
        "coordinates": [
          [
            [
              -95.44177627349667,
              29.72585462514805
            ],
            [
              -95.43687310128588,
              29.728511859405167
            ],
            [
              -95.43709604464357,
              29.73363142333062
            ],
            [
              -95.44222261201516,
              29.73609389943249
            ],
            [
              -95.44712614416719,
              29.73343659758332
            ],
            [
              -95.44690274899718,
              29.728316887238783
            ]
          ]
        ]
      }
    },
    {
      "type": "Feature",
      "properties": {
        "hex_id": "88446ca997fffff",
        "price_mean_menu": 5.93,
        "price_median_menu": 4.5,
        "n_menu": 59,
        "top_restaurants_menu": "Tacodeli|$44.00"
      },
      "geometry": {
        "type": "Polygon",
        "coordinates": [
          [
            [
              -95.3782497910654,
              29.76549490050801
            ],
            [
              -95.37334547247423,
              29.76814835189742
            ],
            [
              -95.37356562655823,
              29.773266445768872
            ],
            [
              -95.3786905510803,
              29.775731235524784
            ],
            [
              -95.38359523080373,
              29.773077717326398
            ],
            [
              -95.38337462486345,
              29.767959476195497
            ]
          ]
        ]
      }
    },
    {
      "type": "Feature",
      "properties": {
        "hex_id": "88446c3047fffff",
        "price_mean_menu": 1.6,
        "price_median_menu": 1.0,
        "n_menu": 17,
        "top_restaurants_menu": "Tacos Aracelys|$5.00"
      },
      "geometry": {
        "type": "Polygon",
        "coordinates": [
          [
            [
              -95.36617457178443,
              29.83486435856878
            ],
            [
              -95.3612674449133,
              29.83751565907912
            ],
            [
              -95.3614871846042,
              29.842632593626252
            ],
            [
              -95.36661450349877,
              29.84509837503767
            ],
            [
              -95.37152199211033,
              29.842447008156572
            ],
            [
              -95.37130180007746,
              29.837329926249232
            ]
          ]
        ]
      }
    },
    {
      "type": "Feature",
      "properties": {
        "hex_id": "88446c0417fffff",
        "price_mean_menu": 6.89,
        "price_median_menu": 6.99,
        "n_menu": 21,
        "top_restaurants_menu": "Tacos Del Julio|$15.99"
      },
      "geometry": {
        "type": "Polygon",
        "coordinates": [
          [
            [
              -95.23790382532796,
              29.768064935167512
            ],
            [
              -95.23300057085589,
              29.770711975364794
            ],
            [
              -95.23321440320439,
              29.775827993116323
            ],
            [
              -95.2383319413022,
              29.778297119874864
            ],
            [
              -95.24323555900364,
              29.77565001420344
            ],
            [
              -95.24302127536822,
              29.770533847261913
            ]
          ]
        ]
      }
    },
    {
      "type": "Feature",
      "properties": {
        "hex_id": "88446c3111fffff",
        "price_mean_menu": 7.7,
        "price_median_menu": 8.12,
        "n_menu": 22,
        "top_restaurants_menu": "TACOS DE TROMPO  LOS CUATES  100 ESTILO MONTERREY|$11.00"
      },
      "geometry": {
        "type": "Polygon",
        "coordinates": [
          [
            [
              -95.3173179091863,
              29.86648054303991
            ],
            [
              -95.31240985920734,
              29.86912889476998
            ],
            [
              -95.31262745376151,
              29.87424466901246
            ],
            [
              -95.31775355066749,
              29.876712239541643
            ],
            [
              -95.32266196330963,
              29.874063822048342
            ],
            [
              -95.32244391637309,
              29.86894789980347
            ]
          ]
        ]
      }
    },
    {
      "type": "Feature",
      "properties": {
        "hex_id": "88446c3253fffff",
        "price_mean_menu": 7.43,
        "price_median_menu": 5.5,
        "n_menu": 11,
        "top_restaurants_menu": "Tacos Dona Lena|$14.00"
      },
      "geometry": {
        "type": "Polygon",
        "coordinates": [
          [
            [
              -95.42973798141568,
              29.795253127510655
            ],
            [
              -95.42483199993082,
              29.79790822107341
            ],
            [
              -95.42505453224408,
              29.80302663439683
            ],
            [
              -95.43018349833146,
              29.80549010069306
            ],
            [
              -95.4350898403642,
              29.802834939976844
            ],
            [
              -95.43486685575238,
              29.797716380132318
            ]
          ]
        ]
      }
    },
    {
      "type": "Feature",
      "properties": {
        "hex_id": "88446c14a5fffff",
        "price_mean_menu": 8.35,
        "price_median_menu": 9.0,
        "n_menu": 23,
        "top_restaurants_menu": "Tacos El Primo Guero Food Truck|$13.50;;Taqueria Arandas Mobil|$10.00"
      },
      "geometry": {
        "type": "Polygon",
        "coordinates": [
          [
            [
              -95.25279288906555,
              29.64489234601795
            ],
            [
              -95.24789466062185,
              29.647542904869532
            ],
            [
              -95.2481089387928,
              29.652660850545082
            ],
            [
              -95.25322189579983,
              29.655128386484005
            ],
            [
              -95.25812048649028,
              29.652477761437716
            ],
            [
              -95.25790575791736,
              29.647359666661497
            ]
          ]
        ]
      }
    },
    {
      "type": "Feature",
      "properties": {
        "hex_id": "88446ca921fffff",
        "price_mean_menu": 7.28,
        "price_median_menu": 7.62,
        "n_menu": 42,
        "top_restaurants_menu": "Tacos Y Tortas Tampico|$14.50;;Tacos Jalisco|$8.00;;Taqueria El Sol De Monterrey Food Truck|$5.50"
      },
      "geometry": {
        "type": "Polygon",
        "coordinates": [
          [
            [
              -95.30012236149496,
              29.697802947186958
            ],
            [
              -95.2952215216855,
              29.700454426774712
            ],
            [
              -95.29543802855757,
              29.70557233467426
            ],
            [
              -95.30055582623807,
              29.7080389114001
            ],
            [
              -95.3054570279218,
              29.70538736542087
            ],
            [
              -95.30524007004124,
              29.70026930912162
            ]
          ]
        ]
      }
    },
    {
      "type": "Feature",
      "properties": {
        "hex_id": "88446ca9c3fffff",
        "price_mean_menu": 5.27,
        "price_median_menu": 4.25,
        "n_menu": 14,
        "top_restaurants_menu": "Tacos LA Creación Food Truck|$10.00"
      },
      "geometry": {
        "type": "Polygon",
        "coordinates": [
          [
            [
              -95.37158494326569,
              29.727201126467754
            ],
            [
              -95.36668228210902,
              29.72985515889014
            ],
            [
              -95.36690206389436,
              29.73497369400921
            ],
            [
              -95.37202495836024,
              29.73743834410734
            ],
            [
              -95.37692798051225,
              29.73478424475886
            ],
            [
              -95.37670774719362,
              29.72966556225276
            ]
          ]
        ]
      }
    },
    {
      "type": "Feature",
      "properties": {
        "hex_id": "88446c2323fffff",
        "price_mean_menu": 9.0,
        "price_median_menu": 9.5,
        "n_menu": 12,
        "top_restaurants_menu": "Tacos La Herradura- Humble|$13.00"
      },
      "geometry": {
        "type": "Polygon",
        "coordinates": [
          [
            [
              -95.28172749727396,
              29.974604853296086
            ],
            [
              -95.27681520249764,
              29.977249060869354
            ],
            [
              -95.27703139113777,
              29.98236274462056
            ],
            [
              -95.28216032761472,
              29.984832369196983
            ],
            [
              -95.28707298625538,
              29.982188096698046
            ],
            [
              -95.2868563445451,
              29.977074264562738
            ]
          ]
        ]
      }
    },
    {
      "type": "Feature",
      "properties": {
        "hex_id": "88446c06c3fffff",
        "price_mean_menu": 4.59,
        "price_median_menu": 3.0,
        "n_menu": 42,
        "top_restaurants_menu": "Taqueria Buey Y Vaca|$16.00;;Tacos La Sultana Food Truck|$13.00"
      },
      "geometry": {
        "type": "Polygon",
        "coordinates": [
          [
            [
              -95.30142298654405,
              29.728510024357778
            ],
            [
              -95.29652085114665,
              29.731160854693044
            ],
            [
              -95.29673747332808,
              29.736278354237353
            ],
            [
              -95.30185668214783,
              29.73874517181389
            ],
            [
              -95.30675917959,
              29.736094275219397
            ],
            [
              -95.30654210615813,
              29.730976627321926
            ]
          ]
        ]
      }
    },
    {
      "type": "Feature",
      "properties": {
        "hex_id": "88446cab33fffff",
        "price_mean_menu": 4.22,
        "price_median_menu": 5.0,
        "n_menu": 9,
        "top_restaurants_menu": "Tacos Muñoz|$6.00"
      },
      "geometry": {
        "type": "Polygon",
        "coordinates": [
          [
            [
              -95.35892696738928,
              29.66596316456364
            ],
            [
              -95.35402697094216,
              29.668618032064085
            ],
            [
              -95.35424606780445,
              29.67373723402565
            ],
            [
              -95.3593656121136,
              29.676201716119024
            ],
            [
              -95.36426596936698,
              29.67354678152309
            ],
            [
              -95.36404642149553,
              29.66842743194363
            ]
          ]
        ]
      }
    },
    {
      "type": "Feature",
      "properties": {
        "hex_id": "88446ca851fffff",
        "price_mean_menu": 7.76,
        "price_median_menu": 9.0,
        "n_menu": 17,
        "top_restaurants_menu": "Tacos los brothers|$13.00"
      },
      "geometry": {
        "type": "Polygon",
        "coordinates": [
          [
            [
              -95.41971920642577,
              29.68016571080586
            ],
            [
              -95.41481812184902,
              29.682822996627756
            ],
            [
              -95.4150399844149,
              29.68794287958144
            ],
            [
              -95.42016338291799,
              29.69040562349306
            ],
            [
              -95.42506482748428,
              29.6877482700711
            ],
            [
              -95.42484251354865,
              29.682628240352013
            ]
          ]
        ]
      }
    },
    {
      "type": "Feature",
      "properties": {
        "hex_id": "88446c3035fffff",
        "price_mean_menu": 3.64,
        "price_median_menu": 3.0,
        "n_menu": 16,
        "top_restaurants_menu": "Tacos Sayin|$8.00"
      },
      "geometry": {
        "type": "Polygon",
        "coordinates": [
          [
            [
              -95.35276911187843,
              29.873516656777714
            ],
            [
              -95.34786047345695,
              29.87616645216319
            ],
            [
              -95.34807968074595,
              29.881282637958368
            ],
            [
              -95.35320797903213,
              29.883749175890017
            ],
            [
              -95.35811697963292,
              29.881099314440174
            ],
            [
              -95.35789731975879,
              29.87598298113745
            ]
          ]
        ]
      }
    },
    {
      "type": "Feature",
      "properties": {
        "hex_id": "88446caa6dfffff",
        "price_mean_menu": 7.44,
        "price_median_menu": 7.5,
        "n_menu": 16,
        "top_restaurants_menu": "Tacos y Sopes La Chula Food Truck|$15.00"
      },
      "geometry": {
        "type": "Polygon",
        "coordinates": [
          [
            [
              -95.40169663099135,
              29.61133361795192
            ],
            [
              -95.39679856741468,
              29.61399166385475
            ],
            [
              -95.39701948828414,
              29.61911223241772
            ],
            [
              -95.40213892348709,
              29.621574902168373
            ],
            [
              -95.40703734689906,
              29.61891678850952
            ],
            [
              -95.40681597526348,
              29.613796072870432
            ]
          ]
        ]
      }
    },
    {
      "type": "Feature",
      "properties": {
        "hex_id": "88446c15d3fffff",
        "price_mean_menu": 5.93,
        "price_median_menu": 5.49,
        "n_menu": 20,
        "top_restaurants_menu": "Taqueria Arandas 12|$10.99"
      },
      "geometry": {
        "type": "Polygon",
        "coordinates": [
          [
            [
              -95.24746616128176,
              29.637306812908466
            ],
            [
              -95.2425682951165,
              29.63995730557976
            ],
            [
              -95.24278231963079,
              29.645075276962636
            ],
            [
              -95.24789466062185,
              29.647542904869532
            ],
            [
              -95.25279288906555,
              29.64489234601795
            ],
            [
              -95.25257841423014,
              29.639774225454047
            ]
          ]
        ]
      }
    },
    {
      "type": "Feature",
      "properties": {
        "hex_id": "88446c0665fffff",
        "price_mean_menu": 7.23,
        "price_median_menu": 6.1,
        "n_menu": 130,
        "top_restaurants_menu": "Taqueria Azucena Food Truck|$14.00;;Taqueria Y Neveria San Luis|$13.85"
      },
      "geometry": {
        "type": "Polygon",
        "coordinates": [
          [
            [
              -95.22404213956979,
              29.676143477613632
            ],
            [
              -95.21914285058384,
              29.67879201734895
            ],
            [
              -95.21935589113261,
              29.68390911196171
            ],
            [
              -95.22446867117779,
              29.686377816321023
            ],
            [
              -95.22936832302773,
              29.6837292108101
            ],
            [
              -95.22915483195882,
              29.678611966729736
            ]
          ]
        ]
      }
    },
    {
      "type": "Feature",
      "properties": {
        "hex_id": "88446ca931fffff",
        "price_mean_menu": 2.52,
        "price_median_menu": 2.18,
        "n_menu": 18,
        "top_restaurants_menu": "Taqueria Asadero Albe Food Truck|$7.00"
      },
      "geometry": {
        "type": "Polygon",
        "coordinates": [
          [
            [
              -95.32081314517252,
              29.712785765985156
            ],
            [
              -95.31591150593881,
              29.715437835625835
            ],
            [
              -95.3161289727536,
              29.720555836325133
            ],
            [
              -95.32124853000323,
              29.723021915498723
            ],
            [
              -95.32615053089721,
              29.720369779342125
            ],
            [
              -95.32593261287178,
              29.71525163054222
            ]
          ]
        ]
      }
    },
    {
      "type": "Feature",
      "properties": {
        "hex_id": "88446c0651fffff",
        "price_mean_menu": 5.69,
        "price_median_menu": 5.0,
        "n_menu": 39,
        "top_restaurants_menu": "Taqueria Caminos de Guanajuato Food Truck|$10.00;;Taqueria Charlie|$10.00"
      },
      "geometry": {
        "type": "Polygon",
        "coordinates": [
          [
            [
              -95.27943957501509,
              29.682818236841655
            ],
            [
              -95.2745395356553,
              29.68546912681132
            ],
            [
              -95.27475508325409,
              29.690586940541937
            ],
            [
              -95.27987112100922,
              29.69305401301579
            ],
            [
              -95.2847715224567,
              29.690403056779033
            ],
            [
              -95.28455552405177,
              29.68528509434983
            ]
          ]
        ]
      }
    },
    {
      "type": "Feature",
      "properties": {
        "hex_id": "88446c14cdfffff",
        "price_mean_menu": 6.24,
        "price_median_menu": 5.5,
        "n_menu": 57,
        "top_restaurants_menu": "Taqueria Los Jaliscienses|$16.49;;Taqueria El Alazan Food Truck|$12.00;;Tortas El Tigre Food Truck|$7.00"
      },
      "geometry": {
        "type": "Polygon",
        "coordinates": [
          [
            [
              -95.28621472673613,
              29.60585463610172
            ],
            [
              -95.28131784591771,
              29.60850759967885
            ],
            [
              -95.28153355716907,
              29.61362656656615
            ],
            [
              -95.28664659947248,
              29.616092718566176
            ],
            [
              -95.29154384180343,
              29.613439688294235
            ],
            [
              -95.29132768030891,
              29.608320572731383
            ]
          ]
        ]
      }
    },
    {
      "type": "Feature",
      "properties": {
        "hex_id": "88446c3229fffff",
        "price_mean_menu": 6.66,
        "price_median_menu": 6.99,
        "n_menu": 37,
        "top_restaurants_menu": "Taqueria Donde El Richy Food TruckLlc|$14.00;;Tepatitlan Mexican Grill|$11.99"
      },
      "geometry": {
        "type": "Polygon",
        "coordinates": [
          [
            [
              -95.37957230598066,
              29.79620307634397
            ],
            [
              -95.37466669026976,
              29.79885587846581
            ],
            [
              -95.37488696168857,
              29.803973557109682
            ],
            [
              -95.3800133009077,
              29.80643858085847
            ],
            [
              -95.38491927792063,
              29.803785712059092
            ],
            [
              -95.38469855440297,
              29.798667886202892
            ]
          ]
        ]
      }
    },
    {
      "type": "Feature",
      "properties": {
        "hex_id": "88446c0661fffff",
        "price_mean_menu": 6.88,
        "price_median_menu": 6.5,
        "n_menu": 20,
        "top_restaurants_menu": "Taqueria EL Aragan|$11.00"
      },
      "geometry": {
        "type": "Polygon",
        "coordinates": [
          [
            [
              -95.23405419919327,
              29.675962970189712
            ],
            [
              -95.22915483195882,
              29.678611966729736
            ],
            [
              -95.22936832302773,
              29.6837292108101
            ],
            [
              -95.23448163188277,
              29.6861976076947
            ],
            [
              -95.23938136183251,
              29.683548545283653
            ],
            [
              -95.23916742020226,
              29.678431151873315
            ]
          ]
        ]
      }
    },
    {
      "type": "Feature",
      "properties": {
        "hex_id": "88446c1417fffff",
        "price_mean_menu": 4.81,
        "price_median_menu": 4.5,
        "n_menu": 13,
        "top_restaurants_menu": "Taqueria El Barbón Food Truck|$12.99"
      },
      "geometry": {
        "type": "Polygon",
        "coordinates": [
          [
            [
              -95.26619671477631,
              29.60622731267494
            ],
            [
              -95.26129998745851,
              29.608879364442743
            ],
            [
              -95.26151479834581,
              29.613998033565416
            ],
            [
              -95.26662678670299,
              29.61646479988579
            ],
            [
              -95.27152387583106,
              29.61381268161377
            ],
            [
              -95.27130861478211,
              29.608693863539877
            ]
          ]
        ]
      }
    },
    {
      "type": "Feature",
      "properties": {
        "hex_id": "88446ca927fffff",
        "price_mean_menu": 9.5,
        "price_median_menu": 10.0,
        "n_menu": 18,
        "top_restaurants_menu": "Taqueria El Aragan Food Truck|$15.00"
      },
      "geometry": {
        "type": "Polygon",
        "coordinates": [
          [
            [
              -95.29543802855757,
              29.70557233467426
            ],
            [
              -95.29053690303073,
              29.70822342348879
            ],
            [
              -95.29075321320231,
              29.71334115532555
            ],
            [
              -95.29587109993979,
              29.715807946819158
            ],
            [
              -95.30077258745824,
              29.7131567916939
            ],
            [
              -95.30055582623807,
              29.7080389114001
            ]
          ]
        ]
      }
    },
    {
      "type": "Feature",
      "properties": {
        "hex_id": "88446c32a1fffff",
        "price_mean_menu": 5.82,
        "price_median_menu": 4.62,
        "n_menu": 33,
        "top_restaurants_menu": "Taqueria El Charro|$14.75"
      },
      "geometry": {
        "type": "Polygon",
        "coordinates": [
          [
            [
              -95.41233334673932,
              29.857049549253464
            ],
            [
              -95.40742491438573,
              29.859702426145976
            ],
            [
              -95.407646778629,
              29.864819706582374
            ],
            [
              -95.41277752792124,
              29.8672842568434
            ],
            [
              -95.41768632146375,
              29.864631313249596
            ],
            [
              -95.41746400451575,
              29.85951388611052
            ]
          ]
        ]
      }
    },
    {
      "type": "Feature",
      "properties": {
        "hex_id": "88446c0641fffff",
        "price_mean_menu": 11.32,
        "price_median_menu": 11.74,
        "n_menu": 18,
        "top_restaurants_menu": "Taqueria El Nopalito|$12.99"
      },
      "geometry": {
        "type": "Polygon",
        "coordinates": [
          [
            [
              -95.25876478648443,
              29.667831643533585
            ],
            [
              -95.25386554859774,
              29.670481944320144
            ],
            [
              -95.25408013759288,
              29.675599662513154
            ],
            [
              -95.25919441506869,
              29.67806722893117
            ],
            [
              -95.26409401525585,
              29.67541686200189
            ],
            [
              -95.26387897565712,
              29.670298994811617
            ]
          ]
        ]
      }
    },
    {
      "type": "Feature",
      "properties": {
        "hex_id": "88446ca93dfffff",
        "price_mean_menu": 4.64,
        "price_median_menu": 4.75,
        "n_menu": 23,
        "top_restaurants_menu": "Taqueria El Rey Del Tacorriendo Food Truck|$10.00"
      },
      "geometry": {
        "type": "Polygon",
        "coordinates": [
          [
            [
              -95.31547663019948,
              29.705201630204407
            ],
            [
              -95.31057535265833,
              29.70785363334372
            ],
            [
              -95.31079256496781,
              29.712971661956658
            ],
            [
              -95.31591150593881,
              29.715437835625835
            ],
            [
              -95.32081314517252,
              29.712785765985156
            ],
            [
              -95.32059548173316,
              29.707667589191022
            ]
          ]
        ]
      }
    },
    {
      "type": "Feature",
      "properties": {
        "hex_id": "88446c068bfffff",
        "price_mean_menu": 13.57,
        "price_median_menu": 12.99,
        "n_menu": 19,
        "top_restaurants_menu": "Taqueria El Sol De Mexico|$14.99"
      },
      "geometry": {
        "type": "Polygon",
        "coordinates": [
          [
            [
              -95.30207355882136,
              29.743862643004483
            ],
            [
              -95.29717077537498,
              29.746513148222466
            ],
            [
              -95.29738745524557,
              29.75163044250228
            ],
            [
              -95.30250736992448,
              29.75409737990826
            ],
            [
              -95.30741051550093,
              29.751446808497064
            ],
            [
              -95.30719338425885,
              29.746329365887462
            ]
          ]
        ]
      }
    },
    {
      "type": "Feature",
      "properties": {
        "hex_id": "88446c048bfffff",
        "price_mean_menu": 5.77,
        "price_median_menu": 5.5,
        "n_menu": 39,
        "top_restaurants_menu": "Taqueria El Vale Food Truck|$13.00;;Taqueria Los Reyes|$10.00"
      },
      "geometry": {
        "type": "Polygon",
        "coordinates": [
          [
            [
              -95.2692606941741,
              29.798225283944582
            ],
            [
              -95.26435590961472,
              29.800873044478614
            ],
            [
              -95.26457121061557,
              29.805989094678335
            ],
            [
              -95.26969174781867,
              29.808457533088102
            ],
            [
              -95.27459689533083,
              29.80580970692523
            ],
            [
              -95.27438114267746,
              29.800693507995774
            ]
          ]
        ]
      }
    },
    {
      "type": "Feature",
      "properties": {
        "hex_id": "88446c3353fffff",
        "price_mean_menu": 12.75,
        "price_median_menu": 11.0,
        "n_menu": 27,
        "top_restaurants_menu": "Teotihuacan|$21.99;;Taqueria El Yucateco|$11.50"
      },
      "geometry": {
        "type": "Polygon",
        "coordinates": [
          [
            [
              -95.35951022992761,
              29.796577669555205
            ],
            [
              -95.35460476263162,
              29.799229555065445
            ],
            [
              -95.35482412997338,
              29.80434693887031
            ],
            [
              -95.3599494166201,
              29.80681258466789
            ],
            [
              -95.3648552455191,
              29.804160632670623
            ],
            [
              -95.36463542615896,
              29.799043101377194
            ]
          ]
        ]
      }
    },
    {
      "type": "Feature",
      "properties": {
        "hex_id": "88446ca935fffff",
        "price_mean_menu": 4.4,
        "price_median_menu": 4.75,
        "n_menu": 18,
        "top_restaurants_menu": "Taqueria Elena|$7.50"
      },
      "geometry": {
        "type": "Polygon",
        "coordinates": [
          [
            [
              -95.31079256496781,
              29.712971661956658
            ],
            [
              -95.30589100144194,
              29.71562327434194
            ],
            [
              -95.30610801708666,
              29.720741126802686
            ],
            [
              -95.3112270474178,
              29.723207515131044
            ],
            [
              -95.3161289727536,
              29.720555836325133
            ],
            [
              -95.31591150593881,
              29.715437835625835
            ]
          ]
        ]
      }
    },
    {
      "type": "Feature",
      "properties": {
        "hex_id": "88446c06cdfffff",
        "price_mean_menu": 3.31,
        "price_median_menu": 3.21,
        "n_menu": 20,
        "top_restaurants_menu": "Taqueria Guadalajara|$4.95"
      },
      "geometry": {
        "type": "Polygon",
        "coordinates": [
          [
            [
              -95.29075321320231,
              29.71334115532555
            ],
            [
              -95.28585180199076,
              29.71599185318624
            ],
            [
              -95.28606791541729,
              29.721109408756185
            ],
            [
              -95.29118589113455,
              29.723576414994106
            ],
            [
              -95.29608766445506,
              29.720925650903432
            ],
            [
              -95.29587109993979,
              29.715807946819158
            ]
          ]
        ]
      }
    },
    {
      "type": "Feature",
      "properties": {
        "hex_id": "88446ca8b7fffff",
        "price_mean_menu": 6.07,
        "price_median_menu": 6.75,
        "n_menu": 13,
        "top_restaurants_menu": "Taqueria La India|$8.75"
      },
      "geometry": {
        "type": "Polygon",
        "coordinates": [
          [
            [
              -95.42371963478001,
              29.772315114389265
            ],
            [
              -95.41881466243301,
              29.77497046456701
            ],
            [
              -95.41903687978318,
              29.780089116429473
            ],
            [
              -95.42416452156776,
              29.782552564754226
            ],
            [
              -95.42906985441125,
              29.779897147372086
            ],
            [
              -95.42884718496441,
              29.77477834888403
            ]
          ]
        ]
      }
    },
    {
      "type": "Feature",
      "properties": {
        "hex_id": "88446c14b5fffff",
        "price_mean_menu": 6.28,
        "price_median_menu": 7.0,
        "n_menu": 19,
        "top_restaurants_menu": "Taqueria Jasmin Food Truck|$10.00"
      },
      "geometry": {
        "type": "Polygon",
        "coordinates": [
          [
            [
              -95.27346208442674,
              29.659879046965298
            ],
            [
              -95.26856305446911,
              29.662530194813417
            ],
            [
              -95.2687782907459,
              29.667648237332582
            ],
            [
              -95.27389300757523,
              29.670115280820056
            ],
            [
              -95.27879239956712,
              29.667464066652986
            ],
            [
              -95.27857671268585,
              29.66234587533169
            ]
          ]
        ]
      }
    },
    {
      "type": "Feature",
      "properties": {
        "hex_id": "88446c3313fffff",
        "price_mean_menu": 5.18,
        "price_median_menu": 5.25,
        "n_menu": 29,
        "top_restaurants_menu": "Taqueria La Chispa Food Truck|$9.00"
      },
      "geometry": {
        "type": "Polygon",
        "coordinates": [
          [
            [
              -95.35548234891311,
              29.819698673139957
            ],
            [
              -95.35057594562102,
              29.82234984095345
            ],
            [
              -95.35079517457618,
              29.82746683772917
            ],
            [
              -95.35592125899423,
              29.829932814227853
            ],
            [
              -95.3608280240922,
              29.827281580073368
            ],
            [
              -95.3606083429568,
              29.822164435775605
            ]
          ]
        ]
      }
    },
    {
      "type": "Feature",
      "properties": {
        "hex_id": "88446c32a7fffff",
        "price_mean_menu": 10.38,
        "price_median_menu": 10.5,
        "n_menu": 16,
        "top_restaurants_menu": "Taqueria Lagos De Jalisco|$18.00"
      },
      "geometry": {
        "type": "Polygon",
        "coordinates": [
          [
            [
              -95.407646778629,
              29.864819706582374
            ],
            [
              -95.40273805808728,
              29.86747219101079
            ],
            [
              -95.40295972554026,
              29.872589292306806
            ],
            [
              -95.40809056627113,
              29.875054055948702
            ],
            [
              -95.41299964811974,
              29.872401504899255
            ],
            [
              -95.41277752792124,
              29.8672842568434
            ]
          ]
        ]
      }
    },
    {
      "type": "Feature",
      "properties": {
        "hex_id": "88446c15d9fffff",
        "price_mean_menu": 4.92,
        "price_median_menu": 4.0,
        "n_menu": 58,
        "top_restaurants_menu": "Taqueria LDQ|$12.00;;Taquería De Jalisco|$11.99"
      },
      "geometry": {
        "type": "Polygon",
        "coordinates": [
          [
            [
              -95.24682355473848,
              29.621952174650737
            ],
            [
              -95.24192633542894,
              29.62460299112052
            ],
            [
              -95.24214030301809,
              29.62972116257811
            ],
            [
              -95.24725194010762,
              29.632188666784117
            ],
            [
              -95.25214952161018,
              29.629537784067455
            ],
            [
              -95.25193510382057,
              29.624419463405953
            ]
          ]
        ]
      }
    },
    {
      "type": "Feature",
      "properties": {
        "hex_id": "88446c3165fffff",
        "price_mean_menu": 5.06,
        "price_median_menu": 4.5,
        "n_menu": 27,
        "top_restaurants_menu": "Taqueria Las Aguilas|$9.00"
      },
      "geometry": {
        "type": "Polygon",
        "coordinates": [
          [
            [
              -95.26586341823462,
              29.836683935673452
            ],
            [
              -95.26095704996851,
              29.839330648003067
            ],
            [
              -95.26117226847066,
              29.844446101360518
            ],
            [
              -95.26629430716447,
              29.846914991141897
            ],
            [
              -95.27120103867239,
              29.844268213395292
            ],
            [
              -95.27098536823505,
              29.83915261129864
            ]
          ]
        ]
      }
    },
    {
      "type": "Feature",
      "properties": {
        "hex_id": "88446c14b3fffff",
        "price_mean_menu": 4.32,
        "price_median_menu": 4.0,
        "n_menu": 17,
        "top_restaurants_menu": "Taqueria Llenito Food Truck|$8.00"
      },
      "geometry": {
        "type": "Polygon",
        "coordinates": [
          [
            [
              -95.28880711239101,
              29.66727913136599
            ],
            [
              -95.28390764379499,
              29.669930802216577
            ],
            [
              -95.28412358472346,
              29.67504896698804
            ],
            [
              -95.28923944496445,
              29.677515609507086
            ],
            [
              -95.29413927541366,
              29.674863872227764
            ],
            [
              -95.29392288375914,
              29.669745558872446
            ]
          ]
        ]
      }
    },
    {
      "type": "Feature",
      "properties": {
        "hex_id": "88446c06d1fffff",
        "price_mean_menu": 4.04,
        "price_median_menu": 2.88,
        "n_menu": 20,
        "top_restaurants_menu": "Taqueria Los Mexicanos Food Truck|$9.00"
      },
      "geometry": {
        "type": "Polygon",
        "coordinates": [
          [
            [
              -95.3167814890092,
              29.73590942941092
            ],
            [
              -95.31187891570876,
              29.738560783555968
            ],
            [
              -95.31209624371361,
              29.74367840301909
            ],
            [
              -95.31721659638127,
              29.74614481648613
            ],
            [
              -95.32211953154459,
              29.743493395971885
            ],
            [
              -95.32190175216783,
              29.738375628374147
            ]
          ]
        ]
      }
    },
    {
      "type": "Feature",
      "properties": {
        "hex_id": "88446caa09fffff",
        "price_mean_menu": 10.46,
        "price_median_menu": 10.5,
        "n_menu": 24,
        "top_restaurants_menu": "Taqueria Maggie Food Truck|$14.50"
      },
      "geometry": {
        "type": "Polygon",
        "coordinates": [
          [
            [
              -95.43241838647464,
              29.626106330608415
            ],
            [
              -95.42751945843365,
              29.628765424277454
            ],
            [
              -95.4277417908679,
              29.633886233519185
            ],
            [
              -95.43286350233981,
              29.636348095744523
            ],
            [
              -95.43776278984954,
              29.633688934100803
            ],
            [
              -95.43754000640939,
              29.628567978220836
            ]
          ]
        ]
      }
    },
    {
      "type": "Feature",
      "properties": {
        "hex_id": "88446c335bfffff",
        "price_mean_menu": 3.07,
        "price_median_menu": 3.0,
        "n_menu": 14,
        "top_restaurants_menu": "Taqueria Mi Castillo|$5.50"
      },
      "geometry": {
        "type": "Polygon",
        "coordinates": [
          [
            [
              -95.36419584600164,
              29.788807830677005
            ],
            [
              -95.3592906658332,
              29.79146010792797
            ],
            [
              -95.35951022992761,
              29.796577669555205
            ],
            [
              -95.36463542615896,
              29.799043101377194
            ],
            [
              -95.3695409678127,
              29.796390757558736
            ],
            [
              -95.36932095174039,
              29.791273048500184
            ]
          ]
        ]
      }
    },
    {
      "type": "Feature",
      "properties": {
        "hex_id": "88446c062bfffff",
        "price_mean_menu": 3.53,
        "price_median_menu": 2.75,
        "n_menu": 41,
        "top_restaurants_menu": "Taqueria Rocio La Escondida Food Truck|$8.00"
      },
      "geometry": {
        "type": "Polygon",
        "coordinates": [
          [
            [
              -95.24002330060642,
              29.698900320474465
            ],
            [
              -95.23512292312313,
              29.701549057580216
            ],
            [
              -95.23533672480161,
              29.70666607218751
            ],
            [
              -95.24045135471688,
              29.70913449892972
            ],
            [
              -95.24535209496948,
              29.70648569600469
            ],
            [
              -95.24513784252784,
              29.70136853217102
            ]
          ]
        ]
      }
    },
    {
      "type": "Feature",
      "properties": {
        "hex_id": "88446c304dfffff",
        "price_mean_menu": 5.19,
        "price_median_menu": 5.25,
        "n_menu": 8,
        "top_restaurants_menu": "Taqueria San Miguel|$8.99"
      },
      "geometry": {
        "type": "Polygon",
        "coordinates": [
          [
            [
              -95.36551482075667,
              29.819512809358606
            ],
            [
              -95.3606083429568,
              29.822164435775605
            ],
            [
              -95.3608280240922,
              29.827281580073368
            ],
            [
              -95.36595463523861,
              29.829747245352543
            ],
            [
              -95.37086147469384,
              29.827095552499276
            ],
            [
              -95.37064134133789,
              29.821978260817524
            ]
          ]
        ]
      }
    },
    {
      "type": "Feature",
      "properties": {
        "hex_id": "88446c3163fffff",
        "price_mean_menu": 10.11,
        "price_median_menu": 10.5,
        "n_menu": 18,
        "top_restaurants_menu": "Taqueria Tierra caliente|$15.00"
      },
      "geometry": {
        "type": "Polygon",
        "coordinates": [
          [
            [
              -95.2812304151258,
              29.84408955626353
            ],
            [
              -95.27632360655501,
              29.846736792941883
            ],
            [
              -95.27653953174593,
              29.85185236431111
            ],
            [
              -95.28166271755538,
              29.854320847537007
            ],
            [
              -95.28656988918617,
              29.851673545331234
            ],
            [
              -95.2863535119379,
              29.846557825441334
            ]
          ]
        ]
      }
    },
    {
      "type": "Feature",
      "properties": {
        "hex_id": "88446c05d3fffff",
        "price_mean_menu": 4.04,
        "price_median_menu": 2.5,
        "n_menu": 20,
        "top_restaurants_menu": "Taqueria y Refresqueria botanera|$9.19"
      },
      "geometry": {
        "type": "Polygon",
        "coordinates": [
          [
            [
              -95.21914324296944,
              29.79911374179439
            ],
            [
              -95.2142388482092,
              29.801759210534335
            ],
            [
              -95.2144518915646,
              29.806874515020308
            ],
            [
              -95.21956978111702,
              29.809344500198613
            ],
            [
              -95.22447453957652,
              29.806698966307255
            ],
            [
              -95.2242610447746,
              29.801583512403315
            ]
          ]
        ]
      }
    },
    {
      "type": "Feature",
      "properties": {
        "hex_id": "88446c3243fffff",
        "price_mean_menu": 15.35,
        "price_median_menu": 15.18,
        "n_menu": 6,
        "top_restaurants_menu": "Taquerias Arandas|$16.99"
      },
      "geometry": {
        "type": "Polygon",
        "coordinates": [
          [
            [
              -95.40900450251061,
              29.78028031604352
            ],
            [
              -95.4040993150759,
              29.78293481725618
            ],
            [
              -95.40432088386841,
              29.788053145169258
            ],
            [
              -95.40944809218391,
              29.790517118705395
            ],
            [
              -95.41435364038375,
              29.787862550463927
            ],
            [
              -95.41413161949365,
              29.782744075729557
            ]
          ]
        ]
      }
    },
    {
      "type": "Feature",
      "properties": {
        "hex_id": "88446cac2bfffff",
        "price_mean_menu": 10.24,
        "price_median_menu": 8.99,
        "n_menu": 14,
        "top_restaurants_menu": "Tasty Box|$14.99"
      },
      "geometry": {
        "type": "Polygon",
        "coordinates": [
          [
            [
              -95.52543439698316,
              29.80107501338145
            ],
            [
              -95.52052741689124,
              29.80373429919756
            ],
            [
              -95.52075427786488,
              29.80885399445069
            ],
            [
              -95.52588857165472,
              29.81131454909565
            ],
            [
              -95.53079591089701,
              29.808655195255877
            ],
            [
              -95.53056859718998,
              29.803535354809327
            ]
          ]
        ]
      }
    },
    {
      "type": "Feature",
      "properties": {
        "hex_id": "88446c3a5bfffff",
        "price_mean_menu": 10.49,
        "price_median_menu": 12.95,
        "n_menu": 29,
        "top_restaurants_menu": "Tb pho grill|$19.95"
      },
      "geometry": {
        "type": "Polygon",
        "coordinates": [
          [
            [
              -95.26117226847066,
              29.844446101360518
            ],
            [
              -95.25626561432594,
              29.84709242017166
            ],
            [
              -95.25648063552518,
              29.852207694086335
            ],
            [
              -95.2616027628348,
              29.854676798000334
            ],
            [
              -95.26650978033902,
              29.852030413852713
            ],
            [
              -95.26629430716447,
              29.846914991141897
            ]
          ]
        ]
      }
    },
    {
      "type": "Feature",
      "properties": {
        "hex_id": "88446c3067fffff",
        "price_mean_menu": 8.47,
        "price_median_menu": 9.49,
        "n_menu": 10,
        "top_restaurants_menu": "Tekila Mexican Grill|$11.99"
      },
      "geometry": {
        "type": "Polygon",
        "coordinates": [
          [
            [
              -95.34141937377322,
              29.84300145369702
            ],
            [
              -95.33651210913546,
              29.84565144388246
            ],
            [
              -95.33673074728277,
              29.850767904308174
            ],
            [
              -95.3418571023601,
              29.853234522256233
            ],
            [
              -95.34676472915714,
              29.850584465971025
            ],
            [
              -95.34654563870812,
              29.845467857851922
            ]
          ]
        ]
      }
    },
    {
      "type": "Feature",
      "properties": {
        "hex_id": "88446c0413fffff",
        "price_mean_menu": 9.86,
        "price_median_menu": 11.49,
        "n_menu": 24,
        "top_restaurants_menu": "Tepatitlán Mexican Grill|$14.99"
      },
      "geometry": {
        "type": "Polygon",
        "coordinates": [
          [
            [
              -95.24792460779769,
              29.767886349095054
            ],
            [
              -95.24302127536822,
              29.770533847261913
            ],
            [
              -95.24323555900364,
              29.77565001420344
            ],
            [
              -95.24835362638699,
              29.778118832044765
            ],
            [
              -95.25325732189664,
              29.775471268308294
            ],
            [
              -95.25304258693312,
              29.770354952314417
            ]
          ]
        ]
      }
    },
    {
      "type": "Feature",
      "properties": {
        "hex_id": "88446c2ad7fffff",
        "price_mean_menu": 5.48,
        "price_median_menu": 4.79,
        "n_menu": 12,
        "top_restaurants_menu": "Teriyaki Madness|$9.89"
      },
      "geometry": {
        "type": "Polygon",
        "coordinates": [
          [
            [
              -95.25548125152581,
              30.067155157683025
            ],
            [
              -95.25056528210307,
              30.069795989671817
            ],
            [
              -95.25078045608994,
              30.07490791651902
            ],
            [
              -95.25591205316772,
              30.077379160040795
            ],
            [
              -95.26082838742275,
              30.07473826380086
            ],
            [
              -95.26061275975803,
              30.069626188304685
            ]
          ]
        ]
      }
    },
    {
      "type": "Feature",
      "properties": {
        "hex_id": "88446c151bfffff",
        "price_mean_menu": 23.32,
        "price_median_menu": 24.99,
        "n_menu": 3,
        "top_restaurants_menu": "The Famous Crab|$25.99"
      },
      "geometry": {
        "type": "Polygon",
        "coordinates": [
          [
            [
              -95.21084086261281,
              29.599559385767318
            ],
            [
              -95.20594488685246,
              29.60220909191874
            ],
            [
              -95.20615719435145,
              29.60732703871056
            ],
            [
              -95.21126592747673,
              29.609795429085153
            ],
            [
              -95.21616226582142,
              29.60714565692065
            ],
            [
              -95.21594950844677,
              29.602027560408878
            ]
          ]
        ]
      }
    },
    {
      "type": "Feature",
      "properties": {
        "hex_id": "88446c3263fffff",
        "price_mean_menu": 14.66,
        "price_median_menu": 16.99,
        "n_menu": 12,
        "top_restaurants_menu": "The Gypsy Poet|$18.99"
      },
      "geometry": {
        "type": "Polygon",
        "coordinates": [
          [
            [
              -95.3842571661733,
              29.788432026329918
            ],
            [
              -95.37935183789024,
              29.791085219992212
            ],
            [
              -95.37957230598066,
              29.79620307634397
            ],
            [
              -95.38469855440297,
              29.798667886202892
            ],
            [
              -95.38960424387032,
              29.796014625782608
            ],
            [
              -95.38938332372166,
              29.790896622275806
            ]
          ]
        ]
      }
    },
    {
      "type": "Feature",
      "properties": {
        "hex_id": "88446c0499fffff",
        "price_mean_menu": 7.33,
        "price_median_menu": 8.0,
        "n_menu": 9,
        "top_restaurants_menu": "Tinos Tacos|$10.00"
      },
      "geometry": {
        "type": "Polygon",
        "coordinates": [
          [
            [
              -95.28462318571059,
              29.80562955097364
            ],
            [
              -95.27971796128774,
              29.808277835579457
            ],
            [
              -95.27993396855499,
              29.81339400467492
            ],
            [
              -95.28505565201003,
              29.815862037690167
            ],
            [
              -95.28996123920399,
              29.813213687345225
            ],
            [
              -95.28974478016221,
              29.808097369738512
            ]
          ]
        ]
      }
    },
    {
      "type": "Feature",
      "properties": {
        "hex_id": "88446dd165fffff",
        "price_mean_menu": 3.67,
        "price_median_menu": 3.59,
        "n_menu": 19,
        "top_restaurants_menu": "Tim Hortons|$10.49"
      },
      "geometry": {
        "type": "Polygon",
        "coordinates": [
          [
            [
              -95.75795699010173,
              29.82703091762016
            ],
            [
              -95.75304719279724,
              29.829700106706802
            ],
            [
              -95.75328460292852,
              29.834822685627692
            ],
            [
              -95.75843226420885,
              29.837276217423398
            ],
            [
              -95.76334241730744,
              29.834606958264647
            ],
            [
              -95.763104553323,
              29.829484237397
            ]
          ]
        ]
      }
    },
    {
      "type": "Feature",
      "properties": {
        "hex_id": "88446c064bfffff",
        "price_mean_menu": 6.01,
        "price_median_menu": 6.95,
        "n_menu": 9,
        "top_restaurants_menu": "Tortilleria LA FE|$6.96"
      },
      "geometry": {
        "type": "Polygon",
        "coordinates": [
          [
            [
              -95.2687782907459,
              29.667648237332582
            ],
            [
              -95.26387897565712,
              29.670298994811617
            ],
            [
              -95.26409401525585,
              29.67541686200189
            ],
            [
              -95.2692088205782,
              29.677884120586935
            ],
            [
              -95.2741084978184,
              29.675233296869823
            ],
            [
              -95.27389300757523,
              29.670115280820056
            ]
          ]
        ]
      }
    },
    {
      "type": "Feature",
      "properties": {
        "hex_id": "88446c1583fffff",
        "price_mean_menu": 4.62,
        "price_median_menu": 2.99,
        "n_menu": 32,
        "top_restaurants_menu": "Tortilleria La Real 4 La Reyna|$12.59"
      },
      "geometry": {
        "type": "Polygon",
        "coordinates": [
          [
            [
              -95.22276299861802,
              29.64543884837221
            ],
            [
              -95.21786500401565,
              29.648088037991947
            ],
            [
              -95.21807793122713,
              29.653205535539325
            ],
            [
              -95.22318930331,
              29.65567399299494
            ],
            [
              -95.2280876606051,
              29.653024737466676
            ],
            [
              -95.22787428311494,
              29.64790709040559
            ]
          ]
        ]
      }
    },
    {
      "type": "Feature",
      "properties": {
        "hex_id": "88446c3049fffff",
        "price_mean_menu": 9.22,
        "price_median_menu": 10.0,
        "n_menu": 8,
        "top_restaurants_menu": "Tostada Regia|$12.00"
      },
      "geometry": {
        "type": "Polygon",
        "coordinates": [
          [
            [
              -95.37554789334477,
              29.819326175801734
            ],
            [
              -95.37064134133789,
              29.821978260817524
            ],
            [
              -95.37086147469384,
              29.827095552499276
            ],
            [
              -95.37598861230806,
              29.829560906425534
            ],
            [
              -95.38089552581972,
              29.826908754878207
            ],
            [
              -95.38067494020297,
              29.82179131595058
            ]
          ]
        ]
      }
    },
    {
      "type": "Feature",
      "properties": {
        "hex_id": "88446c025bfffff",
        "price_mean_menu": 10.99,
        "price_median_menu": 9.5,
        "n_menu": 34,
        "top_restaurants_menu": "Trents Pizzeria|$21.00"
      },
      "geometry": {
        "type": "Polygon",
        "coordinates": [
          [
            [
              -95.14488216430539,
              29.57769606756758
            ],
            [
              -95.13998767586864,
              29.58034329796664
            ],
            [
              -95.1401969766982,
              29.585460565005423
            ],
            [
              -95.14530121538003,
              29.58793075230695
            ],
            [
              -95.15019606723361,
              29.58528345641501
            ],
            [
              -95.14998631697871,
              29.580166038728617
            ]
          ]
        ]
      }
    },
    {
      "type": "Feature",
      "properties": {
        "hex_id": "88446c3227fffff",
        "price_mean_menu": 7.07,
        "price_median_menu": 6.0,
        "n_menu": 38,
        "top_restaurants_menu": "Trigos|$22.25"
      },
      "geometry": {
        "type": "Polygon",
        "coordinates": [
          [
            [
              -95.37020113328468,
              29.81174346824266
            ],
            [
              -95.36529494281537,
              29.814395486741773
            ],
            [
              -95.36551482075667,
              29.819512809358606
            ],
            [
              -95.37064134133789,
              29.821978260817524
            ],
            [
              -95.37554789334477,
              29.819326175801734
            ],
            [
              -95.37532756322348,
              29.81420870585811
            ]
          ]
        ]
      }
    },
    {
      "type": "Feature",
      "properties": {
        "hex_id": "88446c15ddfffff",
        "price_mean_menu": 10.64,
        "price_median_menu": 6.75,
        "n_menu": 12,
        "top_restaurants_menu": "Urban Bird Hot Chicken|$39.99"
      },
      "geometry": {
        "type": "Polygon",
        "coordinates": [
          [
            [
              -95.23681531415363,
              29.62213539549568
            ],
            [
              -95.23191817264005,
              29.62478575584957
            ],
            [
              -95.23213169006979,
              29.629903777965538
            ],
            [
              -95.23724279916289,
              29.632371589083508
            ],
            [
              -95.24214030301809,
              29.62972116257811
            ],
            [
              -95.24192633542894,
              29.62460299112052
            ]
          ]
        ]
      }
    }
  ]
}