{
"type": "FeatureCollection",
"name": "hex_r8_overall",
"crs": { "type": "name", "properties": { "name": "urn:ogc:def:crs:OGC:1.3:CRS84" } },
"features": [
{ "type": "Feature", "properties": { "hex_id": "88446c0211fffff", "price_mean": 2.2, "price_median": 2.2, "n": 2, "top_restaurants": "ChIJX50O77mfQIYRU3Ji3Vp1sZo|$$;;ChIJh56Ix-ubQIYRfH6u_AJ1R7Y|$", "z_r": 0.7, "qtile": 3.0 }, "geometry": { "type": "Polygon", "coordinates": [ [ [ -95.130825162376411, 29.60098786663184 ], [ -95.125929825653472, 29.603633925968705 ], [ -95.126138535639839, 29.608750670051396 ], [ -95.131243031882548, 29.611221505630905 ], [ -95.136138732372558, 29.608575381044801 ], [ -95.135929572842954, 29.60345848614261 ], [ -95.130825162376411, 29.60098786663184 ] ] ] } },
{ "type": "Feature", "properties": { "hex_id": "88446c0215fffff", "price_mean": 1.3360085227272727, "price_median": 1.0, "n": 4, "top_restaurants": "ChIJKwRfMhSfQIYRGl3YZs0z5FA|$$;;ChIJn1AeWKKeQIYRf2zyMKxRPjI|$;;ChIJp3Cv8KOeQIYR3nd0TQno5bA|$", "z_r": -0.16399147727272734, "qtile": 0.0 }, "geometry": { "type": "Polygon", "coordinates": [ [ [ -95.120825945759805, 29.601163001450921 ], [ -95.115930690255809, 29.603808604919596 ], [ -95.116138950740847, 29.608925198045522 ], [ -95.121242916221362, 29.611396338673732 ], [ -95.126138535639839, 29.608750670051396 ], [ -95.125929825653472, 29.603633925968705 ], [ -95.120825945759805, 29.601163001450921 ] ] ] } },
{ "type": "Feature", "properties": { "hex_id": "88446c0241fffff", "price_mean": 1.28, "price_median": 1.0, "n": 3, "top_restaurants": "ChIJG_BCnYCdQIYRbXGJYerMbVg|$10–20;;ChIJ11w_tEicQIYR8EJTBSqBEYI|$;;ChIJg7wKDVucQIYRBO_4SlAsxD4|$", "z_r": -0.22, "qtile": 0.0 }, "geometry": { "type": "Polygon", "coordinates": [ [ [ -95.114265270611, 29.562873488059481 ], [ -95.109371671524556, 29.565519676751972 ], [ -95.109579569059534, 29.570636687901843 ], [ -95.114681514850517, 29.573107661455563 ], [ -95.119575477709759, 29.570461407489798 ], [ -95.119367130995315, 29.565344245257762 ], [ -95.114265270611, 29.562873488059481 ] ] ] } },
{ "type": "Feature", "properties": { "hex_id": "88446c0243fffff", "price_mean": 1.2688068181818182, "price_median": 1.0, "n": 5, "top_restaurants": "ChIJ24kSuvidQIYRgxQLHKWNmkc|$$;;ChIJ-wb0LT6cQIYR6KAyqt0L2UU|$;;ChIJ305GfhWcQIYRxPlqk1wOnmM|$", "z_r": -0.23119318181818183, "qtile": 0.0 }, "geometry": { "type": "Polygon", "coordinates": [ [ [ -95.119575477709759, 29.570461407489798 ], [ -95.114681514850517, 29.573107661455563 ], [ -95.114889664632088, 29.578224649809744 ], [ -95.119992226523607, 29.580695535214549 ], [ -95.124886553125066, 29.578049215961254 ], [ -95.124677954082927, 29.572932076604857 ], [ -95.119575477709759, 29.570461407489798 ] ] ] } },
{ "type": "Feature", "properties": { "hex_id": "88446c0247fffff", "price_mean": 1.5508011363636363, "price_median": 1.0, "n": 30, "top_restaurants": "ChIJEeUWETacQIYRd-Lp0WPQG-g|$$;;ChIJt4hAREicQIYRuXAnp2hcJ1A|$$;;ChIJO493lkmcQIYRr9Q4AxZMHpg|$$", "z_r": 0.050801136363636257, "qtile": 1.0 }, "geometry": { "type": "Polygon", "coordinates": [ [ [ -95.109579569059534, 29.570636687901843 ], [ -95.104685687711026, 29.573282486385047 ], [ -95.10489338827395, 29.578399323599765 ], [ -95.109995419394153, 29.580870513484907 ], [ -95.114889664632088, 29.578224649809744 ], [ -95.114681514850517, 29.573107661455563 ], [ -95.109579569059534, 29.570636687901843 ] ] ] } },
{ "type": "Feature", "properties": { "hex_id": "88446c0249fffff", "price_mean": 1.5860546875, "price_median": 1.0, "n": 8, "top_restaurants": "ChIJfSq7HVycQIYRctwQHF8vnpA|$$;;ChIJ3S54GImdQIYRfFGJwUDyB5U|$$;;ChIJk0XJSn2bQIYR-9N3f0q5PDg|$10–20", "z_r": 0.086054687499999893, "qtile": 1.0 }, "geometry": { "type": "Polygon", "coordinates": [ [ [ -95.118950492939192, 29.555109724457246 ], [ -95.114057176148137, 29.557756303178735 ], [ -95.114265270611, 29.562873488059481 ], [ -95.119367130995315, 29.565344245257762 ], [ -95.124260811442539, 29.562697601181693 ], [ -95.124052267839403, 29.557580265276101 ], [ -95.118950492939192, 29.555109724457246 ] ] ] } },
{ "type": "Feature", "properties": { "hex_id": "88446c024dfffff", "price_mean": 1.7008333333333334, "price_median": 1.84, "n": 3, "top_restaurants": "ChIJTfWYvVCcQIYRFaT145eCcaI|$$;;ChIJ35MGmFCcQIYR7hxuVGfTk8A|$10–20;;ChIJIZ_XvVCcQIYRNbfH7m-yuwk|$", "z_r": 0.20083333333333342, "qtile": 1.0 }, "geometry": { "type": "Polygon", "coordinates": [ [ [ -95.108955931707087, 29.5552854581384 ], [ -95.104062696423938, 29.557931581571864 ], [ -95.10427034178845, 29.563048615290533 ], [ -95.109371671524556, 29.565519676751972 ], [ -95.114265270611, 29.562873488059481 ], [ -95.114057176148137, 29.557756303178735 ], [ -95.108955931707087, 29.5552854581384 ] ] ] } },
{ "type": "Feature", "properties": { "hex_id": "88446c0253fffff", "price_mean": 2.2, "price_median": 2.2, "n": 2, "top_restaurants": "ChIJTRAKTwGcQIYRlmoJrGZKsfs|$$;;ChIJG1twMwGcQIYR5hwsmMoT5Pg|$", "z_r": 0.7, "qtile": 3.0 }, "geometry": { "type": "Polygon", "coordinates": [ [ [ -95.140196976698206, 29.585460565005423 ], [ -95.135302205466161, 29.588107405230726 ], [ -95.1355113093922, 29.593224498155031 ], [ -95.140615634005115, 29.59569490157314 ], [ -95.14551076877072, 29.593047995936182 ], [ -95.14530121538003, 29.587930752306949 ], [ -95.140196976698206, 29.585460565005423 ] ] ] } },
{ "type": "Feature", "properties": { "hex_id": "88446c0259fffff", "price_mean": 1.3456521739130434, "price_median": 1.3456521739130434, "n": 1, "top_restaurants": "ChIJ0UahjKWdQIYR42tsstIzy9M|$$", "z_r": -0.15434782608695663, "qtile": 1.0 }, "geometry": { "type": "Polygon", "coordinates": [ [ [ -95.139569129844972, 29.570108566782139 ], [ -95.134675004855794, 29.5727557317026 ], [ -95.134884053200409, 29.577873021923942 ], [ -95.139987675868639, 29.580343297966639 ], [ -95.144882164305386, 29.57769606756758 ], [ -95.144672666616515, 29.572578626618604 ], [ -95.139569129844972, 29.570108566782139 ] ] ] } },
{ "type": "Feature", "properties": { "hex_id": "88446c025bfffff", "price_mean": 3.4, "price_median": 3.4, "n": 1, "top_restaurants": "ChIJDf-1_sKbQIYRMY24y6paEys|$$", "z_r": 1.9, "qtile": 3.0 }, "geometry": { "type": "Polygon", "coordinates": [ [ [ -95.144882164305386, 29.57769606756758 ], [ -95.139987675868639, 29.580343297966639 ], [ -95.140196976698206, 29.585460565005423 ], [ -95.14530121538003, 29.587930752306949 ], [ -95.150196067233608, 29.585283456415009 ], [ -95.149986316978712, 29.580166038728617 ], [ -95.144882164305386, 29.57769606756758 ] ] ] } },
{ "type": "Feature", "properties": { "hex_id": "88446c02c5fffff", "price_mean": 3.4, "price_median": 3.4, "n": 1, "top_restaurants": "ChIJJ5_k2MqeQIYR15KlMcXwWNg|$$", "z_r": 1.9, "qtile": 3.0 }, "geometry": { "type": "Polygon", "coordinates": [ [ [ -95.141453171278911, 29.616162782413536 ], [ -95.136557107052525, 29.618808972263224 ], [ -95.136766322207819, 29.623925668418401 ], [ -95.141872051285162, 29.62639632539743 ], [ -95.146768479217144, 29.623750070269772 ], [ -95.146558814356325, 29.618633223455248 ], [ -95.141453171278911, 29.616162782413536 ] ] ] } },
{ "type": "Feature", "properties": { "hex_id": "88446c02c7fffff", "price_mean": 1.21, "price_median": 1.0, "n": 4, "top_restaurants": "ChIJEZ0Ny0qfQIYR_a9fnM6nn0M|$10–20;;ChIJByVlGwCfQIYRzl0HPihqWc8|$;;ChIJ8Xy3GACfQIYRqyZALJKX1-M|None", "z_r": -0.29, "qtile": 0.0 }, "geometry": { "type": "Polygon", "coordinates": [ [ [ -95.146768479217144, 29.623750070269772 ], [ -95.141872051285162, 29.62639632539743 ], [ -95.142081519139253, 29.631512997248443 ], [ -95.147187864702161, 29.633983564565231 ], [ -95.152084656308944, 29.6313372441452 ], [ -95.15187473866817, 29.626220421714955 ], [ -95.146768479217144, 29.623750070269772 ] ] ] } },
{ "type": "Feature", "properties": { "hex_id": "88446c02ddfffff", "price_mean": 1.0, "price_median": 1.0, "n": 3, "top_restaurants": "ChIJ8Xzx5BmZQIYRdagZuXUq6bc|$;;ChIJPcOwGr2ZQIYRnjFM5f8r6rs|None;;ChIJIXJIYgWZQIYRLMpCfw1RLhE|$", "z_r": -0.5, "qtile": 0.0 }, "geometry": { "type": "Polygon", "coordinates": [ [ [ -95.166774625239171, 29.623396588786484 ], [ -95.161878036647551, 29.626043756213381 ], [ -95.162088404116702, 29.631160729085519 ], [ -95.167195810037725, 29.633630684849443 ], [ -95.172092762008532, 29.63098345193913 ], [ -95.171881944669337, 29.625866328762523 ], [ -95.166774625239171, 29.623396588786484 ] ] ] } },
{ "type": "Feature", "properties": { "hex_id": "88446c0407fffff", "price_mean": 1.0, "price_median": 1.0, "n": 2, "top_restaurants": "ChIJT1MqE4ejQIYRpFqNOfr9NVs|$;;ChIJ42iXlLejQIYRutrEMBcDMA8|None", "z_r": -0.5, "qtile": 0.0 }, "geometry": { "type": "Polygon", "coordinates": [ [ [ -95.217224758282171, 29.753071910707121 ], [ -95.212322308918573, 29.755718362218115 ], [ -95.212535182122537, 29.760834287328038 ], [ -95.217650955763702, 29.763303910429968 ], [ -95.222553768568858, 29.760657393569865 ], [ -95.222340444281585, 29.755541318971229 ], [ -95.217224758282171, 29.753071910707121 ] ] ] } },
{ "type": "Feature", "properties": { "hex_id": "88446c0413fffff", "price_mean": 1.96, "price_median": 1.0, "n": 5, "top_restaurants": "ChIJuXuEB6G8QIYRkym1LT_aqLs|$$;;ChIJeR5Ox6a8QIYR_bnmDuQ2PJg|$$;;ChIJA-syrqG8QIYRZZRwFzfX9PM|$", "z_r": 0.46, "qtile": 2.0 }, "geometry": { "type": "Polygon", "coordinates": [ [ [ -95.247924607797685, 29.767886349095054 ], [ -95.243021275368221, 29.770533847261913 ], [ -95.243235559003637, 29.775650014203439 ], [ -95.248353626386987, 29.778118832044765 ], [ -95.253257321896641, 29.775471268308294 ], [ -95.25304258693312, 29.770354952314417 ], [ -95.247924607797685, 29.767886349095054 ] ] ] } },
{ "type": "Feature", "properties": { "hex_id": "88446c0417fffff", "price_mean": 2.56, "price_median": 2.62, "n": 4, "top_restaurants": "ChIJy_MiYAC9QIYRuQCdwr-DRPc|None;;ChIJNQLkoZe9QIYRRNNapzCJzQc|$$;;ChIJd8FM9Ka8QIYR4dcPzMOMgW0|$10–20", "z_r": 1.06, "qtile": 3.0 }, "geometry": { "type": "Polygon", "coordinates": [ [ [ -95.237903825327962, 29.768064935167512 ], [ -95.233000570855893, 29.770711975364794 ], [ -95.233214403204386, 29.775827993116323 ], [ -95.238331941302206, 29.778297119874864 ], [ -95.243235559003637, 29.775650014203439 ], [ -95.243021275368221, 29.770533847261913 ], [ -95.237903825327962, 29.768064935167512 ] ] ] } },
{ "type": "Feature", "properties": { "hex_id": "88446c0421fffff", "price_mean": 1.0, "price_median": 1.0, "n": 2, "top_restaurants": "ChIJ1e6KqV2jQIYRT_TPBimiEtI|None;;ChIJLyCnHMGjQIYRSBY1Dkfm5qY|None", "z_r": -0.5, "qtile": 0.0 }, "geometry": { "type": "Polygon", "coordinates": [ [ [ -95.197190155909354, 29.753424614783455 ], [ -95.192287864552952, 29.756070150719122 ], [ -95.192499835714571, 29.761185776439042 ], [ -95.197614549223289, 29.763656016001331 ], [ -95.202517204318767, 29.761010414907588 ], [ -95.202304782156716, 29.755894639423904 ], [ -95.197190155909354, 29.753424614783455 ] ] ] } },
{ "type": "Feature", "properties": { "hex_id": "88446c0427fffff", "price_mean": 1.8, "price_median": 1.0, "n": 3, "top_restaurants": "ChIJeUo4j2-jQIYRfz0tFFpyPX8|$$;;ChIJIWKo9W-jQIYRCA5ampm9Oz8|$;;ChIJ51g76Y-jQIYRXMUU8VdBVHk|None", "z_r": 0.3, "qtile": 2.0 }, "geometry": { "type": "Polygon", "coordinates": [ [ [ -95.192499835714571, 29.761185776439042 ], [ -95.187597259922725, 29.763830919644427 ], [ -95.187809033792902, 29.768946367475134 ], [ -95.192923834485342, 29.77141682193546 ], [ -95.197826774133631, 29.768771613652778 ], [ -95.197614549223289, 29.763656016001331 ], [ -95.192499835714571, 29.761185776439042 ] ] ] } },
{ "type": "Feature", "properties": { "hex_id": "88446c0431fffff", "price_mean": 1.563076923076923, "price_median": 1.0, "n": 26, "top_restaurants": "ChIJh3G8XVCjQIYRtafUZjs_Z8A|$$$;;ChIJqVjHG1qjQIYRztLvzzwtdmk|$$;;ChIJm73i61CjQIYRuXfsoQgiEfg|$$", "z_r": 0.06307692307692303, "qtile": 1.0 }, "geometry": { "type": "Polygon", "coordinates": [ [ [ -95.217864082878862, 29.768419807310412 ], [ -95.212960985219979, 29.771065931557469 ], [ -95.213173915118489, 29.776181650516175 ], [ -95.21829039387049, 29.778651394707321 ], [ -95.223193855056778, 29.776005205177121 ], [ -95.222980473953953, 29.770889336753214 ], [ -95.217864082878862, 29.768419807310412 ] ] ] } },
{ "type": "Feature", "properties": { "hex_id": "88446c0433fffff", "price_mean": 1.0, "price_median": 1.0, "n": 1, "top_restaurants": "ChIJHdgBqamkQIYRBBW9gDTPNJY|None", "z_r": -0.5, "qtile": 0.0 }, "geometry": { "type": "Polygon", "coordinates": [ [ [ -95.223193855056778, 29.776005205177121 ], [ -95.21829039387049, 29.778651394707321 ], [ -95.218503577751989, 29.783767085062994 ], [ -95.223620674095628, 29.786236735287414 ], [ -95.228524498777816, 29.78359048045926 ], [ -95.228310863610773, 29.778474640718958 ], [ -95.223193855056778, 29.776005205177121 ] ] ] } },
{ "type": "Feature", "properties": { "hex_id": "88446c0435fffff", "price_mean": 2.2, "price_median": 2.2, "n": 6, "top_restaurants": "ChIJe0uXt0ajQIYRtaS5C6WCklM|$$;;ChIJVZy6Bl6jQIYR5sFcCnWsQBk|$$;;ChIJeaTzcFyjQIYRn4BpMeK4dvY|$$", "z_r": 0.7, "qtile": 3.0 }, "geometry": { "type": "Polygon", "coordinates": [ [ [ -95.207845124014625, 29.76859609364142 ], [ -95.202942105211406, 29.771241759908019 ], [ -95.203154583946969, 29.776357329263988 ], [ -95.208270532638949, 29.778827381970391 ], [ -95.213173915118489, 29.776181650516175 ], [ -95.212960985219979, 29.771065931557469 ], [ -95.207845124014625, 29.76859609364142 ] ] ] } },
{ "type": "Feature", "properties": { "hex_id": "88446c0437fffff", "price_mean": 1.0, "price_median": 1.0, "n": 1, "top_restaurants": "ChIJkzqk91ejQIYRYKhKOLNUPZY|None", "z_r": -0.5, "qtile": 0.0 }, "geometry": { "type": "Polygon", "coordinates": [ [ [ -95.213173915118489, 29.776181650516175 ], [ -95.208270532638949, 29.778827381970391 ], [ -95.208483265276286, 29.783942922803885 ], [ -95.21359983162759, 29.786412881719638 ], [ -95.218503577751989, 29.783767085062994 ], [ -95.21829039387049, 29.778651394707321 ], [ -95.213173915118489, 29.776181650516175 ] ] ] } },
{ "type": "Feature", "properties": { "hex_id": "88446c0439fffff", "price_mean": 1.0, "price_median": 1.0, "n": 2, "top_restaurants": "ChIJoV6IKk6jQIYRDWRz_2EmLdM|$1–10;;ChIJkTA6uBijQIYRkJV_U2GiYyo|None", "z_r": -0.5, "qtile": 0.0 }, "geometry": { "type": "Polygon", "coordinates": [ [ [ -95.222553768568858, 29.760657393569865 ], [ -95.217650955763702, 29.763303910429968 ], [ -95.217864082878862, 29.768419807310412 ], [ -95.222980473953953, 29.770889336753214 ], [ -95.227883650169119, 29.768242754529229 ], [ -95.227670071889477, 29.763126708240613 ], [ -95.222553768568858, 29.760657393569865 ] ] ] } },
{ "type": "Feature", "properties": { "hex_id": "88446c043bfffff", "price_mean": 2.3210227272727271, "price_median": 2.6840909090909086, "n": 8, "top_restaurants": "ChIJl2blGVOjQIYRyPriEg4Px2U|$$;;ChIJn3sVg1OjQIYRbxfbELn4ptw|$$;;ChIJk8xpS1OjQIYR_iyorh3tpIk|$$", "z_r": 0.82102272727272707, "qtile": 3.0 }, "geometry": { "type": "Polygon", "coordinates": [ [ [ -95.227883650169119, 29.768242754529229 ], [ -95.222980473953953, 29.770889336753214 ], [ -95.223193855056778, 29.776005205177121 ], [ -95.228310863610773, 29.778474640718958 ], [ -95.233214403204386, 29.775827993116323 ], [ -95.233000570855893, 29.770711975364794 ], [ -95.227883650169119, 29.768242754529229 ] ] ] } },
{ "type": "Feature", "properties": { "hex_id": "88446c043dfffff", "price_mean": 1.4066666666666667, "price_median": 1.0, "n": 18, "top_restaurants": "ChIJiVbjQfCjQIYR4o1cj-yYSLo|$$;;ChIJ3zJl2mOjQIYRNP5RTzOppb8|$$;;ChIJde_wTFujQIYRihFQm5lcGUU|$10–20", "z_r": -0.093333333333333268, "qtile": 1.0 }, "geometry": { "type": "Polygon", "coordinates": [ [ [ -95.212535182122537, 29.760834287328038 ], [ -95.207632448022594, 29.763480346306721 ], [ -95.207845124014625, 29.76859609364142 ], [ -95.212960985219979, 29.771065931557469 ], [ -95.217864082878862, 29.768419807310412 ], [ -95.217650955763702, 29.763303910429968 ], [ -95.212535182122537, 29.760834287328038 ] ] ] } },
{ "type": "Feature", "properties": { "hex_id": "88446c0459fffff", "price_mean": 1.0, "price_median": 1.0, "n": 1, "top_restaurants": "ChIJR2vjRcC9QIYRovKcOgcmMeE|None", "z_r": -0.5, "qtile": 0.0 }, "geometry": { "type": "Polygon", "coordinates": [ [ [ -95.251325393248081, 29.729421953281705 ], [ -95.246423642383178, 29.732070496275437 ], [ -95.24663800892472, 29.737187251986693 ], [ -95.251754577367592, 29.739655613760636 ], [ -95.256656691023991, 29.737007004984559 ], [ -95.256441873436373, 29.73189010023118 ], [ -95.251325393248081, 29.729421953281705 ] ] ] } },
{ "type": "Feature", "properties": { "hex_id": "88446c0481fffff", "price_mean": 1.0, "price_median": 1.0, "n": 2, "top_restaurants": "ChIJfSziO027QIYRz8NeYEwzqcQ|$10–20;;ChIJowwbvg67QIYR8MM4TkqPWwk|$", "z_r": -0.5, "qtile": 0.0 }, "geometry": { "type": "Polygon", "coordinates": [ [ [ -95.2592359899336, 29.79840451084802 ], [ -95.254331282734469, 29.801051813030639 ], [ -95.254546132123821, 29.8061677143629 ], [ -95.259666140314152, 29.808636462394336 ], [ -95.264571210615571, 29.805989094678335 ], [ -95.264355909614721, 29.800873044478614 ], [ -95.2592359899336, 29.79840451084802 ] ] ] } },
{ "type": "Feature", "properties": { "hex_id": "88446c0483fffff", "price_mean": 1.28, "price_median": 1.0, "n": 3, "top_restaurants": "ChIJgSoduK-7QIYRtx0PLfJZqbg|$10–20;;ChIJ682EGw-7QIYRsTRqOzQPnmE|None;;ChIJhXetHA-7QIYRAaI81OfrTaE|$2.96/Regular", "z_r": -0.22, "qtile": 0.0 }, "geometry": { "type": "Polygon", "coordinates": [ [ [ -95.264571210615571, 29.805989094678335 ], [ -95.259666140314152, 29.808636462394336 ], [ -95.259881244155125, 29.813752334054033 ], [ -95.265001869980495, 29.816220986798804 ], [ -95.269907303352284, 29.813573553534543 ], [ -95.269691747818669, 29.808457533088102 ], [ -95.264571210615571, 29.805989094678335 ] ] ] } },
{ "type": "Feature", "properties": { "hex_id": "88446c0489fffff", "price_mean": 1.0, "price_median": 1.0, "n": 2, "top_restaurants": "ChIJVQKY6Ha7QIYRktBjPSWGl_I|None;;ChIJ58ov9Ha7QIYRFnsInr9AExM|$", "z_r": -0.5, "qtile": 0.0 }, "geometry": { "type": "Polygon", "coordinates": [ [ [ -95.263925364963626, 29.790640736202135 ], [ -95.259020943388961, 29.793288431122161 ], [ -95.2592359899336, 29.79840451084802 ], [ -95.264355909614721, 29.800873044478614 ], [ -95.269260694174093, 29.798225283944582 ], [ -95.269045196058016, 29.793109055408298 ], [ -95.263925364963626, 29.790640736202135 ] ] ] } },
{ "type": "Feature", "properties": { "hex_id": "88446c048bfffff", "price_mean": 1.41, "price_median": 1.0, "n": 12, "top_restaurants": "ChIJgWgTtla7QIYRDnrNDb4jS24|$$;;ChIJyzyInOG7QIYRImKv-_Q7kWI|$10–20;;ChIJJf6e-fO7QIYRrImmgsG0D1s|$10–20", "z_r": -0.09, "qtile": 1.0 }, "geometry": { "type": "Polygon", "coordinates": [ [ [ -95.269260694174093, 29.798225283944582 ], [ -95.264355909614721, 29.800873044478614 ], [ -95.264571210615571, 29.805989094678335 ], [ -95.269691747818669, 29.808457533088102 ], [ -95.274596895330831, 29.805809706925231 ], [ -95.274381142677456, 29.800693507995774 ], [ -95.269260694174093, 29.798225283944582 ] ] ] } },
{ "type": "Feature", "properties": { "hex_id": "88446c048dfffff", "price_mean": 1.0, "price_median": 1.0, "n": 2, "top_restaurants": "ChIJaYAy3nG7QIYRlrq5hnLMaSE|$;;ChIJzaRaIOm7QIYRveWXsoJ2P6g|None", "z_r": -0.5, "qtile": 0.0 }, "geometry": { "type": "Polygon", "coordinates": [ [ [ -95.253901641185166, 29.790819802512729 ], [ -95.248997297120141, 29.793467039176793 ], [ -95.24921189213444, 29.79858296995452 ], [ -95.254331282734469, 29.801051813030639 ], [ -95.2592359899336, 29.79840451084802 ], [ -95.259020943388961, 29.793288431122161 ], [ -95.253901641185166, 29.790819802512729 ] ] ] } },
{ "type": "Feature", "properties": { "hex_id": "88446c0491fffff", "price_mean": 2.2, "price_median": 2.2, "n": 2, "top_restaurants": "ChIJ7yEhgiW7QIYRRnXWDwFSDI4|$$;;ChIJDbvGd7S7QIYRBYbECOOjQf4|$", "z_r": 0.7, "qtile": 3.0 }, "geometry": { "type": "Polygon", "coordinates": [ [ [ -95.279933968554985, 29.813394004674919 ], [ -95.275028458122037, 29.81604189648149 ], [ -95.275244268264998, 29.821157886947521 ], [ -95.280366040646015, 29.823626134189613 ], [ -95.285271913967705, 29.82097817672447 ], [ -95.28505565201003, 29.815862037690167 ], [ -95.279933968554985, 29.813394004674919 ] ] ] } },
{ "type": "Feature", "properties": { "hex_id": "88446c0493fffff", "price_mean": 1.0, "price_median": 1.0, "n": 1, "top_restaurants": "ChIJY5fMTPe7QIYRoVhin6Kluxs|None", "z_r": -0.5, "qtile": 0.0 }, "geometry": { "type": "Polygon", "coordinates": [ [ [ -95.285271913967705, 29.82097817672447 ], [ -95.280366040646015, 29.823626134189613 ], [ -95.28058210547492, 29.828742094448081 ], [ -95.28570449551178, 29.831210245743264 ], [ -95.290610731690165, 29.82856222260466 ], [ -95.290394214965431, 29.823446113858683 ], [ -95.285271913967705, 29.82097817672447 ] ] ] } },
{ "type": "Feature", "properties": { "hex_id": "88446c0499fffff", "price_mean": 1.0, "price_median": 1.0, "n": 1, "top_restaurants": "ChIJ0Sh69Eq7QIYRyF-HyMyxaPk|None", "z_r": -0.5, "qtile": 0.0 }, "geometry": { "type": "Polygon", "coordinates": [ [ [ -95.284623185710586, 29.805629550973642 ], [ -95.279717961287744, 29.808277835579457 ], [ -95.279933968554985, 29.813394004674919 ], [ -95.28505565201003, 29.815862037690167 ], [ -95.28996123920399, 29.813213687345225 ], [ -95.289744780162209, 29.808097369738512 ], [ -95.284623185710586, 29.805629550973642 ] ] ] } },
{ "type": "Feature", "properties": { "hex_id": "88446c04abfffff", "price_mean": 1.0, "price_median": 1.0, "n": 1, "top_restaurants": "ChIJ8b8BR2m7QIYRzgf4K8Nzew8|None", "z_r": -0.5, "qtile": 0.0 }, "geometry": { "type": "Polygon", "coordinates": [ [ [ -95.244521660414378, 29.806345566109044 ], [ -95.239616745434276, 29.808992016919976 ], [ -95.239830946013328, 29.814107590593085 ], [ -95.244950513173208, 29.816576862531704 ], [ -95.249855791522549, 29.81393034636347 ], [ -95.249641139333107, 29.808814623628226 ], [ -95.244521660414378, 29.806345566109044 ] ] ] } },
{ "type": "Feature", "properties": { "hex_id": "88446c04b3fffff", "price_mean": 1.3333333333333333, "price_median": 1.0, "n": 3, "top_restaurants": "ChIJbeLKqq27QIYR_tFNTIcqLeM|None;;ChIJ9_neTTq7QIYRBv4JScOh8dA|$1–10;;ChIJS48q5G27QIYRqd89Rsr2Mg0|None", "z_r": -0.16666666666666674, "qtile": 0.0 }, "geometry": { "type": "Polygon", "coordinates": [ [ [ -95.260526670311279, 29.829099531614769 ], [ -95.255620665318887, 29.831746178542343 ], [ -95.255835629225345, 29.836861662319329 ], [ -95.260957049968511, 29.839330648003067 ], [ -95.265863418234616, 29.836683935673452 ], [ -95.265648002474194, 29.831568303076487 ], [ -95.260526670311279, 29.829099531614769 ] ] ] } },
{ "type": "Feature", "properties": { "hex_id": "88446c04b7fffff", "price_mean": 2.0, "price_median": 2.0, "n": 1, "top_restaurants": "ChIJ8ZNeNvG7QIYRjWAQMeGOh-Q|None", "z_r": 0.5, "qtile": 2.0 }, "geometry": { "type": "Polygon", "coordinates": [ [ [ -95.250499862481618, 29.82927709719829 ], [ -95.245593935151547, 29.831923285381368 ], [ -95.245808447245153, 29.837038620200701 ], [ -95.250929338472005, 29.839507915808959 ], [ -95.255835629225345, 29.836861662319329 ], [ -95.255620665318887, 29.831746178542343 ], [ -95.250499862481618, 29.82927709719829 ] ] ] } },
{ "type": "Feature", "properties": { "hex_id": "88446c04c3fffff", "price_mean": 1.0, "price_median": 1.0, "n": 5, "top_restaurants": "ChIJAYK03JW7QIYRC52YwG2rc30|None;;ChIJVSjhY227QIYR9Oz6iEyRm44|None;;ChIJCdQOj527QIYRsVv9aL-voR0|$", "z_r": -0.5, "qtile": 0.0 }, "geometry": { "type": "Polygon", "coordinates": [ [ [ -95.268614257225593, 29.782876390808674 ], [ -95.263710121308279, 29.785524478286181 ], [ -95.263925364963626, 29.790640736202135 ], [ -95.269045196058016, 29.793109055408298 ], [ -95.2739496948425, 29.79046090223618 ], [ -95.273733999655803, 29.785344495566854 ], [ -95.268614257225593, 29.782876390808674 ] ] ] } },
{ "type": "Feature", "properties": { "hex_id": "88446c04c7fffff", "price_mean": 1.0, "price_median": 1.0, "n": 1, "top_restaurants": "ChIJo7SL8HC7QIYRisEG6PXh7WE|None", "z_r": -0.5, "qtile": 0.0 }, "geometry": { "type": "Polygon", "coordinates": [ [ [ -95.25859090757821, 29.783056064167013 ], [ -95.253686849020127, 29.785703693487861 ], [ -95.253901641185166, 29.790819802512729 ], [ -95.259020943388961, 29.793288431122161 ], [ -95.263925364963626, 29.790640736202135 ], [ -95.263710121308279, 29.785524478286181 ], [ -95.25859090757821, 29.783056064167013 ] ] ] } },
{ "type": "Feature", "properties": { "hex_id": "88446c04d5fffff", "price_mean": 1.0, "price_median": 1.0, "n": 1, "top_restaurants": "ChIJsbCZ3567QIYRsuETKvUQQdc|$2.90/Regular", "z_r": -0.5, "qtile": 0.0 }, "geometry": { "type": "Polygon", "coordinates": [ [ [ -95.2739496948425, 29.79046090223618 ], [ -95.269045196058016, 29.793109055408298 ], [ -95.269260694174093, 29.798225283944582 ], [ -95.274381142677456, 29.800693507995774 ], [ -95.27928600429712, 29.798045289114224 ], [ -95.279070054568621, 29.792928911905253 ], [ -95.2739496948425, 29.79046090223618 ] ] ] } },
{ "type": "Feature", "properties": { "hex_id": "88446c04d7fffff", "price_mean": 1.0, "price_median": 1.0, "n": 1, "top_restaurants": "ChIJH_rj76K7QIYRMFdGLkSt-wU|None", "z_r": -0.5, "qtile": 0.0 }, "geometry": { "type": "Polygon", "coordinates": [ [ [ -95.27928600429712, 29.798045289114224 ], [ -95.274381142677456, 29.800693507995774 ], [ -95.274596895330831, 29.805809706925231 ], [ -95.279717961287744, 29.808277835579457 ], [ -95.284623185710586, 29.805629550973642 ], [ -95.28440698136373, 29.800513203452205 ], [ -95.27928600429712, 29.798045289114224 ] ] ] } },
{ "type": "Feature", "properties": { "hex_id": "88446c04ddfffff", "price_mean": 3.4, "price_median": 3.4, "n": 1, "top_restaurants": "ChIJDzIWWUK7QIYR0zFozLZ0lFQ|$$", "z_r": 1.9, "qtile": 3.0 }, "geometry": { "type": "Polygon", "coordinates": [ [ [ -95.278638212632515, 29.782695949936656 ], [ -95.273733999655803, 29.785344495566854 ], [ -95.2739496948425, 29.79046090223618 ], [ -95.279070054568621, 29.792928911905253 ], [ -95.283974630262989, 29.790280300485012 ], [ -95.283758483503973, 29.785163745200084 ], [ -95.278638212632515, 29.782695949936656 ] ] ] } },
{ "type": "Feature", "properties": { "hex_id": "88446c04e3fffff", "price_mean": 1.0, "price_median": 1.0, "n": 1, "top_restaurants": "ChIJmeXQ0y-7QIYR7ND3Z8uA1zM|$1–10", "z_r": -0.5, "qtile": 0.0 }, "geometry": { "type": "Polygon", "coordinates": [ [ [ -95.243878524065664, 29.790998101297951 ], [ -95.238974257810057, 29.793644879702271 ], [ -95.239188401335156, 29.798760661394194 ], [ -95.244307262595413, 29.801229813781923 ], [ -95.24921189213444, 29.79858296995452 ], [ -95.248997297120141, 29.793467039176793 ], [ -95.243878524065664, 29.790998101297951 ] ] ] } },
{ "type": "Feature", "properties": { "hex_id": "88446c051bfffff", "price_mean": 1.0, "price_median": 1.0, "n": 3, "top_restaurants": "ChIJSVFUt_-jQIYRZrmSPvZkUmc|None;;ChIJOZgzP5KjQIYR6bZR8CKvkew|$;;ChIJOYBKzHijQIYR4plmtxrj8Gs|$", "z_r": -0.5, "qtile": 0.0 }, "geometry": { "type": "Polygon", "coordinates": [ [ [ -95.182483076866731, 29.761360372053083 ], [ -95.177580580677642, 29.764005057366784 ], [ -95.177791903549249, 29.769120355239302 ], [ -95.182906173598752, 29.771591117770569 ], [ -95.187809033792902, 29.768946367475134 ], [ -95.187597259922725, 29.763830919644427 ], [ -95.182483076866731, 29.761360372053083 ] ] ] } },
{ "type": "Feature", "properties": { "hex_id": "88446c0591fffff", "price_mean": 1.28, "price_median": 1.0, "n": 3, "top_restaurants": "ChIJaY1rw2q7QIYRItHSoMMF6fo|$10–20;;ChIJJfRj9tykQIYRo7qo3T2LEYo|None;;ChIJ0b7glXulQIYRTRjPDz53VpM|$1–10", "z_r": -0.22, "qtile": 0.0 }, "geometry": { "type": "Polygon", "coordinates": [ [ [ -95.209760057810655, 29.814634716107829 ], [ -95.204855093104683, 29.817279398041087 ], [ -95.205067741696155, 29.822394344674127 ], [ -95.210185806510125, 29.824864758919983 ], [ -95.215091135150416, 29.82222001199661 ], [ -95.214878035032669, 29.817104915831784 ], [ -95.209760057810655, 29.814634716107829 ] ] ] } },
{ "type": "Feature", "properties": { "hex_id": "88446c05c5fffff", "price_mean": 1.0, "price_median": 1.0, "n": 3, "top_restaurants": "ChIJW40EqXWlQIYRbVAIFm7v19c|None;;ChIJQUji5zilQIYRqPmv9Hn8y0s|None;;ChIJuxNCyH-jQIYRZBdGQudTluk|$", "z_r": -0.5, "qtile": 0.0 }, "geometry": { "type": "Polygon", "coordinates": [ [ [ -95.183117750133007, 29.776706387508607 ], [ -95.17821460556975, 29.779350744714492 ], [ -95.178425984723603, 29.784465836156453 ], [ -95.183540959550513, 29.786936720341426 ], [ -95.188444468204949, 29.784292298219764 ], [ -95.18823263793152, 29.779177056843167 ], [ -95.183117750133007, 29.776706387508607 ] ] ] } },
{ "type": "Feature", "properties": { "hex_id": "88446c05c9fffff", "price_mean": 1.84, "price_median": 1.84, "n": 1, "top_restaurants": "ChIJI0YCbdS9QIYRDeaKRTKQVuE|$10–20", "z_r": 0.34, "qtile": 2.0 }, "geometry": { "type": "Polygon", "coordinates": [ [ [ -95.197826774133631, 29.768771613652778 ], [ -95.192923834485342, 29.77141682193546 ], [ -95.193135862099467, 29.776532241551202 ], [ -95.198251280473571, 29.779002602638762 ], [ -95.203154583946969, 29.776357329263988 ], [ -95.202942105211406, 29.771241759908019 ], [ -95.197826774133631, 29.768771613652778 ] ] ] } },
{ "type": "Feature", "properties": { "hex_id": "88446c05cbfffff", "price_mean": 1.0, "price_median": 1.0, "n": 1, "top_restaurants": "ChIJ8ZC_EVWlQIYRZIvMzbznf0U|None", "z_r": -0.5, "qtile": 0.0 }, "geometry": { "type": "Polygon", "coordinates": [ [ [ -95.203154583946969, 29.776357329263988 ], [ -95.198251280473571, 29.779002602638762 ], [ -95.198463561908184, 29.784117993812547 ], [ -95.203579598009171, 29.786588261285548 ], [ -95.208483265276286, 29.783942922803885 ], [ -95.208270532638949, 29.778827381970391 ], [ -95.203154583946969, 29.776357329263988 ] ] ] } },
{ "type": "Feature", "properties": { "hex_id": "88446c05cdfffff", "price_mean": 1.3052083333333333, "price_median": 1.0, "n": 12, "top_restaurants": "ChIJJXHJ7YKjQIYRZj9r8J2PYBk|$$;;ChIJaRmitACjQIYR4JGo1glAcBk|None;;ChIJIzW5moKjQIYRsF2jdeSMoM8|€", "z_r": -0.1947916666666667, "qtile": 0.0 }, "geometry": { "type": "Polygon", "coordinates": [ [ [ -95.187809033792902, 29.768946367475134 ], [ -95.182906173598752, 29.771591117770569 ], [ -95.183117750133007, 29.776706387508607 ], [ -95.18823263793152, 29.779177056843167 ], [ -95.193135862099467, 29.776532241551202 ], [ -95.192923834485342, 29.77141682193546 ], [ -95.187809033792902, 29.768946367475134 ] ] ] } },
{ "type": "Feature", "properties": { "hex_id": "88446c05d1fffff", "price_mean": 1.0, "price_median": 1.0, "n": 1, "top_restaurants": "ChIJwYbE5bCkQIYR8JswfAUqr8I|None", "z_r": -0.5, "qtile": 0.0 }, "geometry": { "type": "Polygon", "coordinates": [ [ [ -95.213812818243227, 29.791528393803645 ], [ -95.208908787213829, 29.794173797407019 ], [ -95.209121576519053, 29.799289131015932 ], [ -95.214238848209206, 29.801759210534335 ], [ -95.219143242969437, 29.79911374179439 ], [ -95.218930002298961, 29.793998258686916 ], [ -95.213812818243227, 29.791528393803645 ] ] ] } },
{ "type": "Feature", "properties": { "hex_id": "88446c05d3fffff", "price_mean": 1.0, "price_median": 1.0, "n": 3, "top_restaurants": "ChIJAWqk5dqlQIYRM0SVANQQN54|None;;ChIJhZ2xSbakQIYRf1gUJYrp3VQ|$1–10;;ChIJBafHnN-kQIYRKyQQMOAs3b8|$", "z_r": -0.5, "qtile": 0.0 }, "geometry": { "type": "Polygon", "coordinates": [ [ [ -95.219143242969437, 29.79911374179439 ], [ -95.214238848209206, 29.801759210534335 ], [ -95.214451891564593, 29.806874515020308 ], [ -95.219569781117016, 29.809344500198613 ], [ -95.224474539576519, 29.806698966307255 ], [ -95.224261044774593, 29.801583512403315 ], [ -95.219143242969437, 29.79911374179439 ] ] ] } },
{ "type": "Feature", "properties": { "hex_id": "88446c05d9fffff", "price_mean": 1.28, "price_median": 1.0, "n": 3, "top_restaurants": "ChIJx-iCr8ylQIYRHwwQOyyip7A|$10–20;;ChIJGySMw66kQIYR1hT3K7KDiac|$;;ChIJD8woUHulQIYRdzRfltKEv8w|None", "z_r": -0.22, "qtile": 0.0 }, "geometry": { "type": "Polygon", "coordinates": [ [ [ -95.218503577751989, 29.783767085062994 ], [ -95.21359983162759, 29.786412881719638 ], [ -95.213812818243227, 29.791528393803645 ], [ -95.218930002298961, 29.793998258686916 ], [ -95.223834112036684, 29.791352396813025 ], [ -95.223620674095628, 29.786236735287414 ], [ -95.218503577751989, 29.783767085062994 ] ] ] } },
{ "type": "Feature", "properties": { "hex_id": "88446c0609fffff", "price_mean": 1.84, "price_median": 1.84, "n": 1, "top_restaurants": "ChIJEQrIF6W9QIYR8s99uQZFYTk|$10–20", "z_r": 0.34, "qtile": 2.0 }, "geometry": { "type": "Polygon", "coordinates": [ [ [ -95.259409257944853, 29.683184920588392 ], [ -95.254509372692098, 29.685834896787309 ], [ -95.254724018801227, 29.690952412707386 ], [ -95.259839000877861, 29.69342010141699 ], [ -95.264739248516477, 29.690770059141709 ], [ -95.264524151682977, 29.685652394247487 ], [ -95.259409257944853, 29.683184920588392 ] ] ] } },
{ "type": "Feature", "properties": { "hex_id": "88446c060dfffff", "price_mean": 1.0, "price_median": 1.0, "n": 3, "top_restaurants": "ChIJ5zU0QwC9QIYRNYZ4EwZZciE|None;;ChIJgTM0BwC9QIYRKy-39zQtbWo|None;;ChIJpclviF69QIYRK2hHrXCRTyk|None", "z_r": -0.5, "qtile": 0.0 }, "geometry": { "type": "Polygon", "coordinates": [ [ [ -95.249395006990454, 29.683367115252867 ], [ -95.244495199239765, 29.686016634559948 ], [ -95.244709394665506, 29.691134001368138 ], [ -95.249823848515703, 29.693601997995426 ], [ -95.254724018801227, 29.690952412707386 ], [ -95.254509372692098, 29.685834896787309 ], [ -95.249395006990454, 29.683367115252867 ] ] ] } },
{ "type": "Feature", "properties": { "hex_id": "88446c0611fffff", "price_mean": 1.4472727272727273, "price_median": 1.0, "n": 11, "top_restaurants": "ChIJ5TA2UaO9QIYRaBx-Zefa5Qw|$$;;ChIJnxhWj_e9QIYR8L_e16z79l8|$10–20;;ChIJzyixFUy9QIYRc_1Ge9vM6N0|$10–20", "z_r": -0.052727272727272734, "qtile": 1.0 }, "geometry": { "type": "Polygon", "coordinates": [ [ [ -95.275401840802303, 29.705939975806761 ], [ -95.270500868487403, 29.70859015027839 ], [ -95.270716276684055, 29.713707584787564 ], [ -95.275833108153051, 29.716174993572125 ], [ -95.280734442758231, 29.713524752980451 ], [ -95.280518583594542, 29.708407169738571 ], [ -95.275401840802303, 29.705939975806761 ] ] ] } },
{ "type": "Feature", "properties": { "hex_id": "88446c0613fffff", "price_mean": 1.14, "price_median": 1.0, "n": 6, "top_restaurants": "ChIJ31MOjaq9QIYRv5jZAmTtkPM|$10–20;;ChIJhXpvRaW9QIYR_KCT-g6IK-s|$;;ChIJiawE3va9QIYRtr-hV4CgZpo|$1–10", "z_r": -0.36, "qtile": 0.0 }, "geometry": { "type": "Polygon", "coordinates": [ [ [ -95.280734442758231, 29.713524752980451 ], [ -95.275833108153051, 29.716174993572125 ], [ -95.276048770531617, 29.72129240048989 ], [ -95.28116621855375, 29.723759715482487 ], [ -95.286067915417291, 29.721109408756185 ], [ -95.285851801990759, 29.715991853186239 ], [ -95.280734442758231, 29.713524752980451 ] ] ] } },
{ "type": "Feature", "properties": { "hex_id": "88446c0619fffff", "price_mean": 1.3333333333333333, "price_median": 1.0, "n": 3, "top_restaurants": "ChIJ2XuSFpq9QIYRnpQM3_zW77k|None;;ChIJowvoPZq9QIYRKA1_bgABkhY|$;;ChIJ578fnE69QIYR4_qBpGFjbTg|None", "z_r": -0.16666666666666674, "qtile": 0.0 }, "geometry": { "type": "Polygon", "coordinates": [ [ [ -95.280086922722575, 29.698171799675716 ], [ -95.275186235825046, 29.700822365120199 ], [ -95.275401840802303, 29.705939975806761 ], [ -95.280518583594542, 29.708407169738571 ], [ -95.285419632665068, 29.705756538093272 ], [ -95.285203576760793, 29.700638778731303 ], [ -95.280086922722575, 29.698171799675716 ] ] ] } },
{ "type": "Feature", "properties": { "hex_id": "88446c061bfffff", "price_mean": 1.0, "price_median": 1.0, "n": 2, "top_restaurants": "ChIJ-dL83GG9QIYRUq2rKXrPlrk|$;;ChIJRR5KQUe9QIYRpfGxq1lpGX8|$", "z_r": -0.5, "qtile": 0.0 }, "geometry": { "type": "Polygon", "coordinates": [ [ [ -95.285419632665068, 29.705756538093272 ], [ -95.280518583594542, 29.708407169738571 ], [ -95.280734442758231, 29.713524752980451 ], [ -95.285851801990759, 29.715991853186239 ], [ -95.290753213202308, 29.713341155325551 ], [ -95.290536903030727, 29.708223423488789 ], [ -95.285419632665068, 29.705756538093272 ] ] ] } },
{ "type": "Feature", "properties": { "hex_id": "88446c061dfffff", "price_mean": 1.0, "price_median": 1.0, "n": 1, "top_restaurants": "ChIJ-cf-ljG9QIYRGg96g6L3gTQ|None", "z_r": -0.5, "qtile": 0.0 }, "geometry": { "type": "Polygon", "coordinates": [ [ [ -95.270070109428659, 29.698355077704171 ], [ -95.265169499435999, 29.701005186070343 ], [ -95.265384653527093, 29.706122647943687 ], [ -95.270500868487403, 29.70859015027839 ], [ -95.275401840802303, 29.705939975806761 ], [ -95.275186235825046, 29.700822365120199 ], [ -95.270070109428659, 29.698355077704171 ] ] ] } },
{ "type": "Feature", "properties": { "hex_id": "88446c062bfffff", "price_mean": 1.0, "price_median": 1.0, "n": 1, "top_restaurants": "ChIJEW0pdES9QIYRHe8olI68xHI|$", "z_r": -0.5, "qtile": 0.0 }, "geometry": { "type": "Polygon", "coordinates": [ [ [ -95.240023300606424, 29.698900320474465 ], [ -95.235122923123129, 29.701549057580216 ], [ -95.235336724801613, 29.70666607218751 ], [ -95.240451354716882, 29.709134498929721 ], [ -95.245352094969476, 29.706485696004691 ], [ -95.245137842527839, 29.701368532171021 ], [ -95.240023300606424, 29.698900320474465 ] ] ] } },
{ "type": "Feature", "properties": { "hex_id": "88446c0641fffff", "price_mean": 2.025, "price_median": 1.5, "n": 8, "top_restaurants": "ChIJq_XIw86XQIYRPvAZ2kL3DrE|$$;;ChIJc5tVGyyXQIYReaXy2avaOGg|$$;;ChIJeSKcjM6XQIYReSPB08gdYC4|$$", "z_r": 0.525, "qtile": 2.0 }, "geometry": { "type": "Polygon", "coordinates": [ [ [ -95.258764786484434, 29.667831643533585 ], [ -95.253865548597744, 29.670481944320144 ], [ -95.254080137592879, 29.675599662513154 ], [ -95.259194415068691, 29.67806722893117 ], [ -95.26409401525585, 29.675416862001889 ], [ -95.263878975657121, 29.670298994811617 ], [ -95.258764786484434, 29.667831643533585 ] ] ] } },
{ "type": "Feature", "properties": { "hex_id": "88446c0643fffff", "price_mean": 1.0, "price_median": 1.0, "n": 3, "top_restaurants": "ChIJTUMuCNOXQIYRtOia-eGAgIs|$;;ChIJ8QymPby9QIYRezkCA9IO35c|$10–20;;ChIJLQwt-biXQIYRo_SzAopPGPE|$1–10", "z_r": -0.5, "qtile": 0.0 }, "geometry": { "type": "Polygon", "coordinates": [ [ [ -95.26409401525585, 29.675416862001889 ], [ -95.259194415068691, 29.67806722893117 ], [ -95.259409257944853, 29.683184920588392 ], [ -95.264524151682977, 29.685652394247487 ], [ -95.269424114138772, 29.683001961161004 ], [ -95.2692088205782, 29.677884120586935 ], [ -95.26409401525585, 29.675416862001889 ] ] ] } },
{ "type": "Feature", "properties": { "hex_id": "88446c0645fffff", "price_mean": 1.0, "price_median": 1.0, "n": 1, "top_restaurants": "ChIJzx9Ze8KXQIYRnwdXprNICns|$", "z_r": -0.5, "qtile": 0.0 }, "geometry": { "type": "Polygon", "coordinates": [ [ [ -95.248751887339665, 29.668014285384928 ], [ -95.243852726953875, 29.67066412947468 ], [ -95.244066865386458, 29.675781698532688 ], [ -95.249180614757762, 29.678249572650241 ], [ -95.254080137592879, 29.675599662513154 ], [ -95.253865548597744, 29.670481944320144 ], [ -95.248751887339665, 29.668014285384928 ] ] ] } },
{ "type": "Feature", "properties": { "hex_id": "88446c0647fffff", "price_mean": 1.12, "price_median": 1.0, "n": 7, "top_restaurants": "ChIJd-YLJkyXQIYR2nbGTns6MAQ|$10–20;;ChIJh5ntfNiXQIYRqKwOQ-rFYxU|$;;ChIJdWgLrY29QIYR1hFFCGOXEFI|None", "z_r": -0.38, "qtile": 0.0 }, "geometry": { "type": "Polygon", "coordinates": [ [ [ -95.254080137592879, 29.675599662513154 ], [ -95.249180614757762, 29.678249572650241 ], [ -95.249395006990454, 29.683367115252867 ], [ -95.254509372692098, 29.685834896787309 ], [ -95.259409257944853, 29.683184920588392 ], [ -95.259194415068691, 29.67806722893117 ], [ -95.254080137592879, 29.675599662513154 ] ] ] } },
{ "type": "Feature", "properties": { "hex_id": "88446c0649fffff", "price_mean": 1.6, "price_median": 1.0, "n": 8, "top_restaurants": "ChIJT28uHs-XQIYRXg9OvwVZLZc|$$;;ChIJs7ZGys6XQIYRoECQfDtk6hA|$$;;ChIJWU5zms6XQIYRSf4DVjFj7nM|$", "z_r": 0.1, "qtile": 1.0 }, "geometry": { "type": "Polygon", "coordinates": [ [ [ -95.263448953676772, 29.660063058698899 ], [ -95.258550000771294, 29.662713749954332 ], [ -95.258764786484434, 29.667831643533585 ], [ -95.263878975657121, 29.670298994811617 ], [ -95.2687782907459, 29.667648237332582 ], [ -95.268563054469112, 29.662530194813417 ], [ -95.263448953676772, 29.660063058698899 ] ] ] } },
{ "type": "Feature", "properties": { "hex_id": "88446c064bfffff", "price_mean": 1.4028571428571428, "price_median": 1.0, "n": 14, "top_restaurants": "ChIJL8Bi2iyWQIYRF-5Vq7k9eRI|$$;;ChIJW6WSgdKXQIYRgSL9p885SnY|$$;;ChIJw4DBdCeXQIYRXEvLHXGaPjM|$10–20", "z_r": -0.097142857142857197, "qtile": 1.0 }, "geometry": { "type": "Polygon", "coordinates": [ [ [ -95.2687782907459, 29.667648237332582 ], [ -95.263878975657121, 29.670298994811617 ], [ -95.26409401525585, 29.675416862001889 ], [ -95.2692088205782, 29.677884120586935 ], [ -95.274108497818403, 29.675233296869823 ], [ -95.273893007575225, 29.670115280820056 ], [ -95.2687782907459, 29.667648237332582 ] ] ] } },
{ "type": "Feature", "properties": { "hex_id": "88446c0651fffff", "price_mean": 1.1938461538461538, "price_median": 1.0, "n": 13, "top_restaurants": "ChIJ0f7Gb4i9QIYRjcYFr7FqRIo|$10–20;;ChIJ-dIOC4i9QIYRroAnKL8ED1M|$10–20;;ChIJyWqbyRSXQIYRdSLrixTpD2o|$10–20", "z_r": -0.30615384615384622, "qtile": 0.0 }, "geometry": { "type": "Polygon", "coordinates": [ [ [ -95.27943957501509, 29.682818236841655 ], [ -95.274539535655293, 29.68546912681132 ], [ -95.274755083254092, 29.690586940541937 ], [ -95.279871121009222, 29.693054013015789 ], [ -95.284771522456694, 29.690403056779033 ], [ -95.284555524051768, 29.68528509434983 ], [ -95.27943957501509, 29.682818236841655 ] ] ] } },
{ "type": "Feature", "properties": { "hex_id": "88446c0653fffff", "price_mean": 1.0, "price_median": 1.0, "n": 2, "top_restaurants": "ChIJfU8sys-9QIYRw6CEwjcVsXw|None;;ChIJuZUDoJO9QIYRfUW-CYhZFIk|$", "z_r": -0.5, "qtile": 0.0 }, "geometry": { "type": "Polygon", "coordinates": [ [ [ -95.284771522456694, 29.690403056779033 ], [ -95.279871121009222, 29.693054013015789 ], [ -95.280086922722575, 29.698171799675716 ], [ -95.285203576760793, 29.700638778731303 ], [ -95.290104340263952, 29.697987756212939 ], [ -95.289888087663641, 29.692869820934916 ], [ -95.284771522456694, 29.690403056779033 ] ] ] } },
{ "type": "Feature", "properties": { "hex_id": "88446c0655fffff", "price_mean": 1.84, "price_median": 1.84, "n": 1, "top_restaurants": "ChIJZUHbIIK9QIYRUTg5xm4pNzs|$10–20", "z_r": 0.34, "qtile": 2.0 }, "geometry": { "type": "Polygon", "coordinates": [ [ [ -95.269424114138772, 29.683001961161004 ], [ -95.264524151682977, 29.685652394247487 ], [ -95.264739248516477, 29.690770059141709 ], [ -95.269854758561479, 29.693237439800161 ], [ -95.274755083254092, 29.690586940541937 ], [ -95.274539535655293, 29.68546912681132 ], [ -95.269424114138772, 29.683001961161004 ] ] ] } },
{ "type": "Feature", "properties": { "hex_id": "88446c0657fffff", "price_mean": 1.0, "price_median": 1.0, "n": 3, "top_restaurants": "ChIJE24xQ8q9QIYRW7vUVJDTYSk|None;;ChIJpwd1UN69QIYRGm2Xz5XxwGc|None;;ChIJUQi3oIW9QIYR0QLpvZ4zWa0|$", "z_r": -0.5, "qtile": 0.0 }, "geometry": { "type": "Polygon", "coordinates": [ [ [ -95.274755083254092, 29.690586940541937 ], [ -95.269854758561479, 29.693237439800161 ], [ -95.270070109428659, 29.698355077704171 ], [ -95.275186235825046, 29.700822365120199 ], [ -95.280086922722575, 29.698171799675716 ], [ -95.279871121009222, 29.693054013015789 ], [ -95.274755083254092, 29.690586940541937 ] ] ] } },
{ "type": "Feature", "properties": { "hex_id": "88446c065bfffff", "price_mean": 1.0, "price_median": 1.0, "n": 4, "top_restaurants": "ChIJve1fMPW9QIYRVEdL9Y5ruOw|$;;ChIJt3n8GfW9QIYRJEyYAYdTbnI|$;;ChIJgbUWuIq9QIYRBmDAKZX6nEo|None", "z_r": -0.5, "qtile": 0.0 }, "geometry": { "type": "Polygon", "coordinates": [ [ [ -95.289455640016442, 29.682633747501438 ], [ -95.284555524051768, 29.68528509434983 ], [ -95.284771522456694, 29.690403056779033 ], [ -95.289888087663641, 29.692869820934916 ], [ -95.294788565566733, 29.69021840772411 ], [ -95.29457211631491, 29.685100296734156 ], [ -95.289455640016442, 29.682633747501438 ] ] ] } },
{ "type": "Feature", "properties": { "hex_id": "88446c065dfffff", "price_mean": 1.648, "price_median": 1.0, "n": 5, "top_restaurants": "ChIJkVCRnSyWQIYRb8GwaNC-_Vs|$$;;ChIJW1VOLyqWQIYRXgBeBWeYcSU|$10–20;;ChIJJUfAICiWQIYRkPr1uFHoJE4|$", "z_r": 0.148, "qtile": 1.0 }, "geometry": { "type": "Polygon", "coordinates": [ [ [ -95.274108497818403, 29.675233296869823 ], [ -95.2692088205782, 29.677884120586935 ], [ -95.269424114138772, 29.683001961161004 ], [ -95.274539535655293, 29.68546912681132 ], [ -95.27943957501509, 29.682818236841655 ], [ -95.279223830729208, 29.677700247488527 ], [ -95.274108497818403, 29.675233296869823 ] ] ] } },
{ "type": "Feature", "properties": { "hex_id": "88446c0661fffff", "price_mean": 1.21, "price_median": 1.0, "n": 4, "top_restaurants": "ChIJ6aF_M1rAQIYRBODP2blty6g|$10–20;;ChIJZ3ZHcvmXQIYR3yyPidWC0h0|$;;ChIJXaOnyOmXQIYR0CeM89VZ1OU|None", "z_r": -0.29, "qtile": 0.0 }, "geometry": { "type": "Polygon", "coordinates": [ [ [ -95.234054199193267, 29.675962970189712 ], [ -95.229154831958823, 29.678611966729736 ], [ -95.229368323027728, 29.6837292108101 ], [ -95.234481631882772, 29.686197607694702 ], [ -95.239381361832514, 29.683548545283653 ], [ -95.239167420202264, 29.678431151873315 ], [ -95.234054199193267, 29.675962970189712 ] ] ] } },
{ "type": "Feature", "properties": { "hex_id": "88446c0663fffff", "price_mean": 1.5, "price_median": 1.5, "n": 2, "top_restaurants": "ChIJywMchYPBQIYR9qZ6hObjrto|None;;ChIJJRN0JVe9QIYR0p63cfQKP-w|$", "z_r": 0.0, "qtile": 1.0 }, "geometry": { "type": "Polygon", "coordinates": [ [ [ -95.239381361832514, 29.683548545283653 ], [ -95.234481631882772, 29.686197607694702 ], [ -95.23469537666621, 29.691314825253315 ], [ -95.239809302032072, 29.693783129664745 ], [ -95.244709394665506, 29.691134001368138 ], [ -95.244495199239765, 29.686016634559948 ], [ -95.239381361832514, 29.683548545283653 ] ] ] } },
{ "type": "Feature", "properties": { "hex_id": "88446c0665fffff", "price_mean": 1.705, "price_median": 1.0, "n": 8, "top_restaurants": "ChIJQ0DlfUajQIYRfiCW-L3UjPE|$$;;ChIJnxGPn_iXQIYRyAmNKKAsVT0|$$;;ChIJLfcbu_iXQIYRYUJqNSddAow|$10–20", "z_r": 0.205, "qtile": 1.0 }, "geometry": { "type": "Polygon", "coordinates": [ [ [ -95.224042139569789, 29.676143477613632 ], [ -95.219142850583836, 29.67879201734895 ], [ -95.219355891132608, 29.683909111961711 ], [ -95.224468671177789, 29.686377816321023 ], [ -95.229368323027728, 29.6837292108101 ], [ -95.229154831958823, 29.678611966729736 ], [ -95.224042139569789, 29.676143477613632 ] ] ] } },
{ "type": "Feature", "properties": { "hex_id": "88446c066bfffff", "price_mean": 1.5, "price_median": 1.5, "n": 2, "top_restaurants": "ChIJUXNhQeKXQIYRrwRQe4Hhd-4|None;;ChIJkRuaxu-XQIYR5jRZKAnw6Zs|None", "z_r": 0.0, "qtile": 1.0 }, "geometry": { "type": "Polygon", "coordinates": [ [ [ -95.244066865386458, 29.675781698532688 ], [ -95.239167420202264, 29.678431151873315 ], [ -95.239381361832514, 29.683548545283653 ], [ -95.244495199239765, 29.686016634559948 ], [ -95.249395006990454, 29.683367115252867 ], [ -95.249180614757762, 29.678249572650241 ], [ -95.244066865386458, 29.675781698532688 ] ] ] } },
{ "type": "Feature", "properties": { "hex_id": "88446c066dfffff", "price_mean": 1.0, "price_median": 1.0, "n": 4, "top_restaurants": "ChIJhYv-d_mXQIYRjUYhepbNVsA|$;;ChIJB7jfbNiXQIYRG-jhZF3-qXk|$;;ChIJNWzGFfqXQIYRc3EcZC9dsaI|None", "z_r": -0.5, "qtile": 0.0 }, "geometry": { "type": "Polygon", "coordinates": [ [ [ -95.228727906626716, 29.668377276555159 ], [ -95.22382890213909, 29.671026207238654 ], [ -95.224042139569789, 29.676143477613632 ], [ -95.229154831958823, 29.678611966729736 ], [ -95.234054199193267, 29.675962970189712 ], [ -95.23384051128221, 29.670845550404401 ], [ -95.228727906626716, 29.668377276555159 ] ] ] } },
{ "type": "Feature", "properties": { "hex_id": "88446c0685fffff", "price_mean": 1.84, "price_median": 1.84, "n": 1, "top_restaurants": "ChIJvwm4ikG8QIYROI_MIUNQQco|$10–20", "z_r": 0.34, "qtile": 2.0 }, "geometry": { "type": "Polygon", "coordinates": [ [ [ -95.282030000088639, 29.744228822305583 ], [ -95.277127369558173, 29.74687841220959 ], [ -95.277343146808008, 29.751995409416285 ], [ -95.282462005868709, 29.754462965338792 ], [ -95.287364998828338, 29.751813309432297 ], [ -95.287148770288539, 29.746696163620125 ], [ -95.282030000088639, 29.744228822305583 ] ] ] } },
{ "type": "Feature", "properties": { "hex_id": "88446c0687fffff", "price_mean": 1.0, "price_median": 1.0, "n": 1, "top_restaurants": "ChIJP4Johmm8QIYRUAA5LmY0RFk|None", "z_r": -0.5, "qtile": 0.0 }, "geometry": { "type": "Polygon", "coordinates": [ [ [ -95.287364998828338, 29.751813309432297 ], [ -95.282462005868709, 29.754462965338792 ], [ -95.282678037520824, 29.75957993397914 ], [ -95.287797513493899, 29.762047395252175 ], [ -95.292700868850645, 29.759397673328497 ], [ -95.292484385827635, 29.754280556163302 ], [ -95.287364998828338, 29.751813309432297 ] ] ] } },
{ "type": "Feature", "properties": { "hex_id": "88446c0689fffff", "price_mean": 1.0, "price_median": 1.0, "n": 1, "top_restaurants": "ChIJR0y5o-69QIYRzYW01biKRi4|None", "z_r": -0.5, "qtile": 0.0 }, "geometry": { "type": "Polygon", "coordinates": [ [ [ -95.296737473328079, 29.736278354237353 ], [ -95.291835052043893, 29.738928793276791 ], [ -95.292051477426796, 29.744046116056971 ], [ -95.29717077537498, 29.746513148222466 ], [ -95.302073558821363, 29.743862643004483 ], [ -95.301856682147829, 29.738745171813889 ], [ -95.296737473328079, 29.736278354237353 ] ] ] } },
{ "type": "Feature", "properties": { "hex_id": "88446c068bfffff", "price_mean": 1.0291666666666666, "price_median": 1.0, "n": 9, "top_restaurants": "ChIJ68qYqiS8QIYRb495o4WwOWk|$;;ChIJZ01dk_K9QIYRG5trzqHRIw0|None;;ChIJ53JlRSS8QIYR4LKtRyVzYJU|$", "z_r": -0.47083333333333344, "qtile": 0.0 }, "geometry": { "type": "Polygon", "coordinates": [ [ [ -95.302073558821363, 29.743862643004483 ], [ -95.29717077537498, 29.746513148222466 ], [ -95.29738745524557, 29.751630442502279 ], [ -95.302507369924484, 29.754097379908259 ], [ -95.307410515500933, 29.751446808497064 ], [ -95.307193384258852, 29.746329365887462 ], [ -95.302073558821363, 29.743862643004483 ] ] ] } },
{ "type": "Feature", "properties": { "hex_id": "88446c068dfffff", "price_mean": 1.588, "price_median": 1.0, "n": 5, "top_restaurants": "ChIJSa6mQ7a9QIYREf-wtq9MDwI|$10–20;;ChIJQW1zt5m9QIYR-4enoJUM378|$10–20;;ChIJ2TzjVki8QIYR8rBeeXUQuGA|$", "z_r": 0.088, "qtile": 1.0 }, "geometry": { "type": "Polygon", "coordinates": [ [ [ -95.286716370782131, 29.736461666593698 ], [ -95.281814025955583, 29.739111648073674 ], [ -95.282030000088639, 29.744228822305583 ], [ -95.287148770288539, 29.746696163620125 ], [ -95.292051477426796, 29.744046116056971 ], [ -95.291835052043893, 29.738928793276791 ], [ -95.286716370782131, 29.736461666593698 ] ] ] } },
{ "type": "Feature", "properties": { "hex_id": "88446c0691fffff", "price_mean": 1.0, "price_median": 1.0, "n": 1, "top_restaurants": "ChIJH5i2hKe-QIYRtf_6w5ERsyE|None", "z_r": -0.5, "qtile": 0.0 }, "geometry": { "type": "Polygon", "coordinates": [ [ [ -95.312748343487485, 29.759030850245846 ], [ -95.307844835813199, 29.761681487864937 ], [ -95.308062024888528, 29.766798724462252 ], [ -95.313183173161875, 29.769265471623271 ], [ -95.31808704290178, 29.766614767781558 ], [ -95.317869402293198, 29.761497383015815 ], [ -95.312748343487485, 29.759030850245846 ] ] ] } },
{ "type": "Feature", "properties": { "hex_id": "88446c0693fffff", "price_mean": 1.0, "price_median": 1.0, "n": 5, "top_restaurants": "ChIJQeQ7gKy-QIYRIOHh7jtNurM|None;;ChIJHVfSB_W7QIYRWriDq78JI5o|$;;ChIJdZEQqES_QIYRocSkezfzcNE|$", "z_r": -0.5, "qtile": 0.0 }, "geometry": { "type": "Polygon", "coordinates": [ [ [ -95.31808704290178, 29.766614767781558 ], [ -95.313183173161875, 29.769265471623271 ], [ -95.313400616954297, 29.774382679038421 ], [ -95.31852238209126, 29.776849330713954 ], [ -95.32342661386447, 29.774198560634908 ], [ -95.323208718457906, 29.769081205132029 ], [ -95.31808704290178, 29.766614767781558 ] ] ] } },
{ "type": "Feature", "properties": { "hex_id": "88446c0695fffff", "price_mean": 1.0, "price_median": 1.0, "n": 2, "top_restaurants": "ChIJV6d2mAW8QIYRvz0JrWUYzt8|None;;ChIJ-2dRixy8QIYRDiMQ9T5nQyA|$", "z_r": -0.5, "qtile": 0.0 }, "geometry": { "type": "Polygon", "coordinates": [ [ [ -95.302724304359188, 29.759214645460453 ], [ -95.297820872693748, 29.761864825234024 ], [ -95.298037610276467, 29.766981913525004 ], [ -95.3031582310077, 29.769448970363097 ], [ -95.308062024888528, 29.766798724462252 ], [ -95.307844835813199, 29.761681487864937 ], [ -95.302724304359188, 29.759214645460453 ] ] ] } },
{ "type": "Feature", "properties": { "hex_id": "88446c0697fffff", "price_mean": 1.6, "price_median": 1.0, "n": 4, "top_restaurants": "ChIJMVi7FnO9QIYRLT1vSh8a-K4|$$;;ChIJDfZ0ov-7QIYRll-Dvy-f7fI|$;;ChIJ291m-QC8QIYRXGXQyf9QZXQ|$", "z_r": 0.1, "qtile": 1.0 }, "geometry": { "type": "Polygon", "coordinates": [ [ [ -95.308062024888528, 29.766798724462252 ], [ -95.3031582310077, 29.769448970363097 ], [ -95.30337522322661, 29.774566029552613 ], [ -95.308496460890325, 29.777032991081278 ], [ -95.313400616954297, 29.774382679038421 ], [ -95.313183173161875, 29.769265471623271 ], [ -95.308062024888528, 29.766798724462252 ] ] ] } },
{ "type": "Feature", "properties": { "hex_id": "88446c069dfffff", "price_mean": 1.0, "price_median": 1.0, "n": 1, "top_restaurants": "ChIJbcveVhm8QIYRdVIBpdCcn9A|$", "z_r": -0.5, "qtile": 0.0 }, "geometry": { "type": "Polygon", "coordinates": [ [ [ -95.307410515500933, 29.751446808497064 ], [ -95.302507369924484, 29.754097379908259 ], [ -95.302724304359188, 29.759214645460453 ], [ -95.307844835813199, 29.761681487864937 ], [ -95.312748343487485, 29.759030850245846 ], [ -95.312530957600401, 29.753913436444527 ], [ -95.307410515500933, 29.751446808497064 ] ] ] } },
{ "type": "Feature", "properties": { "hex_id": "88446c06b1fffff", "price_mean": 1.42, "price_median": 1.42, "n": 2, "top_restaurants": "ChIJo-Mo9Aq8QIYROBRjxM6Zg2s|$10–20;;ChIJgZSm4Qq8QIYRyT5z-cLm7Wg|$", "z_r": -0.08, "qtile": 1.0 }, "geometry": { "type": "Polygon", "coordinates": [ [ [ -95.288013799624764, 29.767164335098968 ], [ -95.283110158361907, 29.76981366510503 ], [ -95.283326247556005, 29.774930427429656 ], [ -95.28844642949538, 29.777398008263923 ], [ -95.293350433240775, 29.774748612306599 ], [ -95.293133892554664, 29.769631701480606 ], [ -95.288013799624764, 29.767164335098968 ] ] ] } },
{ "type": "Feature", "properties": { "hex_id": "88446c06b3fffff", "price_mean": 1.2054545454545453, "price_median": 1.0, "n": 11, "top_restaurants": "ChIJI0T8yLO7QIYRibhYw2AB-lU|None;;ChIJ8eEFu167QIYRGxnfgGP4GvM|$10–20;;ChIJO18lIGS7QIYRUcyV9IdqRRM|$", "z_r": -0.29454545454545467, "qtile": 0.0 }, "geometry": { "type": "Polygon", "coordinates": [ [ [ -95.293350433240775, 29.774748612306599 ], [ -95.28844642949538, 29.777398008263923 ], [ -95.288662773240247, 29.782514741421224 ], [ -95.293783572293947, 29.784982227056208 ], [ -95.298687938489778, 29.782332765132825 ], [ -95.298471143171923, 29.777215883554863 ], [ -95.293350433240775, 29.774748612306599 ] ] ] } },
{ "type": "Feature", "properties": { "hex_id": "88446c06b5fffff", "price_mean": 1.0, "price_median": 1.0, "n": 2, "top_restaurants": "ChIJaychNAC9QIYRvYbv6JnKnEY|None;;ChIJS6IgT_m9QIYRV_vx_pecHPY|None", "z_r": -0.5, "qtile": 0.0 }, "geometry": { "type": "Polygon", "coordinates": [ [ [ -95.277990593492419, 29.767345989313426 ], [ -95.273087028988328, 29.769994861365738 ], [ -95.273302666731254, 29.775111475051215 ], [ -95.278422320419821, 29.777579365337854 ], [ -95.283326247556005, 29.774930427429656 ], [ -95.283110158361907, 29.76981366510503 ], [ -95.277990593492419, 29.767345989313426 ] ] ] } },
{ "type": "Feature", "properties": { "hex_id": "88446c06b7fffff", "price_mean": 1.459375, "price_median": 1.42, "n": 4, "top_restaurants": "ChIJf6O-yV67QIYR_MnPYAn8_8k|$10–20;;ChIJaUTfDYm7QIYRhXk5UQWI0X8|$10–20;;ChIJV8zH8Im7QIYRjBO_7yFkfpw|$", "z_r": -0.040625, "qtile": 1.0 }, "geometry": { "type": "Polygon", "coordinates": [ [ [ -95.283326247556005, 29.774930427429656 ], [ -95.278422320419821, 29.777579365337854 ], [ -95.278638212632515, 29.782695949936656 ], [ -95.283758483503973, 29.785163745200084 ], [ -95.288662773240247, 29.782514741421224 ], [ -95.28844642949538, 29.777398008263923 ], [ -95.283326247556005, 29.774930427429656 ] ] ] } },
{ "type": "Feature", "properties": { "hex_id": "88446c06bbfffff", "price_mean": 1.8, "price_median": 1.0, "n": 3, "top_restaurants": "ChIJoddnEzq7QIYRWmN2sFyV2WE|$$;;ChIJbzG4eQC7QIYRHNtKU-kWJew|None;;ChIJ_4x2z_e7QIYRsZR3owX1ltk|$", "z_r": 0.3, "qtile": 2.0 }, "geometry": { "type": "Polygon", "coordinates": [ [ [ -95.298037610276467, 29.766981913525004 ], [ -95.293133892554664, 29.769631701480606 ], [ -95.293350433240775, 29.774748612306599 ], [ -95.298471143171923, 29.777215883554863 ], [ -95.30337522322661, 29.774566029552613 ], [ -95.3031582310077, 29.769448970363097 ], [ -95.298037610276467, 29.766981913525004 ] ] ] } },
{ "type": "Feature", "properties": { "hex_id": "88446c06bdfffff", "price_mean": 1.0, "price_median": 1.0, "n": 1, "top_restaurants": "ChIJAWeY2W28QIYRjE2LlfO8OMA|$", "z_r": -0.5, "qtile": 0.0 }, "geometry": { "type": "Polygon", "coordinates": [ [ [ -95.282678037520824, 29.75957993397914 ], [ -95.277774758772594, 29.762229198048658 ], [ -95.277990593492419, 29.767345989313426 ], [ -95.283110158361907, 29.76981366510503 ], [ -95.288013799624764, 29.767164335098968 ], [ -95.287797513493899, 29.762047395252175 ], [ -95.282678037520824, 29.75957993397914 ] ] ] } },
{ "type": "Feature", "properties": { "hex_id": "88446c06c3fffff", "price_mean": 1.342857142857143, "price_median": 1.0, "n": 14, "top_restaurants": "ChIJcS0h4C68QIYRJt0VACwh_nw|$$;;ChIJ36QkNSm8QIYRFVZbKLvrWAg|$$;;ChIJA0-0lC68QIYReSTnCRXU4nI|$", "z_r": -0.15714285714285703, "qtile": 0.0 }, "geometry": { "type": "Polygon", "coordinates": [ [ [ -95.301422986544054, 29.728510024357778 ], [ -95.296520851146653, 29.731160854693044 ], [ -95.296737473328079, 29.736278354237353 ], [ -95.301856682147829, 29.738745171813889 ], [ -95.306759179590003, 29.736094275219397 ], [ -95.306542106158133, 29.730976627321926 ], [ -95.301422986544054, 29.728510024357778 ] ] ] } },
{ "type": "Feature", "properties": { "hex_id": "88446c06c5fffff", "price_mean": 1.0, "price_median": 1.0, "n": 3, "top_restaurants": "ChIJqTko2Eq8QIYRkQPw1GOcHq4|$1–10;;ChIJG8NgUku8QIYRbFi9ajidtPA|None;;ChIJB1Z7I0u8QIYRG5wEJIwrf-U|None", "z_r": -0.5, "qtile": 0.0 }, "geometry": { "type": "Polygon", "coordinates": [ [ [ -95.286067915417291, 29.721109408756185 ], [ -95.28116621855375, 29.723759715482487 ], [ -95.281382135190697, 29.72887709458163 ], [ -95.286500199810419, 29.731344315540419 ], [ -95.29140225890032, 29.728693942664869 ], [ -95.291185891134546, 29.723576414994106 ], [ -95.286067915417291, 29.721109408756185 ] ] ] } },
{ "type": "Feature", "properties": { "hex_id": "88446c06c7fffff", "price_mean": 1.2914285714285714, "price_median": 1.0, "n": 14, "top_restaurants": "ChIJa3pCFm2BT4YRh8DIWDU0c4I|$$;;ChIJjZYALUq8QIYR9E-xulHRMRs|$10–20;;ChIJQV5jhMC9QIYRcotnIA6BxVI|$10–20", "z_r": -0.20857142857142863, "qtile": 0.0 }, "geometry": { "type": "Polygon", "coordinates": [ [ [ -95.29140225890032, 29.728693942664869 ], [ -95.286500199810419, 29.731344315540419 ], [ -95.286716370782131, 29.736461666593698 ], [ -95.291835052043893, 29.738928793276791 ], [ -95.296737473328079, 29.736278354237353 ], [ -95.296520851146653, 29.731160854693044 ], [ -95.29140225890032, 29.728693942664869 ] ] ] } },
{ "type": "Feature", "properties": { "hex_id": "88446c06c9fffff", "price_mean": 1.0, "price_median": 1.0, "n": 2, "top_restaurants": "ChIJUyrUkcW9QIYReCRg4tblMJI|$;;ChIJ4aSdtXe9QIYRP1VprTxn33w|None", "z_r": -0.5, "qtile": 0.0 }, "geometry": { "type": "Polygon", "coordinates": [ [ [ -95.300772587458241, 29.713156791693901 ], [ -95.295871099939788, 29.715807946819158 ], [ -95.296087664455058, 29.720925650903432 ], [ -95.301206167608697, 29.723392348253256 ], [ -95.306108017086657, 29.720741126802686 ], [ -95.305891001441935, 29.71562327434194 ], [ -95.300772587458241, 29.713156791693901 ] ] ] } },
{ "type": "Feature", "properties": { "hex_id": "88446c06cdfffff", "price_mean": 1.424, "price_median": 1.0, "n": 10, "top_restaurants": "ChIJhT_1fmW9QIYRlOErAnU0bRM|$$;;ChIJHZqkjcW9QIYR8NbO3NyOvbE|None;;ChIJ12gHGAC9QIYR-xvHFqcp1P0|$10–20", "z_r": -0.076, "qtile": 1.0 }, "geometry": { "type": "Polygon", "coordinates": [ [ [ -95.290753213202308, 29.713341155325551 ], [ -95.285851801990759, 29.715991853186239 ], [ -95.286067915417291, 29.721109408756185 ], [ -95.291185891134546, 29.723576414994106 ], [ -95.296087664455058, 29.720925650903432 ], [ -95.295871099939788, 29.715807946819158 ], [ -95.290753213202308, 29.713341155325551 ] ] ] } },
{ "type": "Feature", "properties": { "hex_id": "88446c06d1fffff", "price_mean": 1.0, "price_median": 1.0, "n": 2, "top_restaurants": "ChIJiewzEpC-QIYRjYa9_0h5WE0|$;;ChIJhe_8C5C-QIYRIm8v6cqEUBM|$", "z_r": -0.5, "qtile": 0.0 }, "geometry": { "type": "Polygon", "coordinates": [ [ [ -95.316781489009202, 29.735909429410921 ], [ -95.31187891570876, 29.738560783555968 ], [ -95.312096243713611, 29.743678403019089 ], [ -95.317216596381272, 29.74614481648613 ], [ -95.322119531544587, 29.743493395971885 ], [ -95.321901752167832, 29.738375628374147 ], [ -95.316781489009202, 29.735909429410921 ] ] ] } },
{ "type": "Feature", "properties": { "hex_id": "88446c06d3fffff", "price_mean": 1.471111111111111, "price_median": 1.0, "n": 9, "top_restaurants": "ChIJ92LJ1Je-QIYRMJ-JBD_V1OM|$$;;ChIJDckzAQC_QIYR6aWIRHaM7LM|None;;ChIJDToLeZe_QIYRP8bGP_7ZbQg|$10–20", "z_r": -0.028888888888888964, "qtile": 1.0 }, "geometry": { "type": "Polygon", "coordinates": [ [ [ -95.322119531544587, 29.743493395971885 ], [ -95.317216596381272, 29.74614481648613 ], [ -95.317434179035502, 29.751262407287605 ], [ -95.322555148296289, 29.753728725643146 ], [ -95.327458445290148, 29.75107723874504 ], [ -95.327240411183197, 29.745959499889619 ], [ -95.322119531544587, 29.743493395971885 ] ] ] } },
{ "type": "Feature", "properties": { "hex_id": "88446c06d5fffff", "price_mean": 1.1333333333333333, "price_median": 1.0, "n": 15, "top_restaurants": "ChIJCTH_eyW8QIYRGfMKGKiImO0|None;;ChIJfYoSbXvCQIYR1sx6jJNDTdU|None;;ChIJ8VgqIya8QIYR1ysB3f6-8u8|$", "z_r": -0.3666666666666667, "qtile": 0.0 }, "geometry": { "type": "Polygon", "coordinates": [ [ [ -95.306759179590003, 29.736094275219397 ], [ -95.301856682147829, 29.738745171813889 ], [ -95.302073558821363, 29.743862643004483 ], [ -95.307193384258852, 29.746329365887462 ], [ -95.312096243713611, 29.743678403019089 ], [ -95.31187891570876, 29.738560783555968 ], [ -95.306759179590003, 29.736094275219397 ] ] ] } },
{ "type": "Feature", "properties": { "hex_id": "88446c06d7fffff", "price_mean": 1.0, "price_median": 1.0, "n": 1, "top_restaurants": "ChIJXfP3Mae9QIYRrPPPp3msiA4|None", "z_r": -0.5, "qtile": 0.0 }, "geometry": { "type": "Polygon", "coordinates": [ [ [ -95.312096243713611, 29.743678403019089 ], [ -95.307193384258852, 29.746329365887462 ], [ -95.307410515500933, 29.751446808497064 ], [ -95.312530957600401, 29.753913436444527 ], [ -95.317434179035502, 29.751262407287605 ], [ -95.317216596381272, 29.74614481648613 ], [ -95.312096243713611, 29.743678403019089 ] ] ] } },
{ "type": "Feature", "properties": { "hex_id": "88446c06dbfffff", "price_mean": 1.168, "price_median": 1.0, "n": 5, "top_restaurants": "ChIJPxU0q42-QIYRmx8syBHzOko|$10–20;;ChIJdZ5W9kPdQIYRLtEJ_jPusVQ|None;;ChIJc38-ck6_QIYRZvvoK2FRW4E|None", "z_r": -0.332, "qtile": 0.0 }, "geometry": { "type": "Polygon", "coordinates": [ [ [ -95.326804401026735, 29.735723816683148 ], [ -95.321901752167832, 29.738375628374147 ], [ -95.322119531544587, 29.743493395971885 ], [ -95.327240411183197, 29.745959499889619 ], [ -95.332143421755148, 29.743307621734122 ], [ -95.331925190965976, 29.73818970613975 ], [ -95.326804401026735, 29.735723816683148 ] ] ] } },
{ "type": "Feature", "properties": { "hex_id": "88446c06ddfffff", "price_mean": 1.14, "price_median": 1.0, "n": 6, "top_restaurants": "ChIJU2fOQyq8QIYRKcCS4meF4T8|$10–20;;ChIJ20zisiq8QIYReROf3YixTFc|$;;ChIJx7tV8Sq8QIYR1J3UkHUznAw|$", "z_r": -0.36, "qtile": 0.0 }, "geometry": { "type": "Polygon", "coordinates": [ [ [ -95.311444317563428, 29.728325339531434 ], [ -95.306542106158133, 29.730976627321926 ], [ -95.306759179590003, 29.736094275219397 ], [ -95.31187891570876, 29.738560783555968 ], [ -95.316781489009202, 29.735909429410921 ], [ -95.316563964286246, 29.7307916332982 ], [ -95.311444317563428, 29.728325339531434 ] ] ] } },
{ "type": "Feature", "properties": { "hex_id": "88446c06e5fffff", "price_mean": 1.0, "price_median": 1.0, "n": 1, "top_restaurants": "ChIJyYfkUPm8QIYR54fQjuT8sG4|None", "z_r": -0.5, "qtile": 0.0 }, "geometry": { "type": "Polygon", "coordinates": [ [ [ -95.261343701806609, 29.729241099760735 ], [ -95.256441873436373, 29.73189010023118 ], [ -95.256656691023991, 29.737007004984559 ], [ -95.26177378805933, 29.739475058186198 ], [ -95.26667597907192, 29.736825991838003 ], [ -95.266460710397197, 29.731708938180237 ], [ -95.261343701806609, 29.729241099760735 ] ] ] } },
{ "type": "Feature", "properties": { "hex_id": "88446c06e7fffff", "price_mean": 1.8, "price_median": 1.0, "n": 3, "top_restaurants": "ChIJt0QRXPi8QIYRfOLVoFLxJ24|$$;;ChIJt0QRXPi8QIYRkFSYy-Rh4RQ|$;;ChIJH_NpXvi8QIYRjdYx71-din8|$", "z_r": 0.3, "qtile": 2.0 }, "geometry": { "type": "Polygon", "coordinates": [ [ [ -95.26667597907192, 29.736825991838003 ], [ -95.26177378805933, 29.739475058186198 ], [ -95.261988859815276, 29.744591934908197 ], [ -95.267106573742311, 29.747059894120152 ], [ -95.272009127365365, 29.744410761879543 ], [ -95.271793604441314, 29.739293736333703 ], [ -95.26667597907192, 29.736825991838003 ] ] ] } },
{ "type": "Feature", "properties": { "hex_id": "88446c06e9fffff", "price_mean": 1.0, "price_median": 1.0, "n": 1, "top_restaurants": "ChIJv-XnIa69QIYR5GlurfD9CFI|None", "z_r": -0.5, "qtile": 0.0 }, "geometry": { "type": "Polygon", "coordinates": [ [ [ -95.276048770531617, 29.72129240048989 ], [ -95.271147150424525, 29.723942249847461 ], [ -95.271362615973445, 29.729059480237176 ], [ -95.276480152707876, 29.731527009993084 ], [ -95.281382135190697, 29.72887709458163 ], [ -95.28116621855375, 29.723759715482487 ], [ -95.276048770531617, 29.72129240048989 ] ] ] } },
{ "type": "Feature", "properties": { "hex_id": "88446c06ebfffff", "price_mean": 2.2, "price_median": 2.2, "n": 2, "top_restaurants": "ChIJOdVfVku8QIYRix2cdComzUs|$$;;ChIJdw1bh2W9QIYR3e4zSe85sX8|None", "z_r": 0.7, "qtile": 3.0 }, "geometry": { "type": "Polygon", "coordinates": [ [ [ -95.281382135190697, 29.72887709458163 ], [ -95.276480152707876, 29.731527009993084 ], [ -95.276695872510643, 29.736644212417506 ], [ -95.281814025955583, 29.739111648073674 ], [ -95.286716370782131, 29.736461666593698 ], [ -95.286500199810419, 29.731344315540419 ], [ -95.281382135190697, 29.72887709458163 ] ] ] } },
{ "type": "Feature", "properties": { "hex_id": "88446c0e07fffff", "price_mean": 3.4, "price_median": 3.4, "n": 1, "top_restaurants": "ChIJq04lB4mfQIYR-u9YJvh_-R8|$$", "z_r": 1.9, "qtile": 3.0 }, "geometry": { "type": "Polygon", "coordinates": [ [ [ -95.077033888275182, 29.755476550717152 ], [ -95.072132570065662, 29.758116592941494 ], [ -95.072339132485396, 29.763230410784722 ], [ -95.077447463601331, 29.765704337828662 ], [ -95.08234914732715, 29.763064231593987 ], [ -95.082142134410716, 29.757950262339889 ], [ -95.077033888275182, 29.755476550717152 ] ] ] } },
{ "type": "Feature", "properties": { "hex_id": "88446c1081fffff", "price_mean": 2.3651304347826088, "price_median": 1.84, "n": 5, "top_restaurants": "ChIJZQHRsnybQIYRJcOKQustbFM|$$;;ChIJT-bZKmObQIYRxXmYwKmDCUU|$$;;ChIJoSKnnomcQIYRrhEHNZ6yY-o|$10–20", "z_r": 0.86513043478260876, "qtile": 3.0 }, "geometry": { "type": "Polygon", "coordinates": [ [ [ -95.142997353143173, 29.531636743762949 ], [ -95.138104802676409, 29.534284946475861 ], [ -95.138313936680703, 29.539402802175751 ], [ -95.143416070206328, 29.541872605892262 ], [ -95.148308983832209, 29.539224337485305 ], [ -95.148099400763513, 29.534106331070053 ], [ -95.142997353143173, 29.531636743762949 ] ] ] } },
{ "type": "Feature", "properties": { "hex_id": "88446c1083fffff", "price_mean": 2.059753696384131, "price_median": 1.84, "n": 27, "top_restaurants": "ChIJl6jYG4qcQIYRmcnZxwE6JXQ|$$$;;ChIJ3Yz0knubQIYRq4eVxLkcPzU|$$;;ChIJG1i8L3qbQIYR71RutR3YMDE|$$", "z_r": 0.55975369638413097, "qtile": 2.0 }, "geometry": { "type": "Polygon", "coordinates": [ [ [ -95.148308983832209, 29.539224337485305 ], [ -95.143416070206328, 29.541872605892262 ], [ -95.143625456558055, 29.546990439304633 ], [ -95.148728205671219, 29.549460154959643 ], [ -95.153621482425464, 29.546811820844461 ], [ -95.153411646928376, 29.541693836796664 ], [ -95.148308983832209, 29.539224337485305 ] ] ] } },
{ "type": "Feature", "properties": { "hex_id": "88446c108bfffff", "price_mean": 1.0, "price_median": 1.0, "n": 2, "top_restaurants": "ChIJTxZ4_daZQIYRW-g2EpGzudY|$1–10;;ChIJM87IJzSbQIYRM1C4LXGA1-4|$", "z_r": -0.5, "qtile": 0.0 }, "geometry": { "type": "Polygon", "coordinates": [ [ [ -95.152992031694737, 29.531457673373989 ], [ -95.148099400763513, 29.534106331070053 ], [ -95.148308983832209, 29.539224337485305 ], [ -95.153411646928376, 29.541693836796664 ], [ -95.15830464087135, 29.539045113311079 ], [ -95.158094608696601, 29.533926956317842 ], [ -95.152992031694737, 29.531457673373989 ] ] ] } },
{ "type": "Feature", "properties": { "hex_id": "88446c1091fffff", "price_mean": 1.0, "price_median": 1.0, "n": 1, "top_restaurants": "ChIJLUv8k52bQIYRmwIDJ83kqew|$", "z_r": -0.5, "qtile": 0.0 }, "geometry": { "type": "Polygon", "coordinates": [ [ [ -95.163618117966621, 29.546632442629619 ], [ -95.158724761042748, 29.549281231918897 ], [ -95.158934849044314, 29.554399193372205 ], [ -95.164038743227948, 29.556868515968507 ], [ -95.168932463101882, 29.554219660861349 ], [ -95.168721925832372, 29.549101548989974 ], [ -95.163618117966621, 29.546632442629619 ] ] ] } },
{ "type": "Feature", "properties": { "hex_id": "88446c1095fffff", "price_mean": 1.5666666666666667, "price_median": 1.0, "n": 9, "top_restaurants": "ChIJtzGeYaCbQIYR_ojME7hvPbw|$$;;ChIJj9C4UQCbQIYRRndgxaAm4x4|$$;;ChIJh2mMwpubQIYRlWePV0ZjDaE|$$", "z_r": 0.066666666666666652, "qtile": 1.0 }, "geometry": { "type": "Polygon", "coordinates": [ [ [ -95.153621482425464, 29.546811820844461 ], [ -95.148728205671219, 29.549460154959643 ], [ -95.148937844446465, 29.554577965857483 ], [ -95.154041209192513, 29.557047593209798 ], [ -95.158934849044314, 29.554399193372205 ], [ -95.158724761042748, 29.549281231918897 ], [ -95.153621482425464, 29.546811820844461 ] ] ] } },
{ "type": "Feature", "properties": { "hex_id": "88446c109dfffff", "price_mean": 1.0, "price_median": 1.0, "n": 1, "top_restaurants": "ChIJu2jd0HKdQIYRuAZV52HDBR0|$", "z_r": -0.5, "qtile": 0.0 }, "geometry": { "type": "Polygon", "coordinates": [ [ [ -95.15830464087135, 29.539045113311079 ], [ -95.153411646928376, 29.541693836796664 ], [ -95.153621482425464, 29.546811820844461 ], [ -95.158724761042748, 29.549281231918897 ], [ -95.163618117966621, 29.546632442629619 ], [ -95.163407833282548, 29.54151430808378 ], [ -95.15830464087135, 29.539045113311079 ] ] ] } },
{ "type": "Feature", "properties": { "hex_id": "88446c10a3fffff", "price_mean": 1.915, "price_median": 1.84, "n": 8, "top_restaurants": "ChIJK93nP3KcQIYRJt5SxpMWsLw|$$;;ChIJu1epLWecQIYRjPufvtEjxhQ|$$;;ChIJMb12HF6cQIYR3mgXq1ArX2M|$10–20", "z_r": 0.415, "qtile": 2.0 }, "geometry": { "type": "Polygon", "coordinates": [ [ [ -95.123635236054994, 29.547345397479852 ], [ -95.11874220159261, 29.549992366049949 ], [ -95.118950492939192, 29.555109724457246 ], [ -95.124052267839403, 29.557580265276101 ], [ -95.128945665841329, 29.554933231270098 ], [ -95.128736925393653, 29.54981572189531 ], [ -95.123635236054994, 29.547345397479852 ] ] ] } },
{ "type": "Feature", "properties": { "hex_id": "88446c10a7fffff", "price_mean": 3.4, "price_median": 3.4, "n": 1, "top_restaurants": "ChIJy1xip2adQIYR7rrWqvJYc2I|$$", "z_r": 1.9, "qtile": 3.0 }, "geometry": { "type": "Polygon", "coordinates": [ [ [ -95.113641042524037, 29.547521737454737 ], [ -95.108748089419691, 29.550168250835867 ], [ -95.108955931707087, 29.5552854581384 ], [ -95.114057176148137, 29.557756303178735 ], [ -95.118950492939192, 29.555109724457246 ], [ -95.11874220159261, 29.549992366049949 ], [ -95.113641042524037, 29.547521737454737 ] ] ] } },
{ "type": "Feature", "properties": { "hex_id": "88446c10b1fffff", "price_mean": 1.6, "price_median": 1.0, "n": 8, "top_restaurants": "ChIJabTDPnicQIYRcHeVBFFEMyU|$$;;ChIJoWAicnicQIYRvRioPAcSILc|$$;;ChIJRYw44cGdQIYR-cvNdH0Ry_I|$", "z_r": 0.1, "qtile": 1.0 }, "geometry": { "type": "Polygon", "coordinates": [ [ [ -95.13894144986125, 29.554755978446838 ], [ -95.134047970945502, 29.557403467733756 ], [ -95.134256963730792, 29.56252095452691 ], [ -95.139359884645955, 29.564991102797578 ], [ -95.14425372692331, 29.562343547965028 ], [ -95.144044284914102, 29.557225910421629 ], [ -95.13894144986125, 29.554755978446838 ] ] ] } },
{ "type": "Feature", "properties": { "hex_id": "88446c10b3fffff", "price_mean": 1.68, "price_median": 1.42, "n": 6, "top_restaurants": "ChIJl62K8CybQIYRxaG6m6Ihz0U|$$;;ChIJZUvFfoybQIYRul1plakVzvY|$10–20;;ChIJ4zdtwYWcQIYRS9hvr_1t_ig|$10–20", "z_r": 0.18, "qtile": 1.0 }, "geometry": { "type": "Polygon", "coordinates": [ [ [ -95.14425372692331, 29.562343547965028 ], [ -95.139359884645955, 29.564991102797578 ], [ -95.139569129844972, 29.570108566782139 ], [ -95.144672666616515, 29.572578626618604 ], [ -95.149566872224767, 29.569931006226195 ], [ -95.149357177720788, 29.564813391571366 ], [ -95.14425372692331, 29.562343547965028 ] ] ] } },
{ "type": "Feature", "properties": { "hex_id": "88446c10b7fffff", "price_mean": 3.4, "price_median": 3.4, "n": 1, "top_restaurants": "ChIJQaqjvHGcQIYRiH5OwKYjA-g|$$", "z_r": 1.9, "qtile": 3.0 }, "geometry": { "type": "Polygon", "coordinates": [ [ [ -95.134256963730792, 29.56252095452691 ], [ -95.12936320221992, 29.565168053983029 ], [ -95.129571998155726, 29.570285367159975 ], [ -95.134675004855794, 29.5727557317026 ], [ -95.139569129844972, 29.570108566782139 ], [ -95.139359884645955, 29.564991102797578 ], [ -95.134256963730792, 29.56252095452691 ] ] ] } },
{ "type": "Feature", "properties": { "hex_id": "88446c10bbfffff", "price_mean": 2.2, "price_median": 2.2, "n": 6, "top_restaurants": "ChIJwStkEIubQIYRdnnxZd2tNBc|$$;;ChIJWZVdSrSbQIYRi0atlDvOPPw|$$;;ChIJMWftdISbQIYRTvjKndK8AvY|$$", "z_r": 0.7, "qtile": 3.0 }, "geometry": { "type": "Polygon", "coordinates": [ [ [ -95.148937844446465, 29.554577965857483 ], [ -95.144044284914102, 29.557225910421629 ], [ -95.14425372692331, 29.562343547965028 ], [ -95.149357177720788, 29.564813391571366 ], [ -95.154251100467405, 29.562165381366093 ], [ -95.154041209192513, 29.557047593209798 ], [ -95.148937844446465, 29.554577965857483 ] ] ] } },
{ "type": "Feature", "properties": { "hex_id": "88446c1191fffff", "price_mean": 1.0, "price_median": 1.0, "n": 1, "top_restaurants": "ChIJbWrkYwidQIYRrcA09HW_pdo|$", "z_r": -0.5, "qtile": 0.0 }, "geometry": { "type": "Polygon", "coordinates": [ [ [ -95.093654491663486, 29.547872139829774 ], [ -95.088761702165897, 29.550517742822574 ], [ -95.088968646460899, 29.555634647503965 ], [ -95.094068829218756, 29.558106100585867 ], [ -95.098961982697048, 29.555460432443837 ], [ -95.098754589426861, 29.550343376383275 ], [ -95.093654491663486, 29.547872139829774 ] ] ] } },
{ "type": "Feature", "properties": { "hex_id": "88446c1411fffff", "price_mean": 1.0, "price_median": 1.0, "n": 3, "top_restaurants": "ChIJadglOMiWQIYR_jhRqYuJ918|$;;ChIJ8YEbWSCXQIYRkoAuAFeqJk8|$;;ChIJcS9rLCiXQIYRIVen5XIpIkQ|$", "z_r": -0.5, "qtile": 0.0 }, "geometry": { "type": "Polygon", "coordinates": [ [ [ -95.27087814993088, 29.598456028538735 ], [ -95.26598170740678, 29.601108469628365 ], [ -95.266196714776314, 29.606227312674939 ], [ -95.271308614782114, 29.608693863539877 ], [ -95.276205418999496, 29.606041355865027 ], [ -95.275989961508216, 29.600922363924752 ], [ -95.27087814993088, 29.598456028538735 ] ] ] } },
{ "type": "Feature", "properties": { "hex_id": "88446c1415fffff", "price_mean": 1.1473684210526314, "price_median": 1.0, "n": 3, "top_restaurants": "ChIJ_z5xMZuXQIYRRXx58y-WBOY|$10–20;;ChIJnV-tiiiXQIYRGnFH1MNNwD4|$;;ChIJqSjpLCaXQIYRPiYnhOCVzZM|$", "z_r": -0.35263157894736863, "qtile": 0.0 }, "geometry": { "type": "Polygon", "coordinates": [ [ [ -95.260870422809958, 29.598641827366823 ], [ -95.255974057334186, 29.60129381264472 ], [ -95.256188614622801, 29.606412506659787 ], [ -95.261299987458514, 29.608879364442743 ], [ -95.266196714776314, 29.606227312674939 ], [ -95.26598170740678, 29.601108469628365 ], [ -95.260870422809958, 29.598641827366823 ] ] ] } },
{ "type": "Feature", "properties": { "hex_id": "88446c1417fffff", "price_mean": 1.0, "price_median": 1.0, "n": 2, "top_restaurants": "ChIJg9hoTP2XQIYRKKwWIvzZ20E|$;;ChIJCaHx7CCXQIYRVlgz2tG72W0|$", "z_r": -0.5, "qtile": 0.0 }, "geometry": { "type": "Polygon", "coordinates": [ [ [ -95.266196714776314, 29.606227312674939 ], [ -95.261299987458514, 29.608879364442743 ], [ -95.261514798345814, 29.613998033565416 ], [ -95.266626786702986, 29.61646479988579 ], [ -95.271523875831065, 29.613812681613769 ], [ -95.271308614782114, 29.608693863539877 ], [ -95.266196714776314, 29.606227312674939 ] ] ] } },
{ "type": "Feature", "properties": { "hex_id": "88446c1419fffff", "price_mean": 1.0, "price_median": 1.0, "n": 1, "top_restaurants": "ChIJpwqy2SmXQIYRSYCRqtalISM|None", "z_r": -0.5, "qtile": 0.0 }, "geometry": { "type": "Polygon", "coordinates": [ [ [ -95.27555910382118, 29.590684181542397 ], [ -95.270662946123494, 29.593337011772785 ], [ -95.27087814993088, 29.598456028538735 ], [ -95.275989961508216, 29.600922363924752 ], [ -95.2808864807822, 29.598269467028132 ], [ -95.280670826892973, 29.593150301426018 ], [ -95.27555910382118, 29.590684181542397 ] ] ] } },
{ "type": "Feature", "properties": { "hex_id": "88446c141dfffff", "price_mean": 1.705, "price_median": 1.0, "n": 8, "top_restaurants": "ChIJM5Cy7SmXQIYRBq3KKC18_i4|$$;;ChIJW1r3dSmXQIYR7bY1eeCBlwc|$$;;ChIJYWRvEL2XQIYRh9zUkeh9sdw|$10–20", "z_r": 0.205, "qtile": 1.0 }, "geometry": { "type": "Polygon", "coordinates": [ [ [ -95.265551749842672, 29.590870585056166 ], [ -95.260655669043643, 29.593522959574862 ], [ -95.260870422809958, 29.598641827366823 ], [ -95.26598170740678, 29.601108469628365 ], [ -95.27087814993088, 29.598456028538735 ], [ -95.270662946123494, 29.593337011772785 ], [ -95.265551749842672, 29.590870585056166 ] ] ] } },
{ "type": "Feature", "properties": { "hex_id": "88446c1421fffff", "price_mean": 1.42, "price_median": 1.42, "n": 2, "top_restaurants": "ChIJUw2eDQCbQIYRXd3s1lXIQ1E|$10–20;;ChIJ53Sr3AGaQIYRF3e-hDhkRQI|$", "z_r": -0.08, "qtile": 1.0 }, "geometry": { "type": "Polygon", "coordinates": [ [ [ -95.225528378956966, 29.591608576279214 ], [ -95.220632608735116, 29.594259127904856 ], [ -95.220845562746476, 29.599377398423425 ], [ -95.225954736847243, 29.60184526685552 ], [ -95.230850869388263, 29.599194649040321 ], [ -95.230637465499697, 29.594076228996855 ], [ -95.225528378956966, 29.591608576279214 ] ] ] } },
{ "type": "Feature", "properties": { "hex_id": "88446c1423fffff", "price_mean": 1.0, "price_median": 1.0, "n": 1, "top_restaurants": "ChIJyZy7queZQIYRtcwpYzema_k|$", "z_r": -0.5, "qtile": 0.0 }, "geometry": { "type": "Polygon", "coordinates": [ [ [ -95.230850869388263, 29.599194649040321 ], [ -95.225954736847243, 29.60184526685552 ], [ -95.226167944138751, 29.606963512949623 ], [ -95.231277733919654, 29.609431290687482 ], [ -95.236174228748354, 29.606780606668416 ], [ -95.235960571498836, 29.601662211129618 ], [ -95.230850869388263, 29.599194649040321 ] ] ] } },
{ "type": "Feature", "properties": { "hex_id": "88446c1427fffff", "price_mean": 1.0, "price_median": 1.0, "n": 2, "top_restaurants": "ChIJc6HNV_2ZQIYRfkYdIJTLQGo|$;;ChIJQZV0HkaZQIYRrezCe_iGHYs|$", "z_r": -0.5, "qtile": 0.0 }, "geometry": { "type": "Polygon", "coordinates": [ [ [ -95.220845562746476, 29.599377398423425 ], [ -95.215949508446769, 29.602027560408878 ], [ -95.216162265821424, 29.60714565692065 ], [ -95.221271527402976, 29.60961374104356 ], [ -95.226167944138751, 29.606963512949623 ], [ -95.225954736847243, 29.60184526685552 ], [ -95.220845562746476, 29.599377398423425 ] ] ] } },
{ "type": "Feature", "properties": { "hex_id": "88446c142dfffff", "price_mean": 1.81, "price_median": 1.42, "n": 4, "top_restaurants": "ChIJZ-G2LACaQIYRZSFXqzy51L0|$$;;ChIJNVwxzoyZQIYRhshbEY-p9_U|$10–20;;ChIJDRTQmwGaQIYRJLanNG2k7lM|$", "z_r": 0.31, "qtile": 2.0 }, "geometry": { "type": "Polygon", "coordinates": [ [ [ -95.220206757333571, 29.584022388853782 ], [ -95.215311349462283, 29.586672874304128 ], [ -95.215524050269721, 29.591791169019999 ], [ -95.220632608735116, 29.594259127904856 ], [ -95.225528378956966, 29.591608576279214 ], [ -95.225315228353182, 29.586490131958275 ], [ -95.220206757333571, 29.584022388853782 ] ] ] } },
{ "type": "Feature", "properties": { "hex_id": "88446c1431fffff", "price_mean": 1.0, "price_median": 1.0, "n": 5, "top_restaurants": "ChIJlU0AH-eZQIYRgogWSQLhszA|$;;ChIJ0d2CIQ2XQIYRvnkeCbu1Uew|None;;ChIJzTjdFz-XQIYRuh-ocMhMrYc|$", "z_r": -0.5, "qtile": 0.0 }, "geometry": { "type": "Polygon", "coordinates": [ [ [ -95.246181119094885, 29.606596937948066 ], [ -95.241284546471476, 29.609248077887884 ], [ -95.241498457158144, 29.614366448694806 ], [ -95.246609390538438, 29.616833828802914 ], [ -95.251506325269503, 29.614182622549546 ], [ -95.251291964502997, 29.609064102515884 ], [ -95.246181119094885, 29.606596937948066 ] ] ] } },
{ "type": "Feature", "properties": { "hex_id": "88446c1435fffff", "price_mean": 1.0, "price_median": 1.0, "n": 2, "top_restaurants": "ChIJj45AiGyXQIYRWAsgmMUUmVI|$;;ChIJWxBo7kOXQIYRu9zW4wBU7l8|None", "z_r": -0.5, "qtile": 0.0 }, "geometry": { "type": "Polygon", "coordinates": [ [ [ -95.236174228748354, 29.606780606668416 ], [ -95.231277733919654, 29.609431290687482 ], [ -95.231491194567496, 29.614549512129944 ], [ -95.236601600073243, 29.617017198932057 ], [ -95.241498457158144, 29.614366448694806 ], [ -95.241284546471476, 29.609248077887884 ], [ -95.236174228748354, 29.606780606668416 ] ] ] } },
{ "type": "Feature", "properties": { "hex_id": "88446c1439fffff", "price_mean": 1.0, "price_median": 1.0, "n": 4, "top_restaurants": "ChIJx9GwkjeXQIYRwTn-_Ga_oqo|$;;ChIJx9GwkjeXQIYRJMevMl8bwXA|$;;ChIJ0fS9a7OXQIYRAQAx-NOBFLs|None", "z_r": -0.5, "qtile": 0.0 }, "geometry": { "type": "Polygon", "coordinates": [ [ [ -95.250863299975421, 29.598826863640749 ], [ -95.245967011846304, 29.60147839310228 ], [ -95.246181119094885, 29.606596937948066 ], [ -95.251291964502997, 29.609064102515884 ], [ -95.256188614622801, 29.606412506659787 ], [ -95.255974057334186, 29.60129381264472 ], [ -95.250863299975421, 29.598826863640749 ] ] ] } },
{ "type": "Feature", "properties": { "hex_id": "88446c1483fffff", "price_mean": 1.0, "price_median": 1.0, "n": 1, "top_restaurants": "ChIJAXXtvUSXQIYRbaiHvppeB9c|None", "z_r": -0.5, "qtile": 0.0 }, "geometry": { "type": "Polygon", "coordinates": [ [ [ -95.292841213345639, 29.644152984298202 ], [ -95.287942677294907, 29.646805368730501 ], [ -95.288158757318939, 29.651923909982067 ], [ -95.293273823949406, 29.654390215365062 ], [ -95.298172721650957, 29.651737764356739 ], [ -95.297956191061701, 29.646619074555748 ], [ -95.292841213345639, 29.644152984298202 ] ] ] } },
{ "type": "Feature", "properties": { "hex_id": "88446c1493fffff", "price_mean": 1.8, "price_median": 1.0, "n": 3, "top_restaurants": "ChIJd-dDKz-VQIYRbuSHVn3UJyU|$$;;ChIJO8VqtoKVQIYR9aubcAYQFIs|None;;ChIJlUiareOVQIYRrppMcGdn1B0|None", "z_r": 0.3, "qtile": 2.0 }, "geometry": { "type": "Polygon", "coordinates": [ [ [ -95.313520644054435, 29.659135355382027 ], [ -95.308621308878017, 29.661788329554888 ], [ -95.308838347817186, 29.666906966455436 ], [ -95.313955172690456, 29.669372777448064 ], [ -95.318854869304161, 29.66671973657505 ], [ -95.318637379597803, 29.661600951423903 ], [ -95.313520644054435, 29.659135355382027 ] ] ] } },
{ "type": "Feature", "properties": { "hex_id": "88446c14a1fffff", "price_mean": 1.0, "price_median": 1.0, "n": 1, "top_restaurants": "ChIJl90PRoeXQIYRTVP4H_5vjwE|€", "z_r": -0.5, "qtile": 0.0 }, "geometry": { "type": "Polygon", "coordinates": [ [ [ -95.262804063710959, 29.644708651407932 ], [ -95.257905757917356, 29.647359666661497 ], [ -95.258120486490284, 29.652477761437716 ], [ -95.263233971290077, 29.654944989937583 ], [ -95.268132639181587, 29.652293908393951 ], [ -95.267917460165805, 29.647175664654814 ], [ -95.262804063710959, 29.644708651407932 ] ] ] } },
{ "type": "Feature", "properties": { "hex_id": "88446c14a3fffff", "price_mean": 1.46, "price_median": 1.42, "n": 4, "top_restaurants": "ChIJ1xNrJQCXQIYRRjteI5nbHZU|None;;ChIJg4Wr70qWQIYR_NszP7BtcDA|$10–20;;ChIJM48q50qWQIYRVD06eJLc3tk|$", "z_r": -0.04, "qtile": 1.0 }, "geometry": { "type": "Polygon", "coordinates": [ [ [ -95.268132639181587, 29.652293908393951 ], [ -95.263233971290077, 29.654944989937583 ], [ -95.263448953676772, 29.660063058698899 ], [ -95.268563054469112, 29.662530194813417 ], [ -95.27346208442674, 29.659879046965298 ], [ -95.273246651516345, 29.65476082932144 ], [ -95.268132639181587, 29.652293908393951 ] ] ] } },
{ "type": "Feature", "properties": { "hex_id": "88446c14a5fffff", "price_mean": 1.537, "price_median": 1.0, "n": 20, "top_restaurants": "ChIJb9RHsLyXQIYRE3RpZWQOT0w|$$;;ChIJj-10_L2XQIYR4WjS3hoxnR8|$$;;ChIJDS5AqbyXQIYRRdh-F8ccukM|$10–20", "z_r": 0.037, "qtile": 1.0 }, "geometry": { "type": "Polygon", "coordinates": [ [ [ -95.252792889065546, 29.644892346017951 ], [ -95.247894660621853, 29.647542904869532 ], [ -95.248108938792797, 29.652660850545082 ], [ -95.253221895799825, 29.655128386484005 ], [ -95.258120486490284, 29.652477761437716 ], [ -95.257905757917356, 29.647359666661497 ], [ -95.252792889065546, 29.644892346017951 ] ] ] } },
{ "type": "Feature", "properties": { "hex_id": "88446c14a7fffff", "price_mean": 1.5, "price_median": 1.5, "n": 2, "top_restaurants": "ChIJCacE0buXQIYRkwVfX3EkR9A|None;;ChIJYTSAYzOXQIYRzKydZ5NR3AQ|$", "z_r": 0.0, "qtile": 1.0 }, "geometry": { "type": "Polygon", "coordinates": [ [ [ -95.258120486490284, 29.652477761437716 ], [ -95.253221895799825, 29.655128386484005 ], [ -95.253436427703718, 29.660246306225012 ], [ -95.258550000771294, 29.662713749954332 ], [ -95.263448953676772, 29.660063058698899 ], [ -95.263233971290077, 29.654944989937583 ], [ -95.258120486490284, 29.652477761437716 ] ] ] } },
{ "type": "Feature", "properties": { "hex_id": "88446c14abfffff", "price_mean": 1.72, "price_median": 1.0, "n": 7, "top_restaurants": "ChIJTZmWw4CXQIYROSWnf4yicsI|$20–30;;ChIJOaDNI0-WQIYR9Zl9svicYok|$$;;ChIJOaDNI0-WQIYRc_XaVaNb_UI|$", "z_r": 0.22, "qtile": 1.0 }, "geometry": { "type": "Polygon", "coordinates": [ [ [ -95.272815843010605, 29.644524193003736 ], [ -95.267917460165805, 29.647175664654814 ], [ -95.268132639181587, 29.652293908393951 ], [ -95.273246651516345, 29.65476082932144 ], [ -95.278145396310109, 29.652109291284962 ], [ -95.277929766810587, 29.646990898720698 ], [ -95.272815843010605, 29.644524193003736 ] ] ] } },
{ "type": "Feature", "properties": { "hex_id": "88446c14b1fffff", "price_mean": 1.42, "price_median": 1.0, "n": 5, "top_restaurants": "ChIJgdPt4z2WQIYR7UkoANG67Yo|$71;;ChIJ-R1YxBiWQIYR3aX5Bod-Zgg|$;;ChIJSx1pUQCXQIYRT1XqXi7kvVY|None", "z_r": -0.08, "qtile": 1.0 }, "geometry": { "type": "Polygon", "coordinates": [ [ [ -95.283475819396699, 29.659694270895386 ], [ -95.278576712685847, 29.662345875331692 ], [ -95.278792399567124, 29.667464066652986 ], [ -95.28390764379499, 29.669930802216577 ], [ -95.288807112391012, 29.667279131365991 ], [ -95.288590974864448, 29.662160791380405 ], [ -95.283475819396699, 29.659694270895386 ] ] ] } },
{ "type": "Feature", "properties": { "hex_id": "88446c14b3fffff", "price_mean": 1.0646153846153845, "price_median": 1.0, "n": 13, "top_restaurants": "ChIJHRoLsDiXQIYRm9l2E20vdoI|$10–20;;ChIJd_KMziKWQIYRlCA-HJ48SqU|$;;ChIJN735XT2WQIYR23yeabsgvIM|$", "z_r": -0.43538461538461548, "qtile": 0.0 }, "geometry": { "type": "Polygon", "coordinates": [ [ [ -95.288807112391012, 29.667279131365991 ], [ -95.28390764379499, 29.669930802216577 ], [ -95.28412358472346, 29.67504896698804 ], [ -95.289239444964451, 29.677515609507086 ], [ -95.294139275413656, 29.674863872227764 ], [ -95.293922883759137, 29.669745558872446 ], [ -95.288807112391012, 29.667279131365991 ] ] ] } },
{ "type": "Feature", "properties": { "hex_id": "88446c14b5fffff", "price_mean": 1.0, "price_median": 1.0, "n": 3, "top_restaurants": "ChIJrx49HIeXQIYRhZX_T6GR5q8|None;;ChIJIT_g5TaWQIYR_3Xgg5MCuvM|$;;ChIJ8VvCK0WXQIYRq2gCV04qOK4|None", "z_r": -0.5, "qtile": 0.0 }, "geometry": { "type": "Polygon", "coordinates": [ [ [ -95.27346208442674, 29.659879046965298 ], [ -95.268563054469112, 29.662530194813417 ], [ -95.2687782907459, 29.667648237332582 ], [ -95.273893007575225, 29.670115280820056 ], [ -95.278792399567124, 29.667464066652986 ], [ -95.278576712685847, 29.662345875331692 ], [ -95.27346208442674, 29.659879046965298 ] ] ] } },
{ "type": "Feature", "properties": { "hex_id": "88446c14b7fffff", "price_mean": 1.5333333333333334, "price_median": 1.0, "n": 9, "top_restaurants": "ChIJk4JnOzCWQIYRkhI0gim3-z4|$$;;ChIJrx6O1i-WQIYRroyg3FQAw_I|$$;;ChIJFdvErDGWQIYRa8CdXO_SbuM|$", "z_r": 0.033333333333333437, "qtile": 1.0 }, "geometry": { "type": "Polygon", "coordinates": [ [ [ -95.278792399567124, 29.667464066652986 ], [ -95.273893007575225, 29.670115280820056 ], [ -95.274108497818403, 29.675233296869823 ], [ -95.279223830729208, 29.677700247488527 ], [ -95.28412358472346, 29.67504896698804 ], [ -95.28390764379499, 29.669930802216577 ], [ -95.278792399567124, 29.667464066652986 ] ] ] } },
{ "type": "Feature", "properties": { "hex_id": "88446c14b9fffff", "price_mean": 1.28, "price_median": 1.0, "n": 3, "top_restaurants": "ChIJm9TSHECWQIYRu5N7pRnwMnY|$10–20;;ChIJPZX57gmXQIYRPd7Gyvr9ZKk|$;;ChIJlRGKZgCXQIYR55OWp9JynyE|None", "z_r": -0.22, "qtile": 0.0 }, "geometry": { "type": "Polygon", "coordinates": [ [ [ -95.288158757318939, 29.651923909982067 ], [ -95.283259935921805, 29.654575904506814 ], [ -95.283475819396699, 29.659694270895386 ], [ -95.288590974864448, 29.662160791380405 ], [ -95.293490158029556, 29.659508730360518 ], [ -95.293273823949406, 29.654390215365062 ], [ -95.288158757318939, 29.651923909982067 ] ] ] } },
{ "type": "Feature", "properties": { "hex_id": "88446c14bbfffff", "price_mean": 1.0, "price_median": 1.0, "n": 1, "top_restaurants": "ChIJ89zfXxWWQIYR84pOMLsR5Vo|None", "z_r": -0.5, "qtile": 0.0 }, "geometry": { "type": "Polygon", "coordinates": [ [ [ -95.293490158029556, 29.659508730360518 ], [ -95.288590974864448, 29.662160791380405 ], [ -95.288807112391012, 29.667279131365991 ], [ -95.293922883759137, 29.669745558872446 ], [ -95.298822428660216, 29.667093431342977 ], [ -95.298605840447678, 29.661974942830952 ], [ -95.293490158029556, 29.659508730360518 ] ] ] } },
{ "type": "Feature", "properties": { "hex_id": "88446c14bdfffff", "price_mean": 1.8733333333333333, "price_median": 1.92, "n": 12, "top_restaurants": "ChIJ0aHyYwCXQIYRWVpN9NoOB8c|$30–50;;ChIJxwQSTQCXQIYRn6opfYFBoak|$20–30;;ChIJVS7mRK2XQIYRlrm_G3R8SoU|None", "z_r": 0.37333333333333329, "qtile": 2.0 }, "geometry": { "type": "Polygon", "coordinates": [ [ [ -95.278145396310109, 29.652109291284962 ], [ -95.273246651516345, 29.65476082932144 ], [ -95.27346208442674, 29.659879046965298 ], [ -95.278576712685847, 29.662345875331692 ], [ -95.283475819396699, 29.659694270895386 ], [ -95.283259935921805, 29.654575904506814 ], [ -95.278145396310109, 29.652109291284962 ] ] ] } },
{ "type": "Feature", "properties": { "hex_id": "88446c14c5fffff", "price_mean": 1.6133333333333333, "price_median": 1.84, "n": 6, "top_restaurants": "ChIJVTh3KACXQIYRXlV7M33IyTk|None;;ChIJHey9t-uWQIYR3cf3G7eHjBc|None;;ChIJhcrLF3eXQIYRi4Zf17nKu-M|$10–20", "z_r": 0.11333333333333329, "qtile": 1.0 }, "geometry": { "type": "Polygon", "coordinates": [ [ [ -95.28153355716907, 29.61362656656615 ], [ -95.276636391290239, 29.616279140840522 ], [ -95.276851906094791, 29.621397933714452 ], [ -95.281965037051734, 29.623864301061392 ], [ -95.286862564560138, 29.621211660173181 ], [ -95.286646599472476, 29.616092718566176 ], [ -95.28153355716907, 29.61362656656615 ] ] ] } },
{ "type": "Feature", "properties": { "hex_id": "88446c14c7fffff", "price_mean": 1.635, "price_median": 1.42, "n": 8, "top_restaurants": "ChIJqcwVBO6WQIYRrrrRPdNlqYg|$$;;ChIJaZZ5SwCXQIYR9Zq_Xagv-HQ|None;;ChIJsX0Dar-XQIYRhpMkxCq_i5k|$10–20", "z_r": 0.135, "qtile": 1.0 }, "geometry": { "type": "Polygon", "coordinates": [ [ [ -95.286862564560138, 29.621211660173181 ], [ -95.281965037051734, 29.623864301061392 ], [ -95.2821808056881, 29.628983068508056 ], [ -95.28729455218712, 29.631449343733543 ], [ -95.292192441293182, 29.628796636217153 ], [ -95.291976222293016, 29.623677720117762 ], [ -95.286862564560138, 29.621211660173181 ] ] ] } },
{ "type": "Feature", "properties": { "hex_id": "88446c14cbfffff", "price_mean": 1.5, "price_median": 1.5, "n": 2, "top_restaurants": "ChIJd0qIJZiXQIYR3d7HqFo9pK0|None;;ChIJ60hlcZyWQIYRp8etcXkEd6A|$", "z_r": 0.0, "qtile": 1.0 }, "geometry": { "type": "Polygon", "coordinates": [ [ [ -95.301554729177496, 29.613252046669842 ], [ -95.296657410693086, 29.615905532934494 ], [ -95.296873826104544, 29.621024623136702 ], [ -95.301988010355274, 29.623490375545888 ], [ -95.306885690171171, 29.620836822476861 ], [ -95.306668824395331, 29.615717583817357 ], [ -95.301554729177496, 29.613252046669842 ] ] ] } },
{ "type": "Feature", "properties": { "hex_id": "88446c14cdfffff", "price_mean": 1.21, "price_median": 1.0, "n": 8, "top_restaurants": "ChIJv8G-A1CXQIYR6-Ow_yT16tI|$10–20;;ChIJ65H46sGWQIYRC9od3VyefAI|$10–20;;ChIJkdvzkuSXQIYRcoDw4it1BlQ|$", "z_r": -0.29, "qtile": 0.0 }, "geometry": { "type": "Polygon", "coordinates": [ [ [ -95.286214726736134, 29.605854636101721 ], [ -95.281317845917712, 29.608507599678848 ], [ -95.28153355716907, 29.61362656656615 ], [ -95.286646599472476, 29.616092718566176 ], [ -95.291543841803431, 29.613439688294235 ], [ -95.29132768030891, 29.608320572731383 ], [ -95.286214726736134, 29.605854636101721 ] ] ] } },
{ "type": "Feature", "properties": { "hex_id": "88446c14e1fffff", "price_mean": 1.1428571428571428, "price_median": 1.0, "n": 7, "top_restaurants": "ChIJXWV6IB2XQIYRUfkNNFAuDv0|None;;ChIJNSjFdh6XQIYR8p8wSOh6F5U|None;;ChIJs1hvicKXQIYRVzmQ7FJMJuI|None", "z_r": -0.35714285714285721, "qtile": 0.0 }, "geometry": { "type": "Polygon", "coordinates": [ [ [ -95.266841851265156, 29.621583443888806 ], [ -95.26194447725905, 29.624235172577009 ], [ -95.262159345290058, 29.629353642304693 ], [ -95.267272037599881, 29.631820532286866 ], [ -95.272169773501517, 29.629168737161091 ], [ -95.271954455188222, 29.624050118505011 ], [ -95.266841851265156, 29.621583443888806 ] ] ] } },
{ "type": "Feature", "properties": { "hex_id": "88446c1501fffff", "price_mean": 1.8833333333333335, "price_median": 1.25, "n": 6, "top_restaurants": "ChIJhdg0QkKbQIYR8peP2FwdSJo|$$;;ChIJ-ZjN5tWbQIYR5IU7L0Yzg9s|$$;;ChIJa-awc0WbQIYRt34nNF4doEs|None", "z_r": 0.38333333333333353, "qtile": 2.0 }, "geometry": { "type": "Polygon", "coordinates": [ [ [ -95.180196998202348, 29.58474756580339 ], [ -95.175301906269283, 29.58739622867283 ], [ -95.175512808303978, 29.592513923592627 ], [ -95.18061925189312, 29.594983105812521 ], [ -95.185514706769027, 29.59233437714947 ], [ -95.185303355103215, 29.587216532074372 ], [ -95.180196998202348, 29.58474756580339 ] ] ] } },
{ "type": "Feature", "properties": { "hex_id": "88446c1505fffff", "price_mean": 1.0, "price_median": 1.0, "n": 1, "top_restaurants": "ChIJIZbPQ9ibQIYRGRS9KjYDlLk|$", "z_r": -0.5, "qtile": 0.0 }, "geometry": { "type": "Polygon", "coordinates": [ [ [ -95.170196078539149, 29.584926956943828 ], [ -95.16530106633499, 29.587575164157919 ], [ -95.165511518780079, 29.592692708784945 ], [ -95.17061743300917, 29.595162196504866 ], [ -95.175512808303978, 29.592513923592627 ], [ -95.175301906269283, 29.58739622867283 ], [ -95.170196078539149, 29.584926956943828 ] ] ] } },
{ "type": "Feature", "properties": { "hex_id": "88446c1507fffff", "price_mean": 1.68, "price_median": 1.42, "n": 6, "top_restaurants": "ChIJTxE29XyZQIYRJEopvUKGsjE|$$;;ChIJLSiAz32ZQIYRXRbIwPxqc1c|$10–20;;ChIJyTjamkVjP4YR1MXgWO5tLGI|$10–20", "z_r": 0.18, "qtile": 1.0 }, "geometry": { "type": "Polygon", "coordinates": [ [ [ -95.175512808303978, 29.592513923592627 ], [ -95.17061743300917, 29.595162196504866 ], [ -95.170828138253611, 29.600279717335237 ], [ -95.175934668453706, 29.602749115480268 ], [ -95.180830406808155, 29.60010077685557 ], [ -95.18061925189312, 29.594983105812521 ], [ -95.175512808303978, 29.592513923592627 ] ] ] } },
{ "type": "Feature", "properties": { "hex_id": "88446c1509fffff", "price_mean": 1.0, "price_median": 1.0, "n": 1, "top_restaurants": "ChIJ3TcoLgybQIYRQ_Kj8SSClMU|None", "z_r": -0.5, "qtile": 0.0 }, "geometry": { "type": "Polygon", "coordinates": [ [ [ -95.184880707959948, 29.576980644352464 ], [ -95.179985899421681, 29.579629696998502 ], [ -95.180196998202348, 29.58474756580339 ], [ -95.185303355103215, 29.587216532074372 ], [ -95.190198526467526, 29.58456741355354 ], [ -95.18998697809522, 29.579449394650759 ], [ -95.184880707959948, 29.576980644352464 ] ] ] } },
{ "type": "Feature", "properties": { "hex_id": "88446c150bfffff", "price_mean": 1.0, "price_median": 1.0, "n": 3, "top_restaurants": "ChIJE1J-M0WbQIYRauFPNjc7pqQ|None;;ChIJPyS9simaQIYRsqKXVZDN8uM|$;;ChIJ14e3rimaQIYRJxjaHXIVxEM|$", "z_r": -0.5, "qtile": 0.0 }, "geometry": { "type": "Polygon", "coordinates": [ [ [ -95.190198526467526, 29.58456741355354 ], [ -95.185303355103215, 29.587216532074372 ], [ -95.185514706769027, 29.59233437714947 ], [ -95.190621679461955, 29.594803253735797 ], [ -95.195517213621187, 29.592154069325925 ], [ -95.195305412282821, 29.587036074233009 ], [ -95.190198526467526, 29.58456741355354 ] ] ] } },
{ "type": "Feature", "properties": { "hex_id": "88446c1513fffff", "price_mean": 2.2, "price_median": 2.2, "n": 2, "top_restaurants": "ChIJ8QdtYemZQIYRJIExruEiN7w|$$;;ChIJyUM2xMi_QIYRKTgmYT2uSec|$10–20", "z_r": 0.7, "qtile": 3.0 }, "geometry": { "type": "Polygon", "coordinates": [ [ [ -95.206157194351448, 29.607327038710562 ], [ -95.201260934695981, 29.609976354941459 ], [ -95.201473045474259, 29.61509412746469 ], [ -95.20658186581359, 29.617562733548628 ], [ -95.211478488170314, 29.614913351385738 ], [ -95.211265927476731, 29.609795429085153 ], [ -95.206157194351448, 29.607327038710562 ] ] ] } },
{ "type": "Feature", "properties": { "hex_id": "88446c1519fffff", "price_mean": 1.0, "price_median": 1.0, "n": 3, "top_restaurants": "ChIJ61hiF4qZQIYRFK3tW49Ir_c|$;;ChIJW2xEFoqZQIYRSjJJRpB-41U|None;;ChIJDSY_IIqZQIYR9JKFIqydajA|$", "z_r": -0.5, "qtile": 0.0 }, "geometry": { "type": "Polygon", "coordinates": [ [ [ -95.205520328306235, 29.591972999992525 ], [ -95.200624715161524, 29.594622640145175 ], [ -95.200836769542107, 29.599740611201106 ], [ -95.205944886852464, 29.602209091918741 ], [ -95.210840862612812, 29.599559385767318 ], [ -95.210628358437447, 29.594441264911268 ], [ -95.205520328306235, 29.591972999992525 ] ] ] } },
{ "type": "Feature", "properties": { "hex_id": "88446c151bfffff", "price_mean": 1.96, "price_median": 1.0, "n": 5, "top_restaurants": "ChIJjRClSHuZQIYRtF8e_W0g4VU|$$;;ChIJCf4-9hmRQIYRvZDhCF8eHIc|$$;;ChIJD1897_CZQIYReMKcoq4KCnw|$", "z_r": 0.46, "qtile": 2.0 }, "geometry": { "type": "Polygon", "coordinates": [ [ [ -95.210840862612812, 29.599559385767318 ], [ -95.205944886852464, 29.602209091918741 ], [ -95.206157194351448, 29.607327038710562 ], [ -95.211265927476731, 29.609795429085153 ], [ -95.216162265821424, 29.60714565692065 ], [ -95.215949508446769, 29.602027560408878 ], [ -95.210840862612812, 29.599559385767318 ] ] ] } },
{ "type": "Feature", "properties": { "hex_id": "88446c151dfffff", "price_mean": 1.21, "price_median": 1.0, "n": 4, "top_restaurants": "ChIJ6dK3OoeZQIYRZdPF_CNgyn4|$10–20;;ChIJH8TxiImZQIYRGqBi3fYBSJA|$;;ChIJLYX2CLCZQIYRXHSlNVlpr5M|$1–10", "z_r": -0.29, "qtile": 0.0 }, "geometry": { "type": "Polygon", "coordinates": [ [ [ -95.195517213621187, 29.592154069325925 ], [ -95.190621679461955, 29.594803253735797 ], [ -95.190833284089067, 29.599921074854052 ], [ -95.195940872619161, 29.602389861514336 ], [ -95.200836769542107, 29.599740611201106 ], [ -95.200624715161524, 29.594622640145175 ], [ -95.195517213621187, 29.592154069325925 ] ] ] } },
{ "type": "Feature", "properties": { "hex_id": "88446c1551fffff", "price_mean": 2.0, "price_median": 2.0, "n": 2, "top_restaurants": "ChIJ2cQFhReaQIYRJHPFLG__tZI|None;;ChIJu08eM0ybQIYRuvTO8OVo1PM|None", "z_r": 0.5, "qtile": 2.0 }, "geometry": { "type": "Polygon", "coordinates": [ [ [ -95.204883631578753, 29.576618367455911 ], [ -95.199988664775333, 29.579268331201661 ], [ -95.200200662780631, 29.584386500064841 ], [ -95.205308077253989, 29.586854855019336 ], [ -95.210203406587468, 29.584204825207969 ], [ -95.209990958907852, 29.579086506521957 ], [ -95.204883631578753, 29.576618367455911 ] ] ] } },
{ "type": "Feature", "properties": { "hex_id": "88446c1561fffff", "price_mean": 2.41, "price_median": 2.62, "n": 4, "top_restaurants": "ChIJq6oeNOybQIYR5BDHpHzNqXA|$$;;ChIJ3UwBnO6bQIYR5eDybGf_j9Q|$$;;ChIJ2WfaknabQIYRi5I5Bvsg8M4|$10–20", "z_r": 0.91, "qtile": 3.0 }, "geometry": { "type": "Polygon", "coordinates": [ [ [ -95.159565224742224, 29.569752685362211 ], [ -95.154670938812217, 29.572400761222848 ], [ -95.154880885887081, 29.577518352762088 ], [ -95.159985568309807, 29.579988018907795 ], [ -95.164880217392337, 29.577339877377572 ], [ -95.164669820889856, 29.572222135385438 ], [ -95.159565224742224, 29.569752685362211 ] ] ] } },
{ "type": "Feature", "properties": { "hex_id": "88446c1567fffff", "price_mean": 1.9, "price_median": 1.0, "n": 5, "top_restaurants": "ChIJReAdXO6bQIYRORHxe3umj60|$$;;ChIJz2T9wUGbQIYRhZpZxi0y0W0|$10–20;;ChIJXesaKvCbQIYRlSyCPwl2L1Q|$", "z_r": 0.4, "qtile": 2.0 }, "geometry": { "type": "Polygon", "coordinates": [ [ [ -95.154880885887081, 29.577518352762088 ], [ -95.149986316978712, 29.580166038728617 ], [ -95.150196067233608, 29.585283456415009 ], [ -95.155300835854064, 29.587753338659343 ], [ -95.160195768031713, 29.585105587104447 ], [ -95.159985568309807, 29.579988018907795 ], [ -95.154880885887081, 29.577518352762088 ] ] ] } },
{ "type": "Feature", "properties": { "hex_id": "88446c1583fffff", "price_mean": 1.42, "price_median": 1.42, "n": 4, "top_restaurants": "ChIJ6cI2FACZQIYRE_74K3dF6_Q|$10–20;;ChIJS0WZLa2XQIYRBHIm2oDNg_g|$10–20;;ChIJcxnxly-YQIYRwHIPm_Q2C40|€", "z_r": -0.08, "qtile": 1.0 }, "geometry": { "type": "Polygon", "coordinates": [ [ [ -95.222762998618023, 29.645438848372208 ], [ -95.21786500401565, 29.648088037991947 ], [ -95.218077931227128, 29.653205535539325 ], [ -95.223189303309994, 29.655673992994942 ], [ -95.228087660605098, 29.653024737466676 ], [ -95.227874283114943, 29.647907090405589 ], [ -95.222762998618023, 29.645438848372208 ] ] ] } },
{ "type": "Feature", "properties": { "hex_id": "88446c1585fffff", "price_mean": 1.0, "price_median": 1.0, "n": 4, "top_restaurants": "ChIJ0y8jeTaYQIYRNQ_gfi7w3og|None;;ChIJf2SuGgCZQIYR9oePNMMpqJI|None;;ChIJ8YlYeu6ZQIYRexrvn-6IG5U|None", "z_r": -0.5, "qtile": 0.0 }, "geometry": { "type": "Polygon", "coordinates": [ [ [ -95.20743143466467, 29.638033325986076 ], [ -95.202533881478914, 29.640681993388224 ], [ -95.202746105119957, 29.645799366670431 ], [ -95.207856332093542, 29.648268222296341 ], [ -95.212754248151839, 29.645619489095527 ], [ -95.212541574354319, 29.640501966081732 ], [ -95.20743143466467, 29.638033325986076 ] ] ] } },
{ "type": "Feature", "properties": { "hex_id": "88446c1587fffff", "price_mean": 1.4, "price_median": 1.0, "n": 6, "top_restaurants": "ChIJg-DxCjeYQIYRhOmx0vji-Tk|$$;;ChIJQ0lVScmZQIYRbl6ImWpcYAk|None;;ChIJuw5Wwy-YQIYR4SRA091E1X0|€", "z_r": -0.1, "qtile": 1.0 }, "geometry": { "type": "Polygon", "coordinates": [ [ [ -95.212754248151839, 29.645619489095527 ], [ -95.207856332093542, 29.648268222296341 ], [ -95.208068809067555, 29.653385570192409 ], [ -95.213179652327639, 29.655854334553233 ], [ -95.218077931227128, 29.653205535539325 ], [ -95.21786500401565, 29.648088037991947 ], [ -95.212754248151839, 29.645619489095527 ] ] ] } },
{ "type": "Feature", "properties": { "hex_id": "88446c159bfffff", "price_mean": 1.0, "price_median": 1.0, "n": 2, "top_restaurants": "ChIJObs2BLyXQIYRr1bfddsOA3M|€;;ChIJo-9VQryXQIYRizajRXIu8nE|None", "z_r": -0.5, "qtile": 0.0 }, "geometry": { "type": "Polygon", "coordinates": [ [ [ -95.248108938792797, 29.652660850545082 ], [ -95.243210425602143, 29.655311019089627 ], [ -95.243424507064248, 29.660428789672594 ], [ -95.248537552149202, 29.662896540883342 ], [ -95.253436427703718, 29.660246306225012 ], [ -95.253221895799825, 29.655128386484005 ], [ -95.248108938792797, 29.652660850545082 ] ] ] } },
{ "type": "Feature", "properties": { "hex_id": "88446c15abfffff", "price_mean": 1.0, "price_median": 1.0, "n": 1, "top_restaurants": "ChIJMbrcszeYQIYRQj1oUw7fbbk|$", "z_r": -0.5, "qtile": 0.0 }, "geometry": { "type": "Polygon", "coordinates": [ [ [ -95.202746105119957, 29.645799366670431 ], [ -95.197848267904092, 29.648447643448311 ], [ -95.19806029468198, 29.653564841555497 ], [ -95.203170608862152, 29.656033912687931 ], [ -95.208068809067555, 29.653385570192409 ], [ -95.207856332093542, 29.648268222296341 ], [ -95.202746105119957, 29.645799366670431 ] ] ] } },
{ "type": "Feature", "properties": { "hex_id": "88446c15c1fffff", "price_mean": 3.088, "price_median": 3.4, "n": 5, "top_restaurants": "ChIJScG3ot2ZQIYR0vW7n0O_7KY|$$;;ChIJlyrwnt2ZQIYRV8uswt1wsaY|$$;;ChIJ2Q1tz96ZQIYReiylL3sFoo4|$$", "z_r": 1.588, "qtile": 3.0 }, "geometry": { "type": "Polygon", "coordinates": [ [ [ -95.221484538053105, 29.614731812983891 ], [ -95.216587837155444, 29.617381651175815 ], [ -95.216800651119826, 29.622499548758018 ], [ -95.221910616009652, 29.624967757722096 ], [ -95.226807679428902, 29.622317853488418 ], [ -95.226594415427073, 29.617199806346687 ], [ -95.221484538053105, 29.614731812983891 ] ] ] } },
{ "type": "Feature", "properties": { "hex_id": "88446c15c3fffff", "price_mean": 1.6, "price_median": 1.0, "n": 12, "top_restaurants": "ChIJkSZR1jGZQIYRQW6JJdl61Ac|$$;;ChIJ_Tkcat-ZQIYRZ-9XaNvCbBM|$$;;ChIJp5cys3yXQIYRWGJA2RDc5NY|$$", "z_r": 0.1, "qtile": 1.0 }, "geometry": { "type": "Polygon", "coordinates": [ [ [ -95.226807679428902, 29.622317853488418 ], [ -95.221910616009652, 29.624967757722096 ], [ -95.222123683321072, 29.630085630358789 ], [ -95.227234264160387, 29.632553748255344 ], [ -95.232131690069792, 29.629903777965538 ], [ -95.23191817264005, 29.624785755849569 ], [ -95.226807679428902, 29.622317853488418 ] ] ] } },
{ "type": "Feature", "properties": { "hex_id": "88446c15c5fffff", "price_mean": 1.8, "price_median": 1.0, "n": 3, "top_restaurants": "ChIJgf7Rj8KZQIYRZ1Ie9P9yCR4|$$;;ChIJ-TAm0qSZQIYRvt6gvEMLv3g|None;;ChIJYTgj5NaZQIYRk4tb7ibdfVU|None", "z_r": 0.3, "qtile": 2.0 }, "geometry": { "type": "Polygon", "coordinates": [ [ [ -95.211478488170314, 29.614913351385738 ], [ -95.20658186581359, 29.617562733548628 ], [ -95.206794229781778, 29.622680481433694 ], [ -95.211903666093193, 29.62514899686726 ], [ -95.216800651119826, 29.622499548758018 ], [ -95.216587837155444, 29.617381651175815 ], [ -95.211478488170314, 29.614913351385738 ] ] ] } },
{ "type": "Feature", "properties": { "hex_id": "88446c15c7fffff", "price_mean": 2.36, "price_median": 1.84, "n": 3, "top_restaurants": "ChIJH2Y2qOOZQIYRK_LHkMWWZlM|$$;;ChIJpVwuURiZQIYRr8vQflHygy8|$10–20;;ChIJgXCoGymZQIYR9w3BWEAXcjc|$10–20", "z_r": 0.86, "qtile": 3.0 }, "geometry": { "type": "Polygon", "coordinates": [ [ [ -95.216800651119826, 29.622499548758018 ], [ -95.211903666093193, 29.62514899686726 ], [ -95.212116283327489, 29.630266719887036 ], [ -95.217226335655866, 29.632735144428736 ], [ -95.222123683321072, 29.630085630358789 ], [ -95.221910616009652, 29.624967757722096 ], [ -95.216800651119826, 29.622499548758018 ] ] ] } },
{ "type": "Feature", "properties": { "hex_id": "88446c15c9fffff", "price_mean": 1.5984615384615386, "price_median": 1.0, "n": 13, "top_restaurants": "ChIJG-T3R-GZQIYRIWe0EUQo4EE|€€;;ChIJC8eiLBOZQIYRh2AyuPl9cD8|$$;;ChIJk5Hx0liXQIYRYtYEWwjdmyI|None", "z_r": 0.0984615384615386, "qtile": 1.0 }, "geometry": { "type": "Polygon", "coordinates": [ [ [ -95.226167944138751, 29.606963512949623 ], [ -95.221271527402976, 29.60961374104356 ], [ -95.221484538053105, 29.614731812983891 ], [ -95.226594415427073, 29.617199806346687 ], [ -95.231491194567496, 29.614549512129944 ], [ -95.231277733919654, 29.609431290687482 ], [ -95.226167944138751, 29.606963512949623 ] ] ] } },
{ "type": "Feature", "properties": { "hex_id": "88446c15cbfffff", "price_mean": 1.355, "price_median": 1.0, "n": 8, "top_restaurants": "ChIJiStQ_umXQIYRfwGt_7S9H1U|None;;ChIJAeYjG9SXQIYRe_tZTFXkN8w|None;;ChIJswEudACXQIYRhBQuIpEl5Vg|$10–20", "z_r": -0.145, "qtile": 1.0 }, "geometry": { "type": "Polygon", "coordinates": [ [ [ -95.231491194567496, 29.614549512129944 ], [ -95.226594415427073, 29.617199806346687 ], [ -95.226807679428902, 29.622317853488418 ], [ -95.23191817264005, 29.624785755849569 ], [ -95.236815314153631, 29.622135395495679 ], [ -95.236601600073243, 29.617017198932057 ], [ -95.231491194567496, 29.614549512129944 ] ] ] } },
{ "type": "Feature", "properties": { "hex_id": "88446c15cdfffff", "price_mean": 1.9980690355440593, "price_median": 1.3040760869565218, "n": 24, "top_restaurants": "ChIJlfH-rueZQIYR8AFLVRWHTwM|$$;;ChIJme6lCQGZQIYR9YEQMSI6EXs|$$;;ChIJJZUBCemZQIYRRqsJEg5bvU4|$$", "z_r": 0.49806903554405935, "qtile": 2.0 }, "geometry": { "type": "Polygon", "coordinates": [ [ [ -95.216162265821424, 29.60714565692065 ], [ -95.211265927476731, 29.609795429085153 ], [ -95.211478488170314, 29.614913351385738 ], [ -95.216587837155444, 29.617381651175815 ], [ -95.221484538053105, 29.614731812983891 ], [ -95.221271527402976, 29.60961374104356 ], [ -95.216162265821424, 29.60714565692065 ] ] ] } },
{ "type": "Feature", "properties": { "hex_id": "88446c15d1fffff", "price_mean": 1.5, "price_median": 1.5, "n": 2, "top_restaurants": "ChIJU-00GACXQIYR32dC3Z84ljU|None;;ChIJc1jKUq-XQIYRNRGQvy1dDCk|None", "z_r": 0.0, "qtile": 1.0 }, "geometry": { "type": "Polygon", "coordinates": [ [ [ -95.24214030301809, 29.629721162578111 ], [ -95.237242799162885, 29.632371589083508 ], [ -95.237456570096782, 29.637489585946529 ], [ -95.242568295116499, 29.63995730557976 ], [ -95.247466161281764, 29.637306812908466 ], [ -95.247251940107617, 29.632188666784117 ], [ -95.24214030301809, 29.629721162578111 ] ] ] } },
{ "type": "Feature", "properties": { "hex_id": "88446c15d3fffff", "price_mean": 1.3777777777777778, "price_median": 1.0, "n": 9, "top_restaurants": "ChIJV5f3a56XQIYRVa2Aben9p-k|$$;;ChIJD7gIKwCXQIYReNo-8yuLQtI|None;;ChIJgRnc756XQIYRcU326xEyMHM|$", "z_r": -0.12222222222222223, "qtile": 1.0 }, "geometry": { "type": "Polygon", "coordinates": [ [ [ -95.247466161281764, 29.637306812908466 ], [ -95.242568295116499, 29.63995730557976 ], [ -95.242782319630791, 29.645075276962636 ], [ -95.247894660621853, 29.647542904869532 ], [ -95.252792889065546, 29.644892346017951 ], [ -95.252578414230143, 29.639774225454047 ], [ -95.247466161281764, 29.637306812908466 ] ] ] } },
{ "type": "Feature", "properties": { "hex_id": "88446c15d5fffff", "price_mean": 2.2466666666666666, "price_median": 1.92, "n": 6, "top_restaurants": "ChIJ9fkmrnuXQIYRT5-QDsf4zyM|$$;;ChIJ9TSyV3eXQIYROsfO2x07ghY|$$;;ChIJl2p8GA6XQIYRH3jwt9ACUEU|None", "z_r": 0.74666666666666659, "qtile": 3.0 }, "geometry": { "type": "Polygon", "coordinates": [ [ [ -95.232131690069792, 29.629903777965538 ], [ -95.227234264160387, 29.632553748255344 ], [ -95.227447584895103, 29.637671595719347 ], [ -95.232558781728727, 29.640139622306837 ], [ -95.237456570096782, 29.637489585946529 ], [ -95.237242799162885, 29.632371589083508 ], [ -95.232131690069792, 29.629903777965538 ] ] ] } },
{ "type": "Feature", "properties": { "hex_id": "88446c15d7fffff", "price_mean": 1.3848275862068964, "price_median": 1.0, "n": 29, "top_restaurants": "ChIJCYFxK-iXQIYRfHHowEP4a6g|€€;;ChIJoS_qHGmXQIYRKLtNomsCGu4|€€;;ChIJY0C_uJ2XQIYRDc0oYjUQdeU|$$", "z_r": -0.11517241379310361, "qtile": 1.0 }, "geometry": { "type": "Polygon", "coordinates": [ [ [ -95.237456570096782, 29.637489585946529 ], [ -95.232558781728727, 29.640139622306837 ], [ -95.232772355962965, 29.645257444371012 ], [ -95.237884168835663, 29.647725379407866 ], [ -95.242782319630791, 29.645075276962636 ], [ -95.242568295116499, 29.63995730557976 ], [ -95.237456570096782, 29.637489585946529 ] ] ] } },
{ "type": "Feature", "properties": { "hex_id": "88446c15d9fffff", "price_mean": 1.0, "price_median": 1.0, "n": 5, "top_restaurants": "ChIJfbzCp3KXQIYRGFcs_M1u04s|$;;ChIJhT1cdfGXQIYRcATGdxX3f6M|None;;ChIJncJlGviXQIYR-6Kjmi0yBcM|None", "z_r": -0.5, "qtile": 0.0 }, "geometry": { "type": "Polygon", "coordinates": [ [ [ -95.246823554738484, 29.621952174650737 ], [ -95.241926335428943, 29.624602991120518 ], [ -95.24214030301809, 29.629721162578111 ], [ -95.247251940107617, 29.632188666784117 ], [ -95.252149521610178, 29.629537784067455 ], [ -95.251935103820571, 29.624419463405953 ], [ -95.246823554738484, 29.621952174650737 ] ] ] } },
{ "type": "Feature", "properties": { "hex_id": "88446c15ddfffff", "price_mean": 1.134, "price_median": 1.0, "n": 10, "top_restaurants": "ChIJt2uoPruXQIYRb7uTey7ht3w|$10–20;;ChIJCY3WOtaXQIYRlfXsSI4B-3o|None;;ChIJJeKq5dWXQIYRSEbgC73SbF4|$", "z_r": -0.366, "qtile": 0.0 }, "geometry": { "type": "Polygon", "coordinates": [ [ [ -95.236815314153631, 29.622135395495679 ], [ -95.23191817264005, 29.624785755849569 ], [ -95.232131690069792, 29.629903777965538 ], [ -95.237242799162885, 29.632371589083508 ], [ -95.24214030301809, 29.629721162578111 ], [ -95.241926335428943, 29.624602991120518 ], [ -95.236815314153631, 29.622135395495679 ] ] ] } },
{ "type": "Feature", "properties": { "hex_id": "88446c15e1fffff", "price_mean": 3.4, "price_median": 3.4, "n": 1, "top_restaurants": "ChIJyV-7e7mZQIYRTZQLrZKbO_M|$$", "z_r": 1.9, "qtile": 3.0 }, "geometry": { "type": "Polygon", "coordinates": [ [ [ -95.196788415969891, 29.622860651644785 ], [ -95.191891588623065, 29.625509187492838 ], [ -95.192103305826976, 29.630626610866056 ], [ -95.197212300362509, 29.633095648297523 ], [ -95.202109490644418, 29.630447046679627 ], [ -95.201897323445976, 29.625329473414354 ], [ -95.196788415969891, 29.622860651644785 ] ] ] } },
{ "type": "Feature", "properties": { "hex_id": "88446c15e9fffff", "price_mean": 1.0, "price_median": 1.0, "n": 1, "top_restaurants": "ChIJo50H9LyZQIYR6GdM5RFCLwY|None", "z_r": -0.5, "qtile": 0.0 }, "geometry": { "type": "Polygon", "coordinates": [ [ [ -95.201473045474259, 29.61509412746469 ], [ -95.196576501956613, 29.617743053594442 ], [ -95.196788415969891, 29.622860651644785 ], [ -95.201897323445976, 29.625329473414354 ], [ -95.206794229781778, 29.622680481433694 ], [ -95.20658186581359, 29.617562733548628 ], [ -95.201473045474259, 29.61509412746469 ] ] ] } },
{ "type": "Feature", "properties": { "hex_id": "88446c1691fffff", "price_mean": 1.0, "price_median": 1.0, "n": 1, "top_restaurants": "ChIJU8tkboOVQIYR9N2PO2MRQfs|$1–10", "z_r": -0.5, "qtile": 0.0 }, "geometry": { "type": "Polygon", "coordinates": [ [ [ -95.340949113067509, 29.597134074462627 ], [ -95.336052139564785, 29.599789706096342 ], [ -95.336270298639434, 29.604909588502917 ], [ -95.341385881612709, 29.607373987218168 ], [ -95.346283215764799, 29.604718288332574 ], [ -95.346064606284827, 29.599598257997954 ], [ -95.340949113067509, 29.597134074462627 ] ] ] } },
{ "type": "Feature", "properties": { "hex_id": "88446c169bfffff", "price_mean": 1.24, "price_median": 1.0, "n": 7, "top_restaurants": "ChIJ1xqf3CCVQIYRzmP3XakXdk8|$10–20;;ChIJF9bGiIeUQIYR80tJVFX5tmU|$10–20;;ChIJ13Nkt3WVQIYR1yo02Jmk2aA|$1–10", "z_r": -0.26, "qtile": 0.0 }, "geometry": { "type": "Polygon", "coordinates": [ [ [ -95.350961654446593, 29.596942170593088 ], [ -95.346064606284827, 29.599598257997954 ], [ -95.346283215764799, 29.604718288332574 ], [ -95.351399323842656, 29.607182379066614 ], [ -95.356296732504305, 29.604526224314707 ], [ -95.35607767257882, 29.599406046190143 ], [ -95.350961654446593, 29.596942170593088 ] ] ] } },
{ "type": "Feature", "properties": { "hex_id": "88446c16a7fffff", "price_mean": 1.8, "price_median": 1.0, "n": 3, "top_restaurants": "ChIJ35emSSiXQIYRWhxRFj1ZV1U|$$;;ChIJ3QMdC3mXQIYRIrZfQU1WrSI|$;;ChIJeyfqmM-WQIYRbSMOJfGH8FM|$", "z_r": 0.3, "qtile": 2.0 }, "geometry": { "type": "Polygon", "coordinates": [ [ [ -95.290895414807736, 29.598082142706797 ], [ -95.285998819082351, 29.60073549540558 ], [ -95.286214726736134, 29.605854636101721 ], [ -95.29132768030891, 29.608320572731383 ], [ -95.296224637429802, 29.605667153256821 ], [ -95.29600827957286, 29.600547863942683 ], [ -95.290895414807736, 29.598082142706797 ] ] ] } },
{ "type": "Feature", "properties": { "hex_id": "88446c16b7fffff", "price_mean": 2.0, "price_median": 2.0, "n": 1, "top_restaurants": "ChIJ3yzfh3qXQIYRraQr-jEj5fY|None", "z_r": 0.5, "qtile": 2.0 }, "geometry": { "type": "Polygon", "coordinates": [ [ [ -95.311566218734441, 29.613063641564985 ], [ -95.306668824395331, 29.615717583817357 ], [ -95.306885690171171, 29.620836822476861 ], [ -95.312000400681541, 29.623302267217667 ], [ -95.316898156202939, 29.62064825806566 ], [ -95.316680840022187, 29.615528871086809 ], [ -95.311566218734441, 29.613063641564985 ] ] ] } },
{ "type": "Feature", "properties": { "hex_id": "88446c16bdfffff", "price_mean": 1.0, "price_median": 1.0, "n": 1, "top_restaurants": "ChIJi3T9dhGVQIYRhu3FuV2miX4|$", "z_r": -0.5, "qtile": 0.0 }, "geometry": { "type": "Polygon", "coordinates": [ [ [ -95.310915090155703, 29.597705205119887 ], [ -95.306018342423243, 29.600359469408083 ], [ -95.306235150523904, 29.605478907202301 ], [ -95.311349156631806, 29.60794422906476 ], [ -95.316246265461615, 29.605289897810277 ], [ -95.316029007076693, 29.600170311673935 ], [ -95.310915090155703, 29.597705205119887 ] ] ] } },
{ "type": "Feature", "properties": { "hex_id": "88446c2049fffff", "price_mean": 1.4918103448275863, "price_median": 1.0, "n": 29, "top_restaurants": "ChIJR-73jky0QIYRYGuqiN44618|$$;;ChIJN6hdoEu0QIYR6ce273S0tVE|$$;;ChIJ9_8HDUu0QIYRcZk8lFJ2lsA|$$", "z_r": -0.0081896551724136568, "qtile": 1.0 }, "geometry": { "type": "Polygon", "coordinates": [ [ [ -95.347335280063561, 29.981123971246582 ], [ -95.342422165335137, 29.983771007766524 ], [ -95.34264132890263, 29.988885545182431 ], [ -95.347774060585564, 29.991353193568742 ], [ -95.352687538241852, 29.988706091534947 ], [ -95.352467921277821, 29.983591406643132 ], [ -95.347335280063561, 29.981123971246582 ] ] ] } },
{ "type": "Feature", "properties": { "hex_id": "88446c204dfffff", "price_mean": 1.4093617021276594, "price_median": 1.0, "n": 47, "top_restaurants": "ChIJVbIewUG0QIYR00FTdfI9LmM|$30–50;;ChIJmXECuEq1QIYRbxWQrYzhJNM|$20–30;;ChIJcT5110O0QIYR9U_LTyu2Wko|$$", "z_r": -0.090638297872340567, "qtile": 1.0 }, "geometry": { "type": "Polygon", "coordinates": [ [ [ -95.337290052586141, 29.98130325922736 ], [ -95.33237701311802, 29.983949835086236 ], [ -95.33259572332959, 29.989064224888267 ], [ -95.337727926355683, 29.991532186459725 ], [ -95.34264132890263, 29.988885545182431 ], [ -95.342422165335137, 29.983771007766524 ], [ -95.337290052586141, 29.98130325922736 ] ] ] } },
{ "type": "Feature", "properties": { "hex_id": "88446c2059fffff", "price_mean": 2.2, "price_median": 2.2, "n": 2, "top_restaurants": "ChIJlWXhmaG1QIYRE_LYuqzqpZ8|$$;;ChIJfbClkKG1QIYRNWJTIeXMEGQ|$", "z_r": 0.7, "qtile": 3.0 }, "geometry": { "type": "Polygon", "coordinates": [ [ [ -95.368088465528913, 29.996107682696362 ], [ -95.363174550321318, 29.998755311107349 ], [ -95.363394679462814, 30.003869926008914 ], [ -95.368529177401939, 30.006337059689379 ], [ -95.37344345532064, 30.00368936563844 ], [ -95.37322287257966, 29.998574603561448 ], [ -95.368088465528913, 29.996107682696362 ] ] ] } },
{ "type": "Feature", "properties": { "hex_id": "88446c205bfffff", "price_mean": 1.0, "price_median": 1.0, "n": 2, "top_restaurants": "ChIJLbZ2fyO1QIYRPSu_d96rgTc|$;;ChIJxZS8vwq1QIYRXBt1nQK5tVE|None", "z_r": -0.5, "qtile": 0.0 }, "geometry": { "type": "Polygon", "coordinates": [ [ [ -95.37344345532064, 30.00368936563844 ], [ -95.368529177401939, 30.006337059689379 ], [ -95.368749562747624, 30.011451639254993 ], [ -95.373884679683201, 30.013918671878283 ], [ -95.378799320280024, 30.011270912172041 ], [ -95.378578481253697, 30.006156185512285 ], [ -95.37344345532064, 30.00368936563844 ] ] ] } },
{ "type": "Feature", "properties": { "hex_id": "88446c2121fffff", "price_mean": 1.0, "price_median": 1.0, "n": 4, "top_restaurants": "ChIJW4VyvAizQIYRGD_wSwGjBBw|None;;ChIJ88uGB5WyQIYRiib8QAa40fQ|$;;ChIJ_83elYStQIYRpxEtL24e1KU|None", "z_r": -0.5, "qtile": 0.0 }, "geometry": { "type": "Polygon", "coordinates": [ [ [ -95.243500727575281, 30.021314346530684 ], [ -95.238586790657351, 30.023955715703952 ], [ -95.238801339115426, 30.029068152396142 ], [ -95.243930277752284, 30.031539368790334 ], [ -95.248844579393904, 30.02889793526796 ], [ -95.248629577665255, 30.023785349714871 ], [ -95.243500727575281, 30.021314346530684 ] ] ] } },
{ "type": "Feature", "properties": { "hex_id": "88446c2135fffff", "price_mean": 1.5350931677018633, "price_median": 1.0, "n": 7, "top_restaurants": "ChIJT8XwGyCzQIYR6PR97LGK6T0|$$;;ChIJ-XjnadOzQIYRHi1rkpsX8uw|None;;ChIJ1QZAXMayQIYRbnEnGYuZgP0|$$", "z_r": 0.035093167701863326, "qtile": 1.0 }, "geometry": { "type": "Polygon", "coordinates": [ [ [ -95.254189306575924, 30.036481389799093 ], [ -95.249274640242561, 30.039122887686073 ], [ -95.249489699367672, 30.044235254390959 ], [ -95.254619878250324, 30.04670627192187 ], [ -95.259534909243413, 30.044064709654766 ], [ -95.259319396684404, 30.038952194251276 ], [ -95.254189306575924, 30.036481389799093 ] ] ] } },
{ "type": "Feature", "properties": { "hex_id": "88446c213dfffff", "price_mean": 1.42, "price_median": 1.42, "n": 2, "top_restaurants": "ChIJeYeNDO-zQIYRuQSew6w66O4|$10–20;;ChIJWUSZpwazQIYRkshc5EkTgOA|$1–10", "z_r": -0.08, "qtile": 1.0 }, "geometry": { "type": "Polygon", "coordinates": [ [ [ -95.258888429089893, 30.028726944411201 ], [ -95.253974049470614, 30.031368839207335 ], [ -95.254189306575924, 30.036481389799093 ], [ -95.259319396684404, 30.038952194251276 ], [ -95.264234140845147, 30.036310234994918 ], [ -95.264018430346255, 30.031197535760978 ], [ -95.258888429089893, 30.028726944411201 ] ] ] } },
{ "type": "Feature", "properties": { "hex_id": "88446c2155fffff", "price_mean": 2.5, "price_median": 3.1, "n": 3, "top_restaurants": "ChIJtQ1Ka32zQIYRfG6x9aiJ0k4|$$;;ChIJFQ-XlKCzQIYRPlonvbNP4j4|$10–20;;ChIJwU7gsqCzQIYRlFEH73JTMB8|$", "z_r": 1.0, "qtile": 3.0 }, "geometry": { "type": "Polygon", "coordinates": [ [ [ -95.283026219317193, 30.005286533752965 ], [ -95.278112622816437, 30.007930079180213 ], [ -95.278328926865711, 30.0130433286919 ], [ -95.283459280719953, 30.015513181125755 ], [ -95.288373241257005, 30.012869570902364 ], [ -95.288156483893914, 30.007756173055657 ], [ -95.283026219317193, 30.005286533752965 ] ] ] } },
{ "type": "Feature", "properties": { "hex_id": "88446c215dfffff", "price_mean": 1.28, "price_median": 1.0, "n": 3, "top_restaurants": "ChIJiYosR6CzQIYRO3SLEvgdvQY|$10–20;;ChIJ7SyrdeazQIYRGzg5Wqr546w|$;;ChIJYQWTP6ezQIYRXPJcod-ygx4|$", "z_r": -0.22, "qtile": 0.0 }, "geometry": { "type": "Polygon", "coordinates": [ [ [ -95.287723027010813, 29.997529159697002 ], [ -95.282809717507547, 30.000173101220071 ], [ -95.283026219317193, 30.005286533752965 ], [ -95.288156483893914, 30.007756173055657 ], [ -95.293070157315256, 30.005112166656335 ], [ -95.292853202232152, 29.999998585844981 ], [ -95.287723027010813, 29.997529159697002 ] ] ] } },
{ "type": "Feature", "properties": { "hex_id": "88446c2243fffff", "price_mean": 1.0, "price_median": 1.0, "n": 1, "top_restaurants": "ChIJrd45zxq2QIYRPyk9wxuWMjg|None", "z_r": -0.5, "qtile": 0.0 }, "geometry": { "type": "Polygon", "coordinates": [ [ [ -95.380841694055633, 29.942124351207386 ], [ -95.375929944705376, 29.944773821408337 ], [ -95.376150548132628, 29.949889414639316 ], [ -95.38128335413424, 29.952355684737583 ], [ -95.386195465670127, 29.949706148526907 ], [ -95.385974409009364, 29.944590408242139 ], [ -95.380841694055633, 29.942124351207386 ] ] ] } },
{ "type": "Feature", "properties": { "hex_id": "88446c224bfffff", "price_mean": 1.48, "price_median": 1.0, "n": 5, "top_restaurants": "ChIJT0chBBq2QIYRYIQYNYVcaq4|$$;;ChIJJyhP3Rm2QIYRCYbVPzTai6I|€;;ChIJqdlRGRq2QIYR5omMd9UKNr0|€", "z_r": -0.02, "qtile": 1.0 }, "geometry": { "type": "Polygon", "coordinates": [ [ [ -95.385532354655837, 29.934358712650752 ], [ -95.380620893470535, 29.937008576917343 ], [ -95.380841694055633, 29.942124351207386 ], [ -95.385974409009364, 29.944590408242139 ], [ -95.390886232262105, 29.941940477885694 ], [ -95.390664978484281, 29.936824556598786 ], [ -95.385532354655837, 29.934358712650752 ] ] ] } },
{ "type": "Feature", "properties": { "hex_id": "88446c2259fffff", "price_mean": 1.48, "price_median": 1.0, "n": 5, "top_restaurants": "ChIJd-_EzF3JQIYRB6-FVzy8JQQ|$$;;ChIJ7wSWh-7JQIYRvvqrNjVLeKY|None;;ChIJQzq7oP7JQIYRt5rP7fG4XMo|$", "z_r": -0.02, "qtile": 1.0 }, "geometry": { "type": "Polygon", "coordinates": [ [ [ -95.400931371053943, 29.941755831215914 ], [ -95.396019474200614, 29.944406221723419 ], [ -95.396240984135105, 29.949522108923851 ], [ -95.401374844227462, 29.951987752408755 ], [ -95.406287102963873, 29.9493372957009 ], [ -95.40606513971548, 29.944221261722966 ], [ -95.400931371053943, 29.941755831215914 ] ] ] } },
{ "type": "Feature", "properties": { "hex_id": "88446c225bfffff", "price_mean": 1.708, "price_median": 1.0, "n": 5, "top_restaurants": "ChIJVQi2ZvPJQIYRzrpFu7A96cM|€€;;ChIJpydbGaDJQIYRxaKbtfHj-RU|$10–20;;ChIJ_UBIUvPJQIYR034v6Qz_XmU|€", "z_r": 0.208, "qtile": 1.0 }, "geometry": { "type": "Polygon", "coordinates": [ [ [ -95.406287102963873, 29.9493372957009 ], [ -95.401374844227462, 29.951987752408755 ], [ -95.401596610395458, 29.957103605295377 ], [ -95.40673108868539, 29.959569148184901 ], [ -95.411643709271729, 29.956918625261501 ], [ -95.411421489708857, 29.951802625678603 ], [ -95.406287102963873, 29.9493372957009 ] ] ] } },
{ "type": "Feature", "properties": { "hex_id": "88446c2261fffff", "price_mean": 2.05, "price_median": 2.05, "n": 2, "top_restaurants": "ChIJTcpIe4a2QIYRvXCLYL13xLA|$10–20;;ChIJ5VsDFIe2QIYRTHWUg9GK4xY|None", "z_r": 0.55, "qtile": 2.0 }, "geometry": { "type": "Polygon", "coordinates": [ [ [ -95.350711688582237, 29.942671332377547 ], [ -95.345800162750081, 29.945319422086332 ], [ -95.346019406719108, 29.950434573327644 ], [ -95.351150629623092, 29.952901782342504 ], [ -95.356062518093935, 29.950253626910047 ], [ -95.355842821012629, 29.945138328200827 ], [ -95.350711688582237, 29.942671332377547 ] ] ] } },
{ "type": "Feature", "properties": { "hex_id": "88446c2263fffff", "price_mean": 1.0, "price_median": 1.0, "n": 1, "top_restaurants": "ChIJeQb037m3QIYRMKyGB2oUANk|None", "z_r": -0.5, "qtile": 0.0 }, "geometry": { "type": "Polygon", "coordinates": [ [ [ -95.356062518093935, 29.950253626910047 ], [ -95.351150629623092, 29.952901782342504 ], [ -95.351370129420275, 29.958016899675957 ], [ -95.356501970872287, 29.960484008978131 ], [ -95.361414221949076, 29.957835787806783 ], [ -95.361194268958471, 29.95272052308658 ], [ -95.356062518093935, 29.950253626910047 ] ] ] } },
{ "type": "Feature", "properties": { "hex_id": "88446c2265fffff", "price_mean": 2.0, "price_median": 2.0, "n": 1, "top_restaurants": "ChIJGXjPQH63QIYRJD8249tsOYI|None", "z_r": 0.5, "qtile": 2.0 }, "geometry": { "type": "Polygon", "coordinates": [ [ [ -95.340669558349987, 29.942852113601251 ], [ -95.335758107627214, 29.945499743137763 ], [ -95.335976898524493, 29.950614746773194 ], [ -95.341107593206786, 29.953082268492427 ], [ -95.346019406719108, 29.950434573327644 ], [ -95.345800162750081, 29.945319422086332 ], [ -95.340669558349987, 29.942852113601251 ] ] ] } },
{ "type": "Feature", "properties": { "hex_id": "88446c22adfffff", "price_mean": 1.3, "price_median": 1.0, "n": 8, "top_restaurants": "ChIJOS8QX2y1QIYR19ud1xW_EXk|$$;;ChIJE-Nc77m1QIYR05Wri2XXS3A|None;;ChIJAQAAAG-1QIYRTyYhijf7iYg|$1–10", "z_r": -0.2, "qtile": 0.0 }, "geometry": { "type": "Polygon", "coordinates": [ [ [ -95.378799320280024, 30.011270912172041 ], [ -95.373884679683201, 30.013918671878283 ], [ -95.374105321310012, 30.019033215880736 ], [ -95.379241057286052, 30.021500147204243 ], [ -95.384156060528028, 30.0188523218273 ], [ -95.383934965139403, 30.01373763081202 ], [ -95.378799320280024, 30.011270912172041 ] ] ] } },
{ "type": "Feature", "properties": { "hex_id": "88446c2313fffff", "price_mean": 2.6666666666666665, "price_median": 2.0, "n": 3, "top_restaurants": "ChIJW7weVQC1QIYRx03J29h9o5s|$30–50;;ChIJ8wSQMkW1QIYRNrCVDDOPsBA|None;;ChIJSSqwl0C1QIYRwsS14VunUZo|None", "z_r": 1.1666666666666665, "qtile": 3.0 }, "geometry": { "type": "Polygon", "coordinates": [ [ [ -95.327245429095498, 29.981481773538558 ], [ -95.322332465189476, 29.984127888732598 ], [ -95.322550722085836, 29.989242130782873 ], [ -95.327682396193893, 29.991710405405296 ], [ -95.33259572332959, 29.989064224888267 ], [ -95.33237701311802, 29.983949835086236 ], [ -95.327245429095498, 29.981481773538558 ] ] ] } },
{ "type": "Feature", "properties": { "hex_id": "88446c2323fffff", "price_mean": 1.504, "price_median": 1.84, "n": 5, "top_restaurants": "ChIJR3mlH0azQIYRCnQt3AduagI|$10–20;;ChIJAfZ2sYezQIYR_1cyDfHeqdc|$10–20;;ChIJy9X_lcezQIYRUSTULIGXDTI|$10–20", "z_r": 0.004, "qtile": 1.0 }, "geometry": { "type": "Polygon", "coordinates": [ [ [ -95.281727497273963, 29.974604853296086 ], [ -95.276815202497644, 29.977249060869354 ], [ -95.277031391137768, 29.982362744620559 ], [ -95.282160327614719, 29.984832369196983 ], [ -95.287072986255382, 29.982188096698046 ], [ -95.2868563445451, 29.977074264562738 ], [ -95.281727497273963, 29.974604853296086 ] ] ] } },
{ "type": "Feature", "properties": { "hex_id": "88446c232bfffff", "price_mean": 1.0, "price_median": 1.0, "n": 1, "top_restaurants": "ChIJ79s5EdyzQIYRaMA1_hnn3MI|None", "z_r": -0.5, "qtile": 0.0 }, "geometry": { "type": "Polygon", "coordinates": [ [ [ -95.286423118921462, 29.966846384069644 ], [ -95.281511110972247, 29.969490987220457 ], [ -95.281727497273963, 29.974604853296086 ], [ -95.2868563445451, 29.977074264562738 ], [ -95.29176871624054, 29.974429596406054 ], [ -95.291551876908997, 29.969315582002974 ], [ -95.286423118921462, 29.966846384069644 ] ] ] } },
{ "type": "Feature", "properties": { "hex_id": "88446c2331fffff", "price_mean": 2.1333333333333333, "price_median": 2.0, "n": 3, "top_restaurants": "ChIJx6erZ42zQIYRxBn316ChwOI|$$;;ChIJlawaBC-zQIYRvIRdkVUpkNQ|None;;ChIJr-zhMJOzQIYRlADqoVx8Zr0|$", "z_r": 0.6333333333333333, "qtile": 3.0 }, "geometry": { "type": "Polygon", "coordinates": [ [ [ -95.2971151881721, 29.982012675759538 ], [ -95.292202452762709, 29.984657408937423 ], [ -95.292419349958465, 29.989771206905377 ], [ -95.297549435746632, 29.992240419875074 ], [ -95.302462534837687, 29.989595621660644 ], [ -95.302245184449319, 29.984481675527455 ], [ -95.2971151881721, 29.982012675759538 ] ] ] } },
{ "type": "Feature", "properties": { "hex_id": "88446c2341fffff", "price_mean": 1.0, "price_median": 1.0, "n": 3, "top_restaurants": "ChIJ2w0_Kp-xQIYRtyy6hnmeiz4|None;;ChIJzV9CSAPPQIYRay2kiQXBI6Q|None;;ChIJ2TbnBEmxQIYRC6jziaOQwp8|None", "z_r": -0.5, "qtile": 0.0 }, "geometry": { "type": "Polygon", "coordinates": [ [ [ -95.305200760862846, 29.93580673577981 ], [ -95.300289900551107, 29.938452919449315 ], [ -95.300507077050895, 29.943567512796001 ], [ -95.305635566721179, 29.946036070588175 ], [ -95.310546790306788, 29.943389821591914 ], [ -95.310329160938679, 29.938275080144617 ], [ -95.305200760862846, 29.93580673577981 ] ] ] } },
{ "type": "Feature", "properties": { "hex_id": "88446c2343fffff", "price_mean": 1.0, "price_median": 1.0, "n": 1, "top_restaurants": "ChIJn-i6j7mxQIYRzYq7KQRvF-M|None", "z_r": -0.5, "qtile": 0.0 }, "geometry": { "type": "Polygon", "coordinates": [ [ [ -95.310546790306788, 29.943389821591914 ], [ -95.305635566721179, 29.946036070588175 ], [ -95.30585299864741, 29.951150630578564 ], [ -95.310982107099264, 29.953619089606637 ], [ -95.315893693926341, 29.950972775268394 ], [ -95.315675809050518, 29.945858067258449 ], [ -95.310546790306788, 29.943389821591914 ] ] ] } },
{ "type": "Feature", "properties": { "hex_id": "88446c2345fffff", "price_mean": 3.4, "price_median": 3.4, "n": 1, "top_restaurants": "ChIJi8wTnkaxQIYRPlE7WRvQ79M|$$", "z_r": 1.9, "qtile": 3.0 }, "geometry": { "type": "Polygon", "coordinates": [ [ [ -95.295162029617885, 29.935984263135374 ], [ -95.290251245771671, 29.938629986712805 ], [ -95.290467969444066, 29.94374443182107 ], [ -95.295595929780475, 29.946213301604701 ], [ -95.300507077050895, 29.943567512796001 ], [ -95.300289900551107, 29.938452919449315 ], [ -95.295162029617885, 29.935984263135374 ] ] ] } },
{ "type": "Feature", "properties": { "hex_id": "88446c2347fffff", "price_mean": 1.0, "price_median": 1.0, "n": 1, "top_restaurants": "ChIJ_b2r5X2xQIYRgil25D3AQcQ|None", "z_r": -0.5, "qtile": 0.0 }, "geometry": { "type": "Polygon", "coordinates": [ [ [ -95.300507077050895, 29.943567512796001 ], [ -95.295595929780475, 29.946213301604701 ], [ -95.295812908797984, 29.95132771343772 ], [ -95.300941487985057, 29.953796484633791 ], [ -95.30585299864741, 29.951150630578564 ], [ -95.305635566721179, 29.946036070588175 ], [ -95.300507077050895, 29.943567512796001 ] ] ] } },
{ "type": "Feature", "properties": { "hex_id": "88446c234dfffff", "price_mean": 1.28, "price_median": 1.0, "n": 3, "top_restaurants": "ChIJcxiUszCxQIYRGXJGExAZZBc|$10–20;;ChIJ1cO-1jaxQIYRU0EFqDKGNW0|$;;ChIJa89EfTexQIYRgh_QpOoMgOY|None", "z_r": -0.22, "qtile": 0.0 }, "geometry": { "type": "Polygon", "coordinates": [ [ [ -95.299855605473255, 29.928223518301547 ], [ -95.294945108467687, 29.930869636659516 ], [ -95.295162029617885, 29.935984263135374 ], [ -95.300289900551107, 29.938452919449315 ], [ -95.305200760862846, 29.93580673577981 ], [ -95.304983386925613, 29.930691961122296 ], [ -95.299855605473255, 29.928223518301547 ] ] ] } },
{ "type": "Feature", "properties": { "hex_id": "88446c2359fffff", "price_mean": 1.8830769230769231, "price_median": 1.84, "n": 13, "top_restaurants": "ChIJI-MiIXe3QIYRN2C_XMnZTe4|$20–30;;ChIJo0g54uS3QIYRGyB5Vn5bjBw|$20–30;;ChIJRUQVQwC3QIYRV7HlGSTQOL0|None", "z_r": 0.38307692307692309, "qtile": 2.0 }, "geometry": { "type": "Polygon", "coordinates": [ [ [ -95.330628031518415, 29.943032122124826 ], [ -95.325716656206581, 29.945679291485085 ], [ -95.325934994072782, 29.950794147376719 ], [ -95.331065160272388, 29.953261981666316 ], [ -95.335976898524493, 29.950614746773194 ], [ -95.335758107627214, 29.945499743137763 ], [ -95.330628031518415, 29.943032122124826 ] ] ] } },
{ "type": "Feature", "properties": { "hex_id": "88446c2369fffff", "price_mean": 1.28, "price_median": 1.0, "n": 6, "top_restaurants": "ChIJfdqjbWyxQIYRCnz0CXHYmgA|$10–20;;ChIJETxZMoKxQIYRYyHHMSUHE90|$10–20;;ChIJ2XrYtuixQIYRGs24id8KLjY|$", "z_r": -0.22, "qtile": 0.0 }, "geometry": { "type": "Polygon", "coordinates": [ [ [ -95.285123904241345, 29.93616101858391 ], [ -95.280213197161871, 29.938806282065705 ], [ -95.280429468047842, 29.943920578797787 ], [ -95.285556898790091, 29.946389760438645 ], [ -95.290467969444066, 29.94374443182107 ], [ -95.290251245771671, 29.938629986712805 ], [ -95.285123904241345, 29.93616101858391 ] ] ] } },
{ "type": "Feature", "properties": { "hex_id": "88446c236bfffff", "price_mean": 1.0, "price_median": 1.0, "n": 1, "top_restaurants": "ChIJwSVXiFyxQIYRIOwfOQ17fgc|None", "z_r": -0.5, "qtile": 0.0 }, "geometry": { "type": "Polygon", "coordinates": [ [ [ -95.290467969444066, 29.94374443182107 ], [ -95.285556898790091, 29.946389760438645 ], [ -95.285773424939848, 29.951504023976511 ], [ -95.290901474601753, 29.953973107206338 ], [ -95.295812908797984, 29.95132771343772 ], [ -95.295595929780475, 29.946213301604701 ], [ -95.290467969444066, 29.94374443182107 ] ] ] } },
{ "type": "Feature", "properties": { "hex_id": "88446c2801fffff", "price_mean": 1.13125, "price_median": 1.13125, "n": 2, "top_restaurants": "ChIJvZxq0jtTR4YRBuo097-9Hvc|$;;ChIJ0xVNzjtTR4YR6czT6EKTSY8|$", "z_r": -0.36875, "qtile": 0.0 }, "geometry": { "type": "Polygon", "coordinates": [ [ [ -95.165080744714814, 30.068652674524493 ], [ -95.160165489335483, 30.071289350590042 ], [ -95.160376582095736, 30.076399933410915 ], [ -95.165503383527508, 30.07887399006621 ], [ -95.170419005089201, 30.076237250611022 ], [ -95.170207459026869, 30.071126517904503 ], [ -95.165080744714814, 30.068652674524493 ] ] ] } },
{ "type": "Feature", "properties": { "hex_id": "88446c2809fffff", "price_mean": 1.0, "price_median": 1.0, "n": 1, "top_restaurants": "ChIJi36v4MtTR4YRFAYNNRktHaY|$", "z_r": -0.5, "qtile": 0.0 }, "geometry": { "type": "Polygon", "coordinates": [ [ [ -95.169784423373883, 30.060904832241565 ], [ -95.164869453514484, 30.063541906614919 ], [ -95.165080744714814, 30.068652674524493 ], [ -95.170207459026869, 30.071126517904503 ], [ -95.175122794950411, 30.06848938006134 ], [ -95.174911050487893, 30.063378462322298 ], [ -95.169784423373883, 30.060904832241565 ] ] ] } },
{ "type": "Feature", "properties": { "hex_id": "88446c284bfffff", "price_mean": 2.0819047619047617, "price_median": 1.84, "n": 21, "top_restaurants": "ChIJUe5OrNasQIYRlinmeWq5xxM|$$;;ChIJDQUtBQqtQIYRXNwN2kn0GBM|$$;;ChIJS_vyrtasQIYRipLXwzsM57Y|$$", "z_r": 0.5819047619047617, "qtile": 3.0 }, "geometry": { "type": "Polygon", "coordinates": [ [ [ -95.179190328857203, 30.045407399004645 ], [ -95.174275930138094, 30.048045269460122 ], [ -95.174487618084243, 30.053156406941717 ], [ -95.179614157921947, 30.055629823699199 ], [ -95.184528922468786, 30.052991889613583 ], [ -95.184316781340314, 30.047880602414946 ], [ -95.179190328857203, 30.045407399004645 ] ] ] } },
{ "type": "Feature", "properties": { "hex_id": "88446c2851fffff", "price_mean": 2.2, "price_median": 2.2, "n": 2, "top_restaurants": "ChIJw697GNdSR4YRw8IQcXMyIAE|$$;;ChIJj0ctPtdSR4YR-6u70CeDGiw|$", "z_r": 0.7, "qtile": 3.0 }, "geometry": { "type": "Polygon", "coordinates": [ [ [ -95.189868391702063, 30.060576246672092 ], [ -95.184953261358928, 30.06321424440344 ], [ -95.185165459125656, 30.068325311834677 ], [ -95.190293240571819, 30.070798531103804 ], [ -95.195208736679717, 30.068160469711103 ], [ -95.194996085566842, 30.063049252724976 ], [ -95.189868391702063, 30.060576246672092 ] ] ] } },
{ "type": "Feature", "properties": { "hex_id": "88446c285bfffff", "price_mean": 1.0, "price_median": 1.0, "n": 1, "top_restaurants": "ChIJ27keAtBSR4YR-OUo5EYaP-I|$", "z_r": -0.5, "qtile": 0.0 }, "geometry": { "type": "Polygon", "coordinates": [ [ [ -95.199911295699764, 30.060410793317654 ], [ -95.194996085566842, 30.063049252724976 ], [ -95.195208736679717, 30.068160469711103 ], [ -95.200337051303705, 30.07063337672178 ], [ -95.20525262705155, 30.067994853557369 ], [ -95.205039522550692, 30.062883487153723 ], [ -95.199911295699764, 30.060410793317654 ] ] ] } },
{ "type": "Feature", "properties": { "hex_id": "88446c285dfffff", "price_mean": 1.5, "price_median": 1.5, "n": 2, "top_restaurants": "ChIJE3mu41itQIYRCfoFBstT_tA|None;;ChIJ_fXz9iqtQIYRxpoAmDw11do|$", "z_r": 0.0, "qtile": 1.0 }, "geometry": { "type": "Polygon", "coordinates": [ [ [ -95.184528922468786, 30.052991889613583 ], [ -95.179614157921947, 30.055629823699199 ], [ -95.179826100739831, 30.06074092626897 ], [ -95.184953261358928, 30.06321424440344 ], [ -95.189868391702063, 30.060576246672092 ], [ -95.18965599561993, 30.055464994466345 ], [ -95.184528922468786, 30.052991889613583 ] ] ] } },
{ "type": "Feature", "properties": { "hex_id": "88446c2a21fffff", "price_mean": 1.9976086956521737, "price_median": 1.5928260869565216, "n": 6, "top_restaurants": "ChIJ72xYS9qsQIYR1Ydlke7yXwM|$$;;ChIJ4fWe2OesQIYRdFvzNVNTqMw|$50–100;;ChIJ4fWe2OesQIYR-IeilHLQhz0|$10–20", "z_r": 0.49760869565217369, "qtile": 2.0 }, "geometry": { "type": "Polygon", "coordinates": [ [ [ -95.173217772863907, 30.022488487338883 ], [ -95.168304391278525, 30.025126628194528 ], [ -95.168515768008376, 30.03023801901152 ], [ -95.173640979292301, 30.032711418810031 ], [ -95.178554726650077, 30.030073214275152 ], [ -95.178342896941643, 30.024961673635314 ], [ -95.173217772863907, 30.022488487338883 ] ] ] } },
{ "type": "Feature", "properties": { "hex_id": "88446c2a35fffff", "price_mean": 1.0, "price_median": 1.0, "n": 2, "top_restaurants": "ChIJM-ugz9esQIYRc6F2Mxx12CU|None;;ChIJM-ugz9esQIYRWnnSfNRlcdk|$", "z_r": -0.5, "qtile": 0.0 }, "geometry": { "type": "Polygon", "coordinates": [ [ [ -95.183892555704091, 30.037657808810195 ], [ -95.178978442605342, 30.04029607703983 ], [ -95.179190328857203, 30.045407399004645 ], [ -95.184316781340314, 30.047880602414946 ], [ -95.189231260148631, 30.045242270474997 ], [ -95.189018920754421, 30.040130798849386 ], [ -95.183892555704091, 30.037657808810195 ] ] ] } },
{ "type": "Feature", "properties": { "hex_id": "88446c2a37fffff", "price_mean": 2.2756949300699301, "price_median": 2.3440340909090911, "n": 13, "top_restaurants": "ChIJezkjH-GtQIYRf6t1WnXtaac|$$;;ChIJ1SKuMyitQIYRwdTTDV7boC8|$$;;ChIJd5_FMiitQIYRQ_7nKtyNXtw|$$", "z_r": 0.77569493006993007, "qtile": 3.0 }, "geometry": { "type": "Polygon", "coordinates": [ [ [ -95.189231260148631, 30.045242270474997 ], [ -95.184316781340314, 30.047880602414946 ], [ -95.184528922468786, 30.052991889613583 ], [ -95.18965599561993, 30.055464994466345 ], [ -95.194570840106323, 30.052826598800504 ], [ -95.194358245753619, 30.047715162022122 ], [ -95.189231260148631, 30.045242270474997 ] ] ] } },
{ "type": "Feature", "properties": { "hex_id": "88446c2a89fffff", "price_mean": 1.81, "price_median": 1.42, "n": 4, "top_restaurants": "ChIJc1pL30VNR4YRy0pTBCkJ3_E|$$;;ChIJi3K2SLWyQIYRYTFC-sbbmf0|$10–20;;ChIJIxNoYkZNR4YR3YOKJvzZyBM|$", "z_r": 0.31, "qtile": 2.0 }, "geometry": { "type": "Polygon", "coordinates": [ [ [ -95.24008903082148, 30.059741239664298 ], [ -95.235173504544832, 30.062381545753198 ], [ -95.235387969460106, 30.067493359584915 ], [ -95.240518414196984, 30.069965016209832 ], [ -95.245434305488303, 30.067324645981035 ], [ -95.245219387018352, 30.062212683281597 ], [ -95.24008903082148, 30.059741239664298 ] ] ] } },
{ "type": "Feature", "properties": { "hex_id": "88446c2a8bfffff", "price_mean": 1.471111111111111, "price_median": 1.0, "n": 9, "top_restaurants": "ChIJtYF368hNR4YRrwSyPLkBWiI|$$;;ChIJr32D_vVNR4YRTTjkSg8xQdA|None;;ChIJ40zee0ZNR4YRYvoRFgYvAr0|$10–20", "z_r": -0.028888888888888964, "qtile": 1.0 }, "geometry": { "type": "Polygon", "coordinates": [ [ [ -95.245434305488303, 30.067324645981035 ], [ -95.240518414196984, 30.069965016209832 ], [ -95.240733134547455, 30.075076794270526 ], [ -95.245864199815912, 30.077548350903324 ], [ -95.250780456089942, 30.07490791651902 ], [ -95.250565282103068, 30.069795989671817 ], [ -95.245434305488303, 30.067324645981035 ] ] ] } },
{ "type": "Feature", "properties": { "hex_id": "88446c2aa9fffff", "price_mean": 1.0864130434782608, "price_median": 1.0, "n": 4, "top_restaurants": "ChIJxRpJarpSR4YR67LSI5gzhU4|$$;;ChIJMT4parpSR4YR9kSlKjqcxD4|$;;ChIJqebZS5jAQIYR1u7Ov_TBvzo|$", "z_r": -0.41358695652173916, "qtile": 0.0 }, "geometry": { "type": "Polygon", "coordinates": [ [ [ -95.215297129679939, 30.06782846324036 ], [ -95.210381474593675, 30.070467448174355 ], [ -95.210594834284294, 30.075578779050492 ], [ -95.215724302563032, 30.07805127420599 ], [ -95.220640323082591, 30.075412225403568 ], [ -95.220426509880326, 30.070300745328439 ], [ -95.215297129679939, 30.06782846324036 ] ] ] } },
{ "type": "Feature", "properties": { "hex_id": "88446c2ac1fffff", "price_mean": 2.0442753623188405, "price_median": 1.84, "n": 6, "top_restaurants": "ChIJq7P09LGyQIYRTfD1krG1I1w|$$;;ChIJY3HCnAyzQIYRQCl3wiDj0w4|None;;ChIJ0xjvPQCzQIYRHsAxcUSVgPA|$10–20", "z_r": 0.54427536231884055, "qtile": 2.0 }, "geometry": { "type": "Polygon", "coordinates": [ [ [ -95.239445099033702, 30.044405024985867 ], [ -95.234530224299903, 30.047045664314755 ], [ -95.234744631967274, 30.052157698038098 ], [ -95.239874367791387, 30.054629241339473 ], [ -95.244789607453455, 30.051988537806185 ], [ -95.244574746353408, 30.046876355190292 ], [ -95.239445099033702, 30.044405024985867 ] ] ] } },
{ "type": "Feature", "properties": { "hex_id": "88446c2ac3fffff", "price_mean": 1.3333333333333333, "price_median": 1.0, "n": 3, "top_restaurants": "ChIJZf9zTQBNR4YROsWKz34kRZ8|None;;ChIJ-63apKhNR4YRymZgk2dNUSU|$;;ChIJVeIPw45NR4YRX70XcSlNELU|None", "z_r": -0.16666666666666674, "qtile": 0.0 }, "geometry": { "type": "Polygon", "coordinates": [ [ [ -95.244789607453455, 30.051988537806185 ], [ -95.239874367791387, 30.054629241339473 ], [ -95.24008903082148, 30.059741239664298 ], [ -95.245219387018352, 30.062212683281597 ], [ -95.250134991576758, 30.059571915528348 ], [ -95.249919875032234, 30.054459768392139 ], [ -95.244789607453455, 30.051988537806185 ] ] ] } },
{ "type": "Feature", "properties": { "hex_id": "88446c2ac5fffff", "price_mean": 2.0714285714285716, "price_median": 1.0, "n": 7, "top_restaurants": "ChIJfSBJOqyyQIYRBpj3lJ7VpX8|€€;;ChIJYfmlkyazQIYRCjEzX2j1eI4|$$;;ChIJkeMnoWOzQIYRHZH5fWhN744|$$", "z_r": 0.57142857142857162, "qtile": 2.0 }, "geometry": { "type": "Polygon", "coordinates": [ [ [ -95.229401108803387, 30.044574021571727 ], [ -95.22448631265172, 30.047214199427614 ], [ -95.224700266927897, 30.052326084120882 ], [ -95.229829470737172, 30.054797940002707 ], [ -95.234744631967274, 30.052157698038098 ], [ -95.234530224299903, 30.047045664314755 ], [ -95.229401108803387, 30.044574021571727 ] ] ] } },
{ "type": "Feature", "properties": { "hex_id": "88446c2acbfffff", "price_mean": 1.848, "price_median": 1.84, "n": 5, "top_restaurants": "ChIJeU3hkNasQIYR3tUhxacyb6o|$$;;ChIJy2igKByzQIYRgL2NEFjrvWM|None;;ChIJA4EjrsmyQIYRi8WiMblQI3k|$10–20", "z_r": 0.348, "qtile": 2.0 }, "geometry": { "type": "Polygon", "coordinates": [ [ [ -95.249489699367672, 30.044235254390959 ], [ -95.244574746353408, 30.046876355190292 ], [ -95.244789607453455, 30.051988537806185 ], [ -95.249919875032234, 30.054459768392139 ], [ -95.254835192824544, 30.05181860329278 ], [ -95.254619878250324, 30.04670627192187 ], [ -95.249489699367672, 30.044235254390959 ] ] ] } },
{ "type": "Feature", "properties": { "hex_id": "88446c2acdfffff", "price_mean": 1.0, "price_median": 1.0, "n": 1, "top_restaurants": "ChIJVVUlqq-yQIYRUnrkziWQ4M4|None", "z_r": -0.5, "qtile": 0.0 }, "geometry": { "type": "Polygon", "coordinates": [ [ [ -95.234101466195341, 30.036821377536675 ], [ -95.229186956421714, 30.039461952676728 ], [ -95.229401108803387, 30.044574021571727 ], [ -95.234530224299903, 30.047045664314755 ], [ -95.239445099033702, 30.044405024985867 ], [ -95.239230493301051, 30.03929280711715 ], [ -95.234101466195341, 30.036821377536675 ] ] ] } },
{ "type": "Feature", "properties": { "hex_id": "88446c2ad5fffff", "price_mean": 2.5490909090909089, "price_median": 3.4, "n": 11, "top_restaurants": "ChIJJzdExUlNR4YRQ_CSq4uQQUU|$20–30;;ChIJe9yMwimtQIYRcN3tPQ1RREQ|$$;;ChIJ4YLGLsOyQIYR6zGreguPyiU|$$", "z_r": 1.0490909090909089, "qtile": 3.0 }, "geometry": { "type": "Polygon", "coordinates": [ [ [ -95.250134991576758, 30.059571915528348 ], [ -95.245219387018352, 30.062212683281597 ], [ -95.245434305488303, 30.067324645981035 ], [ -95.250565282103068, 30.069795989671817 ], [ -95.255481251525808, 30.067155157683025 ], [ -95.255265879459728, 30.062043046253393 ], [ -95.250134991576758, 30.059571915528348 ] ] ] } },
{ "type": "Feature", "properties": { "hex_id": "88446c2ad7fffff", "price_mean": 2.1333333333333333, "price_median": 2.0, "n": 3, "top_restaurants": "ChIJ_9LnkJlNR4YR4AgpcIYu7T4|$$;;ChIJ29LoEORNR4YR1n3Rs1gSQOA|None;;ChIJT9mFjgBNR4YRCkRunq1IuKo|$", "z_r": 0.6333333333333333, "qtile": 3.0 }, "geometry": { "type": "Polygon", "coordinates": [ [ [ -95.255481251525808, 30.067155157683025 ], [ -95.250565282103068, 30.069795989671817 ], [ -95.250780456089942, 30.07490791651902 ], [ -95.255912053167719, 30.077379160040795 ], [ -95.260828387422748, 30.07473826380086 ], [ -95.260612759758033, 30.069626188304685 ], [ -95.255481251525808, 30.067155157683025 ] ] ] } },
{ "type": "Feature", "properties": { "hex_id": "88446c2ae1fffff", "price_mean": 1.0, "price_median": 1.0, "n": 1, "top_restaurants": "ChIJoe0HKLNSR4YR7RaxKLmHQtM|$", "z_r": -0.5, "qtile": 0.0 }, "geometry": { "type": "Polygon", "coordinates": [ [ [ -95.214656512897008, 30.052493696187057 ], [ -95.209741509435744, 30.055133015006906 ], [ -95.209954812171915, 30.060244566072559 ], [ -95.215083571749261, 30.062716947556577 ], [ -95.219998940557275, 30.060077564803816 ], [ -95.219785184431416, 30.054965864514305 ], [ -95.214656512897008, 30.052493696187057 ] ] ] } },
{ "type": "Feature", "properties": { "hex_id": "88446c2ae7fffff", "price_mean": 3.4, "price_median": 3.4, "n": 1, "top_restaurants": "ChIJcSTMFbpSR4YR_bkEM3-HJXA|$$", "z_r": 1.9, "qtile": 3.0 }, "geometry": { "type": "Polygon", "coordinates": [ [ [ -95.209954812171915, 30.060244566072559 ], [ -95.205039522550692, 30.062883487153723 ], [ -95.20525262705155, 30.067994853557369 ], [ -95.210381474593675, 30.070467448174355 ], [ -95.215297129679939, 30.06782846324036 ], [ -95.215083571749261, 30.062716947556577 ], [ -95.209954812171915, 30.060244566072559 ] ] ] } },
{ "type": "Feature", "properties": { "hex_id": "88446c2b05fffff", "price_mean": 1.84, "price_median": 1.84, "n": 1, "top_restaurants": "ChIJZ46U05SrQIYRU-qzDjxB76A|$10–20", "z_r": 0.34, "qtile": 2.0 }, "geometry": { "type": "Polygon", "coordinates": [ [ [ -95.117702912952694, 30.015718318453946 ], [ -95.112790303613906, 30.018354090120511 ], [ -95.11299916184737, 30.023464763446221 ], [ -95.118121082095215, 30.025939815709393 ], [ -95.123034057983475, 30.023303980858177 ], [ -95.122824747064413, 30.018193156942722 ], [ -95.117702912952694, 30.015718318453946 ] ] ] } },
{ "type": "Feature", "properties": { "hex_id": "88446c2b29fffff", "price_mean": 1.84, "price_median": 1.84, "n": 1, "top_restaurants": "ChIJUWWqjy2rQIYRQQ6IW0YDGio|$10–20", "z_r": 0.34, "qtile": 2.0 }, "geometry": { "type": "Polygon", "coordinates": [ [ [ -95.10766900418696, 30.015878941152568 ], [ -95.102756477038639, 30.018514251709014 ], [ -95.102964882628953, 30.023624774307926 ], [ -95.108086268000733, 30.026100137091461 ], [ -95.11299916184737, 30.023464763446221 ], [ -95.112790303613906, 30.018354090120511 ], [ -95.10766900418696, 30.015878941152568 ] ] ] } },
{ "type": "Feature", "properties": { "hex_id": "88446c3001fffff", "price_mean": 1.0, "price_median": 1.0, "n": 1, "top_restaurants": "ChIJczxkJH25QIYRB1XKbqLXPQ8|None", "z_r": -0.5, "qtile": 0.0 }, "geometry": { "type": "Polygon", "coordinates": [ [ [ -95.366834498672475, 29.850215278129486 ], [ -95.361926722559659, 29.852866252406972 ], [ -95.362146520829427, 29.857982976479768 ], [ -95.367274547665986, 29.860448873625863 ], [ -95.372182685604329, 29.857797833043044 ], [ -95.371962434871151, 29.85268096163389 ], [ -95.366834498672475, 29.850215278129486 ] ] ] } },
{ "type": "Feature", "properties": { "hex_id": "88446c3003fffff", "price_mean": 1.0, "price_median": 1.0, "n": 2, "top_restaurants": "ChIJ1-D2Whm5QIYRQQRm88IAmQI|None;;ChIJAU_ySTO5QIYRqGuXBaLSRQg|None", "z_r": -0.5, "qtile": 0.0 }, "geometry": { "type": "Polygon", "coordinates": [ [ [ -95.372182685604329, 29.857797833043044 ], [ -95.367274547665986, 29.860448873625863 ], [ -95.367494601490975, 29.865565565869627 ], [ -95.3726232457892, 29.868031364800366 ], [ -95.377531745520272, 29.865380257897257 ], [ -95.37731123915097, 29.860263418398123 ], [ -95.372182685604329, 29.857797833043044 ] ] ] } },
{ "type": "Feature", "properties": { "hex_id": "88446c3007fffff", "price_mean": 1.0, "price_median": 1.0, "n": 2, "top_restaurants": "ChIJEVLOKYi3QIYRINnpk1BfvXQ|$;;ChIJg0S_SwC5QIYRQBz919vItJA|None", "z_r": -0.5, "qtile": 0.0 }, "geometry": { "type": "Polygon", "coordinates": [ [ [ -95.362146520829427, 29.857982976479768 ], [ -95.35723845724786, 29.860633557973394 ], [ -95.357458058568838, 29.865750102823696 ], [ -95.362586175965973, 29.868216213588248 ], [ -95.367494601490975, 29.865565565869627 ], [ -95.367274547665986, 29.860448873625863 ], [ -95.362146520829427, 29.857982976479768 ] ] ] } },
{ "type": "Feature", "properties": { "hex_id": "88446c3009fffff", "price_mean": 1.0, "price_median": 1.0, "n": 2, "top_restaurants": "ChIJJy0kEj64QIYRjY1pItN0vyQ|None;;ChIJG3CiMAS5QIYRyss1Nb1cB2Y|None", "z_r": -0.5, "qtile": 0.0 }, "geometry": { "type": "Polygon", "coordinates": [ [ [ -95.371521992110331, 29.842447008156572 ], [ -95.366614503498766, 29.845098375037669 ], [ -95.366834498672475, 29.850215278129486 ], [ -95.371962434871151, 29.85268096163389 ], [ -95.37687028519035, 29.850029528367116 ], [ -95.376649837593817, 29.844912477996036 ], [ -95.371521992110331, 29.842447008156572 ] ] ] } },
{ "type": "Feature", "properties": { "hex_id": "88446c300bfffff", "price_mean": 1.0, "price_median": 1.0, "n": 2, "top_restaurants": "ChIJtxE9liK4QIYR4NZDFrMmJNs|$;;ChIJtUgZApa5QIYRcZeFbBJ5Xyg|None", "z_r": -0.5, "qtile": 0.0 }, "geometry": { "type": "Polygon", "coordinates": [ [ [ -95.37687028519035, 29.850029528367116 ], [ -95.371962434871151, 29.85268096163389 ], [ -95.372182685604329, 29.857797833043044 ], [ -95.37731123915097, 29.860263418398123 ], [ -95.382219451144962, 29.857611918730719 ], [ -95.381998747908114, 29.852494900123308 ], [ -95.37687028519035, 29.850029528367116 ] ] ] } },
{ "type": "Feature", "properties": { "hex_id": "88446c300dfffff", "price_mean": 1.0, "price_median": 1.0, "n": 4, "top_restaurants": "ChIJK3vvgDq4QIYRjMaBj6kVCVE|$;;ChIJgeJW4QG5QIYRXqXzYZnV7sk|None;;ChIJmSts2jm4QIYR1H6RtvzpQAE|None", "z_r": -0.5, "qtile": 0.0 }, "geometry": { "type": "Polygon", "coordinates": [ [ [ -95.361487184604201, 29.842632593626252 ], [ -95.356579770349683, 29.845283501613338 ], [ -95.356799313140854, 29.850400257287827 ], [ -95.361926722559659, 29.852866252406972 ], [ -95.366834498672475, 29.850215278129486 ], [ -95.366614503498766, 29.845098375037669 ], [ -95.361487184604201, 29.842632593626252 ] ] ] } },
{ "type": "Feature", "properties": { "hex_id": "88446c3011fffff", "price_mean": 1.5857142857142856, "price_median": 1.0, "n": 14, "top_restaurants": "ChIJW_3dQfq3QIYRX3zbRmJXlos|$$;;ChIJw2YbWwC3QIYRKbqNWPFVbRU|$$;;ChIJzZpnhPm3QIYR5BbR5w7cWos|$$", "z_r": 0.085714285714285632, "qtile": 1.0 }, "geometry": { "type": "Polygon", "coordinates": [ [ [ -95.38756949009462, 29.865194178777717 ], [ -95.382660916458704, 29.867845744860681 ], [ -95.382881678540812, 29.872962552222425 ], [ -95.388011466914804, 29.875427940551862 ], [ -95.392920402159703, 29.872776308038347 ], [ -95.392699187412219, 29.867659353640377 ], [ -95.38756949009462, 29.865194178777717 ] ] ] } },
{ "type": "Feature", "properties": { "hex_id": "88446c3015fffff", "price_mean": 1.2, "price_median": 1.0, "n": 5, "top_restaurants": "ChIJ-dgF4_S3QIYRUBhMkKQmle0|None;;ChIJ6SXV-fm3QIYRgFQIkRqeoaU|$;;ChIJpedlNle3QIYRDnoMLYeHyd4|None", "z_r": -0.3, "qtile": 0.0 }, "geometry": { "type": "Polygon", "coordinates": [ [ [ -95.377531745520272, 29.865380257897257 ], [ -95.3726232457892, 29.868031364800366 ], [ -95.372843555246106, 29.873148024987753 ], [ -95.377972817049866, 29.875613725460813 ], [ -95.382881678540812, 29.872962552222425 ], [ -95.382660916458704, 29.867845744860681 ], [ -95.377531745520272, 29.865380257897257 ] ] ] } },
{ "type": "Feature", "properties": { "hex_id": "88446c3017fffff", "price_mean": 1.0, "price_median": 1.0, "n": 1, "top_restaurants": "ChIJt-zLzOS3QIYRHNdIWaw45fo|None", "z_r": -0.5, "qtile": 0.0 }, "geometry": { "type": "Polygon", "coordinates": [ [ [ -95.382881678540812, 29.872962552222425 ], [ -95.377972817049866, 29.875613725460813 ], [ -95.378193382215372, 29.880730353364481 ], [ -95.383323261568506, 29.883195955137502 ], [ -95.3882324847864, 29.88054471554884 ], [ -95.388011466914804, 29.875427940551862 ], [ -95.382881678540812, 29.872962552222425 ] ] ] } },
{ "type": "Feature", "properties": { "hex_id": "88446c301bfffff", "price_mean": 1.3090909090909091, "price_median": 1.0, "n": 11, "top_restaurants": "ChIJDQmr2wPIQIYRF-H74IlMY2Q|$$;;ChIJtwkQSgDJQIYRiTKBlHLy8nY|None;;ChIJyR7MKATIQIYRb-AJ9ZGzf68|$", "z_r": -0.19090909090909092, "qtile": 0.0 }, "geometry": { "type": "Polygon", "coordinates": [ [ [ -95.397607834651708, 29.86500732838228 ], [ -95.392699187412219, 29.867659353640377 ], [ -95.392920402159703, 29.872776308038347 ], [ -95.398050716842803, 29.875241384090707 ], [ -95.402959725540256, 29.872589292306806 ], [ -95.40273805808728, 29.867472191010791 ], [ -95.397607834651708, 29.86500732838228 ] ] ] } },
{ "type": "Feature", "properties": { "hex_id": "88446c301dfffff", "price_mean": 1.4986666666666666, "price_median": 1.0, "n": 15, "top_restaurants": "ChIJ3YyUawO4QIYRaAgcdK28ZJw|$$;;ChIJy29pN_i3QIYRe6hJvfFSAok|$$;;ChIJ542rbCG3QIYR0BsjdTe5M0E|None", "z_r": -0.0013333333333334085, "qtile": 1.0 }, "geometry": { "type": "Polygon", "coordinates": [ [ [ -95.382219451144962, 29.857611918730719 ], [ -95.37731123915097, 29.860263418398123 ], [ -95.377531745520272, 29.865380257897257 ], [ -95.382660916458704, 29.867845744860681 ], [ -95.38756949009462, 29.865194178777717 ], [ -95.387348531140788, 29.86007719216132 ], [ -95.382219451144962, 29.857611918730719 ] ] ] } },
{ "type": "Feature", "properties": { "hex_id": "88446c3021fffff", "price_mean": 1.0, "price_median": 1.0, "n": 1, "top_restaurants": "ChIJB0a3Nxy3QIYRpbk0euiKGio|None", "z_r": -0.5, "qtile": 0.0 }, "geometry": { "type": "Polygon", "coordinates": [ [ [ -95.342075995824104, 29.85835095124213 ], [ -95.337168081859147, 29.861000614543922 ], [ -95.33738677829335, 29.866116864193216 ], [ -95.342513841106211, 29.868583598224635 ], [ -95.34742211731573, 29.865933868888501 ], [ -95.347202968458376, 29.860817471569689 ], [ -95.342075995824104, 29.85835095124213 ] ] ] } },
{ "type": "Feature", "properties": { "hex_id": "88446c3023fffff", "price_mean": 1.0, "price_median": 1.0, "n": 3, "top_restaurants": "ChIJ-TECZXy3QIYRnUXffBmpEdE|$;;ChIJ_9lmhp63QIYRvNGhAt_44t0|None;;ChIJswuVRH-3QIYRowV_f8-iA-0|$", "z_r": -0.5, "qtile": 0.0 }, "geometry": { "type": "Polygon", "coordinates": [ [ [ -95.34742211731573, 29.865933868888501 ], [ -95.342513841106211, 29.868583598224635 ], [ -95.342732792929468, 29.873699816060508 ], [ -95.347860473456947, 29.87616645216319 ], [ -95.35276911187843, 29.873516656777714 ], [ -95.352549707551034, 29.868400291353296 ], [ -95.34742211731573, 29.865933868888501 ] ] ] } },
{ "type": "Feature", "properties": { "hex_id": "88446c3025fffff", "price_mean": 1.12, "price_median": 1.0, "n": 7, "top_restaurants": "ChIJVUpedd-5QIYRdbEeVqxEVgQ|$10–20;;ChIJVUpedd-5QIYR0F9aJQBwu1o|$;;ChIJ6UzK8hq5QIYRKeqzYizqPHE|None", "z_r": -0.38, "qtile": 0.0 }, "geometry": { "type": "Polygon", "coordinates": [ [ [ -95.332041636716795, 29.858533782826036 ], [ -95.327133798011531, 29.861182987025376 ], [ -95.327352042063126, 29.866299088867194 ], [ -95.3324785771931, 29.868766134331555 ], [ -95.33738677829335, 29.866116864193216 ], [ -95.337168081859147, 29.861000614543922 ], [ -95.332041636716795, 29.858533782826036 ] ] ] } },
{ "type": "Feature", "properties": { "hex_id": "88446c3027fffff", "price_mean": 2.7, "price_median": 2.7, "n": 2, "top_restaurants": "ChIJWf29xv63QIYRB9_HWLMRcag|$$;;ChIJ1_fn4WO3QIYRwB1ip4qfaok|None", "z_r": 1.2, "qtile": 3.0 }, "geometry": { "type": "Polygon", "coordinates": [ [ [ -95.33738677829335, 29.866116864193216 ], [ -95.3324785771931, 29.868766134331555 ], [ -95.332697076552705, 29.873882204440889 ], [ -95.337824229466733, 29.876349152152834 ], [ -95.342732792929468, 29.873699816060508 ], [ -95.342513841106211, 29.868583598224635 ], [ -95.33738677829335, 29.866116864193216 ] ] ] } },
{ "type": "Feature", "properties": { "hex_id": "88446c3029fffff", "price_mean": 1.0, "price_median": 1.0, "n": 1, "top_restaurants": "ChIJq469btO5QIYRzlmMbmLyTl0|None", "z_r": -0.5, "qtile": 0.0 }, "geometry": { "type": "Polygon", "coordinates": [ [ [ -95.346764729157144, 29.850584465971025 ], [ -95.341857102360095, 29.853234522256233 ], [ -95.342075995824104, 29.85835095124213 ], [ -95.347202968458376, 29.860817471569689 ], [ -95.352110957382138, 29.858167349169783 ], [ -95.35189161153545, 29.853050772571418 ], [ -95.346764729157144, 29.850584465971025 ] ] ] } },
{ "type": "Feature", "properties": { "hex_id": "88446c302dfffff", "price_mean": 1.21, "price_median": 1.0, "n": 4, "top_restaurants": "ChIJibTcCty5QIYRwEjrFD9c5AQ|$10–20;;ChIJ_xHJGMW5QIYRjMfmos8mki4|$;;ChIJ4-sr7dy5QIYRCMaqcuMldfI|$10–20", "z_r": -0.29, "qtile": 0.0 }, "geometry": { "type": "Polygon", "coordinates": [ [ [ -95.336730747282772, 29.850767904308174 ], [ -95.331823195594964, 29.853417501590592 ], [ -95.332041636716795, 29.858533782826036 ], [ -95.337168081859147, 29.861000614543922 ], [ -95.342075995824104, 29.85835095124213 ], [ -95.341857102360095, 29.853234522256233 ], [ -95.336730747282772, 29.850767904308174 ] ] ] } },
{ "type": "Feature", "properties": { "hex_id": "88446c3035fffff", "price_mean": 1.5, "price_median": 1.5, "n": 2, "top_restaurants": "ChIJgyL6V_u3QIYRlTQsTfssPWU|None;;ChIJk9_CkOS3QIYRWn4x4xoP74E|None", "z_r": 0.0, "qtile": 1.0 }, "geometry": { "type": "Polygon", "coordinates": [ [ [ -95.35276911187843, 29.873516656777714 ], [ -95.347860473456947, 29.87616645216319 ], [ -95.348079680745954, 29.881282637958368 ], [ -95.353207979032135, 29.883749175890017 ], [ -95.358116979632925, 29.881099314440174 ], [ -95.357897319758791, 29.875982981137451 ], [ -95.35276911187843, 29.873516656777714 ] ] ] } },
{ "type": "Feature", "properties": { "hex_id": "88446c3037fffff", "price_mean": 3.4, "price_median": 3.4, "n": 1, "top_restaurants": "ChIJZzUD8J63QIYRFAVEEgYPl3o|$$", "z_r": 1.9, "qtile": 3.0 }, "geometry": { "type": "Polygon", "coordinates": [ [ [ -95.358116979632925, 29.881099314440174 ], [ -95.353207979032135, 29.883749175890017 ], [ -95.353427441863616, 29.888865329417211 ], [ -95.358556357952551, 29.891331768935512 ], [ -95.363465720699921, 29.888681841406282 ], [ -95.363245805202325, 29.883565540452548 ], [ -95.358116979632925, 29.881099314440174 ] ] ] } },
{ "type": "Feature", "properties": { "hex_id": "88446c3039fffff", "price_mean": 1.14, "price_median": 1.0, "n": 6, "top_restaurants": "ChIJu27aNAC3QIYRZ-DoeIKtkDI|$10–20;;ChIJ99Ho_JG3QIYRMTKnXZY5084|$1–10;;ChIJDXkDdVK3QIYRMc0AkMAysq8|None", "z_r": -0.36, "qtile": 0.0 }, "geometry": { "type": "Polygon", "coordinates": [ [ [ -95.367494601490975, 29.865565565869627 ], [ -95.362586175965973, 29.868216213588248 ], [ -95.362806032837952, 29.873332726463172 ], [ -95.367934767810439, 29.875798738946365 ], [ -95.372843555246106, 29.873148024987753 ], [ -95.3726232457892, 29.868031364800366 ], [ -95.367494601490975, 29.865565565869627 ] ] ] } },
{ "type": "Feature", "properties": { "hex_id": "88446c303bfffff", "price_mean": 1.9975, "price_median": 1.9975, "n": 1, "top_restaurants": "ChIJk8-Us5K3QIYRNHaMhcad1bs|$10–20", "z_r": 0.4975, "qtile": 2.0 }, "geometry": { "type": "Polygon", "coordinates": [ [ [ -95.372843555246106, 29.873148024987753 ], [ -95.367934767810439, 29.875798738946365 ], [ -95.368154880310101, 29.880915219618597 ], [ -95.373284232901867, 29.883381133578077 ], [ -95.378193382215372, 29.880730353364481 ], [ -95.377972817049866, 29.875613725460813 ], [ -95.372843555246106, 29.873148024987753 ] ] ] } },
{ "type": "Feature", "properties": { "hex_id": "88446c303dfffff", "price_mean": 1.0, "price_median": 1.0, "n": 2, "top_restaurants": "ChIJ5aJRhKW3QIYRBrMS5LG7vAw|None;;ChIJdZbYKAC3QIYRkvp66c6Pc0Y|None", "z_r": -0.5, "qtile": 0.0 }, "geometry": { "type": "Polygon", "coordinates": [ [ [ -95.357458058568838, 29.865750102823696 ], [ -95.352549707551034, 29.868400291353296 ], [ -95.35276911187843, 29.873516656777714 ], [ -95.357897319758791, 29.875982981137451 ], [ -95.362806032837952, 29.873332726463172 ], [ -95.362586175965973, 29.868216213588248 ], [ -95.357458058568838, 29.865750102823696 ] ] ] } },
{ "type": "Feature", "properties": { "hex_id": "88446c3041fffff", "price_mean": 2.1333333333333333, "price_median": 2.0, "n": 3, "top_restaurants": "ChIJ6cdgcV24QIYRdXNx4EoIVsk|$$;;ChIJfYoSbXvCQIYRT7El-WYjNTg|None;;ChIJ0YtmY124QIYRv7mt9O5tZXM|$", "z_r": 0.6333333333333333, "qtile": 3.0 }, "geometry": { "type": "Polygon", "coordinates": [ [ [ -95.370861474693839, 29.827095552499276 ], [ -95.365954635238609, 29.829747245352543 ], [ -95.366174571784427, 29.83486435856878 ], [ -95.371301800077461, 29.837329926249232 ], [ -95.376209001155289, 29.83467816694483 ], [ -95.375988612308063, 29.829560906425534 ], [ -95.370861474693839, 29.827095552499276 ] ] ] } },
{ "type": "Feature", "properties": { "hex_id": "88446c3043fffff", "price_mean": 1.28, "price_median": 1.0, "n": 3, "top_restaurants": "ChIJ3VODNWq4QIYRD3w9mS7cOLw|$10–20;;ChIJfVL61ge5QIYR4wh9KfZy66M|None;;ChIJ0xRKNmq4QIYRZ_IVnE3R_Co|None", "z_r": -0.22, "qtile": 0.0 }, "geometry": { "type": "Polygon", "coordinates": [ [ [ -95.376209001155289, 29.83467816694483 ], [ -95.371301800077461, 29.837329926249232 ], [ -95.371521992110331, 29.842447008156572 ], [ -95.376649837593817, 29.844912477996036 ], [ -95.3815574002614, 29.842260652225598 ], [ -95.381336755846334, 29.837143423096151 ], [ -95.376209001155289, 29.83467816694483 ] ] ] } },
{ "type": "Feature", "properties": { "hex_id": "88446c3045fffff", "price_mean": 1.35025, "price_median": 1.0, "n": 10, "top_restaurants": "ChIJs1BzNhy5QIYRq4Vg2aNryC8|$$;;ChIJkaGjp4i5QIYR8sUl1YNOse8|$10–20;;ChIJ1RQgSCW5QIYRTBY7KvtRyvY|$", "z_r": -0.14975, "qtile": 1.0 }, "geometry": { "type": "Polygon", "coordinates": [ [ [ -95.3608280240922, 29.827281580073368 ], [ -95.355921258994229, 29.829932814227853 ], [ -95.356140743278957, 29.835049780002944 ], [ -95.361267444913295, 29.83751565907912 ], [ -95.366174571784427, 29.83486435856878 ], [ -95.365954635238609, 29.829747245352543 ], [ -95.3608280240922, 29.827281580073368 ] ] ] } },
{ "type": "Feature", "properties": { "hex_id": "88446c3047fffff", "price_mean": 1.368, "price_median": 1.0, "n": 5, "top_restaurants": "ChIJbcT7DDC5QIYR7tYdS-tgiD8|None;;ChIJM9yGQka4QIYRsyXGM822VXw|$10–20;;ChIJZWxPXUa4QIYR8a-nvs6XIFQ|None", "z_r": -0.132, "qtile": 1.0 }, "geometry": { "type": "Polygon", "coordinates": [ [ [ -95.366174571784427, 29.83486435856878 ], [ -95.361267444913295, 29.83751565907912 ], [ -95.361487184604201, 29.842632593626252 ], [ -95.366614503498766, 29.845098375037669 ], [ -95.371521992110331, 29.842447008156572 ], [ -95.371301800077461, 29.837329926249232 ], [ -95.366174571784427, 29.83486435856878 ] ] ] } },
{ "type": "Feature", "properties": { "hex_id": "88446c3049fffff", "price_mean": 1.0, "price_median": 1.0, "n": 10, "top_restaurants": "ChIJ1WKcSma4QIYR42aReGwYCAU|$;;ChIJm32UTWa4QIYRVwmSU-E4PKE|$;;ChIJXRMy8km5QIYR8b7QFvoFsDo|$", "z_r": -0.5, "qtile": 0.0 }, "geometry": { "type": "Polygon", "coordinates": [ [ [ -95.375547893344773, 29.819326175801734 ], [ -95.370641341337887, 29.821978260817524 ], [ -95.370861474693839, 29.827095552499276 ], [ -95.375988612308063, 29.829560906425534 ], [ -95.380895525819724, 29.826908754878207 ], [ -95.380674940202965, 29.821791315950581 ], [ -95.375547893344773, 29.819326175801734 ] ] ] } },
{ "type": "Feature", "properties": { "hex_id": "88446c304bfffff", "price_mean": 1.631578947368421, "price_median": 1.0, "n": 19, "top_restaurants": "ChIJx8_fALu5QIYRkbAVch_sz2g|$$;;ChIJ0ypQuA7BQIYRUjjvquyx3Cs|$$;;ChIJc9rwb2W4QIYR1aXuMlTo95w|$$", "z_r": 0.13157894736842102, "qtile": 1.0 }, "geometry": { "type": "Polygon", "coordinates": [ [ [ -95.380895525819724, 29.826908754878207 ], [ -95.375988612308063, 29.829560906425534 ], [ -95.376209001155289, 29.83467816694483 ], [ -95.381336755846334, 29.837143423096151 ], [ -95.3862440308299, 29.834491205002436 ], [ -95.386023189641108, 29.829373797318205 ], [ -95.380895525819724, 29.826908754878207 ] ] ] } },
{ "type": "Feature", "properties": { "hex_id": "88446c304dfffff", "price_mean": 1.0, "price_median": 1.0, "n": 3, "top_restaurants": "ChIJeaQtCle4QIYRXLoM_yirJkI|$;;ChIJDeXlYVC4QIYRoLBSfrli5OU|$;;ChIJNcxDhVy4QIYRti71agxe614|$", "z_r": -0.5, "qtile": 0.0 }, "geometry": { "type": "Polygon", "coordinates": [ [ [ -95.365514820756673, 29.819512809358606 ], [ -95.360608342956795, 29.822164435775605 ], [ -95.3608280240922, 29.827281580073368 ], [ -95.365954635238609, 29.829747245352543 ], [ -95.370861474693839, 29.827095552499276 ], [ -95.370641341337887, 29.821978260817524 ], [ -95.365514820756673, 29.819512809358606 ] ] ] } },
{ "type": "Feature", "properties": { "hex_id": "88446c3051fffff", "price_mean": 1.1, "price_median": 1.0, "n": 10, "top_restaurants": "ChIJIbIKHPbHQIYReaTtIgJ2JS8|None;;ChIJe04ITAq4QIYRe5AoxvU7zEM|$;;ChIJFYP5Agq4QIYRj_NkEjHQbis|$", "z_r": -0.4, "qtile": 0.0 }, "geometry": { "type": "Polygon", "coordinates": [ [ [ -95.391593408495609, 29.842073525704695 ], [ -95.386685772073037, 29.844725810359712 ], [ -95.386906672132611, 29.849843007871915 ], [ -95.392035661108551, 29.852308067746499 ], [ -95.39694365893719, 29.849655716515286 ], [ -95.396722306374443, 29.844538372000123 ], [ -95.391593408495609, 29.842073525704695 ] ] ] } },
{ "type": "Feature", "properties": { "hex_id": "88446c3053fffff", "price_mean": 1.6, "price_median": 1.0, "n": 4, "top_restaurants": "ChIJHV9QhPfHQIYRyo3_ibwbXv4|$$;;ChIJCW0UIvrHQIYRcfGqP7kFghQ|$;;ChIJkTycbQzHQIYR6sJB-7Plllo|None", "z_r": 0.1, "qtile": 1.0 }, "geometry": { "type": "Polygon", "coordinates": [ [ [ -95.39694365893719, 29.849655716515286 ], [ -95.392035661108551, 29.852308067746499 ], [ -95.392256816889258, 29.857425233414048 ], [ -95.3973864230732, 29.859890194786786 ], [ -95.402294782274879, 29.85723777696445 ], [ -95.402073173910225, 29.852120464374945 ], [ -95.39694365893719, 29.849655716515286 ] ] ] } },
{ "type": "Feature", "properties": { "hex_id": "88446c3055fffff", "price_mean": 1.4109090909090909, "price_median": 1.0, "n": 22, "top_restaurants": "ChIJl0sS6A25QIYROiRKtDxc5hU|$$;;ChIJtVmE7RC4QIYROtGngVslUuU|$$;;ChIJxevNIBC4QIYRX6W5X98pEw8|$$", "z_r": -0.089090909090909109, "qtile": 1.0 }, "geometry": { "type": "Polygon", "coordinates": [ [ [ -95.3815574002614, 29.842260652225598 ], [ -95.376649837593817, 29.844912477996036 ], [ -95.37687028519035, 29.850029528367116 ], [ -95.381998747908114, 29.852494900123308 ], [ -95.386906672132611, 29.849843007871915 ], [ -95.386685772073037, 29.844725810359712 ], [ -95.3815574002614, 29.842260652225598 ] ] ] } },
{ "type": "Feature", "properties": { "hex_id": "88446c3057fffff", "price_mean": 1.405, "price_median": 1.0, "n": 8, "top_restaurants": "ChIJG6hTbQW4QIYRRc73rvkOMMU|$$;;ChIJfQQAZQC5QIYRLce-mCw2Uhw|$10–20;;ChIJBSuwEz-5QIYRzSswsHKoD2o|None", "z_r": -0.095, "qtile": 1.0 }, "geometry": { "type": "Polygon", "coordinates": [ [ [ -95.386906672132611, 29.849843007871915 ], [ -95.381998747908114, 29.852494900123308 ], [ -95.382219451144962, 29.857611918730719 ], [ -95.387348531140788, 29.86007719216132 ], [ -95.392256816889258, 29.857425233414048 ], [ -95.392035661108551, 29.852308067746499 ], [ -95.386906672132611, 29.849843007871915 ] ] ] } },
{ "type": "Feature", "properties": { "hex_id": "88446c305bfffff", "price_mean": 1.72, "price_median": 1.0, "n": 7, "top_restaurants": "ChIJS6Kw9LHHQIYRxbjjottHtdo|$20–30;;ChIJcQGQ8PHHQIYRdmv2-4RYmVo|$$;;ChIJddkx-4THQIYROUDc7eteNJ8|None", "z_r": 0.22, "qtile": 1.0 }, "geometry": { "type": "Polygon", "coordinates": [ [ [ -95.401630016250849, 29.841885628465398 ], [ -95.396722306374443, 29.844538372000123 ], [ -95.39694365893719, 29.849655716515286 ], [ -95.402073173910225, 29.852120464374945 ], [ -95.406981245041749, 29.849467654168787 ], [ -95.406759439935783, 29.844350162788857 ], [ -95.401630016250849, 29.841885628465398 ] ] ] } },
{ "type": "Feature", "properties": { "hex_id": "88446c305dfffff", "price_mean": 1.1575, "price_median": 1.0, "n": 7, "top_restaurants": "ChIJVcCHcHK4QIYRRG4FMRw2vKI|$10–20;;ChIJWRyje-G5QIYRZvPhjEdaopY|$;;ChIJH4yXZnK4QIYRF1zS05ymKoE|$", "z_r": -0.3425, "qtile": 0.0 }, "geometry": { "type": "Polygon", "coordinates": [ [ [ -95.3862440308299, 29.834491205002436 ], [ -95.381336755846334, 29.837143423096151 ], [ -95.3815574002614, 29.842260652225598 ], [ -95.386685772073037, 29.844725810359712 ], [ -95.391593408495609, 29.842073525704695 ], [ -95.391372311658145, 29.836956149491293 ], [ -95.3862440308299, 29.834491205002436 ] ] ] } },
{ "type": "Feature", "properties": { "hex_id": "88446c3061fffff", "price_mean": 1.0763636363636364, "price_median": 1.0, "n": 11, "top_restaurants": "ChIJt-lXV0m5QIYRJaQ9DBMAjGs|$10–20;;ChIJ-xNIRBi5QIYR92TK4PoDs9M|None;;ChIJCUincbe5QIYRfKKGcMPoPY8|None", "z_r": -0.42363636363636359, "qtile": 0.0 }, "geometry": { "type": "Polygon", "coordinates": [ [ [ -95.346107516200277, 29.835234431376129 ], [ -95.341200538645182, 29.837884814284472 ], [ -95.341419373773221, 29.843001453697021 ], [ -95.346545638708122, 29.845467857851922 ], [ -95.351452978304692, 29.84281740876342 ], [ -95.351233690915421, 29.837700621714571 ], [ -95.346107516200277, 29.835234431376129 ] ] ] } },
{ "type": "Feature", "properties": { "hex_id": "88446c3063fffff", "price_mean": 1.3333333333333333, "price_median": 1.0, "n": 3, "top_restaurants": "ChIJR1zhg8u5QIYRQmyBbVKlDOY|None;;ChIJZUUUmc65QIYRYcSqoGt1_TQ|None;;ChIJKQoaZVy5QIYRmRkiJws12kw|None", "z_r": -0.16666666666666674, "qtile": 0.0 }, "geometry": { "type": "Polygon", "coordinates": [ [ [ -95.351452978304692, 29.84281740876342 ], [ -95.346545638708122, 29.845467857851922 ], [ -95.346764729157144, 29.850584465971025 ], [ -95.35189161153545, 29.853050772571418 ], [ -95.356799313140854, 29.850400257287827 ], [ -95.356579770349683, 29.845283501613338 ], [ -95.351452978304692, 29.84281740876342 ] ] ] } },
{ "type": "Feature", "properties": { "hex_id": "88446c3065fffff", "price_mean": 1.6, "price_median": 1.0, "n": 4, "top_restaurants": "ChIJN8m8Kbm5QIYRJ9cR3hc6XJg|$$;;ChIJ8_8Ev7m5QIYR81S-mwnZLUc|None;;ChIJn_X2LL65QIYRc0hgeiXqzbg|$", "z_r": 0.1, "qtile": 1.0 }, "geometry": { "type": "Polygon", "coordinates": [ [ [ -95.336074891109618, 29.835418312817286 ], [ -95.331167988663694, 29.838068236917898 ], [ -95.331386371571, 29.843184728556139 ], [ -95.336512109135455, 29.84565144388246 ], [ -95.341419373773221, 29.843001453697021 ], [ -95.341200538645182, 29.837884814284472 ], [ -95.336074891109618, 29.835418312817286 ] ] ] } },
{ "type": "Feature", "properties": { "hex_id": "88446c3067fffff", "price_mean": 1.0, "price_median": 1.0, "n": 11, "top_restaurants": "ChIJ9bDc0sW5QIYRf4yIOsocHDw|None;;ChIJFT2lH8a5QIYRilDiKzIBefA|$;;ChIJZQqNLcO5QIYRZvkv0selK-c|None", "z_r": -0.5, "qtile": 0.0 }, "geometry": { "type": "Polygon", "coordinates": [ [ [ -95.341419373773221, 29.843001453697021 ], [ -95.336512109135455, 29.84565144388246 ], [ -95.336730747282772, 29.850767904308174 ], [ -95.341857102360095, 29.853234522256233 ], [ -95.346764729157144, 29.850584465971025 ], [ -95.346545638708122, 29.845467857851922 ], [ -95.341419373773221, 29.843001453697021 ] ] ] } },
{ "type": "Feature", "properties": { "hex_id": "88446c306bfffff", "price_mean": 1.0, "price_median": 1.0, "n": 2, "top_restaurants": "ChIJUaAqwCe5QIYRYGWOQDMBssU|None;;ChIJV6lz1v65QIYRJ_rGsmauV_g|None", "z_r": -0.5, "qtile": 0.0 }, "geometry": { "type": "Polygon", "coordinates": [ [ [ -95.356140743278957, 29.835049780002944 ], [ -95.351233690915421, 29.837700621714571 ], [ -95.351452978304692, 29.84281740876342 ], [ -95.356579770349683, 29.845283501613338 ], [ -95.361487184604201, 29.842632593626252 ], [ -95.361267444913295, 29.83751565907912 ], [ -95.356140743278957, 29.835049780002944 ] ] ] } },
{ "type": "Feature", "properties": { "hex_id": "88446c306dfffff", "price_mean": 1.8, "price_median": 1.0, "n": 3, "top_restaurants": "ChIJDcGvkLC5QIYRBdd7WVZ6H4g|$$;;ChIJNb8FUPa5QIYRR6gKAUw8QbM|None;;ChIJ7wIrewC5QIYRhJH76yRCk8Y|None", "z_r": 0.3, "qtile": 2.0 }, "geometry": { "type": "Polygon", "coordinates": [ [ [ -95.340762926707001, 29.82765132559549 ], [ -95.335856311225939, 29.830301642338597 ], [ -95.336074891109618, 29.835418312817286 ], [ -95.341200538645182, 29.837884814284472 ], [ -95.346107516200277, 29.835234431376129 ], [ -95.34588848413631, 29.830117613180224 ], [ -95.340762926707001, 29.82765132559549 ] ] ] } },
{ "type": "Feature", "properties": { "hex_id": "88446c3083fffff", "price_mean": 1.4215, "price_median": 1.0, "n": 15, "top_restaurants": "ChIJu68Yb6nJQIYRLv2d8hzsvzk|€€;;ChIJm_RWts_JQIYRnTagnPldahE|$10–20;;ChIJu_emys_JQIYRaLyMm8xN6eE|$10–20", "z_r": -0.0785, "qtile": 1.0 }, "geometry": { "type": "Polygon", "coordinates": [ [ [ -95.409644444428181, 29.910872049471337 ], [ -95.40473377463249, 29.913523554611469 ], [ -95.404955619491901, 29.918640017686041 ], [ -95.410088587248097, 29.92110512232269 ], [ -95.414999618605478, 29.918453550756997 ], [ -95.414777320635594, 29.913336940994693 ], [ -95.409644444428181, 29.910872049471337 ] ] ] } },
{ "type": "Feature", "properties": { "hex_id": "88446c3089fffff", "price_mean": 1.1415384615384616, "price_median": 1.0, "n": 13, "top_restaurants": "ChIJG9wXbjfIQIYRXdeKIeWfqkk|None;;ChIJm94cXjfIQIYR2M1WrL5IREg|$10–20;;ChIJGUXaR2DJQIYRppeO7GrKBEg|€", "z_r": -0.35846153846153839, "qtile": 0.0 }, "geometry": { "type": "Polygon", "coordinates": [ [ [ -95.408978378251376, 29.895521906404248 ], [ -95.404068358377671, 29.898173738299448 ], [ -95.40429014407799, 29.90329041483783 ], [ -95.409422402631449, 29.905755406207295 ], [ -95.414332783981891, 29.903103507821445 ], [ -95.414110545292786, 29.89798668457124 ], [ -95.408978378251376, 29.895521906404248 ] ] ] } },
{ "type": "Feature", "properties": { "hex_id": "88446c308bfffff", "price_mean": 1.92, "price_median": 1.92, "n": 2, "top_restaurants": "ChIJ2biCKuLJQIYRtOCPjrJeBt0|None;;ChIJ3crT1CjJQIYRWWFS6Gr_g6I|$10–20", "z_r": 0.42, "qtile": 2.0 }, "geometry": { "type": "Polygon", "coordinates": [ [ [ -95.414332783981891, 29.903103507821445 ], [ -95.409422402631449, 29.905755406207295 ], [ -95.409644444428181, 29.910872049471337 ], [ -95.414777320635594, 29.913336940994693 ], [ -95.419688063429589, 29.910684976103134 ], [ -95.419465568563254, 29.905568186208402 ], [ -95.414332783981891, 29.903103507821445 ] ] ] } },
{ "type": "Feature", "properties": { "hex_id": "88446c3095fffff", "price_mean": 2.0551315789473685, "price_median": 1.2210526315789472, "n": 16, "top_restaurants": "ChIJV2lCVMbJQIYRh07Ruejt_CE|€€;;ChIJW9YUOsbJQIYREI7SZi5G_NY|€€;;ChIJlQ1o_8bJQIYRRUjoWtRWVI0|€€", "z_r": 0.55513157894736853, "qtile": 2.0 }, "geometry": { "type": "Polygon", "coordinates": [ [ [ -95.414999618605478, 29.918453550756997 ], [ -95.410088587248097, 29.92110512232269 ], [ -95.410310688276553, 29.9262215517493 ], [ -95.415444273844358, 29.928686556231252 ], [ -95.420355666730217, 29.926034918224897 ], [ -95.420133112510442, 29.92091834219173 ], [ -95.414999618605478, 29.918453550756997 ] ] ] } },
{ "type": "Feature", "properties": { "hex_id": "88446c30b1fffff", "price_mean": 1.2470588235294118, "price_median": 1.0, "n": 17, "top_restaurants": "ChIJ4fOpod3JQIYRYPZ1nVXynZg|$10–20;;ChIJSw5v2BPLQIYRttm9LMcujDc|$10–20;;ChIJd9icXFbJQIYR7O-aM0Ulkp8|$10–20", "z_r": -0.25294117647058822, "qtile": 0.0 }, "geometry": { "type": "Polygon", "coordinates": [ [ [ -95.400266309160472, 29.926407412082174 ], [ -95.39535506257144, 29.929058130190494 ], [ -95.395576513421389, 29.934174232276437 ], [ -95.400709664043163, 29.936639763070282 ], [ -95.405621272430238, 29.933988978696696 ], [ -95.405399368388146, 29.92887272980899 ], [ -95.400266309160472, 29.926407412082174 ] ] ] } },
{ "type": "Feature", "properties": { "hex_id": "88446c30b3fffff", "price_mean": 1.7140056818181819, "price_median": 1.0, "n": 6, "top_restaurants": "ChIJeUUmeuXJQIYR40tyGZraDhE|$20–30;;ChIJ8SLYLu7JQIYRFtapCfqBkow|€€;;ChIJoSFZYu7JQIYR7GqymlMOP6Y|€", "z_r": 0.21400568181818191, "qtile": 1.0 }, "geometry": { "type": "Polygon", "coordinates": [ [ [ -95.405621272430238, 29.933988978696696 ], [ -95.400709664043163, 29.936639763070282 ], [ -95.400931371053943, 29.941755831215914 ], [ -95.40606513971548, 29.944221261722966 ], [ -95.410977109867417, 29.941570411068927 ], [ -95.410754949583577, 29.936454196202746 ], [ -95.405621272430238, 29.933988978696696 ] ] ] } },
{ "type": "Feature", "properties": { "hex_id": "88446c30b5fffff", "price_mean": 1.84, "price_median": 1.84, "n": 1, "top_restaurants": "ChIJEe2MNzK3QIYR4zH1_nkjpLU|$10–20", "z_r": 0.34, "qtile": 2.0 }, "geometry": { "type": "Polygon", "coordinates": [ [ [ -95.390222529945703, 29.92659249935236 ], [ -95.385311356957857, 29.929242757504721 ], [ -95.385532354655837, 29.934358712650752 ], [ -95.390664978484281, 29.936824556598786 ], [ -95.395576513421389, 29.934174232276437 ], [ -95.39535506257144, 29.929058130190494 ], [ -95.390222529945703, 29.92659249935236 ] ] ] } },
{ "type": "Feature", "properties": { "hex_id": "88446c30b7fffff", "price_mean": 1.445, "price_median": 1.0, "n": 12, "top_restaurants": "ChIJ8eq3npy3QIYRKMJOBNeOYBk|$$;;ChIJ2y755x22QIYRemdeCbZhdmM|$10–20;;ChIJYy8Udg_JQIYRtoyNOhSYPwk|$10–20", "z_r": -0.055, "qtile": 1.0 }, "geometry": { "type": "Polygon", "coordinates": [ [ [ -95.395576513421389, 29.934174232276437 ], [ -95.390664978484281, 29.936824556598786 ], [ -95.390886232262105, 29.941940477885694 ], [ -95.396019474200614, 29.944406221723419 ], [ -95.400931371053943, 29.941755831215914 ], [ -95.400709664043163, 29.936639763070282 ], [ -95.395576513421389, 29.934174232276437 ] ] ] } },
{ "type": "Feature", "properties": { "hex_id": "88446c30b9fffff", "price_mean": 1.3444705882352941, "price_median": 1.0, "n": 15, "top_restaurants": "ChIJ66cIh8XJQIYRkXCpnQ6L44s|$$;;ChIJc4kj5ODJQIYR6-Gx0PPAmqg|$10–20;;ChIJgc9pkcXJQIYR3E79kSEzkCs|$10–20", "z_r": -0.15552941176470592, "qtile": 0.0 }, "geometry": { "type": "Polygon", "coordinates": [ [ [ -95.404955619491901, 29.918640017686041 ], [ -95.400044661283331, 29.92129112940032 ], [ -95.400266309160472, 29.926407412082174 ], [ -95.405399368388146, 29.92887272980899 ], [ -95.410310688276553, 29.9262215517493 ], [ -95.410088587248097, 29.92110512232269 ], [ -95.404955619491901, 29.918640017686041 ] ] ] } },
{ "type": "Feature", "properties": { "hex_id": "88446c30bbfffff", "price_mean": 1.7977777777777777, "price_median": 1.42, "n": 18, "top_restaurants": "ChIJ8UgCiLfJQIYRp7auRmkOGtE|$20–30;;ChIJaeAYAcHJQIYRsAKyE8Ix-9U|$$;;ChIJF6-dB0TJQIYRiBrPxm_3VPM|$$", "z_r": 0.2977777777777777, "qtile": 2.0 }, "geometry": { "type": "Polygon", "coordinates": [ [ [ -95.410310688276553, 29.9262215517493 ], [ -95.405399368388146, 29.92887272980899 ], [ -95.405621272430238, 29.933988978696696 ], [ -95.410754949583577, 29.936454196202746 ], [ -95.415666631118654, 29.933802951782525 ], [ -95.415444273844358, 29.928686556231252 ], [ -95.410310688276553, 29.9262215517493 ] ] ] } },
{ "type": "Feature", "properties": { "hex_id": "88446c30c1fffff", "price_mean": 1.6, "price_median": 1.0, "n": 4, "top_restaurants": "ChIJaeAn9jHJQIYROR7tlntxo-w|$$;;ChIJK2slMzzIQIYRUmaA3xtC0ZA|$;;ChIJOxOARgDJQIYR9QYStSZQu3s|None", "z_r": 0.1, "qtile": 1.0 }, "geometry": { "type": "Polygon", "coordinates": [ [ [ -95.408312489675254, 29.880171124717812 ], [ -95.403403119552863, 29.882823283042509 ], [ -95.403624846117722, 29.887940172321425 ], [ -95.408756395662763, 29.890405050025976 ], [ -95.413666127176953, 29.887752825145476 ], [ -95.41344394774498, 29.882635789130696 ], [ -95.408312489675254, 29.880171124717812 ] ] ] } },
{ "type": "Feature", "properties": { "hex_id": "88446c30c3fffff", "price_mean": 1.0, "price_median": 1.0, "n": 2, "top_restaurants": "ChIJ0c029j7IQIYRRwAa5BC0utQ|None;;ChIJS1Vf_UDJQIYREoJnJsOMPVw|None", "z_r": -0.5, "qtile": 0.0 }, "geometry": { "type": "Polygon", "coordinates": [ [ [ -95.413666127176953, 29.887752825145476 ], [ -95.408756395662763, 29.890405050025976 ], [ -95.408978378251376, 29.895521906404248 ], [ -95.414110545292786, 29.89798668457124 ], [ -95.419020638165634, 29.895334393119921 ], [ -95.418798202629091, 29.890217390086892 ], [ -95.413666127176953, 29.887752825145476 ] ] ] } },
{ "type": "Feature", "properties": { "hex_id": "88446c30c9fffff", "price_mean": 1.15, "price_median": 1.15, "n": 2, "top_restaurants": "ChIJrSdLkBLIQIYRa9bs0yAbv-g|$$;;ChIJ70VQIV_JQIYRpWXA5nKKQIc|None", "z_r": -0.35, "qtile": 0.0 }, "geometry": { "type": "Polygon", "coordinates": [ [ [ -95.412999648119737, 29.872401504899255 ], [ -95.408090566271127, 29.875054055948702 ], [ -95.408312489675254, 29.880171124717812 ], [ -95.41344394774498, 29.882635789130696 ], [ -95.418353390867352, 29.879983171445232 ], [ -95.418131014636927, 29.874865955997361 ], [ -95.412999648119737, 29.872401504899255 ] ] ] } },
{ "type": "Feature", "properties": { "hex_id": "88446c30cbfffff", "price_mean": 1.0, "price_median": 1.0, "n": 1, "top_restaurants": "ChIJdSGi17jJQIYRdXvwcGs02B4|None", "z_r": -0.5, "qtile": 0.0 }, "geometry": { "type": "Polygon", "coordinates": [ [ [ -95.418353390867352, 29.879983171445232 ], [ -95.41344394774498, 29.882635789130696 ], [ -95.413666127176953, 29.887752825145476 ], [ -95.418798202629091, 29.890217390086892 ], [ -95.423708006992044, 29.887564705750407 ], [ -95.423485374652969, 29.882447523137991 ], [ -95.418353390867352, 29.879983171445232 ] ] ] } },
{ "type": "Feature", "properties": { "hex_id": "88446c30cdfffff", "price_mean": 1.0, "price_median": 1.0, "n": 1, "top_restaurants": "ChIJ1wYu83e5QIYRFLUyhomRjA4|None", "z_r": -0.5, "qtile": 0.0 }, "geometry": { "type": "Polygon", "coordinates": [ [ [ -95.402959725540256, 29.872589292306806 ], [ -95.398050716842803, 29.875241384090707 ], [ -95.39827218746062, 29.880358306042847 ], [ -95.403403119552863, 29.882823283042509 ], [ -95.408312489675254, 29.880171124717812 ], [ -95.408090566271127, 29.875054055948702 ], [ -95.402959725540256, 29.872589292306806 ] ] ] } },
{ "type": "Feature", "properties": { "hex_id": "88446c30d1fffff", "price_mean": 1.105, "price_median": 1.0, "n": 8, "top_restaurants": "ChIJdQdE3bXJQIYRGbHNfOaHg3Q|$10–20;;ChIJAdTNmVDIQIYRDCsO2OZjg7U|$;;ChIJb_SYd1fIQIYRHdOUpiDZFSE|$", "z_r": -0.395, "qtile": 0.0 }, "geometry": { "type": "Polygon", "coordinates": [ [ [ -95.429063496613949, 29.895146107344868 ], [ -95.424153331043684, 29.897798858347404 ], [ -95.424376022761535, 29.902915828171214 ], [ -95.429509333108982, 29.905380193442294 ], [ -95.434419859853264, 29.902727375758673 ], [ -95.434196715066776, 29.897610259499537 ], [ -95.429063496613949, 29.895146107344868 ] ] ] } },
{ "type": "Feature", "properties": { "hex_id": "88446c30ddfffff", "price_mean": 1.0, "price_median": 1.0, "n": 3, "top_restaurants": "ChIJpVeG0ZHJQIYRMe2W26kC7_Y|$1–10;;ChIJw0_mO3PJQIYR_PbKWFI1PN0|None;;ChIJxdGEH_jJQIYRGA-QO7SlwBM|None", "z_r": -0.5, "qtile": 0.0 }, "geometry": { "type": "Polygon", "coordinates": [ [ [ -95.423708006992044, 29.887564705750407 ], [ -95.418798202629091, 29.890217390086892 ], [ -95.419020638165634, 29.895334393119921 ], [ -95.424153331043684, 29.897798858347404 ], [ -95.429063496613949, 29.895146107344868 ], [ -95.42884060808953, 29.890028957795355 ], [ -95.423708006992044, 29.887564705750407 ] ] ] } },
{ "type": "Feature", "properties": { "hex_id": "88446c3101fffff", "price_mean": 1.0, "price_median": 1.0, "n": 4, "top_restaurants": "ChIJC09cmxq6QIYR_yt1lTESSWA|$;;ChIJTTEMkhq6QIYRf2vlNLvXTnk|$;;ChIJI0bahhq6QIYRM7Bm6dJy8Ms|$", "z_r": -0.5, "qtile": 0.0 }, "geometry": { "type": "Polygon", "coordinates": [ [ [ -95.296600852099857, 29.851493956782953 ], [ -95.29169360385643, 29.854141718012091 ], [ -95.291910236016093, 29.859257406866593 ], [ -95.297034568589027, 29.861725482808357 ], [ -95.301942179710394, 29.859077655941377 ], [ -95.30172509537131, 29.85396181878485 ], [ -95.296600852099857, 29.851493956782953 ] ] ] } },
{ "type": "Feature", "properties": { "hex_id": "88446c3109fffff", "price_mean": 1.68, "price_median": 1.0, "n": 5, "top_restaurants": "ChIJATxAITK7QIYRST34tbYImNI|$$;;ChIJT3NYmAK7QIYRvyODqJn-qII|None;;ChIJ1xT5ERm6QIYRseeERbF6srw|$", "z_r": 0.18, "qtile": 1.0 }, "geometry": { "type": "Polygon", "coordinates": [ [ [ -95.301290984548643, 29.843729933979859 ], [ -95.296384022753301, 29.846378088510171 ], [ -95.296600852099857, 29.851493956782953 ], [ -95.30172509537131, 29.85396181878485 ], [ -95.306632419926814, 29.851313598536265 ], [ -95.306415138441139, 29.84619758201843 ], [ -95.301290984548643, 29.843729933979859 ] ] ] } },
{ "type": "Feature", "properties": { "hex_id": "88446c3111fffff", "price_mean": 1.0, "price_median": 1.0, "n": 2, "top_restaurants": "ChIJ0083dgC3QIYR1iVk-WhGVkg|$1–10;;ChIJlWpiBi63QIYRHQ6iXvxStGw|None", "z_r": -0.5, "qtile": 0.0 }, "geometry": { "type": "Polygon", "coordinates": [ [ [ -95.317317909186301, 29.866480543039909 ], [ -95.312409859207335, 29.869128894769979 ], [ -95.312627453761507, 29.874244669012459 ], [ -95.31775355066749, 29.876712239541643 ], [ -95.322661963309628, 29.874063822048342 ], [ -95.322443916373089, 29.868947899803469 ], [ -95.317317909186301, 29.866480543039909 ] ] ] } },
{ "type": "Feature", "properties": { "hex_id": "88446c311dfffff", "price_mean": 2.2, "price_median": 2.2, "n": 2, "top_restaurants": "ChIJS_y541K5QIYREIXgFeKxa2k|$$;;ChIJwc5tTei5QIYRtJEj0X6Qh44|None", "z_r": 0.7, "qtile": 3.0 }, "geometry": { "type": "Polygon", "coordinates": [ [ [ -95.311974728099031, 29.858897135046082 ], [ -95.307067040815625, 29.861545421027905 ], [ -95.307284380223905, 29.866661226841011 ], [ -95.312409859207335, 29.869128894769979 ], [ -95.317317909186301, 29.866480543039909 ], [ -95.317100117476727, 29.861364589143498 ], [ -95.311974728099031, 29.858897135046082 ] ] ] } },
{ "type": "Feature", "properties": { "hex_id": "88446c3123fffff", "price_mean": 1.42, "price_median": 1.42, "n": 2, "top_restaurants": "ChIJnxIwvI6xQIYR9FljiGp5rGE|$10–20;;ChIJP09XRAyxQIYRLG3U9eNhTQY|$", "z_r": -0.08, "qtile": 1.0 }, "geometry": { "type": "Polygon", "coordinates": [ [ [ -95.277187422430316, 29.867198657313388 ], [ -95.272279678303008, 29.86984517217898 ], [ -95.272495463735751, 29.874960353033547 ], [ -95.277619445505167, 29.877429167590535 ], [ -95.282527552895971, 29.874782587343411 ], [ -95.282311315244257, 29.869667257935198 ], [ -95.277187422430316, 29.867198657313388 ] ] ] } },
{ "type": "Feature", "properties": { "hex_id": "88446c3125fffff", "price_mean": 2.0, "price_median": 2.0, "n": 1, "top_restaurants": "ChIJ-ztaTwC7QIYRlgpfDQvzLS0|None", "z_r": 0.5, "qtile": 2.0 }, "geometry": { "type": "Polygon", "coordinates": [ [ [ -95.261818038701847, 29.859792041122063 ], [ -95.256910735234243, 29.862438031491106 ], [ -95.257125813749141, 29.86755309482059 ], [ -95.262248647818666, 29.870022316567582 ], [ -95.267156314731565, 29.867376260927539 ], [ -95.26694078412001, 29.862261048825843 ], [ -95.261818038701847, 29.859792041122063 ] ] ] } },
{ "type": "Feature", "properties": { "hex_id": "88446c3127fffff", "price_mean": 1.0, "price_median": 1.0, "n": 1, "top_restaurants": "ChIJeVxWzn6wQIYR6Rj37Jr0ltc|None", "z_r": -0.5, "qtile": 0.0 }, "geometry": { "type": "Polygon", "coordinates": [ [ [ -95.267156314731565, 29.867376260927539 ], [ -95.262248647818666, 29.870022316567582 ], [ -95.262463981073481, 29.875137348730775 ], [ -95.267587433409517, 29.877606473959634 ], [ -95.272495463735751, 29.874960353033547 ], [ -95.272279678303008, 29.86984517217898 ], [ -95.267156314731565, 29.867376260927539 ] ] ] } },
{ "type": "Feature", "properties": { "hex_id": "88446c3129fffff", "price_mean": 1.0, "price_median": 1.0, "n": 1, "top_restaurants": "ChIJZ65Mf2itQIYRP_sZT52sjAg|None", "z_r": -0.5, "qtile": 0.0 }, "geometry": { "type": "Polygon", "coordinates": [ [ [ -95.276539531745925, 29.85185236431111 ], [ -95.271632437028202, 29.85449920748967 ], [ -95.271848164951777, 29.859614599326733 ], [ -95.276971439681006, 29.862083296577183 ], [ -95.281878897576505, 29.859436387951671 ], [ -95.281662717555378, 29.854320847537007 ], [ -95.276539531745925, 29.85185236431111 ] ] ] } },
{ "type": "Feature", "properties": { "hex_id": "88446c3131fffff", "price_mean": 1.0, "price_median": 1.0, "n": 1, "top_restaurants": "ChIJVfVzs6SwQIYRfhfus9Io6nA|None", "z_r": -0.5, "qtile": 0.0 }, "geometry": { "type": "Polygon", "coordinates": [ [ [ -95.292560247993947, 29.874604051529989 ], [ -95.287652063839218, 29.877251091094433 ], [ -95.287868556470073, 29.88236638894756 ], [ -95.292993685587206, 29.884834795585611 ], [ -95.297902232823333, 29.88218769052914 ], [ -95.297685287851351, 29.877072244341011 ], [ -95.292560247993947, 29.874604051529989 ] ] ] } },
{ "type": "Feature", "properties": { "hex_id": "88446c3133fffff", "price_mean": 1.8914285714285715, "price_median": 2.0, "n": 7, "top_restaurants": "ChIJJ1jvxLewQIYRNzJR6N7X23U|$$;;ChIJy9NkMIuxQIYRSqVn6nsFgnk|None;;ChIJbaNXVQCxQIYRGDxV_0VibMw|None", "z_r": 0.39142857142857146, "qtile": 2.0 }, "geometry": { "type": "Polygon", "coordinates": [ [ [ -95.297902232823333, 29.88218769052914 ], [ -95.292993685587206, 29.884834795585611 ], [ -95.293210433273913, 29.889950061656499 ], [ -95.298336180609482, 29.892418370939396 ], [ -95.303245090894734, 29.889771200375836 ], [ -95.303027890785728, 29.884655786050853 ], [ -95.297902232823333, 29.88218769052914 ] ] ] } },
{ "type": "Feature", "properties": { "hex_id": "88446c3137fffff", "price_mean": 1.0, "price_median": 1.0, "n": 1, "top_restaurants": "ChIJ8YDXdIuxQIYRe2cJab5SeSg|None", "z_r": -0.5, "qtile": 0.0 }, "geometry": { "type": "Polygon", "coordinates": [ [ [ -95.287868556470073, 29.88236638894756 ], [ -95.282960085847876, 29.885013034591246 ], [ -95.283176381153169, 29.89012815227024 ], [ -95.288301599452481, 29.892596772711819 ], [ -95.293210433273913, 29.889950061656499 ], [ -95.292993685587206, 29.884834795585611 ], [ -95.287868556470073, 29.88236638894756 ] ] ] } },
{ "type": "Feature", "properties": { "hex_id": "88446c3139fffff", "price_mean": 1.42, "price_median": 1.42, "n": 2, "top_restaurants": "ChIJi9tCjy6xQIYR0joFdRxJw7o|$10–20;;ChIJCb926oOxQIYRTBolV2nRY7o|None", "z_r": -0.08, "qtile": 1.0 }, "geometry": { "type": "Polygon", "coordinates": [ [ [ -95.297251455736756, 29.866841140400304 ], [ -95.292343558082294, 29.869488573705869 ], [ -95.292560247993947, 29.874604051529989 ], [ -95.297685287851351, 29.877072244341011 ], [ -95.302593548469346, 29.874424745463031 ], [ -95.30237640625684, 29.869309119360814 ], [ -95.297251455736756, 29.866841140400304 ] ] ] } },
{ "type": "Feature", "properties": { "hex_id": "88446c313bfffff", "price_mean": 1.8, "price_median": 1.0, "n": 3, "top_restaurants": "ChIJcT-sma-wQIYRbFA_SC5zEOM|$$;;ChIJ5WF-Zq-wQIYRPF4qJVexzPY|$;;ChIJRRfDn6-wQIYRPQLnoIDmByM|$", "z_r": 0.3, "qtile": 2.0 }, "geometry": { "type": "Polygon", "coordinates": [ [ [ -95.302593548469346, 29.874424745463031 ], [ -95.297685287851351, 29.877072244341011 ], [ -95.297902232823333, 29.88218769052914 ], [ -95.303027890785728, 29.884655786050853 ], [ -95.307936514334997, 29.882008221585416 ], [ -95.307719116981019, 29.876892627200096 ], [ -95.302593548469346, 29.874424745463031 ] ] ] } },
{ "type": "Feature", "properties": { "hex_id": "88446c3143fffff", "price_mean": 1.0, "price_median": 1.0, "n": 2, "top_restaurants": "ChIJm-N5qCO6QIYRJj_SfVAnB20|$;;ChIJ7Y6ToO6vQIYRXRzDtIR6vB0|None", "z_r": -0.5, "qtile": 0.0 }, "geometry": { "type": "Polygon", "coordinates": [ [ [ -95.305980633374404, 29.835965338840495 ], [ -95.301073958059916, 29.838613886492116 ], [ -95.301290984548643, 29.843729933979859 ], [ -95.306415138441139, 29.84619758201843 ], [ -95.311322176398022, 29.843548968568079 ], [ -95.311104697810464, 29.838432772892279 ], [ -95.305980633374404, 29.835965338840495 ] ] ] } },
{ "type": "Feature", "properties": { "hex_id": "88446c3151fffff", "price_mean": 1.0, "price_median": 1.0, "n": 2, "top_restaurants": "ChIJhRLmCwC5QIYRBrMdeXvCY2g|None;;ChIJAxrARfK5QIYR9isrWsEusT4|None", "z_r": -0.5, "qtile": 0.0 }, "geometry": { "type": "Polygon", "coordinates": [ [ [ -95.32135397225899, 29.84336723347003 ], [ -95.316446858441154, 29.846016305836297 ], [ -95.316664592106719, 29.851132470461337 ], [ -95.321789891801203, 29.853599710703804 ], [ -95.326697368078968, 29.850950572428481 ], [ -95.326479182192827, 29.845834259834138 ], [ -95.32135397225899, 29.84336723347003 ] ] ] } },
{ "type": "Feature", "properties": { "hex_id": "88446c3155fffff", "price_mean": 1.6133333333333333, "price_median": 1.84, "n": 3, "top_restaurants": "ChIJ62e2cR-7QIYRwYO1f0jBBz0|None;;ChIJuw8B6Dy7QIYRd7bEvMgTPmc|$10–20;;ChIJJ2GhvOu5QIYRJhtEbjRjOg0|$", "z_r": 0.11333333333333329, "qtile": 1.0 }, "geometry": { "type": "Polygon", "coordinates": [ [ [ -95.311322176398022, 29.843548968568079 ], [ -95.306415138441139, 29.84619758201843 ], [ -95.306632419926814, 29.851313598536265 ], [ -95.311757191539741, 29.85378114972535 ], [ -95.316664592106719, 29.851132470461337 ], [ -95.316446858441154, 29.846016305836297 ], [ -95.311322176398022, 29.843548968568079 ] ] ] } },
{ "type": "Feature", "properties": { "hex_id": "88446c315bfffff", "price_mean": 1.0, "price_median": 1.0, "n": 1, "top_restaurants": "ChIJYyrzVsG5QIYR7sr7Se7Prws|$", "z_r": -0.5, "qtile": 0.0 }, "geometry": { "type": "Polygon", "coordinates": [ [ [ -95.331386371571, 29.843184728556139 ], [ -95.326479182192827, 29.845834259834138 ], [ -95.326697368078968, 29.850950572428481 ], [ -95.331823195594964, 29.853417501590592 ], [ -95.336730747282772, 29.850767904308174 ], [ -95.336512109135455, 29.84565144388246 ], [ -95.331386371571, 29.843184728556139 ] ] ] } },
{ "type": "Feature", "properties": { "hex_id": "88446c315dfffff", "price_mean": 1.0, "price_median": 1.0, "n": 1, "top_restaurants": "ChIJG_LOs425QIYRBAE8IMLb_1k|None", "z_r": -0.5, "qtile": 0.0 }, "geometry": { "type": "Polygon", "coordinates": [ [ [ -95.316011449136013, 29.835783766420125 ], [ -95.311104697810464, 29.838432772892279 ], [ -95.311322176398022, 29.843548968568079 ], [ -95.316446858441154, 29.846016305836297 ], [ -95.32135397225899, 29.84336723347003 ], [ -95.321136041531901, 29.838250889744049 ], [ -95.316011449136013, 29.835783766420125 ] ] ] } },
{ "type": "Feature", "properties": { "hex_id": "88446c3163fffff", "price_mean": 1.84, "price_median": 1.84, "n": 1, "top_restaurants": "ChIJzaaFg4W7QIYRbZswzcmrkW4|$10–20", "z_r": 0.34, "qtile": 2.0 }, "geometry": { "type": "Polygon", "coordinates": [ [ [ -95.281230415125805, 29.84408955626353 ], [ -95.27632360655501, 29.846736792941883 ], [ -95.276539531745925, 29.85185236431111 ], [ -95.281662717555378, 29.854320847537007 ], [ -95.286569889186168, 29.851673545331234 ], [ -95.286353511937904, 29.846557825441334 ], [ -95.281230415125805, 29.84408955626353 ] ] ] } },
{ "type": "Feature", "properties": { "hex_id": "88446c3165fffff", "price_mean": 1.68, "price_median": 1.0, "n": 5, "top_restaurants": "ChIJKe4d_PO6QIYR913z4rhWYw8|$$;;ChIJBQvyk_O6QIYRMci5-1Lf5nI|None;;ChIJqZlPW_G6QIYRWhA1aMFA2Bo|$", "z_r": 0.18, "qtile": 1.0 }, "geometry": { "type": "Polygon", "coordinates": [ [ [ -95.265863418234616, 29.836683935673452 ], [ -95.260957049968511, 29.839330648003067 ], [ -95.261172268470659, 29.844446101360518 ], [ -95.266294307164472, 29.846914991141897 ], [ -95.271201038672388, 29.844268213395292 ], [ -95.270985368235046, 29.83915261129864 ], [ -95.265863418234616, 29.836683935673452 ] ] ] } },
{ "type": "Feature", "properties": { "hex_id": "88446c3167fffff", "price_mean": 1.0, "price_median": 1.0, "n": 1, "top_restaurants": "ChIJm7W7FGi7QIYRDCq9-zuq5qg|None", "z_r": -0.5, "qtile": 0.0 }, "geometry": { "type": "Polygon", "coordinates": [ [ [ -95.271201038672388, 29.844268213395292 ], [ -95.266294307164472, 29.846914991141897 ], [ -95.266509780339021, 29.852030413852713 ], [ -95.271632437028202, 29.85449920748967 ], [ -95.276539531745925, 29.85185236431111 ], [ -95.27632360655501, 29.846736792941883 ], [ -95.271201038672388, 29.844268213395292 ] ] ] } },
{ "type": "Feature", "properties": { "hex_id": "88446c3169fffff", "price_mean": 1.6, "price_median": 1.0, "n": 4, "top_restaurants": "ChIJsX1f6w67QIYRC24KdMNIZ2Y|$$;;ChIJv-l1fF27QIYRYKLsn5oFQd0|None;;ChIJz_tS1E66QIYRkFqvO5lCPuU|$", "z_r": 0.1, "qtile": 1.0 }, "geometry": { "type": "Polygon", "coordinates": [ [ [ -95.28058210547492, 29.828742094448081 ], [ -95.275675946058286, 29.83138965885351 ], [ -95.275891813713756, 29.836505440132736 ], [ -95.281014292712257, 29.838973805565391 ], [ -95.285920815103253, 29.836326175567002 ], [ -95.28570449551178, 29.831210245743264 ], [ -95.28058210547492, 29.828742094448081 ] ] ] } },
{ "type": "Feature", "properties": { "hex_id": "88446c316bfffff", "price_mean": 1.0, "price_median": 1.0, "n": 1, "top_restaurants": "ChIJI2V1WF67QIYRJE9Iyb49_XA|None", "z_r": -0.5, "qtile": 0.0 }, "geometry": { "type": "Polygon", "coordinates": [ [ [ -95.285920815103253, 29.836326175567002 ], [ -95.281014292712257, 29.838973805565391 ], [ -95.281230415125805, 29.84408955626353 ], [ -95.286353511937904, 29.846557825441334 ], [ -95.291260397271188, 29.843910129835049 ], [ -95.291043822840493, 29.838794230673212 ], [ -95.285920815103253, 29.836326175567002 ] ] ] } },
{ "type": "Feature", "properties": { "hex_id": "88446c316dfffff", "price_mean": 1.0, "price_median": 1.0, "n": 1, "top_restaurants": "ChIJ4-bw5zW7QIYRUHYgKU1OH4o|None", "z_r": -0.5, "qtile": 0.0 }, "geometry": { "type": "Polygon", "coordinates": [ [ [ -95.270554084828802, 29.828921197408096 ], [ -95.265648002474194, 29.831568303076487 ], [ -95.265863418234616, 29.836683935673452 ], [ -95.270985368235046, 29.83915261129864 ], [ -95.275891813713756, 29.836505440132736 ], [ -95.275675946058286, 29.83138965885351 ], [ -95.270554084828802, 29.828921197408096 ] ] ] } },
{ "type": "Feature", "properties": { "hex_id": "88446c3191fffff", "price_mean": 1.84, "price_median": 1.84, "n": 1, "top_restaurants": "ChIJiwzqFlm2QIYRaj7hYarbKx8|$10–20", "z_r": 0.34, "qtile": 2.0 }, "geometry": { "type": "Polygon", "coordinates": [ [ [ -95.354744628580676, 29.919560761113669 ], [ -95.349834040641952, 29.922209573502737 ], [ -95.350053423365836, 29.927325120388858 ], [ -95.355183846968927, 29.929792002335635 ], [ -95.360094797342839, 29.927143124077727 ], [ -95.359874961668993, 29.922027429756316 ], [ -95.354744628580676, 29.919560761113669 ] ] ] } },
{ "type": "Feature", "properties": { "hex_id": "88446c3193fffff", "price_mean": 1.0, "price_median": 1.0, "n": 1, "top_restaurants": "ChIJHZx07F62QIYR7MVS2llrumQ|$1–10", "z_r": -0.5, "qtile": 0.0 }, "geometry": { "type": "Polygon", "coordinates": [ [ [ -95.360094797342839, 29.927143124077727 ], [ -95.355183846968927, 29.929792002335635 ], [ -95.355403485452712, 29.934907515833348 ], [ -95.360534527331993, 29.93737429844175 ], [ -95.365445840108336, 29.934725354299825 ], [ -95.365225748593517, 29.929609693447947 ], [ -95.360094797342839, 29.927143124077727 ] ] ] } },
{ "type": "Feature", "properties": { "hex_id": "88446c31b3fffff", "price_mean": 2.18, "price_median": 1.84, "n": 3, "top_restaurants": "ChIJgR4RfpW2QIYRv7gjVorVSn4|€€;;ChIJTVDnAr62QIYRyDoB4ORV6o8|$10–20;;ChIJh6THtnu3QIYRtIVkKHFK9Ow|€", "z_r": 0.68, "qtile": 3.0 }, "geometry": { "type": "Polygon", "coordinates": [ [ [ -95.335320584191891, 29.935269520966408 ], [ -95.330409496291281, 29.937917084889854 ], [ -95.330628031518415, 29.943032122124826 ], [ -95.335758107627214, 29.945499743137763 ], [ -95.340669558349987, 29.942852113601251 ], [ -95.34045057013229, 29.937736928679289 ], [ -95.335320584191891, 29.935269520966408 ] ] ] } },
{ "type": "Feature", "properties": { "hex_id": "88446c31d1fffff", "price_mean": 1.249375, "price_median": 1.0, "n": 4, "top_restaurants": "ChIJFQ1l66i3QIYR1fGI1BWjnpU|$10–20;;ChIJ8fichqi3QIYRxyVRm6CKHAk|$;;ChIJkRvghai3QIYRayJh-uwi-qY|$", "z_r": -0.250625, "qtile": 0.0 }, "geometry": { "type": "Polygon", "coordinates": [ [ [ -95.358776076403203, 29.896447889967444 ], [ -95.353866426048782, 29.899097424011948 ], [ -95.354085947407668, 29.904213364918839 ], [ -95.359215571899242, 29.906679919198115 ], [ -95.364125584485507, 29.904030319139405 ], [ -95.363905610338904, 29.898914230830052 ], [ -95.358776076403203, 29.896447889967444 ] ] ] } },
{ "type": "Feature", "properties": { "hex_id": "88446c31ddfffff", "price_mean": 1.0, "price_median": 1.0, "n": 1, "top_restaurants": "ChIJ510KbTi3QIYRZogy6yT5JuA|None", "z_r": -0.5, "qtile": 0.0 }, "geometry": { "type": "Polygon", "coordinates": [ [ [ -95.353427441863616, 29.888865329417211 ], [ -95.348518153773753, 29.891514797462612 ], [ -95.348737419517718, 29.896630771011015 ], [ -95.353866426048782, 29.899097424011948 ], [ -95.358776076403203, 29.896447889967444 ], [ -95.358556357952551, 29.891331768935512 ], [ -95.353427441863616, 29.888865329417211 ] ] ] } },
{ "type": "Feature", "properties": { "hex_id": "88446c31e5fffff", "price_mean": 1.0, "price_median": 1.0, "n": 1, "top_restaurants": "ChIJnbNLXeWxQIYROMRabt9KX5U|$", "z_r": -0.5, "qtile": 0.0 }, "geometry": { "type": "Polygon", "coordinates": [ [ [ -95.303245090894734, 29.889771200375836 ], [ -95.298336180609482, 29.892418370939396 ], [ -95.298553183428766, 29.897533605000902 ], [ -95.303679549027265, 29.900001816686395 ], [ -95.308588822329426, 29.897354580600677 ], [ -95.308371367006615, 29.892239198366013 ], [ -95.303245090894734, 29.889771200375836 ] ] ] } },
{ "type": "Feature", "properties": { "hex_id": "88446c3201fffff", "price_mean": 2.472, "price_median": 3.4, "n": 15, "top_restaurants": "ChIJCzXQNTPHQIYR3POYbDyzV30|$30–50;;ChIJXdypGADHQIYR1mC9rCNApyA|$30–50;;ChIJld24_WTHQIYRxXvG7YH40_g|$$", "z_r": 0.972, "qtile": 3.0 }, "geometry": { "type": "Polygon", "coordinates": [ [ [ -95.399636780920332, 29.795825405746513 ], [ -95.394731017997302, 29.798479124460194 ], [ -95.394952193653893, 29.803597097390554 ], [ -95.40007958440313, 29.806061498557597 ], [ -95.404985708326791, 29.803407712975957 ], [ -95.404764080491248, 29.798289593109647 ], [ -95.399636780920332, 29.795825405746513 ] ] ] } },
{ "type": "Feature", "properties": { "hex_id": "88446c3203fffff", "price_mean": 2.13, "price_median": 1.92, "n": 8, "top_restaurants": "ChIJqT4EwFLHQIYR-k0Ao33zHsk|$$;;ChIJw5RD9ObHQIYRlb_f-BN0T3c|$$;;ChIJrwuMSHfHQIYROkTv7aaQTgQ|$$", "z_r": 0.63, "qtile": 3.0 }, "geometry": { "type": "Polygon", "coordinates": [ [ [ -95.404985708326791, 29.803407712975957 ], [ -95.40007958440313, 29.806061498557597 ], [ -95.400301015644203, 29.811179440684054 ], [ -95.405429023059256, 29.813643744098286 ], [ -95.410335507950535, 29.810989891633884 ], [ -95.410113624449835, 29.805871802652426 ], [ -95.404985708326791, 29.803407712975957 ] ] ] } },
{ "type": "Feature", "properties": { "hex_id": "88446c3205fffff", "price_mean": 1.96, "price_median": 1.0, "n": 5, "top_restaurants": "ChIJxTqZcwW5QIYRoEzN-u51-JI|$50–100;;ChIJuafzFgC5QIYRO8lpX_NiX6A|$$;;ChIJhTwq-5y4QIYR04fKcy-0Xp8|$", "z_r": 0.46, "qtile": 2.0 }, "geometry": { "type": "Polygon", "coordinates": [ [ [ -95.389604243870323, 29.796014625782608 ], [ -95.384698554402974, 29.798667886202892 ], [ -95.384919277920631, 29.803785712059092 ], [ -95.390046143035178, 29.806250424583595 ], [ -95.394952193653893, 29.803597097390554 ], [ -95.394731017997302, 29.798479124460194 ], [ -95.389604243870323, 29.796014625782608 ] ] ] } },
{ "type": "Feature", "properties": { "hex_id": "88446c3207fffff", "price_mean": 1.9714285714285715, "price_median": 2.0, "n": 7, "top_restaurants": "ChIJg5FEU3vHQIYR6LRc6SH18L8|$$;;ChIJVa5g83vHQIYRdJCuYcBy65c|$$;;ChIJq81y8p_HQIYR3L7E2ZfpN64|None", "z_r": 0.47142857142857153, "qtile": 2.0 }, "geometry": { "type": "Polygon", "coordinates": [ [ [ -95.394952193653893, 29.803597097390554 ], [ -95.390046143035178, 29.806250424583595 ], [ -95.390267122056613, 29.811368219716808 ], [ -95.395394603907064, 29.813832834664641 ], [ -95.400301015644203, 29.811179440684054 ], [ -95.40007958440313, 29.806061498557597 ], [ -95.394952193653893, 29.803597097390554 ] ] ] } },
{ "type": "Feature", "properties": { "hex_id": "88446c3209fffff", "price_mean": 2.454, "price_median": 3.1, "n": 5, "top_restaurants": "ChIJj3xcT5bHQIYRd0TfOk4fnFM|$$;;ChIJw1r_jmnHQIYRS07Ld5xYzpc|$50–100;;ChIJ693AEgDHQIYR3HTIsbnmc2M|$50–100", "z_r": 0.954, "qtile": 3.0 }, "geometry": { "type": "Polygon", "coordinates": [ [ [ -95.404320883868408, 29.788053145169258 ], [ -95.399415408673391, 29.790707255222848 ], [ -95.399636780920332, 29.795825405746513 ], [ -95.404764080491248, 29.798289593109647 ], [ -95.409669916569143, 29.795635416107679 ], [ -95.409448092183908, 29.790517118705395 ], [ -95.404320883868408, 29.788053145169258 ] ] ] } },
{ "type": "Feature", "properties": { "hex_id": "88446c320bfffff", "price_mean": 2.6942838874680306, "price_median": 3.4, "n": 34, "top_restaurants": "ChIJGxNPj3vHQIYRsfe6sYZSmy8|$20–30;;ChIJkfZMCW_HQIYRCIFYS1Ssqy8|$20–30;;ChIJoTAp8-XHQIYRm_BeozeVl28|$20–30", "z_r": 1.1942838874680306, "qtile": 3.0 }, "geometry": { "type": "Polygon", "coordinates": [ [ [ -95.409669916569143, 29.795635416107679 ], [ -95.404764080491248, 29.798289593109647 ], [ -95.404985708326791, 29.803407712975957 ], [ -95.410113624449835, 29.805871802652426 ], [ -95.415019821377541, 29.803217558687319 ], [ -95.414797741323071, 29.798099292023309 ], [ -95.409669916569143, 29.795635416107679 ] ] ] } },
{ "type": "Feature", "properties": { "hex_id": "88446c320dfffff", "price_mean": 2.4914285714285711, "price_median": 3.4, "n": 7, "top_restaurants": "ChIJGzVbaaG4QIYR0roiFFbKm48|$$;;ChIJZ43pS8HHQIYRhndlRvXjyqI|$$;;ChIJCyZ63qC4QIYR9_sTWPuCPLE|$$", "z_r": 0.9914285714285711, "qtile": 3.0 }, "geometry": { "type": "Polygon", "coordinates": [ [ [ -95.394288725611077, 29.788242970415304 ], [ -95.38938332372166, 29.790896622275806 ], [ -95.389604243870323, 29.796014625782608 ], [ -95.394731017997302, 29.798479124460194 ], [ -95.399636780920332, 29.795825405746513 ], [ -95.399415408673391, 29.790707255222848 ], [ -95.394288725611077, 29.788242970415304 ] ] ] } },
{ "type": "Feature", "properties": { "hex_id": "88446c3211fffff", "price_mean": 2.2377777777777776, "price_median": 2.0, "n": 9, "top_restaurants": "ChIJM2jNYD7HQIYR-mHY_M3kj8M|$$;;ChIJ9dGTUI7HQIYRwJ7kbmCHjYw|$$;;ChIJW3spY3HHQIYRXvFNVBlQm1A|$$", "z_r": 0.73777777777777764, "qtile": 3.0 }, "geometry": { "type": "Polygon", "coordinates": [ [ [ -95.420370598413584, 29.81079957243837 ], [ -95.415464040669193, 29.813453883381424 ], [ -95.415686179911603, 29.818571941250543 ], [ -95.420815329269317, 29.821035834826827 ], [ -95.425722247797268, 29.818381456891032 ], [ -95.425499656174665, 29.813263252386147 ], [ -95.420370598413584, 29.81079957243837 ] ] ] } },
{ "type": "Feature", "properties": { "hex_id": "88446c3213fffff", "price_mean": 2.608, "price_median": 3.4, "n": 5, "top_restaurants": "ChIJr8eAfwDHQIYRiJeZe_PEGzs|$30–50;;ChIJn_o7uwTHQIYRpV9BxKBlCZo|$20–30;;ChIJXVO2fKbHQIYRQZYU5JnCNtg|$$", "z_r": 1.108, "qtile": 3.0 }, "geometry": { "type": "Polygon", "coordinates": [ [ [ -95.425722247797268, 29.818381456891032 ], [ -95.420815329269317, 29.821035834826827 ], [ -95.421037724330034, 29.826153861356115 ], [ -95.426167490370219, 29.828617656518816 ], [ -95.431074769648518, 29.825963211575452 ], [ -95.43085192212699, 29.820845038491402 ], [ -95.425722247797268, 29.818381456891032 ] ] ] } },
{ "type": "Feature", "properties": { "hex_id": "88446c3215fffff", "price_mean": 2.2240519323671495, "price_median": 1.8652173913043477, "n": 18, "top_restaurants": "ChIJc9bWpG7HQIYRFUcoWBJaq7s|$20–30;;ChIJsXq9YpnHQIYRz4cpDbe4sSQ|$$;;ChIJ4fY9x3XHQIYRpGAexn350-4|$$", "z_r": 0.72405193236714949, "qtile": 3.0 }, "geometry": { "type": "Polygon", "coordinates": [ [ [ -95.410335507950535, 29.810989891633884 ], [ -95.405429023059256, 29.813643744098286 ], [ -95.405650709961378, 29.818761655193363 ], [ -95.41077933408576, 29.821225860612518 ], [ -95.415686179911603, 29.818571941250543 ], [ -95.415464040669193, 29.813453883381424 ], [ -95.410335507950535, 29.810989891633884 ] ] ] } },
{ "type": "Feature", "properties": { "hex_id": "88446c3217fffff", "price_mean": 1.6675, "price_median": 1.6675, "n": 1, "top_restaurants": "ChIJqU3aeVvHQIYR9z345LkBnr4|$$", "z_r": 0.1675, "qtile": 1.0 }, "geometry": { "type": "Polygon", "coordinates": [ [ [ -95.415686179911603, 29.818571941250543 ], [ -95.41077933408576, 29.821225860612518 ], [ -95.411001276725528, 29.826343740448735 ], [ -95.416130517602781, 29.828807847630493 ], [ -95.421037724330034, 29.826153861356115 ], [ -95.420815329269317, 29.821035834826827 ], [ -95.415686179911603, 29.818571941250543 ] ] ] } },
{ "type": "Feature", "properties": { "hex_id": "88446c3219fffff", "price_mean": 2.4368115942028985, "price_median": 3.4, "n": 9, "top_restaurants": "ChIJb7kwCrjHQIYR1O7E6u5PC_Y|$20–30;;ChIJNdJy9wXHQIYRe0-LLtXnASU|$$;;ChIJm-pz5B7ZQIYR7ftrmTqSmv0|$$", "z_r": 0.9368115942028985, "qtile": 3.0 }, "geometry": { "type": "Polygon", "coordinates": [ [ [ -95.425054532244076, 29.803026634396829 ], [ -95.420148262613324, 29.805681336740165 ], [ -95.420370598413584, 29.81079957243837 ], [ -95.425499656174665, 29.813263252386147 ], [ -95.430406286471111, 29.810608482969712 ], [ -95.430183498331459, 29.80549010069306 ], [ -95.425054532244076, 29.803026634396829 ] ] ] } },
{ "type": "Feature", "properties": { "hex_id": "88446c321bfffff", "price_mean": 1.7830172413793102, "price_median": 1.0, "n": 29, "top_restaurants": "ChIJDZXLmanHQIYREh1kwyVBO8U|$20–30;;ChIJWWUcHn7HQIYRHwCY-G7PZCE|$$;;ChIJU4j-TV3HQIYRsSijHdFMOes|$$", "z_r": 0.28301724137931017, "qtile": 2.0 }, "geometry": { "type": "Polygon", "coordinates": [ [ [ -95.430406286471111, 29.810608482969712 ], [ -95.425499656174665, 29.813263252386147 ], [ -95.425722247797268, 29.818381456891032 ], [ -95.43085192212699, 29.820845038491402 ], [ -95.435758913055906, 29.818190201987068 ], [ -95.435535869013336, 29.813071850984727 ], [ -95.430406286471111, 29.810608482969712 ] ] ] } },
{ "type": "Feature", "properties": { "hex_id": "88446c321dfffff", "price_mean": 1.0, "price_median": 1.0, "n": 4, "top_restaurants": "ChIJkZhpBnLHQIYRpDl-X_coJHs|$;;ChIJWf6iTAvHQIYRem-gN82jpj4|$;;ChIJsxwyTwvHQIYRqZUjPfi2V4o|$", "z_r": -0.5, "qtile": 0.0 }, "geometry": { "type": "Polygon", "coordinates": [ [ [ -95.415019821377541, 29.803217558687319 ], [ -95.410113624449835, 29.805871802652426 ], [ -95.410335507950535, 29.810989891633884 ], [ -95.415464040669193, 29.813453883381424 ], [ -95.420370598413584, 29.81079957243837 ], [ -95.420148262613324, 29.805681336740165 ], [ -95.415019821377541, 29.803217558687319 ] ] ] } },
{ "type": "Feature", "properties": { "hex_id": "88446c3221fffff", "price_mean": 2.335, "price_median": 2.47, "n": 4, "top_restaurants": "ChIJYY-6ynO5QIYRMkr5Mimj3CI|$$;;ChIJcYD1KPy5QIYRYmzFrtHbH5g|$92;;ChIJ8WLt9Im5QIYRNHo2w1jauIA|$10–20", "z_r": 0.835, "qtile": 3.0 }, "geometry": { "type": "Polygon", "coordinates": [ [ [ -95.374886961688574, 29.803973557109682 ], [ -95.369981058582255, 29.806625967510438 ], [ -95.370201133284681, 29.811743468242661 ], [ -95.375327563223479, 29.81420870585811 ], [ -95.380233827749592, 29.811556228860258 ], [ -95.380013300907706, 29.806438580858469 ], [ -95.374886961688574, 29.803973557109682 ] ] ] } },
{ "type": "Feature", "properties": { "hex_id": "88446c3223fffff", "price_mean": 1.3333333333333333, "price_median": 1.0, "n": 3, "top_restaurants": "ChIJlxxal6eK7mYRCXr8r2TC6p8|None;;ChIJIR9Epoi4QIYRUtDFTqJpd4o|$;;ChIJwRSad_G5QIYReVmSX9Y1Eeg|None", "z_r": -0.16666666666666674, "qtile": 0.0 }, "geometry": { "type": "Polygon", "coordinates": [ [ [ -95.380233827749592, 29.811556228860258 ], [ -95.375327563223479, 29.81420870585811 ], [ -95.375547893344773, 29.819326175801734 ], [ -95.380674940202965, 29.821791315950581 ], [ -95.385581566116045, 29.819138772340796 ], [ -95.385360783774544, 29.814021155208518 ], [ -95.380233827749592, 29.811556228860258 ] ] ] } },
{ "type": "Feature", "properties": { "hex_id": "88446c3227fffff", "price_mean": 1.5, "price_median": 1.5, "n": 2, "top_restaurants": "ChIJP134OjW5QIYRwtmc_nUKJSY|None;;ChIJC4vjjfO4QIYRCBcE4ZOailM|$", "z_r": 0.0, "qtile": 1.0 }, "geometry": { "type": "Polygon", "coordinates": [ [ [ -95.370201133284681, 29.811743468242661 ], [ -95.365294942815368, 29.814395486741773 ], [ -95.365514820756673, 29.819512809358606 ], [ -95.370641341337887, 29.821978260817524 ], [ -95.375547893344773, 29.819326175801734 ], [ -95.375327563223479, 29.81420870585811 ], [ -95.370201133284681, 29.811743468242661 ] ] ] } },
{ "type": "Feature", "properties": { "hex_id": "88446c3229fffff", "price_mean": 1.7698578595317724, "price_median": 1.84, "n": 13, "top_restaurants": "ChIJzQ_VVjK5QIYR68t_WA78cMU|$20–30;;ChIJr99VD5e4QIYRLKVqURMIyV0|$$;;ChIJtScnC2u5QIYR-kLPEbSlD18|None", "z_r": 0.26985785953177244, "qtile": 2.0 }, "geometry": { "type": "Polygon", "coordinates": [ [ [ -95.379572305980659, 29.796203076343971 ], [ -95.374666690269763, 29.798855878465812 ], [ -95.374886961688574, 29.803973557109682 ], [ -95.380013300907706, 29.806438580858469 ], [ -95.384919277920631, 29.803785712059092 ], [ -95.384698554402974, 29.798667886202892 ], [ -95.379572305980659, 29.796203076343971 ] ] ] } },
{ "type": "Feature", "properties": { "hex_id": "88446c322bfffff", "price_mean": 1.528, "price_median": 1.0, "n": 20, "top_restaurants": "ChIJA2OMYgC5QIYRf62Sph0JZK0|$20–30;;ChIJSanoIZC4QIYRITlF4shhqKc|$$;;ChIJYVcRpo-4QIYRwosbiv3oR9E|None", "z_r": 0.028, "qtile": 1.0 }, "geometry": { "type": "Polygon", "coordinates": [ [ [ -95.384919277920631, 29.803785712059092 ], [ -95.380013300907706, 29.806438580858469 ], [ -95.380233827749592, 29.811556228860258 ], [ -95.385360783774544, 29.814021155208518 ], [ -95.390267122056613, 29.811368219716808 ], [ -95.390046143035178, 29.806250424583595 ], [ -95.384919277920631, 29.803785712059092 ] ] ] } },
{ "type": "Feature", "properties": { "hex_id": "88446c322dfffff", "price_mean": 1.45, "price_median": 1.0, "n": 16, "top_restaurants": "ChIJ0z1xL-y4QIYRLJR0toWePRU|$$;;ChIJ6w_L357JQIYRy88zKhKvrrU|$$;;ChIJ162YBQC5QIYRVHQM0itd9HI|$$", "z_r": -0.05, "qtile": 1.0 }, "geometry": { "type": "Polygon", "coordinates": [ [ [ -95.369540967812696, 29.796390757558736 ], [ -95.364635426158955, 29.799043101377194 ], [ -95.364855245519095, 29.804160632670623 ], [ -95.369981058582255, 29.806625967510438 ], [ -95.374886961688574, 29.803973557109682 ], [ -95.374666690269763, 29.798855878465812 ], [ -95.369540967812696, 29.796390757558736 ] ] ] } },
{ "type": "Feature", "properties": { "hex_id": "88446c3231fffff", "price_mean": 1.0, "price_median": 1.0, "n": 3, "top_restaurants": "ChIJ_d1kWkTZQIYRNCbfuPVjhEM|$;;ChIJCe4cgynHQIYRBxlc45r1dGw|None;;ChIJN1vw9PnHQIYR1e99b-Btcx8|None", "z_r": -0.5, "qtile": 0.0 }, "geometry": { "type": "Polygon", "coordinates": [ [ [ -95.395615838508832, 29.818950598847422 ], [ -95.39070913899053, 29.821603601046299 ], [ -95.390930176908228, 29.826721187081652 ], [ -95.396058366675916, 29.829185917902098 ], [ -95.400965427397509, 29.826532848981223 ], [ -95.40074393713877, 29.821415115976333 ], [ -95.395615838508832, 29.818950598847422 ] ] ] } },
{ "type": "Feature", "properties": { "hex_id": "88446c3233fffff", "price_mean": 2.6666666666666665, "price_median": 3.4, "n": 3, "top_restaurants": "ChIJ6VKKh7zHQIYRtJzL9GjNUqA|$20–30;;ChIJa3K57oXHQIYRXf_Tippdogc|$$;;ChIJ--Du5IXHQIYRO-lr9Xfu1ao|None", "z_r": 1.1666666666666665, "qtile": 3.0 }, "geometry": { "type": "Polygon", "coordinates": [ [ [ -95.400965427397509, 29.826532848981223 ], [ -95.396058366675916, 29.829185917902098 ], [ -95.396279660246407, 29.83430347261309 ], [ -95.40140846695094, 29.836768105306213 ], [ -95.406315888842798, 29.834114969648471 ], [ -95.406094142850534, 29.828997268048916 ], [ -95.400965427397509, 29.826532848981223 ] ] ] } },
{ "type": "Feature", "properties": { "hex_id": "88446c3235fffff", "price_mean": 1.5, "price_median": 1.5, "n": 2, "top_restaurants": "ChIJiykLm6K5QIYRJw-TLNDH8UU|None;;ChIJZ3LgPwC5QIYR9Q2v54vzBso|None", "z_r": 0.0, "qtile": 1.0 }, "geometry": { "type": "Polygon", "coordinates": [ [ [ -95.385581566116045, 29.819138772340796 ], [ -95.380674940202965, 29.821791315950581 ], [ -95.380895525819724, 29.826908754878207 ], [ -95.386023189641108, 29.829373797318205 ], [ -95.390930176908228, 29.826721187081652 ], [ -95.39070913899053, 29.821603601046299 ], [ -95.385581566116045, 29.819138772340796 ] ] ] } },
{ "type": "Feature", "properties": { "hex_id": "88446c3237fffff", "price_mean": 1.0, "price_median": 1.0, "n": 1, "top_restaurants": "ChIJLW8s9ofHQIYROsuR1d6LWzE|$", "z_r": -0.5, "qtile": 0.0 }, "geometry": { "type": "Polygon", "coordinates": [ [ [ -95.390930176908228, 29.826721187081652 ], [ -95.386023189641108, 29.829373797318205 ], [ -95.3862440308299, 29.834491205002436 ], [ -95.391372311658145, 29.836956149491293 ], [ -95.396279660246407, 29.83430347261309 ], [ -95.396058366675916, 29.829185917902098 ], [ -95.390930176908228, 29.826721187081652 ] ] ] } },
{ "type": "Feature", "properties": { "hex_id": "88446c3239fffff", "price_mean": 1.6, "price_median": 1.0, "n": 4, "top_restaurants": "ChIJ__8_wX7HQIYR8LEb3-B1l3o|$$;;ChIJH1sXXHnHQIYR5co_786J8J4|$;;ChIJAQjUUHnHQIYRFbEZmT-drOw|$", "z_r": 0.1, "qtile": 1.0 }, "geometry": { "type": "Polygon", "coordinates": [ [ [ -95.400301015644203, 29.811179440684054 ], [ -95.395394603907064, 29.813832834664641 ], [ -95.395615838508832, 29.818950598847422 ], [ -95.40074393713877, 29.821415115976333 ], [ -95.405650709961378, 29.818761655193363 ], [ -95.405429023059256, 29.813643744098286 ], [ -95.400301015644203, 29.811179440684054 ] ] ] } },
{ "type": "Feature", "properties": { "hex_id": "88446c323bfffff", "price_mean": 1.0, "price_median": 1.0, "n": 2, "top_restaurants": "ChIJY80Zu57HQIYRLqsGv_scLQ4|$;;ChIJHdMZu57HQIYRvAzHbtXkwPA|$", "z_r": -0.5, "qtile": 0.0 }, "geometry": { "type": "Polygon", "coordinates": [ [ [ -95.405650709961378, 29.818761655193363 ], [ -95.40074393713877, 29.821415115976333 ], [ -95.400965427397509, 29.826532848981223 ], [ -95.406094142850534, 29.828997268048916 ], [ -95.411001276725528, 29.826343740448735 ], [ -95.41077933408576, 29.821225860612518 ], [ -95.405650709961378, 29.818761655193363 ] ] ] } },
{ "type": "Feature", "properties": { "hex_id": "88446c323dfffff", "price_mean": 1.15, "price_median": 1.0, "n": 4, "top_restaurants": "ChIJf4mrdoO4QIYRwByth_QEwHw|$20–30;;ChIJ__-v0IO4QIYRwVfB70feksE|None;;ChIJi3YwNbK5QIYR0cUsXJ2M9FM|None", "z_r": -0.35, "qtile": 0.0 }, "geometry": { "type": "Polygon", "coordinates": [ [ [ -95.390267122056613, 29.811368219716808 ], [ -95.385360783774544, 29.814021155208518 ], [ -95.385581566116045, 29.819138772340796 ], [ -95.39070913899053, 29.821603601046299 ], [ -95.395615838508832, 29.818950598847422 ], [ -95.395394603907064, 29.813832834664641 ], [ -95.390267122056613, 29.811368219716808 ] ] ] } },
{ "type": "Feature", "properties": { "hex_id": "88446c3243fffff", "price_mean": 2.0597442455242962, "price_median": 1.3456521739130434, "n": 17, "top_restaurants": "ChIJMSLAAJrHQIYRWpTgFn6sw2I|$20–30;;ChIJWRkInsnHQIYRo8pqIpYJj2c|$$;;ChIJj53geMLHQIYRaWuek7nX9sU|$$", "z_r": 0.55974424552429625, "qtile": 2.0 }, "geometry": { "type": "Polygon", "coordinates": [ [ [ -95.409004502510612, 29.78028031604352 ], [ -95.404099315075896, 29.78293481725618 ], [ -95.404320883868408, 29.788053145169258 ], [ -95.409448092183908, 29.790517118705395 ], [ -95.414353640383752, 29.787862550463927 ], [ -95.414131619493645, 29.782744075729557 ], [ -95.409004502510612, 29.78028031604352 ] ] ] } },
{ "type": "Feature", "properties": { "hex_id": "88446c3245fffff", "price_mean": 2.1091032608695652, "price_median": 2.0, "n": 16, "top_restaurants": "ChIJR43fudLHQIYRFloNj5DhRmo|$50–100;;ChIJSz8qN8zHQIYRrFaMR5oAoq4|$$;;ChIJmVG2Q6i4QIYRjlm0xEwgiC0|$$", "z_r": 0.60910326086956523, "qtile": 3.0 }, "geometry": { "type": "Polygon", "coordinates": [ [ [ -95.393625434309897, 29.77288822009502 ], [ -95.388720680979588, 29.77554219629609 ], [ -95.388941542278914, 29.780660407452043 ], [ -95.394067608876199, 29.783124789461766 ], [ -95.398972723155339, 29.780470746341798 ], [ -95.398751409879011, 29.775352388145439 ], [ -95.393625434309897, 29.77288822009502 ] ] ] } },
{ "type": "Feature", "properties": { "hex_id": "88446c3247fffff", "price_mean": 2.488, "price_median": 3.4, "n": 5, "top_restaurants": "ChIJFxUuWFfHQIYROuX2jeQKPUE|$20–30;;ChIJC925MFfHQIYRI9-2Xgc_im8|$$;;ChIJH8RYxjfHQIYRl8NdUDLzYlo|$$", "z_r": 0.988, "qtile": 3.0 }, "geometry": { "type": "Polygon", "coordinates": [ [ [ -95.398972723155339, 29.780470746341798 ], [ -95.394067608876199, 29.783124789461766 ], [ -95.394288725611077, 29.788242970415304 ], [ -95.399415408673391, 29.790707255222848 ], [ -95.404320883868408, 29.788053145169258 ], [ -95.404099315075896, 29.78293481725618 ], [ -95.398972723155339, 29.780470746341798 ] ] ] } },
{ "type": "Feature", "properties": { "hex_id": "88446c3249fffff", "price_mean": 2.4316812354312352, "price_median": 3.4, "n": 39, "top_restaurants": "ChIJMbwSjLPAQIYRRVXhFaxhcto|$30–50;;ChIJyb3IgEvHQIYRre2Gj64MMcc|$$$;;ChIJJ2954HnBQIYR5F7RzP46Gbw|$20–30", "z_r": 0.93168123543123516, "qtile": 3.0 }, "geometry": { "type": "Polygon", "coordinates": [ [ [ -95.408339265704299, 29.764924593615309 ], [ -95.403434726742574, 29.76757941871162 ], [ -95.403656236515587, 29.772697953946839 ], [ -95.408782737217308, 29.775161810944972 ], [ -95.413687636859478, 29.772506918754111 ], [ -95.41346567511016, 29.767388236674108 ], [ -95.408339265704299, 29.764924593615309 ] ] ] } },
{ "type": "Feature", "properties": { "hex_id": "88446c324bfffff", "price_mean": 2.0301632905138343, "price_median": 1.38163290513834, "n": 20, "top_restaurants": "ChIJv4oRKuHHQIYR_vouAXPbVgM|$30–50;;ChIJ_WD0bEzHQIYRjt0swdMbqy0|$$$;;ChIJWf6i70vHQIYRYXp6SIKSid4|$$", "z_r": 0.53016329051383426, "qtile": 2.0 }, "geometry": { "type": "Polygon", "coordinates": [ [ [ -95.413687636859478, 29.772506918754111 ], [ -95.408782737217308, 29.775161810944972 ], [ -95.409004502510612, 29.78028031604352 ], [ -95.414131619493645, 29.782744075729557 ], [ -95.419036879783178, 29.780089116429473 ], [ -95.418814662433007, 29.774970464567009 ], [ -95.413687636859478, 29.772506918754111 ] ] ] } },
{ "type": "Feature", "properties": { "hex_id": "88446c324dfffff", "price_mean": 2.7119444444444443, "price_median": 3.4, "n": 27, "top_restaurants": "ChIJUfA6wszBQIYRmrSeublM3zY|$20–30;;ChIJq5rHWyPHQIYRmAt5EEiDUMI|$$;;ChIJERPxvZrBQIYRp2Tlo7eMStc|$$", "z_r": 1.2119444444444443, "qtile": 3.0 }, "geometry": { "type": "Polygon", "coordinates": [ [ [ -95.398308842278681, 29.765115464643628 ], [ -95.393404376473256, 29.767769831842859 ], [ -95.393625434309897, 29.77288822009502 ], [ -95.398751409879011, 29.775352388145439 ], [ -95.403656236515587, 29.772697953946839 ], [ -95.403434726742574, 29.76757941871162 ], [ -95.398308842278681, 29.765115464643628 ] ] ] } },
{ "type": "Feature", "properties": { "hex_id": "88446c3253fffff", "price_mean": 1.6623320158102766, "price_median": 1.0, "n": 11, "top_restaurants": "ChIJW_s0SRvHQIYREXn0DXARk9U|$$$;;ChIJy2i2SgDHQIYRqjOhVTWwYUw|$$;;ChIJI0DOJnrHQIYRP10ug_Xxg3Y|None", "z_r": 0.16233201581027656, "qtile": 1.0 }, "geometry": { "type": "Polygon", "coordinates": [ [ [ -95.429737981415684, 29.795253127510655 ], [ -95.424831999930817, 29.79790822107341 ], [ -95.425054532244076, 29.803026634396829 ], [ -95.430183498331459, 29.80549010069306 ], [ -95.435089840364199, 29.802834939976844 ], [ -95.434866855752375, 29.797716380132318 ], [ -95.429737981415684, 29.795253127510655 ] ] ] } },
{ "type": "Feature", "properties": { "hex_id": "88446c3255fffff", "price_mean": 1.9666666666666668, "price_median": 1.5, "n": 6, "top_restaurants": "ChIJZ77FOADHQIYRR6Jz_3uDOI4|$$;;ChIJlXLuVgDHQIYRiJpeXWpEhgM|$$;;ChIJoxEzTQDHQIYR7W88tscpV9s|None", "z_r": 0.46666666666666679, "qtile": 2.0 }, "geometry": { "type": "Polygon", "coordinates": [ [ [ -95.414353640383752, 29.787862550463927 ], [ -95.409448092183908, 29.790517118705395 ], [ -95.409669916569143, 29.795635416107679 ], [ -95.414797741323071, 29.798099292023309 ], [ -95.419703650254917, 29.795444656738294 ], [ -95.419481373691511, 29.790326212595637 ], [ -95.414353640383752, 29.787862550463927 ] ] ] } },
{ "type": "Feature", "properties": { "hex_id": "88446c3257fffff", "price_mean": 1.8447058823529412, "price_median": 1.84, "n": 17, "top_restaurants": "ChIJ4Z-puA7HQIYRRpuRErXzcAk|$20–30;;ChIJC91_RRLHQIYRoXAB7CsdNOA|$$;;ChIJCxUTiRHHQIYRZdpThYbxzp4|$$", "z_r": 0.3447058823529412, "qtile": 2.0 }, "geometry": { "type": "Polygon", "coordinates": [ [ [ -95.419703650254917, 29.795444656738294 ], [ -95.414797741323071, 29.798099292023309 ], [ -95.415019821377541, 29.803217558687319 ], [ -95.420148262613324, 29.805681336740165 ], [ -95.425054532244076, 29.803026634396829 ], [ -95.424831999930817, 29.79790822107341 ], [ -95.419703650254917, 29.795444656738294 ] ] ] } },
{ "type": "Feature", "properties": { "hex_id": "88446c3259fffff", "price_mean": 3.0, "price_median": 3.0, "n": 1, "top_restaurants": "ChIJtS0NiMPHQIYRx4f6p5iQzUQ|$100+", "z_r": 1.5, "qtile": 3.0 }, "geometry": { "type": "Polygon", "coordinates": [ [ [ -95.429069854411253, 29.779897147372086 ], [ -95.424164521567761, 29.782552564754226 ], [ -95.424386994595295, 29.787671186171586 ], [ -95.42951525263426, 29.790134536765937 ], [ -95.434420945941071, 29.787479052164702 ], [ -95.434198020736304, 29.782360284202674 ], [ -95.429069854411253, 29.779897147372086 ] ] ] } },
{ "type": "Feature", "properties": { "hex_id": "88446c3263fffff", "price_mean": 1.9980042613636364, "price_median": 1.92, "n": 8, "top_restaurants": "ChIJ36mlv5e4QIYR4cElFhuj39A|$$;;ChIJ-6UtbxW5QIYR7LaysdzvAGA|$$;;ChIJR2ytj365QIYRwaYwlTQbC0I|$$", "z_r": 0.4980042613636364, "qtile": 2.0 }, "geometry": { "type": "Polygon", "coordinates": [ [ [ -95.384257166173299, 29.788432026329918 ], [ -95.379351837890241, 29.791085219992212 ], [ -95.379572305980659, 29.796203076343971 ], [ -95.384698554402974, 29.798667886202892 ], [ -95.389604243870323, 29.796014625782608 ], [ -95.38938332372166, 29.790896622275806 ], [ -95.384257166173299, 29.788432026329918 ] ] ] } },
{ "type": "Feature", "properties": { "hex_id": "88446c3265fffff", "price_mean": 1.0, "price_median": 1.0, "n": 2, "top_restaurants": "ChIJ39KXnce4QIYRvlgJKqrENSk|$;;ChIJ4e7tece4QIYRnIog8_JBwmY|$", "z_r": -0.5, "qtile": 0.0 }, "geometry": { "type": "Polygon", "coordinates": [ [ [ -95.368880978207756, 29.781037422620074 ], [ -95.363976085199297, 29.783690091431186 ], [ -95.364195846001635, 29.788807830677005 ], [ -95.369320951740391, 29.791273048500184 ], [ -95.374226206116447, 29.788620313041093 ], [ -95.374005993376727, 29.783502426421212 ], [ -95.368880978207756, 29.781037422620074 ] ] ] } },
{ "type": "Feature", "properties": { "hex_id": "88446c3267fffff", "price_mean": 1.0555555555555556, "price_median": 1.0, "n": 9, "top_restaurants": "ChIJi67wFzy5QIYR2DVhyQtARPg|None;;ChIJI3FrXr-4QIYRxdxn9dHRbmU|$;;ChIJq6o2Wr-4QIYRGa-ysoH3jFw|$", "z_r": -0.44444444444444442, "qtile": 0.0 }, "geometry": { "type": "Polygon", "coordinates": [ [ [ -95.374226206116447, 29.788620313041093 ], [ -95.369320951740391, 29.791273048500184 ], [ -95.369540967812696, 29.796390757558736 ], [ -95.374666690269763, 29.798855878465812 ], [ -95.379572305980659, 29.796203076343971 ], [ -95.379351837890241, 29.791085219992212 ], [ -95.374226206116447, 29.788620313041093 ] ] ] } },
{ "type": "Feature", "properties": { "hex_id": "88446c3269fffff", "price_mean": 1.9, "price_median": 1.0, "n": 13, "top_restaurants": "ChIJF_U6i6u4QIYRn4Va6twNElo|$$;;ChIJtXJwZLK4QIYR0Yrg5LDDO7s|$$;;ChIJM61FbLK4QIYR9VFA1tRQ100|$$", "z_r": 0.4, "qtile": 2.0 }, "geometry": { "type": "Polygon", "coordinates": [ [ [ -95.383595230803735, 29.773077717326398 ], [ -95.378690551080297, 29.775731235524784 ], [ -95.378910960442667, 29.780849299502119 ], [ -95.384036501456066, 29.78331399247412 ], [ -95.388941542278914, 29.780660407452043 ], [ -95.388720680979588, 29.77554219629609 ], [ -95.383595230803735, 29.773077717326398 ] ] ] } },
{ "type": "Feature", "properties": { "hex_id": "88446c326bfffff", "price_mean": 2.311923076923077, "price_median": 2.0, "n": 13, "top_restaurants": "ChIJyU09Ja-4QIYRQLKsL8hfXug|$$;;ChIJxaAizt-5QIYRUxy82LKBH1s|$$;;ChIJfQFMwqi4QIYR6V2dxr9kEEs|$$", "z_r": 0.81192307692307697, "qtile": 3.0 }, "geometry": { "type": "Polygon", "coordinates": [ [ [ -95.388941542278914, 29.780660407452043 ], [ -95.384036501456066, 29.78331399247412 ], [ -95.384257166173299, 29.788432026329918 ], [ -95.38938332372166, 29.790896622275806 ], [ -95.394288725611077, 29.788242970415304 ], [ -95.394067608876199, 29.783124789461766 ], [ -95.388941542278914, 29.780660407452043 ] ] ] } },
{ "type": "Feature", "properties": { "hex_id": "88446c3281fffff", "price_mean": 2.0, "price_median": 2.0, "n": 1, "top_restaurants": "ChIJjVf3-hrHQIYRH9tV1exXPjw|None", "z_r": 0.5, "qtile": 2.0 }, "geometry": { "type": "Polygon", "coordinates": [ [ [ -95.437097593529444, 29.848898839907747 ], [ -95.432189304297168, 29.85155302700851 ], [ -95.432412270653558, 29.856670779534426 ], [ -95.437543978976493, 29.859134491342932 ], [ -95.442452628977193, 29.856480237270258 ], [ -95.442229209877254, 29.85136233837547 ], [ -95.437097593529444, 29.848898839907747 ] ] ] } },
{ "type": "Feature", "properties": { "hex_id": "88446c3287fffff", "price_mean": 1.3333333333333333, "price_median": 1.0, "n": 3, "top_restaurants": "ChIJS996Y3jIQIYRsi1W--bHM50|None;;ChIJ9R13i3jIQIYRJiP_qLORZ40|$;;ChIJd4UiYnjIQIYRpReYdAMNmao|None", "z_r": -0.16666666666666674, "qtile": 0.0 }, "geometry": { "type": "Polygon", "coordinates": [ [ [ -95.432412270653558, 29.856670779534426 ], [ -95.427503692900373, 29.859324574552197 ], [ -95.427726462593014, 29.86444214825568 ], [ -95.432858262813994, 29.866906073381973 ], [ -95.437767201453596, 29.864252211472518 ], [ -95.437543978976493, 29.859134491342932 ], [ -95.432412270653558, 29.856670779534426 ] ] ] } },
{ "type": "Feature", "properties": { "hex_id": "88446c3289fffff", "price_mean": 2.77, "price_median": 2.77, "n": 2, "top_restaurants": "ChIJvcOgrJjHQIYRJMczB9CMQ-w|€€;;ChIJCYh_ZjbGQIYRqWrFtNT4vkk|$10–20", "z_r": 1.27, "qtile": 3.0 }, "geometry": { "type": "Polygon", "coordinates": [ [ [ -95.441782431233435, 29.841126329759987 ], [ -95.436874430554241, 29.843780908763051 ], [ -95.437097593529444, 29.848898839907747 ], [ -95.442229209877254, 29.85136233837547 ], [ -95.447137571206866, 29.848707692320239 ], [ -95.446913955528984, 29.84358961486393 ], [ -95.441782431233435, 29.841126329759987 ] ] ] } },
{ "type": "Feature", "properties": { "hex_id": "88446c328bfffff", "price_mean": 1.42, "price_median": 1.42, "n": 2, "top_restaurants": "ChIJbTWUWCbGQIYRVgKi5bst8eA|$10–20;;ChIJT-hsUErHQIYRDQOcowTnArQ|None", "z_r": -0.08, "qtile": 1.0 }, "geometry": { "type": "Polygon", "coordinates": [ [ [ -95.447137571206866, 29.848707692320239 ], [ -95.442229209877254, 29.85136233837547 ], [ -95.442452628977193, 29.856480237270258 ], [ -95.447584862180804, 29.858943636354816 ], [ -95.452493584127453, 29.856288923232519 ], [ -95.452269712244217, 29.851170878107215 ], [ -95.447137571206866, 29.848707692320239 ] ] ] } },
{ "type": "Feature", "properties": { "hex_id": "88446c3295fffff", "price_mean": 1.6666666666666667, "price_median": 2.0, "n": 3, "top_restaurants": "ChIJ-fXsaCHJQIYR4KStrBqUp_E|None;;ChIJwSqSbZnJQIYRf4G8jx2d_ro|None;;ChIJGare7bstR4YRzWZvsuKCQnY|$", "z_r": 0.16666666666666674, "qtile": 1.0 }, "geometry": { "type": "Polygon", "coordinates": [ [ [ -95.447808537482146, 29.864061502772163 ], [ -95.442899526746373, 29.866715823831676 ], [ -95.443123005420873, 29.871833511337414 ], [ -95.448255947726778, 29.874297024004758 ], [ -95.453165319164171, 29.871642635943466 ], [ -95.452941387584787, 29.866524802231094 ], [ -95.447808537482146, 29.864061502772163 ] ] ] } },
{ "type": "Feature", "properties": { "hex_id": "88446c3299fffff", "price_mean": 1.0, "price_median": 1.0, "n": 2, "top_restaurants": "ChIJP3Yfhk_HQIYRID5YVnAd01g|None;;ChIJEZukQaDIQIYRD7pVILL7hv8|$", "z_r": -0.5, "qtile": 0.0 }, "geometry": { "type": "Polygon", "coordinates": [ [ [ -95.462535135540733, 29.856096837293542 ], [ -95.457626341949791, 29.85875200946008 ], [ -95.457850470115034, 29.863870022026809 ], [ -95.462983844765475, 29.866333008452475 ], [ -95.467892998788443, 29.863677769108826 ], [ -95.467668417719707, 29.858559610531117 ], [ -95.462535135540733, 29.856096837293542 ] ] ] } },
{ "type": "Feature", "properties": { "hex_id": "88446c329bfffff", "price_mean": 1.8, "price_median": 1.0, "n": 3, "top_restaurants": "ChIJaa9gHKzIQIYRn8G5IwCPQdc|$$;;ChIJN64DIqzIQIYRX6GZL8sIxPY|$;;ChIJd4X1oa7IQIYRru6vwQ_L2d8|None", "z_r": 0.3, "qtile": 2.0 }, "geometry": { "type": "Polygon", "coordinates": [ [ [ -95.467892998788443, 29.863677769108826 ], [ -95.462983844765475, 29.866333008452475 ], [ -95.463208229289378, 29.871450988233072 ], [ -95.468342220811095, 29.873913874614328 ], [ -95.473251735232481, 29.871258568078641 ], [ -95.473026897724509, 29.866140442368241 ], [ -95.467892998788443, 29.863677769108826 ] ] ] } },
{ "type": "Feature", "properties": { "hex_id": "88446c32a1fffff", "price_mean": 1.105, "price_median": 1.0, "n": 8, "top_restaurants": "ChIJDbl6nArIQIYRPYAhhGsf3i4|$10–20;;ChIJ74BMjhPJQIYR221Z1lAO7MQ|None;;ChIJnZBzteHHQIYR3uU9pJzSahk|$", "z_r": -0.395, "qtile": 0.0 }, "geometry": { "type": "Polygon", "coordinates": [ [ [ -95.412333346739317, 29.857049549253464 ], [ -95.407424914385729, 29.859702426145976 ], [ -95.407646778629001, 29.864819706582374 ], [ -95.412777527921236, 29.867284256843401 ], [ -95.417686321463748, 29.864631313249596 ], [ -95.41746400451575, 29.85951388611052 ], [ -95.412333346739317, 29.857049549253464 ] ] ] } },
{ "type": "Feature", "properties": { "hex_id": "88446c32a3fffff", "price_mean": 2.4666666666666668, "price_median": 3.0, "n": 3, "top_restaurants": "ChIJcxDiKADJQIYR_dYFNswoFVM|$$;;ChIJ5ddYZcLJQIYRY-J8QX8GIDQ|$20–30;;ChIJc5YXZAvIQIYR6K6OsIalwr4|$", "z_r": 0.96666666666666679, "qtile": 3.0 }, "geometry": { "type": "Polygon", "coordinates": [ [ [ -95.417686321463748, 29.864631313249596 ], [ -95.412777527921236, 29.867284256843401 ], [ -95.412999648119737, 29.872401504899255 ], [ -95.418131014636927, 29.874865955997361 ], [ -95.423040169335167, 29.872212945687306 ], [ -95.42281759635118, 29.867095551009868 ], [ -95.417686321463748, 29.864631313249596 ] ] ] } },
{ "type": "Feature", "properties": { "hex_id": "88446c32a5fffff", "price_mean": 1.34, "price_median": 1.0, "n": 12, "top_restaurants": "ChIJ8U5j5wLHQIYRnHaVYG6Ek50|$$;;ChIJ_zR7ZznHQIYRxzZfe0m1mrE|$10–20;;ChIJq-wti7THQIYRRTIKU6E9-Lo|$10–20", "z_r": -0.16, "qtile": 0.0 }, "geometry": { "type": "Polygon", "coordinates": [ [ [ -95.402294782274879, 29.85723777696445 ], [ -95.3973864230732, 29.859890194786786 ], [ -95.397607834651708, 29.86500732838228 ], [ -95.40273805808728, 29.867472191010791 ], [ -95.407646778629001, 29.864819706582374 ], [ -95.407424914385729, 29.859702426145976 ], [ -95.402294782274879, 29.85723777696445 ] ] ] } },
{ "type": "Feature", "properties": { "hex_id": "88446c32a7fffff", "price_mean": 1.45, "price_median": 1.0, "n": 16, "top_restaurants": "ChIJ16jX7DTJQIYRwl8lKqAP6KE|$$;;ChIJB3MJyILJQIYRa00wxSpvm70|$$;;ChIJC335KjPJQIYRVVVvsfXE3Cc|$$", "z_r": -0.05, "qtile": 1.0 }, "geometry": { "type": "Polygon", "coordinates": [ [ [ -95.407646778629001, 29.864819706582374 ], [ -95.40273805808728, 29.867472191010791 ], [ -95.402959725540256, 29.872589292306806 ], [ -95.408090566271127, 29.875054055948702 ], [ -95.412999648119737, 29.872401504899255 ], [ -95.412777527921236, 29.867284256843401 ], [ -95.407646778629001, 29.864819706582374 ] ] ] } },
{ "type": "Feature", "properties": { "hex_id": "88446c32b1fffff", "price_mean": 1.0, "price_median": 1.0, "n": 1, "top_restaurants": "ChIJL5tic4jIQIYRI7eSar_M6vg|$", "z_r": -0.5, "qtile": 0.0 }, "geometry": { "type": "Polygon", "coordinates": [ [ [ -95.433081288623342, 29.872023614542726 ], [ -95.42817206137704, 29.874677084108349 ], [ -95.428394890473712, 29.879794446096703 ], [ -95.433527399713469, 29.882258484936077 ], [ -95.438436987930928, 29.879604948544028 ], [ -95.438213705928163, 29.874487440153494 ], [ -95.433081288623342, 29.872023614542726 ] ] ] } },
{ "type": "Feature", "properties": { "hex_id": "88446c32b5fffff", "price_mean": 2.06, "price_median": 1.92, "n": 4, "top_restaurants": "ChIJfbl2Zm7IQIYRmdC4DZitbwk|$$;;ChIJVTfLs3zJQIYRybQxFMpiNuw|None;;ChIJmbRBT4FGQYYRT6Lf7-if7Lg|$10–20", "z_r": 0.56, "qtile": 2.0 }, "geometry": { "type": "Polygon", "coordinates": [ [ [ -95.423040169335167, 29.872212945687306 ], [ -95.418131014636927, 29.874865955997361 ], [ -95.418353390867352, 29.879983171445232 ], [ -95.423485374652969, 29.882447523137991 ], [ -95.428394890473712, 29.879794446096703 ], [ -95.42817206137704, 29.874677084108349 ], [ -95.423040169335167, 29.872212945687306 ] ] ] } },
{ "type": "Feature", "properties": { "hex_id": "88446c32b9fffff", "price_mean": 1.0, "price_median": 1.0, "n": 1, "top_restaurants": "ChIJL4PVbZLJQIYRL7i-DJd-cyg|None", "z_r": -0.5, "qtile": 0.0 }, "geometry": { "type": "Polygon", "coordinates": [ [ [ -95.437767201453596, 29.864252211472518 ], [ -95.432858262813994, 29.866906073381973 ], [ -95.433081288623342, 29.872023614542726 ], [ -95.438213705928163, 29.874487440153494 ], [ -95.443123005420873, 29.871833511337414 ], [ -95.442899526746373, 29.866715823831676 ], [ -95.437767201453596, 29.864252211472518 ] ] ] } },
{ "type": "Feature", "properties": { "hex_id": "88446c32bdfffff", "price_mean": 2.68, "price_median": 3.4, "n": 3, "top_restaurants": "ChIJI3bs-0_JQIYREHNFCc5RIqc|$20–30;;ChIJlehABDPJQIYRvDqp4IkRXgo|$$;;ChIJaSRvvEjIQIYR9L7o1ugKhzs|None", "z_r": 1.18, "qtile": 3.0 }, "geometry": { "type": "Polygon", "coordinates": [ [ [ -95.427726462593014, 29.86444214825568 ], [ -95.42281759635118, 29.867095551009868 ], [ -95.423040169335167, 29.872212945687306 ], [ -95.42817206137704, 29.874677084108349 ], [ -95.433081288623342, 29.872023614542726 ], [ -95.432858262813994, 29.866906073381973 ], [ -95.427726462593014, 29.86444214825568 ] ] ] } },
{ "type": "Feature", "properties": { "hex_id": "88446c32c5fffff", "price_mean": 2.1120028409090907, "price_median": 1.6720170454545455, "n": 12, "top_restaurants": "ChIJVRatzWTHQIYRHdugnHtShzo|$$;;ChIJrfr_A7LHQIYR6y1JzhoKaaA|$$;;ChIJSfl_QFHHQIYR_d0nlZCVWlo|$$", "z_r": 0.61200284090909074, "qtile": 3.0 }, "geometry": { "type": "Polygon", "coordinates": [ [ [ -95.431074769648518, 29.825963211575452 ], [ -95.426167490370219, 29.828617656518816 ], [ -95.426390141325825, 29.833735651480751 ], [ -95.43152052409188, 29.836199347987524 ], [ -95.436428164087275, 29.833544836021737 ], [ -95.43620506059024, 29.828426694586064 ], [ -95.431074769648518, 29.825963211575452 ] ] ] } },
{ "type": "Feature", "properties": { "hex_id": "88446c32cbfffff", "price_mean": 1.0, "price_median": 1.0, "n": 2, "top_restaurants": "ChIJZdSMBETGQIYRk0IQ70NQARg|$;;ChIJdfT-J0TGQIYRmtRXRFVI_Nk|$", "z_r": -0.5, "qtile": 0.0 }, "geometry": { "type": "Polygon", "coordinates": [ [ [ -95.451150651176533, 29.825579599439187 ], [ -95.446243227700009, 29.828234961704538 ], [ -95.446466783778206, 29.833353249475607 ], [ -95.451598215944486, 29.835816321192794 ], [ -95.4565059998355, 29.833160891714755 ], [ -95.456281991136493, 29.828042457746683 ], [ -95.451150651176533, 29.825579599439187 ] ] ] } },
{ "type": "Feature", "properties": { "hex_id": "88446c32cdfffff", "price_mean": 3.4, "price_median": 3.4, "n": 1, "top_restaurants": "ChIJa5MqFWLHQIYRXlTBe5cM5R4|$$", "z_r": 1.9, "qtile": 3.0 }, "geometry": { "type": "Polygon", "coordinates": [ [ [ -95.435758913055906, 29.818190201987068 ], [ -95.43085192212699, 29.820845038491402 ], [ -95.431074769648518, 29.825963211575452 ], [ -95.43620506059024, 29.828426694586064 ], [ -95.441112412118315, 29.825771790979012 ], [ -95.440889112096229, 29.820653471478526 ], [ -95.435758913055906, 29.818190201987068 ] ] ] } },
{ "type": "Feature", "properties": { "hex_id": "88446c32d1fffff", "price_mean": 1.4, "price_median": 1.0, "n": 6, "top_restaurants": "ChIJKxTOTO7HQIYRbEwgP8Nx0a4|$$;;ChIJUQOLDNnHQIYR-4I2IEH5ndk|None;;ChIJC-bdiGPHQIYRMt_N88LFx-A|None", "z_r": -0.1, "qtile": 1.0 }, "geometry": { "type": "Polygon", "coordinates": [ [ [ -95.461862221221466, 29.840742052767752 ], [ -95.456954076949415, 29.843397549473337 ], [ -95.457178145369639, 29.848515773102871 ], [ -95.46231081083458, 29.850978646076122 ], [ -95.467219315454145, 29.848323082128129 ], [ -95.466994794252003, 29.84320471246378 ], [ -95.461862221221466, 29.840742052767752 ] ] ] } },
{ "type": "Feature", "properties": { "hex_id": "88446c32d9fffff", "price_mean": 1.0, "price_median": 1.0, "n": 1, "top_restaurants": "ChIJBakGRRfHQIYRm-GONWGF_Hk|None", "z_r": -0.5, "qtile": 0.0 }, "geometry": { "type": "Polygon", "coordinates": [ [ [ -95.466545811695795, 29.832967762611791 ], [ -95.461637956309204, 29.835623650837746 ], [ -95.461862221221466, 29.840742052767752 ], [ -95.466994794252003, 29.84320471246378 ], [ -95.471903009868129, 29.840548756915176 ], [ -95.471678292214946, 29.835430209007701 ], [ -95.466545811695795, 29.832967762611791 ] ] ] } },
{ "type": "Feature", "properties": { "hex_id": "88446c32dbfffff", "price_mean": 1.32, "price_median": 1.0, "n": 15, "top_restaurants": "ChIJn8Ci-gvGQIYR83B1S8486wE|$$;;ChIJj84O4wvGQIYRfhOmVnxg93U|$$;;ChIJR9OOTQnGQIYRc6qK8Fr5zVU|$", "z_r": -0.18, "qtile": 0.0 }, "geometry": { "type": "Polygon", "coordinates": [ [ [ -95.471903009868129, 29.840548756915176 ], [ -95.466994794252003, 29.84320471246378 ], [ -95.467219315454145, 29.848323082128129 ], [ -95.472352505084586, 29.85078564215473 ], [ -95.477261080896625, 29.848129619268622 ], [ -95.477036106873072, 29.843011103707919 ], [ -95.471903009868129, 29.840548756915176 ] ] ] } },
{ "type": "Feature", "properties": { "hex_id": "88446c32ddfffff", "price_mean": 1.0, "price_median": 1.0, "n": 2, "top_restaurants": "ChIJObHn0GnHQIYRHtjyisWPQho|None;;ChIJFdTm7RTHQIYRUfJruxy1NCw|None", "z_r": -0.5, "qtile": 0.0 }, "geometry": { "type": "Polygon", "coordinates": [ [ [ -95.4565059998355, 29.833160891714755 ], [ -95.451598215944486, 29.835816321192794 ], [ -95.451822028155391, 29.840934577006884 ], [ -95.456954076949415, 29.843397549473337 ], [ -95.461862221221466, 29.840742052767752 ], [ -95.461637956309204, 29.835623650837746 ], [ -95.4565059998355, 29.833160891714755 ] ] ] } },
{ "type": "Feature", "properties": { "hex_id": "88446c32e1fffff", "price_mean": 1.28, "price_median": 1.0, "n": 3, "top_restaurants": "ChIJZyhBvMDHQIYRpbJgikPR8Wo|$10–20;;ChIJtcDtbADHQIYRQYq6AhGhpoA|None;;ChIJw87pwZXHQIYRiTA2--rOcfA|None", "z_r": -0.22, "qtile": 0.0 }, "geometry": { "type": "Polygon", "coordinates": [ [ [ -95.416352716056764, 29.833925695980369 ], [ -95.411445221162467, 29.836579290412615 ], [ -95.411667222964866, 29.841696960379373 ], [ -95.416797172194677, 29.844161182597635 ], [ -95.421705028075138, 29.841507521318441 ], [ -95.421482573730316, 29.836389704682382 ], [ -95.416352716056764, 29.833925695980369 ] ] ] } },
{ "type": "Feature", "properties": { "hex_id": "88446c32e5fffff", "price_mean": 1.8241176470588236, "price_median": 1.84, "n": 6, "top_restaurants": "ChIJc1YF6vLHQIYRFtA-OSPyA7g|$$;;ChIJX8ZHu5THQIYRiIBSytXUn1I|$10–20;;ChIJg90w1yTHQIYRNZqBS2qVNbI|$10–20", "z_r": 0.32411764705882362, "qtile": 2.0 }, "geometry": { "type": "Polygon", "coordinates": [ [ [ -95.406315888842798, 29.834114969648471 ], [ -95.40140846695094, 29.836768105306213 ], [ -95.401630016250849, 29.841885628465398 ], [ -95.406759439935783, 29.844350162788857 ], [ -95.411667222964866, 29.841696960379373 ], [ -95.411445221162467, 29.836579290412615 ], [ -95.406315888842798, 29.834114969648471 ] ] ] } },
{ "type": "Feature", "properties": { "hex_id": "88446c32e7fffff", "price_mean": 1.85, "price_median": 1.5, "n": 4, "top_restaurants": "ChIJW_dEbenHQIYRIvft9Xh3Zjc|$$;;ChIJgVsLm-jHQIYRi1OekZOUokE|None;;ChIJd7Cf45jHQIYRxEMqIQewVMs|None", "z_r": 0.35, "qtile": 2.0 }, "geometry": { "type": "Polygon", "coordinates": [ [ [ -95.411667222964866, 29.841696960379373 ], [ -95.406759439935783, 29.844350162788857 ], [ -95.406981245041749, 29.849467654168787 ], [ -95.412111285750683, 29.851932089880229 ], [ -95.417019429883865, 29.849278820704111 ], [ -95.416797172194677, 29.844161182597635 ], [ -95.411667222964866, 29.841696960379373 ] ] ] } },
{ "type": "Feature", "properties": { "hex_id": "88446c32e9fffff", "price_mean": 1.0, "price_median": 1.0, "n": 1, "top_restaurants": "ChIJofLfHADHQIYR7r3iNHURWzM|None", "z_r": -0.5, "qtile": 0.0 }, "geometry": { "type": "Polygon", "coordinates": [ [ [ -95.421037724330034, 29.826153861356115 ], [ -95.416130517602781, 29.828807847630493 ], [ -95.416352716056764, 29.833925695980369 ], [ -95.421482573730316, 29.836389704682382 ], [ -95.426390141325825, 29.833735651480751 ], [ -95.426167490370219, 29.828617656518816 ], [ -95.421037724330034, 29.826153861356115 ] ] ] } },
{ "type": "Feature", "properties": { "hex_id": "88446c32ebfffff", "price_mean": 1.0, "price_median": 1.0, "n": 2, "top_restaurants": "ChIJh7VE2cnHQIYRshSWz94DHL4|$;;ChIJ4414NbPHQIYRXOipHYqzqCU|$", "z_r": -0.5, "qtile": 0.0 }, "geometry": { "type": "Polygon", "coordinates": [ [ [ -95.426390141325825, 29.833735651480751 ], [ -95.421482573730316, 29.836389704682382 ], [ -95.421705028075138, 29.841507521318441 ], [ -95.426835502588446, 29.84397143129835 ], [ -95.431743431018973, 29.841317311154597 ], [ -95.43152052409188, 29.836199347987524 ], [ -95.426390141325825, 29.833735651480751 ] ] ] } },
{ "type": "Feature", "properties": { "hex_id": "88446c32edfffff", "price_mean": 1.81, "price_median": 1.42, "n": 4, "top_restaurants": "ChIJTz0COpfHQIYRywl5kDGnThY|$$;;ChIJ6fL4BfXHQIYRseIAdZ5JGls|$10–20;;ChIJdXnGgZe4QIYRNWXO6x5xNJQ|$", "z_r": 0.31, "qtile": 2.0 }, "geometry": { "type": "Polygon", "coordinates": [ [ [ -95.411001276725528, 29.826343740448735 ], [ -95.406094142850534, 29.828997268048916 ], [ -95.406315888842798, 29.834114969648471 ], [ -95.411445221162467, 29.836579290412615 ], [ -95.416352716056764, 29.833925695980369 ], [ -95.416130517602781, 29.828807847630493 ], [ -95.411001276725528, 29.826343740448735 ] ] ] } },
{ "type": "Feature", "properties": { "hex_id": "88446c3301fffff", "price_mean": 1.42, "price_median": 1.42, "n": 2, "top_restaurants": "ChIJD5CbHBW5QIYRSjbVQS1LyBA|$10–20;;ChIJKXRM94i5QIYRZr6BCzV7G-M|None", "z_r": -0.08, "qtile": 1.0 }, "geometry": { "type": "Polygon", "coordinates": [ [ [ -95.329421623577815, 29.797133791520061 ], [ -95.324516381158176, 29.799784302077533 ], [ -95.324734392687091, 29.804901242588532 ], [ -95.329858098523303, 29.80736782045906 ], [ -95.334763702996739, 29.804717243700452 ], [ -95.334545239570701, 29.799600155286836 ], [ -95.329421623577815, 29.797133791520061 ] ] ] } },
{ "type": "Feature", "properties": { "hex_id": "88446c3305fffff", "price_mean": 1.9714285714285715, "price_median": 2.0, "n": 7, "top_restaurants": "ChIJrYeiUwC5QIYRdsKjfgb0KDc|$$;;ChIJKbL90b-5QIYRWiKrv5hGKFg|$$;;ChIJM5JeEWe5QIYRMUIjT4OEVks|None", "z_r": 0.47142857142857153, "qtile": 2.0 }, "geometry": { "type": "Polygon", "coordinates": [ [ [ -95.3193932924314, 29.797317627929353 ], [ -95.314488125571316, 29.799967680160183 ], [ -95.314705685243666, 29.805084472630615 ], [ -95.319828863623144, 29.80755136092516 ], [ -95.324734392687091, 29.804901242588532 ], [ -95.324516381158176, 29.799784302077533 ], [ -95.3193932924314, 29.797317627929353 ] ] ] } },
{ "type": "Feature", "properties": { "hex_id": "88446c3307fffff", "price_mean": 2.2, "price_median": 2.2, "n": 2, "top_restaurants": "ChIJB-ls4Ae5QIYRyobh5JspGiY|$$;;ChIJffF_Oo25QIYRN0NAqiHEGXc|None", "z_r": 0.7, "qtile": 3.0 }, "geometry": { "type": "Polygon", "coordinates": [ [ [ -95.324734392687091, 29.804901242588532 ], [ -95.319828863623144, 29.80755136092516 ], [ -95.320046678233439, 29.812668123238566 ], [ -95.325170473835669, 29.815134915189489 ], [ -95.330076365071093, 29.81248473073223 ], [ -95.329858098523303, 29.80736782045906 ], [ -95.324734392687091, 29.804901242588532 ] ] ] } },
{ "type": "Feature", "properties": { "hex_id": "88446c3309fffff", "price_mean": 2.2, "price_median": 2.2, "n": 2, "top_restaurants": "ChIJU4q-VDy5QIYRgEh9PCdK5QA|$$;;ChIJQQcDqz25QIYRVNj6e3yrYQM|$", "z_r": 0.7, "qtile": 3.0 }, "geometry": { "type": "Polygon", "coordinates": [ [ [ -95.334108370917718, 29.78936577041711 ], [ -95.329203415174973, 29.792016673015116 ], [ -95.329421623577815, 29.797133791520061 ], [ -95.334545239570701, 29.799600155286836 ], [ -95.339450557249563, 29.79694918640719 ], [ -95.339231896989958, 29.791831920056786 ], [ -95.334108370917718, 29.78936577041711 ] ] ] } },
{ "type": "Feature", "properties": { "hex_id": "88446c330bfffff", "price_mean": 1.0, "price_median": 1.0, "n": 2, "top_restaurants": "ChIJCcoVLau5QIYRwUjHDopEwZE|None;;ChIJaYYD-hC5QIYRW4CfQM-ciAo|None", "z_r": -0.5, "qtile": 0.0 }, "geometry": { "type": "Polygon", "coordinates": [ [ [ -95.339450557249563, 29.79694918640719 ], [ -95.334545239570701, 29.799600155286836 ], [ -95.334763702996739, 29.804717243700452 ], [ -95.339887936029854, 29.807183511013438 ], [ -95.34479361561236, 29.804532475837345 ], [ -95.344574700248657, 29.799415239659091 ], [ -95.339450557249563, 29.79694918640719 ] ] ] } },
{ "type": "Feature", "properties": { "hex_id": "88446c3313fffff", "price_mean": 1.0, "price_median": 1.0, "n": 4, "top_restaurants": "ChIJ0VoGNhm5QIYRPc4iTP1jxtY|None;;ChIJP6Xmniy5QIYRjWMvldQTgiw|None;;ChIJFZGvcgC5QIYRz-EfYpu8ZJQ|None", "z_r": -0.5, "qtile": 0.0 }, "geometry": { "type": "Polygon", "coordinates": [ [ [ -95.355482348913114, 29.819698673139957 ], [ -95.350575945621017, 29.82234984095345 ], [ -95.350795174576177, 29.827466837729169 ], [ -95.355921258994229, 29.829932814227853 ], [ -95.3608280240922, 29.827281580073368 ], [ -95.360608342956795, 29.822164435775605 ], [ -95.355482348913114, 29.819698673139957 ] ] ] } },
{ "type": "Feature", "properties": { "hex_id": "88446c3315fffff", "price_mean": 1.0, "price_median": 1.0, "n": 2, "top_restaurants": "ChIJa_9b2Ke5QIYRpJnsyj0d_IA|$;;ChIJsVlqEui5QIYRk_-kzdu0f-w|$1–10", "z_r": -0.5, "qtile": 0.0 }, "geometry": { "type": "Polygon", "coordinates": [ [ [ -95.340106654555697, 29.81230056910842 ], [ -95.335200688060922, 29.814951212082981 ], [ -95.33541920970417, 29.820068091891024 ], [ -95.340544149891699, 29.822534476479859 ], [ -95.345450478375298, 29.81988376727449 ], [ -95.34523150467308, 29.814766739725474 ], [ -95.340106654555697, 29.81230056910842 ] ] ] } },
{ "type": "Feature", "properties": { "hex_id": "88446c3317fffff", "price_mean": 1.0, "price_median": 1.0, "n": 1, "top_restaurants": "ChIJvUpmQKi5QIYRiaaCxR_idnQ|$", "z_r": -0.5, "qtile": 0.0 }, "geometry": { "type": "Polygon", "coordinates": [ [ [ -95.345450478375298, 29.81988376727449 ], [ -95.340544149891699, 29.822534476479859 ], [ -95.340762926707001, 29.82765132559549 ], [ -95.34588848413631, 29.830117613180224 ], [ -95.350795174576177, 29.827466837729169 ], [ -95.350575945621017, 29.82234984095345 ], [ -95.345450478375298, 29.81988376727449 ] ] ] } },
{ "type": "Feature", "properties": { "hex_id": "88446c3319fffff", "price_mean": 1.92, "price_median": 1.92, "n": 2, "top_restaurants": "ChIJIwk0tgK5QIYRb02VwnBswZw|None;;ChIJtSlzKyq5QIYR7z4GuZ5sGHQ|$10–20", "z_r": 0.42, "qtile": 2.0 }, "geometry": { "type": "Polygon", "coordinates": [ [ [ -95.35482412997338, 29.80434693887031 ], [ -95.349918375582334, 29.806998432459331 ], [ -95.350137546126689, 29.812115638238105 ], [ -95.355262923111539, 29.814581497988009 ], [ -95.360169039223337, 29.811929937992417 ], [ -95.359949416620097, 29.806812584667892 ], [ -95.35482412997338, 29.80434693887031 ] ] ] } },
{ "type": "Feature", "properties": { "hex_id": "88446c331bfffff", "price_mean": 1.25, "price_median": 1.0, "n": 4, "top_restaurants": "ChIJeVf4L_-5QIYR_1hWVwR-G5A|None;;ChIJq3aTwfm4QIYRIUjEOAHWHaU|$;;ChIJ9zPSDkS5QIYRtTEfiJUe0vM|$", "z_r": -0.25, "qtile": 0.0 }, "geometry": { "type": "Polygon", "coordinates": [ [ [ -95.360169039223337, 29.811929937992417 ], [ -95.355262923111539, 29.814581497988009 ], [ -95.355482348913114, 29.819698673139957 ], [ -95.360608342956795, 29.822164435775605 ], [ -95.365514820756673, 29.819512809358606 ], [ -95.365294942815368, 29.814395486741773 ], [ -95.360169039223337, 29.811929937992417 ] ] ] } },
{ "type": "Feature", "properties": { "hex_id": "88446c331dfffff", "price_mean": 2.0, "price_median": 2.0, "n": 1, "top_restaurants": "ChIJFf4n9QW5QIYR6ZpG-a4k1Z8|None", "z_r": 0.5, "qtile": 2.0 }, "geometry": { "type": "Polygon", "coordinates": [ [ [ -95.34479361561236, 29.804532475837345 ], [ -95.339887936029854, 29.807183511013438 ], [ -95.340106654555697, 29.81230056910842 ], [ -95.34523150467308, 29.814766739725474 ], [ -95.350137546126689, 29.812115638238105 ], [ -95.349918375582334, 29.806998432459331 ], [ -95.34479361561236, 29.804532475837345 ] ] ] } },
{ "type": "Feature", "properties": { "hex_id": "88446c3321fffff", "price_mean": 1.2, "price_median": 1.0, "n": 5, "top_restaurants": "ChIJkacBCAC7QIYRqq0piVs4MDs|None;;ChIJw_gRYKO7QIYRMxS8w8630zU|None;;ChIJ-9_K5dq7QIYRDnfp9Wbi5xQ|$", "z_r": -0.3, "qtile": 0.0 }, "geometry": { "type": "Polygon", "coordinates": [ [ [ -95.304677581226557, 29.805266933955913 ], [ -95.299772203882682, 29.807916135435519 ], [ -95.299989114739887, 29.81303260141566 ], [ -95.305111854787626, 29.81550001416613 ], [ -95.310017594602996, 29.812850746756602 ], [ -95.309800231889596, 29.807734132540883 ], [ -95.304677581226557, 29.805266933955913 ] ] ] } },
{ "type": "Feature", "properties": { "hex_id": "88446c3327fffff", "price_mean": 2.2, "price_median": 2.2, "n": 2, "top_restaurants": "ChIJuzjO_dK7QIYRoC5bCd9m388|$$;;ChIJPcFNQLa7QIYR8Rx3h0Can4c|None", "z_r": 0.7, "qtile": 3.0 }, "geometry": { "type": "Polygon", "coordinates": [ [ [ -95.299989114739887, 29.81303260141566 ], [ -95.295083451085091, 29.81568141029495 ], [ -95.295300164898421, 29.820797697759748 ], [ -95.300422994253438, 29.823265324652262 ], [ -95.30532902049741, 29.820616449923577 ], [ -95.305111854787626, 29.81550001416613 ], [ -95.299989114739887, 29.81303260141566 ] ] ] } },
{ "type": "Feature", "properties": { "hex_id": "88446c3329fffff", "price_mean": 1.0, "price_median": 1.0, "n": 1, "top_restaurants": "ChIJ35J3g9-7QIYR8OSPRQecMFY|$", "z_r": -0.5, "qtile": 0.0 }, "geometry": { "type": "Polygon", "coordinates": [ [ [ -95.309365564370353, 29.797500695764125 ], [ -95.304460473370142, 29.800150289663947 ], [ -95.304677581226557, 29.805266933955913 ], [ -95.309800231889596, 29.807734132540883 ], [ -95.314705685243666, 29.805084472630615 ], [ -95.314488125571316, 29.799967680160183 ], [ -95.309365564370353, 29.797500695764125 ] ] ] } },
{ "type": "Feature", "properties": { "hex_id": "88446c332bfffff", "price_mean": 1.68, "price_median": 1.0, "n": 5, "top_restaurants": "ChIJrSySaWy5QIYRdn47YgDrPGg|$$;;ChIJ50LegaO5QIYRhHd7L-BFQHI|None;;ChIJ_fbjkfq5QIYRMoXmZE99vRI|$1–10", "z_r": 0.18, "qtile": 1.0 }, "geometry": { "type": "Polygon", "coordinates": [ [ [ -95.314705685243666, 29.805084472630615 ], [ -95.309800231889596, 29.807734132540883 ], [ -95.310017594602996, 29.812850746756602 ], [ -95.31514086255784, 29.815317849174122 ], [ -95.320046678233439, 29.812668123238566 ], [ -95.319828863623144, 29.80755136092516 ], [ -95.314705685243666, 29.805084472630615 ] ] ] } },
{ "type": "Feature", "properties": { "hex_id": "88446c3333fffff", "price_mean": 2.0, "price_median": 2.0, "n": 1, "top_restaurants": "ChIJY88SgDq5QIYR2fZP_f840d8|None", "z_r": 0.5, "qtile": 2.0 }, "geometry": { "type": "Polygon", "coordinates": [ [ [ -95.33073128104563, 29.827835043801326 ], [ -95.325824740824061, 29.830484901832026 ], [ -95.326042868567939, 29.835601424455529 ], [ -95.331167988663694, 29.838068236917898 ], [ -95.336074891109618, 29.835418312817286 ], [ -95.335856311225939, 29.830301642338597 ], [ -95.33073128104563, 29.827835043801326 ] ] ] } },
{ "type": "Feature", "properties": { "hex_id": "88446c3335fffff", "price_mean": 1.6666666666666667, "price_median": 2.0, "n": 3, "top_restaurants": "ChIJ5VQLTy25QIYRfS96oXj_oxw|None;;ChIJEZxKBqm5QIYRfISmM8LyzzY|None;;ChIJcypY_oK5QIYR4p3St5H1pIY|$", "z_r": 0.16666666666666674, "qtile": 1.0 }, "geometry": { "type": "Polygon", "coordinates": [ [ [ -95.315358480204807, 29.820434433086348 ], [ -95.310452377950199, 29.823083766440647 ], [ -95.310669798589132, 29.828200171748183 ], [ -95.315793773491322, 29.830667391789746 ], [ -95.320700238152824, 29.82801799247579 ], [ -95.320482365495707, 29.822901439094284 ], [ -95.315358480204807, 29.820434433086348 ] ] ] } },
{ "type": "Feature", "properties": { "hex_id": "88446c3337fffff", "price_mean": 2.2, "price_median": 2.2, "n": 4, "top_restaurants": "ChIJ7-kwkjq5QIYRpQbY3Pr5OG0|$$;;ChIJd0_odIW5QIYR6CDT91B_z94|$$;;ChIJ30h38D25QIYRApPrXj8kf6A|$", "z_r": 0.7, "qtile": 3.0 }, "geometry": { "type": "Polygon", "coordinates": [ [ [ -95.320700238152824, 29.82801799247579 ], [ -95.315793773491322, 29.830667391789746 ], [ -95.316011449136013, 29.835783766420125 ], [ -95.321136041531901, 29.838250889744049 ], [ -95.326042868567939, 29.835601424455529 ], [ -95.325824740824061, 29.830484901832026 ], [ -95.320700238152824, 29.82801799247579 ] ] ] } },
{ "type": "Feature", "properties": { "hex_id": "88446c3339fffff", "price_mean": 2.0, "price_median": 2.0, "n": 1, "top_restaurants": "ChIJocqMiwS5QIYRRYfnevzX4dU|None", "z_r": 0.5, "qtile": 2.0 }, "geometry": { "type": "Polygon", "coordinates": [ [ [ -95.330076365071093, 29.81248473073223 ], [ -95.325170473835669, 29.815134915189489 ], [ -95.325388543460491, 29.820251647118603 ], [ -95.330512956329684, 29.822718342483782 ], [ -95.33541920970417, 29.820068091891024 ], [ -95.335200688060922, 29.814951212082981 ], [ -95.330076365071093, 29.81248473073223 ] ] ] } },
{ "type": "Feature", "properties": { "hex_id": "88446c333bfffff", "price_mean": 1.0, "price_median": 1.0, "n": 1, "top_restaurants": "ChIJ-S5mvBq5QIYRsEND3LewAno|$", "z_r": -0.5, "qtile": 0.0 }, "geometry": { "type": "Polygon", "coordinates": [ [ [ -95.33541920970417, 29.820068091891024 ], [ -95.330512956329684, 29.822718342483782 ], [ -95.33073128104563, 29.827835043801326 ], [ -95.335856311225939, 29.830301642338597 ], [ -95.340762926707001, 29.82765132559549 ], [ -95.340544149891699, 29.822534476479859 ], [ -95.33541920970417, 29.820068091891024 ] ] ] } },
{ "type": "Feature", "properties": { "hex_id": "88446c333dfffff", "price_mean": 1.0, "price_median": 1.0, "n": 1, "top_restaurants": "ChIJj-nJjnW5QIYRARUxptCWSWM|None", "z_r": -0.5, "qtile": 0.0 }, "geometry": { "type": "Polygon", "coordinates": [ [ [ -95.320046678233439, 29.812668123238566 ], [ -95.31514086255784, 29.815317849174122 ], [ -95.315358480204807, 29.820434433086348 ], [ -95.320482365495707, 29.822901439094284 ], [ -95.325388543460491, 29.820251647118603 ], [ -95.325170473835669, 29.815134915189489 ], [ -95.320046678233439, 29.812668123238566 ] ] ] } },
{ "type": "Feature", "properties": { "hex_id": "88446c3341fffff", "price_mean": 1.0, "price_median": 1.0, "n": 1, "top_restaurants": "ChIJK3c4zTa5QIYRBSoAvDyNTwU|$", "z_r": -0.5, "qtile": 0.0 }, "geometry": { "type": "Polygon", "coordinates": [ [ [ -95.33345321339749, 29.774013674213098 ], [ -95.328548906215175, 29.776664902323848 ], [ -95.328767056496233, 29.781782228336546 ], [ -95.333889965685657, 29.784248474121899 ], [ -95.338794634718909, 29.781597179663748 ], [ -95.338576032702321, 29.776479705782023 ], [ -95.33345321339749, 29.774013674213098 ] ] ] } },
{ "type": "Feature", "properties": { "hex_id": "88446c3343fffff", "price_mean": 1.7333333333333334, "price_median": 1.5, "n": 6, "top_restaurants": "ChIJc1YU2S-5QIYRUv2R8o0pzXQ|$$;;ChIJ9weQmGO5QIYR1d4TsF7YePg|None;;ChIJXfwsxS25QIYRbWebcPjwfEw|None", "z_r": 0.23333333333333339, "qtile": 2.0 }, "geometry": { "type": "Polygon", "coordinates": [ [ [ -95.338794634718909, 29.781597179663748 ], [ -95.333889965685657, 29.784248474121899 ], [ -95.334108370917718, 29.78936577041711 ], [ -95.339231896989958, 29.791831920056786 ], [ -95.344136927841689, 29.78918055923647 ], [ -95.343918070793237, 29.784063115153014 ], [ -95.338794634718909, 29.781597179663748 ] ] ] } },
{ "type": "Feature", "properties": { "hex_id": "88446c3345fffff", "price_mean": 3.64, "price_median": 3.64, "n": 1, "top_restaurants": "ChIJmyKpTEu5QIYRQiMk9rdblHg|$20–30", "z_r": 2.14, "qtile": 3.0 }, "geometry": { "type": "Polygon", "coordinates": [ [ [ -95.32342661386447, 29.774198560634908 ], [ -95.31852238209126, 29.776849330713954 ], [ -95.318740080677287, 29.78196650871967 ], [ -95.323862462722062, 29.784433064667688 ], [ -95.328767056496233, 29.781782228336546 ], [ -95.328548906215175, 29.776664902323848 ], [ -95.32342661386447, 29.774198560634908 ] ] ] } },
{ "type": "Feature", "properties": { "hex_id": "88446c3347fffff", "price_mean": 1.0, "price_median": 1.0, "n": 1, "top_restaurants": "ChIJR6jjOIm5QIYRSSBMp4hdIYk|None", "z_r": -0.5, "qtile": 0.0 }, "geometry": { "type": "Polygon", "coordinates": [ [ [ -95.328767056496233, 29.781782228336546 ], [ -95.323862462722062, 29.784433064667688 ], [ -95.324080416178234, 29.789550213036662 ], [ -95.329203415174973, 29.792016673015116 ], [ -95.334108370917718, 29.78936577041711 ], [ -95.333889965685657, 29.784248474121899 ], [ -95.328767056496233, 29.781782228336546 ] ] ] } },
{ "type": "Feature", "properties": { "hex_id": "88446c334dfffff", "price_mean": 2.1333333333333333, "price_median": 2.0, "n": 3, "top_restaurants": "ChIJBeBUexK_QIYRKFd-wsnDjXM|$$;;ChIJEZk4w6W5QIYRtIXEu4W0EfE|None;;ChIJaaPgYdm_QIYR65nmHkrn0QA|None", "z_r": 0.6333333333333333, "qtile": 3.0 }, "geometry": { "type": "Polygon", "coordinates": [ [ [ -95.328112663756841, 29.766430043353942 ], [ -95.323208718457906, 29.769081205132029 ], [ -95.32342661386447, 29.774198560634908 ], [ -95.328548906215175, 29.776664902323848 ], [ -95.33345321339749, 29.774013674213098 ], [ -95.333234866336213, 29.768896170760449 ], [ -95.328112663756841, 29.766430043353942 ] ] ] } },
{ "type": "Feature", "properties": { "hex_id": "88446c3351fffff", "price_mean": 1.1152173913043477, "price_median": 1.0, "n": 3, "top_restaurants": "ChIJDWemUty4QIYR1sbY6p1bhqE|$$;;ChIJwaspSuq5QIYRnrwDaN7vCmk|None;;ChIJW3l-F-u_QIYRg0MCH5uayHs|None", "z_r": -0.38478260869565228, "qtile": 0.0 }, "geometry": { "type": "Polygon", "coordinates": [ [ [ -95.35416608638981, 29.788994579365976 ], [ -95.349260980729511, 29.79164639840398 ], [ -95.349480092886338, 29.796763812461819 ], [ -95.354604762631624, 29.799229555065445 ], [ -95.359510229927608, 29.796577669555205 ], [ -95.3592906658332, 29.791460107927971 ], [ -95.35416608638981, 29.788994579365976 ] ] ] } },
{ "type": "Feature", "properties": { "hex_id": "88446c3353fffff", "price_mean": 1.4628571428571429, "price_median": 1.0, "n": 7, "top_restaurants": "ChIJZfME3OW4QIYR2PgymkaW1K8|$$;;ChIJtwjjm525QIYRCRkkawg1GuY|$10–20;;ChIJATbQ-G25QIYRXAcUIMhyUcw|None", "z_r": -0.037142857142857144, "qtile": 1.0 }, "geometry": { "type": "Polygon", "coordinates": [ [ [ -95.359510229927608, 29.796577669555205 ], [ -95.354604762631624, 29.799229555065445 ], [ -95.35482412997338, 29.80434693887031 ], [ -95.359949416620097, 29.806812584667892 ], [ -95.364855245519095, 29.804160632670623 ], [ -95.364635426158955, 29.799043101377194 ], [ -95.359510229927608, 29.796577669555205 ] ] ] } },
{ "type": "Feature", "properties": { "hex_id": "88446c3355fffff", "price_mean": 1.2, "price_median": 1.0, "n": 5, "top_restaurants": "ChIJzUu4nqpLR4YRbpggMo4p8NM|None;;ChIJVVuc1Dy5QIYRjJnBdH1HWWc|$;;ChIJC7gWqC-5QIYRHXYw8oUlL9c|$", "z_r": -0.3, "qtile": 0.0 }, "geometry": { "type": "Polygon", "coordinates": [ [ [ -95.344136927841689, 29.78918055923647 ], [ -95.339231896989958, 29.791831920056786 ], [ -95.339450557249563, 29.79694918640719 ], [ -95.344574700248657, 29.799415239659091 ], [ -95.349480092886338, 29.796763812461819 ], [ -95.349260980729511, 29.79164639840398 ], [ -95.344136927841689, 29.78918055923647 ] ] ] } },
{ "type": "Feature", "properties": { "hex_id": "88446c3359fffff", "price_mean": 1.2222222222222223, "price_median": 1.0, "n": 9, "top_restaurants": "ChIJnzVu-a25QIYR-zZdZ5xIRsA|None;;ChIJAXe7DtC4QIYRTRP27jlR1V0|None;;ChIJATIiUGe5QIYRSFiLzDAk9CI|None", "z_r": -0.27777777777777768, "qtile": 0.0 }, "geometry": { "type": "Polygon", "coordinates": [ [ [ -95.358851596135054, 29.781224776934078 ], [ -95.35394677748458, 29.783876987632308 ], [ -95.35416608638981, 29.788994579365976 ], [ -95.3592906658332, 29.791460107927971 ], [ -95.364195846001635, 29.788807830677005 ], [ -95.363976085199297, 29.783690091431186 ], [ -95.358851596135054, 29.781224776934078 ] ] ] } },
{ "type": "Feature", "properties": { "hex_id": "88446c335bfffff", "price_mean": 1.4, "price_median": 1.0, "n": 12, "top_restaurants": "ChIJy2Gq_Ny4QIYRjJ78eeB-vlw|$$;;ChIJ7dWW_Aa5QIYRMH8H7P-WNVs|$$;;ChIJo8097em4QIYRNCWdazFHbtI|None", "z_r": -0.1, "qtile": 1.0 }, "geometry": { "type": "Polygon", "coordinates": [ [ [ -95.364195846001635, 29.788807830677005 ], [ -95.3592906658332, 29.791460107927971 ], [ -95.359510229927608, 29.796577669555205 ], [ -95.364635426158955, 29.799043101377194 ], [ -95.369540967812696, 29.796390757558736 ], [ -95.369320951740391, 29.791273048500184 ], [ -95.364195846001635, 29.788807830677005 ] ] ] } },
{ "type": "Feature", "properties": { "hex_id": "88446c335dfffff", "price_mean": 3.4, "price_median": 3.4, "n": 1, "top_restaurants": "ChIJARAFcwC5QIYRxNh2fLpR77M|$$", "z_r": 1.9, "qtile": 3.0 }, "geometry": { "type": "Polygon", "coordinates": [ [ [ -95.348822814785265, 29.781411362572477 ], [ -95.343918070793237, 29.784063115153014 ], [ -95.344136927841689, 29.78918055923647 ], [ -95.349260980729511, 29.79164639840398 ], [ -95.35416608638981, 29.788994579365976 ], [ -95.35394677748458, 29.783876987632308 ], [ -95.348822814785265, 29.781411362572477 ] ] ] } },
{ "type": "Feature", "properties": { "hex_id": "88446c3361fffff", "price_mean": 1.0, "price_median": 1.0, "n": 1, "top_restaurants": "ChIJtSpDyeK7QIYRTuauTa-RB4c|None", "z_r": -0.5, "qtile": 0.0 }, "geometry": { "type": "Polygon", "coordinates": [ [ [ -95.308713707821937, 29.782150020942058 ], [ -95.303809265466541, 29.784799941005719 ], [ -95.304026315492678, 29.789916793108429 ], [ -95.309148259559379, 29.792383873363928 ], [ -95.31405306418327, 29.789733887224084 ], [ -95.31383556246243, 29.784616886919281 ], [ -95.308713707821937, 29.782150020942058 ] ] ] } },
{ "type": "Feature", "properties": { "hex_id": "88446c3363fffff", "price_mean": 1.3333333333333333, "price_median": 1.0, "n": 3, "top_restaurants": "ChIJaYbbHEG5QIYR9Tr0UmOgnN4|None;;ChIJX4uV7V25QIYRnl3EwAkBwtE|$;;ChIJx4ieKAS5QIYRdkQmRinNkxo|$", "z_r": -0.16666666666666674, "qtile": 0.0 }, "geometry": { "type": "Polygon", "coordinates": [ [ [ -95.31405306418327, 29.789733887224084 ], [ -95.309148259559379, 29.792383873363928 ], [ -95.309365564370353, 29.797500695764125 ], [ -95.314488125571316, 29.799967680160183 ], [ -95.3193932924314, 29.797317627929353 ], [ -95.319175535844778, 29.792200657407818 ], [ -95.31405306418327, 29.789733887224084 ] ] ] } },
{ "type": "Feature", "properties": { "hex_id": "88446c3365fffff", "price_mean": 1.0, "price_median": 1.0, "n": 1, "top_restaurants": "ChIJkxQZDC-7QIYRRzanqOcVNjo|$", "z_r": -0.5, "qtile": 0.0 }, "geometry": { "type": "Polygon", "coordinates": [ [ [ -95.298687938489778, 29.782332765132825 ], [ -95.293783572293947, 29.784982227056208 ], [ -95.294000170666109, 29.790098930818942 ], [ -95.299121586878556, 29.792566321012625 ], [ -95.304026315492678, 29.789916793108429 ], [ -95.303809265466541, 29.784799941005719 ], [ -95.298687938489778, 29.782332765132825 ] ] ] } },
{ "type": "Feature", "properties": { "hex_id": "88446c3369fffff", "price_mean": 1.0, "price_median": 1.0, "n": 6, "top_restaurants": "ChIJWzPUmVS5QIYRDV2-KQHFvNI|$;;ChIJu1LJr1S5QIYR2zWZYip0ysI|$;;ChIJQzvCwf-7QIYRPaayc-qAUwI|$", "z_r": -0.5, "qtile": 0.0 }, "geometry": { "type": "Polygon", "coordinates": [ [ [ -95.313400616954297, 29.774382679038421 ], [ -95.308496460890325, 29.777032991081278 ], [ -95.308713707821937, 29.782150020942058 ], [ -95.31383556246243, 29.784616886919281 ], [ -95.318740080677287, 29.78196650871967 ], [ -95.31852238209126, 29.776849330713954 ], [ -95.313400616954297, 29.774382679038421 ] ] ] } },
{ "type": "Feature", "properties": { "hex_id": "88446c336dfffff", "price_mean": 1.24, "price_median": 1.0, "n": 10, "top_restaurants": "ChIJ-bjcvvi7QIYRsfUNd4a3bWU|$$;;ChIJbTFulP-7QIYRCeMqIpde6oc|$;;ChIJO8S5Y_i7QIYRKHK_Sn42InI|$", "z_r": -0.26, "qtile": 0.0 }, "geometry": { "type": "Polygon", "coordinates": [ [ [ -95.30337522322661, 29.774566029552613 ], [ -95.298471143171923, 29.777215883554863 ], [ -95.298687938489778, 29.782332765132825 ], [ -95.303809265466541, 29.784799941005719 ], [ -95.308713707821937, 29.782150020942058 ], [ -95.308496460890325, 29.777032991081278 ], [ -95.30337522322661, 29.774566029552613 ] ] ] } },
{ "type": "Feature", "properties": { "hex_id": "88446c3419fffff", "price_mean": 3.64, "price_median": 3.64, "n": 1, "top_restaurants": "ChIJxZM12BDNQIYRznrfvT3OjGo|$20–30", "z_r": 2.14, "qtile": 3.0 }, "geometry": { "type": "Polygon", "coordinates": [ [ [ -95.537624725426483, 29.962217622615157 ], [ -95.532710888861573, 29.964873736627005 ], [ -95.532938613030183, 29.96999126947664 ], [ -95.538080627785973, 29.972452833201388 ], [ -95.542994824308181, 29.969796651801662 ], [ -95.542766646108205, 29.964678974079632 ], [ -95.537624725426483, 29.962217622615157 ] ] ] } },
{ "type": "Feature", "properties": { "hex_id": "88446c3453fffff", "price_mean": 2.7067857142857141, "price_median": 3.4, "n": 7, "top_restaurants": "ChIJIRCm9R7NQIYRyuF9p8kuCm4|$30–50;;ChIJOc1FmejNQIYRz5cDftZ_70w|$20–30;;ChIJ7VsIbbnNQIYRz2YGcKeF7aM|$$", "z_r": 1.2067857142857141, "qtile": 3.0 }, "geometry": { "type": "Polygon", "coordinates": [ [ [ -95.54231035060144, 29.95444340215273 ], [ -95.537396804663501, 29.957099909066603 ], [ -95.537624725426483, 29.962217622615157 ], [ -95.542766646108205, 29.964678974079632 ], [ -95.547680551884966, 29.962022399698022 ], [ -95.547452177132101, 29.956904541334247 ], [ -95.54231035060144, 29.95444340215273 ] ] ] } },
{ "type": "Feature", "properties": { "hex_id": "88446c3505fffff", "price_mean": 3.7, "price_median": 3.7, "n": 1, "top_restaurants": "ChIJGR59NYzLQIYRnKmtpYRcL4k|€€", "z_r": 2.2, "qtile": 3.0 }, "geometry": { "type": "Polygon", "coordinates": [ [ [ -95.431739705193479, 29.956546343002405 ], [ -95.426826938917941, 29.959197786595286 ], [ -95.427049868387968, 29.964313898032554 ], [ -95.432186017680024, 29.966778712229964 ], [ -95.437099145469077, 29.964127202215803 ], [ -95.43687576244325, 29.95901094444001 ], [ -95.431739705193479, 29.956546343002405 ] ] ] } },
{ "type": "Feature", "properties": { "hex_id": "88446c3507fffff", "price_mean": 1.0, "price_median": 1.0, "n": 1, "top_restaurants": "ChIJY8sWsvm1QIYReMTaJZkXWB0|$1–10", "z_r": -0.5, "qtile": 0.0 }, "geometry": { "type": "Polygon", "coordinates": [ [ [ -95.437099145469077, 29.964127202215803 ], [ -95.432186017680024, 29.966778712229964 ], [ -95.43240920369918, 29.97189478873614 ], [ -95.437545971134725, 29.974359501499851 ], [ -95.442459460403839, 29.97170792504917 ], [ -95.44223582074801, 29.966591702285793 ], [ -95.437099145469077, 29.964127202215803 ] ] ] } },
{ "type": "Feature", "properties": { "hex_id": "88446c3529fffff", "price_mean": 1.885, "price_median": 1.42, "n": 4, "top_restaurants": "ChIJVRhmNqjLQIYRl0tBjd5fM3E|€€;;ChIJ0zm0RSXKQIYRn4PYn6YhYAM|$10–20;;ChIJzWNOxSTKQIYR6fAmYjcyjx4|$1–10", "z_r": 0.385, "qtile": 2.0 }, "geometry": { "type": "Polygon", "coordinates": [ [ [ -95.421691407725859, 29.956732871206825 ], [ -95.416778714143803, 29.959383854467291 ], [ -95.417001190097977, 29.964499819427775 ], [ -95.422136813140753, 29.966964947619065 ], [ -95.427049868387968, 29.964313898032554 ], [ -95.426826938917941, 29.959197786595286 ], [ -95.421691407725859, 29.956732871206825 ] ] ] } },
{ "type": "Feature", "properties": { "hex_id": "88446c352bfffff", "price_mean": 1.0, "price_median": 1.0, "n": 2, "top_restaurants": "ChIJS0bJz4fLQIYR8C6Uw2Um2FM|$1–10;;ChIJ48MTzTrKQIYRgBdI9QHbvNk|$", "z_r": -0.5, "qtile": 0.0 }, "geometry": { "type": "Polygon", "coordinates": [ [ [ -95.427049868387968, 29.964313898032554 ], [ -95.422136813140753, 29.966964947619065 ], [ -95.422359545563111, 29.972080877729748 ], [ -95.427495786820145, 29.974545904663909 ], [ -95.43240920369918, 29.97189478873614 ], [ -95.432186017680024, 29.966778712229964 ], [ -95.427049868387968, 29.964313898032554 ] ] ] } },
{ "type": "Feature", "properties": { "hex_id": "88446c3547fffff", "price_mean": 1.84, "price_median": 1.84, "n": 1, "top_restaurants": "ChIJO5WGBjDJQIYRc0JunrGpBIg|$10–20", "z_r": 0.34, "qtile": 2.0 }, "geometry": { "type": "Polygon", "coordinates": [ [ [ -95.44111792079741, 29.941009508475755 ], [ -95.436205732562073, 29.943661739541213 ], [ -95.436429055992392, 29.948778213022397 ], [ -95.441565021122543, 29.951242601677158 ], [ -95.446477570634741, 29.948590304030365 ], [ -95.446253793730648, 29.943473684324648 ], [ -95.44111792079741, 29.941009508475755 ] ] ] } },
{ "type": "Feature", "properties": { "hex_id": "88446c3561fffff", "price_mean": 1.508, "price_median": 1.0, "n": 10, "top_restaurants": "ChIJLZt38OnLQIYRgXRqikDxiDw|$$;;ChIJAQB88LhKR4YRRMxAXn-WJxU|None;;ChIJQyjWTfbJQIYRkMIao-xtlos|$10–20", "z_r": 0.008, "qtile": 1.0 }, "geometry": { "type": "Polygon", "coordinates": [ [ [ -95.421023448138627, 29.941384217315754 ], [ -95.41611140499009, 29.944035528111694 ], [ -95.416333821592488, 29.949151708728952 ], [ -95.42146873472808, 29.951616725065858 ], [ -95.426381139456765, 29.948965347879049 ], [ -95.426158269460373, 29.943849020760695 ], [ -95.421023448138627, 29.941384217315754 ] ] ] } },
{ "type": "Feature", "properties": { "hex_id": "88446c3565fffff", "price_mean": 1.7061538461538461, "price_median": 1.0, "n": 13, "top_restaurants": "ChIJ9079KO7JQIYRCSc2n5IHCSk|€€;;ChIJd_XXLu7JQIYRLxL8FUS7bPk|$$;;ChIJOXNyJV_JQIYRyULE_gnmhCg|$$", "z_r": 0.20615384615384613, "qtile": 1.0 }, "geometry": { "type": "Polygon", "coordinates": [ [ [ -95.410977109867417, 29.941570411068927 ], [ -95.40606513971548, 29.944221261722966 ], [ -95.406287102963873, 29.9493372957009 ], [ -95.411421489708857, 29.951802625678603 ], [ -95.416333821592488, 29.949151708728952 ], [ -95.41611140499009, 29.944035528111694 ], [ -95.410977109867417, 29.941570411068927 ] ] ] } },
{ "type": "Feature", "properties": { "hex_id": "88446c3567fffff", "price_mean": 3.08, "price_median": 3.7, "n": 3, "top_restaurants": "ChIJ40-_rTTJQIYRbi72jTyK_VQ|€€;;ChIJM6BY9orJQIYRzqi82j_9ZNQ|€€;;ChIJTZH6RPPJQIYRFZpW935I2fk|$10–20", "z_r": 1.58, "qtile": 3.0 }, "geometry": { "type": "Polygon", "coordinates": [ [ [ -95.416333821592488, 29.949151708728952 ], [ -95.411421489708857, 29.951802625678603 ], [ -95.411643709271729, 29.956918625261501 ], [ -95.416778714143803, 29.959383854467291 ], [ -95.421691407725859, 29.956732871206825 ], [ -95.42146873472808, 29.951616725065858 ], [ -95.416333821592488, 29.949151708728952 ] ] ] } },
{ "type": "Feature", "properties": { "hex_id": "88446c3569fffff", "price_mean": 2.0, "price_median": 2.0, "n": 1, "top_restaurants": "ChIJkyvSEiXJQIYRiCNXW4oHBQg|None", "z_r": 0.5, "qtile": 2.0 }, "geometry": { "type": "Polygon", "coordinates": [ [ [ -95.425712588922764, 29.933616151405083 ], [ -95.42080083454168, 29.936267855867239 ], [ -95.421023448138627, 29.941384217315754 ], [ -95.426158269460373, 29.943849020760695 ], [ -95.4310703853034, 29.941197249827592 ], [ -95.430847318353386, 29.936080741934987 ], [ -95.425712588922764, 29.933616151405083 ] ] ] } },
{ "type": "Feature", "properties": { "hex_id": "88446c356bfffff", "price_mean": 1.0, "price_median": 1.0, "n": 1, "top_restaurants": "ChIJV5qOIQDJQIYRjM2YscPQJ2Q|None", "z_r": -0.5, "qtile": 0.0 }, "geometry": { "type": "Polygon", "coordinates": [ [ [ -95.4310703853034, 29.941197249827592 ], [ -95.426158269460373, 29.943849020760695 ], [ -95.426381139456765, 29.948965347879049 ], [ -95.431516578720817, 29.951430050441626 ], [ -95.436429055992392, 29.948778213022397 ], [ -95.436205732562073, 29.943661739541213 ], [ -95.4310703853034, 29.941197249827592 ] ] ] } },
{ "type": "Feature", "properties": { "hex_id": "88446c356dfffff", "price_mean": 1.0, "price_median": 1.0, "n": 1, "top_restaurants": "ChIJLa94k4fJQIYR3VG47ZIXugE|None", "z_r": -0.5, "qtile": 0.0 }, "geometry": { "type": "Polygon", "coordinates": [ [ [ -95.415666631118654, 29.933802951782525 ], [ -95.410754949583577, 29.936454196202746 ], [ -95.410977109867417, 29.941570411068927 ], [ -95.41611140499009, 29.944035528111694 ], [ -95.421023448138627, 29.941384217315754 ], [ -95.42080083454168, 29.936267855867239 ], [ -95.415666631118654, 29.933802951782525 ] ] ] } },
{ "type": "Feature", "properties": { "hex_id": "88446c3745fffff", "price_mean": 2.2, "price_median": 2.2, "n": 2, "top_restaurants": "ChIJTd3-OlTJQIYRifkBwrZettM|$$;;ChIJgcb-H1DJQIYRExmxHkkzOww|None", "z_r": 0.7, "qtile": 3.0 }, "geometry": { "type": "Polygon", "coordinates": [ [ [ -95.468566861770327, 29.87903182138124 ], [ -95.463657058173482, 29.881686735794322 ], [ -95.46388150253901, 29.886804503414087 ], [ -95.469016203597874, 29.889267502541131 ], [ -95.473926367677635, 29.886612521001183 ], [ -95.473701470206393, 29.88149460747556 ], [ -95.468566861770327, 29.87903182138124 ] ] ] } },
{ "type": "Feature", "properties": { "hex_id": "88446c3751fffff", "price_mean": 1.0, "price_median": 1.0, "n": 3, "top_restaurants": "ChIJdTw1nSDPQIYRFl-TQuBy7v0|$1–10;;ChIJyenRJk_PQIYRQCWYGZaYk6M|None;;ChIJ4-HxESPPQIYRTn9an_NAVhg|None", "z_r": -0.5, "qtile": 0.0 }, "geometry": { "type": "Polygon", "coordinates": [ [ [ -95.499380217332146, 29.893806466419328 ], [ -95.494469551334049, 29.896462434135188 ], [ -95.494695415365811, 29.901580426100377 ], [ -95.499832398732224, 29.904042595830592 ], [ -95.504743424841834, 29.901386560767687 ], [ -95.504517107464352, 29.896268423336146 ], [ -95.499380217332146, 29.893806466419328 ] ] ] } },
{ "type": "Feature", "properties": { "hex_id": "88446c3757fffff", "price_mean": 1.2, "price_median": 1.0, "n": 5, "top_restaurants": "ChIJ5ez-LgDPQIYRmDwGJEUy-ic|None;;ChIJVej3EyHPQIYRbFT8ZLCCVLw|$1–10;;ChIJXZ4XnSDPQIYRCciO3rlQDf4|None", "z_r": -0.3, "qtile": 0.0 }, "geometry": { "type": "Polygon", "coordinates": [ [ [ -95.494695415365811, 29.901580426100377 ], [ -95.489784459687556, 29.904236001553965 ], [ -95.490010127155088, 29.909353813990215 ], [ -95.49514720367867, 29.911816196511012 ], [ -95.500058519586702, 29.909160553790443 ], [ -95.499832398732224, 29.904042595830592 ], [ -95.494695415365811, 29.901580426100377 ] ] ] } },
{ "type": "Feature", "properties": { "hex_id": "88446c375dfffff", "price_mean": 1.0, "price_median": 1.0, "n": 1, "top_restaurants": "ChIJzZBI1wrPQIYRsr1FMKOk7MU|$", "z_r": -0.5, "qtile": 0.0 }, "geometry": { "type": "Polygon", "coordinates": [ [ [ -95.494017883506515, 29.886226237087214 ], [ -95.489107577653812, 29.888882137471033 ], [ -95.489333184939582, 29.894000163213942 ], [ -95.494469551334049, 29.896462434135188 ], [ -95.499380217332146, 29.893806466419328 ], [ -95.499154156781202, 29.888688295128784 ], [ -95.494017883506515, 29.886226237087214 ] ] ] } },
{ "type": "Feature", "properties": { "hex_id": "88446c3769fffff", "price_mean": 3.4, "price_median": 3.4, "n": 1, "top_restaurants": "ChIJe3688WnJQIYRw0ba05pnx8c|$$", "z_r": 1.9, "qtile": 3.0 }, "geometry": { "type": "Polygon", "coordinates": [ [ [ -95.458522974143165, 29.87922363631413 ], [ -95.453613242037605, 29.881878091392171 ], [ -95.453837233336955, 29.886995712967654 ], [ -95.458971409798792, 29.889459025523866 ], [ -95.46388150253901, 29.886804503414087 ], [ -95.463657058173482, 29.881686735794322 ], [ -95.458522974143165, 29.87922363631413 ] ] ] } },
{ "type": "Feature", "properties": { "hex_id": "88446c376dfffff", "price_mean": 1.42, "price_median": 1.42, "n": 2, "top_restaurants": "ChIJd1MqOJPIQIYREfFKf8CB1iA|$10–20;;ChIJe5aAz9_JQIYRWyEeI1H_xqQ|None", "z_r": -0.08, "qtile": 1.0 }, "geometry": { "type": "Polygon", "coordinates": [ [ [ -95.448479682675341, 29.879414678659135 ], [ -95.443570022362934, 29.882068674396809 ], [ -95.443793560635768, 29.887186149789606 ], [ -95.448927212238274, 29.889649775641907 ], [ -95.453837233336955, 29.886995712967654 ], [ -95.453613242037605, 29.881878091392171 ], [ -95.448479682675341, 29.879414678659135 ] ] ] } },
{ "type": "Feature", "properties": { "hex_id": "88446c3a53fffff", "price_mean": 1.0, "price_median": 1.0, "n": 1, "top_restaurants": "ChIJrZQALBK7QIYR2iza5OrXLvo|None", "z_r": -0.5, "qtile": 0.0 }, "geometry": { "type": "Polygon", "coordinates": [ [ [ -95.256480635525179, 29.852207694086335 ], [ -95.251573695534788, 29.854853619199385 ], [ -95.251788519386437, 29.859968713468096 ], [ -95.256910735234243, 29.862438031491106 ], [ -95.261818038701847, 29.859792041122063 ], [ -95.261602762834798, 29.854676798000334 ], [ -95.256480635525179, 29.852207694086335 ] ] ] } },
{ "type": "Feature", "properties": { "hex_id": "88446c3a55fffff", "price_mean": 2.1333333333333333, "price_median": 2.0, "n": 3, "top_restaurants": "ChIJnWOCw3K7QIYRVKyhxaCU7Z0|$$;;ChIJ20asRae7QIYRgvtysdJCrSQ|None;;ChIJpTUu-Uu7QIYRWzBfrM7LGbE|None", "z_r": 0.6333333333333333, "qtile": 3.0 }, "geometry": { "type": "Polygon", "coordinates": [ [ [ -95.241116549059967, 29.844799570312734 ], [ -95.236210050542269, 29.847444971242183 ], [ -95.236424167914464, 29.852559947151608 ], [ -95.241545235687596, 29.85502967121737 ], [ -95.246452097863894, 29.852384205142439 ], [ -95.246237528598797, 29.847269080161563 ], [ -95.241116549059967, 29.844799570312734 ] ] ] } },
{ "type": "Feature", "properties": { "hex_id": "88446c3a5bfffff", "price_mean": 1.105, "price_median": 1.0, "n": 8, "top_restaurants": "ChIJyfcG_1G7QIYRNDNgLqhK5dc|$10–20;;ChIJc9_KDYy6QIYRdVFNPWQW2qg|None;;ChIJ00IDQoy6QIYRpPYY-cqPReo|$", "z_r": -0.395, "qtile": 0.0 }, "geometry": { "type": "Polygon", "coordinates": [ [ [ -95.261172268470659, 29.844446101360518 ], [ -95.25626561432594, 29.847092420171659 ], [ -95.256480635525179, 29.852207694086335 ], [ -95.261602762834798, 29.854676798000334 ], [ -95.266509780339021, 29.852030413852713 ], [ -95.266294307164472, 29.846914991141897 ], [ -95.261172268470659, 29.844446101360518 ] ] ] } },
{ "type": "Feature", "properties": { "hex_id": "88446ca013fffff", "price_mean": 1.0, "price_median": 1.0, "n": 2, "top_restaurants": "ChIJ4X1P64TnQIYRzEqSmBiZGs4|$1–10;;ChIJK4oF58fnQIYR2nUjK_Xd7ww|None", "z_r": -0.5, "qtile": 0.0 }, "geometry": { "type": "Polygon", "coordinates": [ [ [ -95.594198248237618, 29.653586406197626 ], [ -95.589296910804464, 29.656252162113308 ], [ -95.589526586268718, 29.661374897753038 ], [ -95.594658051028219, 29.663832021864824 ], [ -95.599559745677297, 29.661166196588976 ], [ -95.599329618342068, 29.65604331657606 ], [ -95.594198248237618, 29.653586406197626 ] ] ] } },
{ "type": "Feature", "properties": { "hex_id": "88446ca017fffff", "price_mean": 1.1666666666666667, "price_median": 1.0, "n": 6, "top_restaurants": "ChIJfwZ1JwDnQIYRC9ycA00SvyE|None;;ChIJ_QWOrKznQIYRp1fX9zdCI6U|None;;ChIJiZNc25LnQIYRaRyGxk1iRGQ|$", "z_r": -0.33333333333333326, "qtile": 0.0 }, "geometry": { "type": "Polygon", "coordinates": [ [ [ -95.584166059834189, 29.653794939751005 ], [ -95.579264789854619, 29.656460239265403 ], [ -95.579494013486283, 29.661582830392984 ], [ -95.584624958921182, 29.664040266532869 ], [ -95.589526586268718, 29.661374897753038 ], [ -95.589296910804464, 29.656252162113308 ], [ -95.584166059834189, 29.653794939751005 ] ] ] } },
{ "type": "Feature", "properties": { "hex_id": "88446ca021fffff", "price_mean": 1.21, "price_median": 1.0, "n": 4, "top_restaurants": "ChIJOVjYwkHoQIYRN4liv2nY63M|$10–20;;ChIJc2mTHADpQIYRmCsOFv_hdCQ|None;;ChIJFwbsCJDpQIYR6LSb3kAYX78|$", "z_r": -0.29, "qtile": 0.0 }, "geometry": { "type": "Polygon", "coordinates": [ [ [ -95.543360404262785, 29.639254635246676 ], [ -95.538460054198964, 29.641918427593577 ], [ -95.538687410360168, 29.647040641123358 ], [ -95.543815568133553, 29.649499207411353 ], [ -95.548716276089039, 29.646835346111974 ], [ -95.548488468370493, 29.641712987491577 ], [ -95.543360404262785, 29.639254635246676 ] ] ] } },
{ "type": "Feature", "properties": { "hex_id": "88446ca023fffff", "price_mean": 1.9710769230769229, "price_median": 1.84, "n": 5, "top_restaurants": "ChIJZ1H3ShLoQIYR9l8CxO4neUY|$$;;ChIJV7WUHXLpQIYRw3EzgW8CyzQ|$10–20;;ChIJHTngL73pQIYRK_0OL3RC8E4|$10–20", "z_r": 0.47107692307692295, "qtile": 2.0 }, "geometry": { "type": "Polygon", "coordinates": [ [ [ -95.548716276089039, 29.646835346111974 ], [ -95.543815568133553, 29.649499207411353 ], [ -95.544043180358429, 29.654621392669032 ], [ -95.549171952167015, 29.657079861651578 ], [ -95.55407301798013, 29.654415931385415 ], [ -95.553844954118048, 29.649293601117989 ], [ -95.548716276089039, 29.646835346111974 ] ] ] } },
{ "type": "Feature", "properties": { "hex_id": "88446ca025fffff", "price_mean": 1.75, "price_median": 2.0, "n": 4, "top_restaurants": "ChIJx_83cU_oQIYRX-PHXwUZ3kw|None;;ChIJKYtkWgDpQIYRE3dHnnCm70Q|None;;ChIJk92nWQDpQIYRl0vSb-VZLwk|None", "z_r": 0.25, "qtile": 2.0 }, "geometry": { "type": "Polygon", "coordinates": [ [ [ -95.533332510418589, 29.639459764242368 ], [ -95.528432229314987, 29.642123100348375 ], [ -95.528659133957618, 29.647245168648752 ], [ -95.533786771213414, 29.649704046087027 ], [ -95.538687410360168, 29.647040641123358 ], [ -95.538460054198964, 29.641918427593577 ], [ -95.533332510418589, 29.639459764242368 ] ] ] } },
{ "type": "Feature", "properties": { "hex_id": "88446ca033fffff", "price_mean": 1.55, "price_median": 1.0, "n": 8, "top_restaurants": "ChIJ_5_EqT_nQIYRGuknhRt0YJw|$$;;ChIJpev7ESrnQIYRZysa3XsF7E8|None;;ChIJWRnc-XrnQIYRw7D_DRvMKBQ|None", "z_r": 0.05, "qtile": 1.0 }, "geometry": { "type": "Polygon", "coordinates": [ [ [ -95.569462027893692, 29.661789994632844 ], [ -95.56456053605244, 29.664454450398271 ], [ -95.56478911243029, 29.66957672327586 ], [ -95.569919632475901, 29.672034685111619 ], [ -95.5748214819547, 29.669370160255969 ], [ -95.574592453741374, 29.664247742669307 ], [ -95.569462027893692, 29.661789994632844 ] ] ] } },
{ "type": "Feature", "properties": { "hex_id": "88446ca039fffff", "price_mean": 1.860111111111111, "price_median": 1.42, "n": 36, "top_restaurants": "ChIJc7UxQebnQIYRNuQQe07MaXw|$$;;ChIJE6Uzo-bnQIYR_k27TmODRj0|$$;;ChIJ90pi9GXnQIYRsHeo-aQ-nRc|$$", "z_r": 0.36011111111111105, "qtile": 2.0 }, "geometry": { "type": "Polygon", "coordinates": [ [ [ -95.568775773274965, 29.646422453133162 ], [ -95.563874928604164, 29.649087227082436 ], [ -95.564103444142063, 29.654209702220765 ], [ -95.569233256056194, 29.656667548156349 ], [ -95.574134458281179, 29.654002705050704 ], [ -95.573905491028896, 29.648880085180362 ], [ -95.568775773274965, 29.646422453133162 ] ] ] } },
{ "type": "Feature", "properties": { "hex_id": "88446ca03bfffff", "price_mean": 2.0038461538461538, "price_median": 1.8076923076923082, "n": 4, "top_restaurants": "ChIJu2RgdeXnQIYR5qm6vHq5Uko|$$;;ChIJW3VXc-XnQIYRpioZdth75lg|$10–20;;ChIJJ3K8fzHnQIYRwGQ3-6jY5Bs|$1–10", "z_r": 0.50384615384615383, "qtile": 2.0 }, "geometry": { "type": "Polygon", "coordinates": [ [ [ -95.574134458281179, 29.654002705050704 ], [ -95.569233256056194, 29.656667548156349 ], [ -95.569462027893692, 29.661789994632844 ], [ -95.574592453741374, 29.664247742669307 ], [ -95.579494013486283, 29.661582830392984 ], [ -95.579264789854619, 29.656460239265403 ], [ -95.574134458281179, 29.654002705050704 ] ] ] } },
{ "type": "Feature", "properties": { "hex_id": "88446ca03dfffff", "price_mean": 2.6, "price_median": 3.4, "n": 3, "top_restaurants": "ChIJxTRcdeHnQIYRYt7n_nw7t2g|$$;;ChIJv0jy9AzoQIYRc9Ji7xLzQD4|$$;;ChIJ-UX_9gzoQIYRUk4ae4a2Pvw|$", "z_r": 1.1, "qtile": 3.0 }, "geometry": { "type": "Polygon", "coordinates": [ [ [ -95.558745730581592, 29.646629283490036 ], [ -95.553844954118048, 29.649293601117989 ], [ -95.55407301798013, 29.654415931385415 ], [ -95.559202309972591, 29.6568740889103 ], [ -95.564103444142063, 29.654209702220765 ], [ -95.563874928604164, 29.649087227082436 ], [ -95.558745730581592, 29.646629283490036 ] ] ] } },
{ "type": "Feature", "properties": { "hex_id": "88446ca081fffff", "price_mean": 1.8795, "price_median": 1.9975, "n": 5, "top_restaurants": "ChIJV3yWTAfdQIYRAh4_OAClBTU|$$;;ChIJIRWg2mndQIYRUvpgYdPEyZ0|$100+;;ChIJLdLlKWrdQIYRtPr1eY4Kovk|$10–20", "z_r": 0.3795, "qtile": 2.0 }, "geometry": { "type": "Polygon", "coordinates": [ [ [ -95.605613387992008, 29.684114006063925 ], [ -95.600710688747057, 29.686779582726011 ], [ -95.600940938658709, 29.691902056602284 ], [ -95.606074339958028, 29.694359098019195 ], [ -95.610977396433142, 29.691693452034311 ], [ -95.61074669436988, 29.686570833969874 ], [ -95.605613387992008, 29.684114006063925 ] ] ] } },
{ "type": "Feature", "properties": { "hex_id": "88446ca083fffff", "price_mean": 1.0, "price_median": 1.0, "n": 1, "top_restaurants": "ChIJXaZFS73dQIYR8MssreEnpxw|None", "z_r": -0.5, "qtile": 0.0 }, "geometry": { "type": "Polygon", "coordinates": [ [ [ -95.610977396433142, 29.691693452034311 ], [ -95.606074339958028, 29.694359098019195 ], [ -95.60630484663038, 29.699481542012528 ], [ -95.611438862000284, 29.701938484142641 ], [ -95.616342275670931, 29.699272768820574 ], [ -95.61611131676726, 29.694150180720129 ], [ -95.610977396433142, 29.691693452034311 ] ] ] } },
{ "type": "Feature", "properties": { "hex_id": "88446ca085fffff", "price_mean": 1.575681818181818, "price_median": 1.334090909090909, "n": 12, "top_restaurants": "ChIJsVmAntbdQIYRNjx0chP-gyk|$$;;ChIJM-FWbUvdQIYRfWutvC2S7Cs|None;;ChIJA31W9GPdQIYR_HNKyO467Pw|None", "z_r": 0.075681818181817961, "qtile": 1.0 }, "geometry": { "type": "Polygon", "coordinates": [ [ [ -95.595577901476545, 29.684322442264751 ], [ -95.590675269377911, 29.686987562139077 ], [ -95.590905067176266, 29.692109891688172 ], [ -95.596037949177671, 29.694567245704665 ], [ -95.600940938658709, 29.691902056602284 ], [ -95.600710688747057, 29.686779582726011 ], [ -95.595577901476545, 29.684322442264751 ] ] ] } },
{ "type": "Feature", "properties": { "hex_id": "88446ca08dfffff", "price_mean": 1.68, "price_median": 1.0, "n": 5, "top_restaurants": "ChIJjRVIGHndQIYRC5-ZwgFSL6U|$$;;ChIJ3dwZw9bdQIYRC_0WDWnRI3Y|None;;ChIJjRVIGHndQIYR5dorb7fxPk4|$", "z_r": 0.18, "qtile": 1.0 }, "geometry": { "type": "Polygon", "coordinates": [ [ [ -95.600250250229578, 29.676534431379938 ], [ -95.595347908249309, 29.679199938733589 ], [ -95.595577901476545, 29.684322442264751 ], [ -95.600710688747057, 29.686779582726011 ], [ -95.605613387992008, 29.684114006063925 ], [ -95.605382942692913, 29.678991358263566 ], [ -95.600250250229578, 29.676534431379938 ] ] ] } },
{ "type": "Feature", "properties": { "hex_id": "88446ca095fffff", "price_mean": 1.56, "price_median": 1.0, "n": 11, "top_restaurants": "ChIJpWyraKXdQIYRA3_n30uawPM|$20–30;;ChIJ38T-NOzdQIYRrJtz56JDvzU|None;;ChIJSQLB2undQIYR65aaBQDpozQ|$10–20", "z_r": 0.06, "qtile": 1.0 }, "geometry": { "type": "Polygon", "coordinates": [ [ [ -95.616342275670931, 29.699272768820574 ], [ -95.611438862000284, 29.701938484142641 ], [ -95.61166962550962, 29.707060898024963 ], [ -95.61680425499182, 29.709517740625817 ], [ -95.621708025823409, 29.70685195595216 ], [ -95.621476810003003, 29.701729398043806 ], [ -95.616342275670931, 29.699272768820574 ] ] ] } },
{ "type": "Feature", "properties": { "hex_id": "88446ca0a3fffff", "price_mean": 1.71, "price_median": 1.0, "n": 34, "top_restaurants": "ChIJoedLrMHdQIYR6C8F2WsPDr0|€€;;ChIJzcyd0lDdQIYRN4tKeDFNx9w|€€;;ChIJkwdMnxfdQIYRxaIEfOpzvM8|$20–30", "z_r": 0.21, "qtile": 1.0 }, "geometry": { "type": "Polygon", "coordinates": [ [ [ -95.586231747315225, 29.699896779262669 ], [ -95.581328535074093, 29.702561123630701 ], [ -95.581557941879936, 29.707683104600843 ], [ -95.586691013114091, 29.71014088566055 ], [ -95.591594582973144, 29.707476472225171 ], [ -95.591364723971168, 29.702354346811987 ], [ -95.586231747315225, 29.699896779262669 ] ] ] } },
{ "type": "Feature", "properties": { "hex_id": "88446ca0a5fffff", "price_mean": 1.6545454545454545, "price_median": 1.0, "n": 11, "top_restaurants": "ChIJu5SweSDdQIYRhpYzJ5y3bJc|$$;;ChIJBWy2sTDdQIYRG7lV3UK-rpk|$$;;ChIJM4avi1vdQIYRIAlOrfuinlQ|$50–100", "z_r": 0.15454545454545454, "qtile": 1.0 }, "geometry": { "type": "Polygon", "coordinates": [ [ [ -95.57083508534474, 29.692523253910288 ], [ -95.565932298653962, 29.695187072320799 ], [ -95.566160996784433, 29.700308938495812 ], [ -95.571292933674499, 29.702767130937836 ], [ -95.576196078169673, 29.700103243569185 ], [ -95.575966927961389, 29.694981232731191 ], [ -95.57083508534474, 29.692523253910288 ] ] ] } },
{ "type": "Feature", "properties": { "hex_id": "88446ca0a7fffff", "price_mean": 1.4547826086956521, "price_median": 1.0, "n": 46, "top_restaurants": "ChIJwd3AvjvdQIYRoUkCPUM4LCs|$30–50;;ChIJYcqPEz3dQIYRZe39PpO7TUE|$$;;ChIJQaj9YzzdQIYRAgYH_hSVkOk|$$", "z_r": -0.045217391304347876, "qtile": 1.0 }, "geometry": { "type": "Polygon", "coordinates": [ [ [ -95.576196078169673, 29.700103243569185 ], [ -95.571292933674499, 29.702767130937836 ], [ -95.571521888322664, 29.707888967326003 ], [ -95.5766544396147, 29.710347060942048 ], [ -95.581557941879936, 29.707683104600843 ], [ -95.581328535074093, 29.702561123630701 ], [ -95.576196078169673, 29.700103243569185 ] ] ] } },
{ "type": "Feature", "properties": { "hex_id": "88446ca0a9fffff", "price_mean": 1.0, "price_median": 1.0, "n": 1, "top_restaurants": "ChIJG_HZm2vdQIYRRIRoxUddGTQ|None", "z_r": -0.5, "qtile": 0.0 }, "geometry": { "type": "Polygon", "coordinates": [ [ [ -95.585543001477802, 29.684530109254016 ], [ -95.580640436826769, 29.687194772333143 ], [ -95.580869782550224, 29.692316957416093 ], [ -95.586002144990672, 29.694774623900596 ], [ -95.590905067176266, 29.692109891688172 ], [ -95.590675269377911, 29.686987562139077 ], [ -95.585543001477802, 29.684530109254016 ] ] ] } },
{ "type": "Feature", "properties": { "hex_id": "88446ca0adfffff", "price_mean": 1.72, "price_median": 1.0, "n": 21, "top_restaurants": "ChIJN8xrb0_dQIYRlYtg8dP18nM|$$;;ChIJ1SP68EPdQIYR8SMXsWGW8Qs|$$;;ChIJYaelPkTdQIYRWWgfm51Qkao|$$", "z_r": 0.22, "qtile": 1.0 }, "geometry": { "type": "Polygon", "coordinates": [ [ [ -95.575508688559907, 29.684737007155842 ], [ -95.570606191657731, 29.68740121343242 ], [ -95.57083508534474, 29.692523253910288 ], [ -95.575966927961389, 29.694981232731191 ], [ -95.580869782550224, 29.692316957416093 ], [ -95.580640436826769, 29.687194772333143 ], [ -95.575508688559907, 29.684737007155842 ] ] ] } },
{ "type": "Feature", "properties": { "hex_id": "88446ca0b1fffff", "price_mean": 1.945, "price_median": 1.57, "n": 4, "top_restaurants": "ChIJuV9CHwDdQIYRZr4iVU7CMmY|$20–30;;ChIJy0Zu9XfdQIYRZBl3umibGp0|$10–20;;ChIJ2WN9frjdQIYRKhh0FwK5bIg|$$", "z_r": 0.445, "qtile": 2.0 }, "geometry": { "type": "Polygon", "coordinates": [ [ [ -95.601631811037933, 29.707269070074616 ], [ -95.596728173886476, 29.709933940596859 ], [ -95.596958289642188, 29.715056035833136 ], [ -95.602092494854759, 29.717513404784732 ], [ -95.60699648943735, 29.714848465085947 ], [ -95.606765921367312, 29.709726225626667 ], [ -95.601631811037933, 29.707269070074616 ] ] ] } },
{ "type": "Feature", "properties": { "hex_id": "88446ca0b3fffff", "price_mean": 1.3333333333333333, "price_median": 1.0, "n": 3, "top_restaurants": "ChIJz-3T83vdQIYR1y-6a2wdNiE|None;;ChIJh8oJhVXcQIYRGWLnilzQbkU|$;;ChIJ7UqWbVbcQIYRRNdNFhrm8WE|€", "z_r": -0.16666666666666674, "qtile": 0.0 }, "geometry": { "type": "Polygon", "coordinates": [ [ [ -95.60699648943735, 29.714848465085947 ], [ -95.602092494854759, 29.717513404784732 ], [ -95.602322867440535, 29.722635469616076 ], [ -95.607457686994138, 29.725092738905104 ], [ -95.61236203897333, 29.722427730015312 ], [ -95.612131213993422, 29.717305521042064 ], [ -95.60699648943735, 29.714848465085947 ] ] ] } },
{ "type": "Feature", "properties": { "hex_id": "88446ca0b9fffff", "price_mean": 1.934, "price_median": 1.42, "n": 10, "top_restaurants": "ChIJo04zHQDdQIYR4oysbhLgL4o|$30–50;;ChIJpWKojKfdQIYRpKweZzlyfew|$$;;ChIJ50N48undQIYR_-UqTKpDPzY|$10–20", "z_r": 0.434, "qtile": 2.0 }, "geometry": { "type": "Polygon", "coordinates": [ [ [ -95.60630484663038, 29.699481542012528 ], [ -95.60140149980144, 29.702146800357358 ], [ -95.601631811037933, 29.707269070074616 ], [ -95.606765921367312, 29.709726225626667 ], [ -95.61166962550962, 29.707060898024963 ], [ -95.611438862000284, 29.701938484142641 ], [ -95.60630484663038, 29.699481542012528 ] ] ] } },
{ "type": "Feature", "properties": { "hex_id": "88446ca0bdfffff", "price_mean": 1.412857142857143, "price_median": 1.0, "n": 28, "top_restaurants": "ChIJ8yis5w_dQIYR4X6cH8_sV9o|$$;;ChIJT-MeyRLdQIYRozoPZ4HN7DM|$$;;ChIJ6XZoCNzdQIYRTUo-LuY9c2k|$$", "z_r": -0.087142857142856966, "qtile": 1.0 }, "geometry": { "type": "Polygon", "coordinates": [ [ [ -95.596268003656931, 29.699689545451861 ], [ -95.591364723971168, 29.702354346811987 ], [ -95.591594582973144, 29.707476472225171 ], [ -95.596728173886476, 29.709933940596859 ], [ -95.601631811037933, 29.707269070074616 ], [ -95.60140149980144, 29.702146800357358 ], [ -95.596268003656931, 29.699689545451861 ] ] ] } },
{ "type": "Feature", "properties": { "hex_id": "88446ca0c5fffff", "price_mean": 1.5, "price_median": 1.5, "n": 2, "top_restaurants": "ChIJO_WRTZTnQIYRfahmqUN6CQg|None;;ChIJ30vhSQDnQIYReoZX6KN9hOY|None", "z_r": 0.0, "qtile": 1.0 }, "geometry": { "type": "Polygon", "coordinates": [ [ [ -95.599559745677297, 29.661166196588976 ], [ -95.594658051028219, 29.663832021864824 ], [ -95.594887983027832, 29.668954728452832 ], [ -95.600020061618352, 29.671411754071723 ], [ -95.604922113448907, 29.668745859421389 ], [ -95.604691729498612, 29.66362300854119 ], [ -95.599559745677297, 29.661166196588976 ] ] ] } },
{ "type": "Feature", "properties": { "hex_id": "88446ca0c7fffff", "price_mean": 1.8, "price_median": 1.0, "n": 3, "top_restaurants": "ChIJ9UWNZR7nQIYRmLkvpPxXS4s|$$;;ChIJSZjwcYLdQIYRbbGTNPUJbrA|$;;ChIJS8lIzX7dQIYRWOcc9Pz3z0I|$", "z_r": 0.3, "qtile": 2.0 }, "geometry": { "type": "Polygon", "coordinates": [ [ [ -95.604922113448907, 29.668745859421389 ], [ -95.600020061618352, 29.671411754071723 ], [ -95.600250250229578, 29.676534431379938 ], [ -95.605382942692913, 29.678991358263566 ], [ -95.610285351670427, 29.676325394224417 ], [ -95.610054711028795, 29.671202572705013 ], [ -95.604922113448907, 29.668745859421389 ] ] ] } },
{ "type": "Feature", "properties": { "hex_id": "88446ca0c9fffff", "price_mean": 1.84, "price_median": 1.84, "n": 1, "top_restaurants": "ChIJLetvf8PnQIYRv4TfBbi6mRg|$10–20", "z_r": 0.34, "qtile": 2.0 }, "geometry": { "type": "Polygon", "coordinates": [ [ [ -95.614264383340753, 29.653167033834325 ], [ -95.609362911903631, 29.655833702529808 ], [ -95.609593491148118, 29.660956726776877 ], [ -95.614725993768317, 29.663413226438138 ], [ -95.619627822117025, 29.660746488193045 ], [ -95.61939679092508, 29.655623319850868 ], [ -95.614264383340753, 29.653167033834325 ] ] ] } },
{ "type": "Feature", "properties": { "hex_id": "88446ca0cbfffff", "price_mean": 1.05, "price_median": 1.0, "n": 6, "top_restaurants": "ChIJWSvmOqHdQIYRcLRi_FlgdnA|$$;;ChIJefDeUp7dQIYR3SdinX8JYFA|None;;ChIJh6Q9J2TnQIYRIoDFjy93PVU|$", "z_r": -0.45, "qtile": 0.0 }, "geometry": { "type": "Polygon", "coordinates": [ [ [ -95.619627822117025, 29.660746488193045 ], [ -95.614725993768317, 29.663413226438138 ], [ -95.614956829707552, 29.668536221471498 ], [ -95.620089946013763, 29.670992622288452 ], [ -95.624992131239438, 29.668325814479463 ], [ -95.624760843273066, 29.663202675431997 ], [ -95.619627822117025, 29.660746488193045 ] ] ] } },
{ "type": "Feature", "properties": { "hex_id": "88446ca0e1fffff", "price_mean": 1.7730882352941175, "price_median": 1.2625, "n": 17, "top_restaurants": "ChIJDew9wYPdQIYRU3xUzCKroUo|$$$;;ChIJSZVGdATdQIYRQ8kCwkyGbAM|$$;;ChIJHd-hQSvdQIYRF7JmUgPzPlc|$$", "z_r": 0.27308823529411752, "qtile": 2.0 }, "geometry": { "type": "Polygon", "coordinates": [ [ [ -95.584854439008453, 29.669162828689679 ], [ -95.579952521777926, 29.671827810150994 ], [ -95.580181806443335, 29.676950198619814 ], [ -95.585313460284041, 29.679407750131041 ], [ -95.590215734965838, 29.676742699470406 ], [ -95.589985998346705, 29.671620166512398 ], [ -95.584854439008453, 29.669162828689679 ] ] ] } },
{ "type": "Feature", "properties": { "hex_id": "88446ca0e5fffff", "price_mean": 1.4028571428571428, "price_median": 1.0, "n": 14, "top_restaurants": "ChIJax0q01ndQIYRIOq6HgeaefQ|$$;;ChIJJXlouFTdQIYRLgjXzGpr4ag|$$;;ChIJdTuc96HdQIYRstxGvZnRiqE|$10–20", "z_r": -0.097142857142857197, "qtile": 1.0 }, "geometry": { "type": "Polygon", "coordinates": [ [ [ -95.5748214819547, 29.669370160255969 ], [ -95.569919632475901, 29.672034685111619 ], [ -95.570148465226012, 29.677156928952311 ], [ -95.575279599361266, 29.679614792580022 ], [ -95.580181806443335, 29.676950198619814 ], [ -95.579952521777926, 29.671827810150994 ], [ -95.5748214819547, 29.669370160255969 ] ] ] } },
{ "type": "Feature", "properties": { "hex_id": "88446ca0ebfffff", "price_mean": 1.9353846153846155, "price_median": 1.84, "n": 13, "top_restaurants": "ChIJJdf2vHzdQIYRUoFcx6ifKXo|$$;;ChIJXSfESsDdQIYRo9sL_wIlg9U|$$;;ChIJpfNaDADdQIYReUT4HYdPCBo|None", "z_r": 0.43538461538461548, "qtile": 2.0 }, "geometry": { "type": "Polygon", "coordinates": [ [ [ -95.594887983027832, 29.668954728452832 ], [ -95.589985998346705, 29.671620166512398 ], [ -95.590215734965838, 29.676742699470406 ], [ -95.595347908249309, 29.679199938733589 ], [ -95.600250250229578, 29.676534431379938 ], [ -95.600020061618352, 29.671411754071723 ], [ -95.594887983027832, 29.668954728452832 ] ] ] } },
{ "type": "Feature", "properties": { "hex_id": "88446ca101fffff", "price_mean": 1.0, "price_median": 1.0, "n": 3, "top_restaurants": "ChIJv3Iqm7PpQIYR6eiJrC7FCA8|None;;ChIJh-KCkZ3pQIYRvlcyFBOaR9c|None;;ChIJRZ57XfHpQIYRdXe3u7Ct24A|None", "z_r": -0.5, "qtile": 0.0 }, "geometry": { "type": "Polygon", "coordinates": [ [ [ -95.497901255393103, 29.6324890510347 ], [ -95.493001541503929, 29.635150949817433 ], [ -95.49322683615641, 29.640272609318174 ], [ -95.498352296010836, 29.642732515776991 ], [ -95.503252368430793, 29.64007054843551 ], [ -95.503026622456446, 29.634948743208419 ], [ -95.497901255393103, 29.6324890510347 ] ] ] } },
{ "type": "Feature", "properties": { "hex_id": "88446ca103fffff", "price_mean": 2.2, "price_median": 2.2, "n": 4, "top_restaurants": "ChIJkVtOZgvpQIYRgDR-sxv5hjw|$$;;ChIJk5oOmL3pQIYRiCebqjbHt9k|$$;;ChIJe84AlsLpQIYRTG4Fah9XENk|€", "z_r": 0.7, "qtile": 3.0 }, "geometry": { "type": "Polygon", "coordinates": [ [ [ -95.503252368430793, 29.64007054843551 ], [ -95.498352296010836, 29.642732515776991 ], [ -95.498577846330988, 29.647854147556728 ], [ -95.503703920463892, 29.650313957655033 ], [ -95.508604351380939, 29.647651921740504 ], [ -95.508378349658912, 29.642530144315188 ], [ -95.503252368430793, 29.64007054843551 ] ] ] } },
{ "type": "Feature", "properties": { "hex_id": "88446ca107fffff", "price_mean": 1.0, "price_median": 1.0, "n": 5, "top_restaurants": "ChIJA4FG9CLpQIYRcpBx-Nl41Xw|None;;ChIJb-Y5MJHpQIYRib2kqw0603g|€;;ChIJzerPDsXpQIYROtZCGH5veCM|None", "z_r": -0.5, "qtile": 0.0 }, "geometry": { "type": "Polygon", "coordinates": [ [ [ -95.49322683615641, 29.640272609318174 ], [ -95.488326833898441, 29.642934120391189 ], [ -95.488551932855785, 29.648055606386695 ], [ -95.493677485424797, 29.650515727107887 ], [ -95.498577846330988, 29.647854147556728 ], [ -95.498352296010836, 29.642732515776991 ], [ -95.49322683615641, 29.640272609318174 ] ] ] } },
{ "type": "Feature", "properties": { "hex_id": "88446ca10dfffff", "price_mean": 1.0, "price_median": 1.0, "n": 1, "top_restaurants": "ChIJSx5gJHXpQIYR-bgT1ftH2Z8|$", "z_r": -0.5, "qtile": 0.0 }, "geometry": { "type": "Polygon", "coordinates": [ [ [ -95.492551012149093, 29.624907430008051 ], [ -95.48765165682434, 29.6275692602463 ], [ -95.487876695885362, 29.632690947240221 ], [ -95.493001541503929, 29.635150949817433 ], [ -95.497901255393103, 29.6324890510347 ], [ -95.497675765090193, 29.627367218233694 ], [ -95.492551012149093, 29.624907430008051 ] ] ] } },
{ "type": "Feature", "properties": { "hex_id": "88446ca113fffff", "price_mean": 2.16, "price_median": 1.84, "n": 9, "top_restaurants": "ChIJDZNTbzToQIYR-CLLx8HXcdo|$$;;ChIJXSH1OjDoQIYRFMp-ZlQFBlk|$$;;ChIJ8edzNK7pQIYREv16D929AUY|$$", "z_r": 0.66, "qtile": 3.0 }, "geometry": { "type": "Polygon", "coordinates": [ [ [ -95.523985272986948, 29.655030012091405 ], [ -95.519084414047398, 29.657692573044795 ], [ -95.519310927493436, 29.662814294182983 ], [ -95.524438751470782, 29.66527359972752 ], [ -95.529339968688575, 29.662610970077562 ], [ -95.52911300364174, 29.657489103594127 ], [ -95.523985272986948, 29.655030012091405 ] ] ] } },
{ "type": "Feature", "properties": { "hex_id": "88446ca115fffff", "price_mean": 1.5357142857142858, "price_median": 1.0, "n": 14, "top_restaurants": "ChIJeV0zMnTpQIYRrGOV-42T5H8|€€;;ChIJjzbzwMjpQIYRQ7RaIS8UUcI|$$;;ChIJ7S5BMsbpQIYRoTImJGbUBfQ|$$", "z_r": 0.035714285714285809, "qtile": 1.0 }, "geometry": { "type": "Polygon", "coordinates": [ [ [ -95.508604351380939, 29.647651921740504 ], [ -95.503703920463892, 29.650313957655033 ], [ -95.503929726527929, 29.655435561485934 ], [ -95.509056414981814, 29.65789527498157 ], [ -95.513957204362256, 29.655233170479676 ], [ -95.513730946816338, 29.650111421083992 ], [ -95.508604351380939, 29.647651921740504 ] ] ] } },
{ "type": "Feature", "properties": { "hex_id": "88446ca117fffff", "price_mean": 2.2, "price_median": 2.2, "n": 2, "top_restaurants": "ChIJyQYnOsnpQIYRilTRFo5JV9I|$$;;ChIJF0B-P4vpQIYR4VqIryn8YR0|$", "z_r": 0.7, "qtile": 3.0 }, "geometry": { "type": "Polygon", "coordinates": [ [ [ -95.513957204362256, 29.655233170479676 ], [ -95.509056414981814, 29.65789527498157 ], [ -95.509282476865991, 29.663016850635792 ], [ -95.514409779683405, 29.66547646728657 ], [ -95.519310927493436, 29.662814294182983 ], [ -95.519084414047398, 29.657692573044795 ], [ -95.513957204362256, 29.655233170479676 ] ] ] } },
{ "type": "Feature", "properties": { "hex_id": "88446ca119fffff", "price_mean": 1.0, "price_median": 1.0, "n": 1, "top_restaurants": "ChIJJXwPU93pQIYRcu4BESi9Igs|None", "z_r": -0.5, "qtile": 0.0 }, "geometry": { "type": "Polygon", "coordinates": [ [ [ -95.523305206123766, 29.639664126022556 ], [ -95.518404994280928, 29.642327005880638 ], [ -95.518631447443809, 29.647448928812846 ], [ -95.523758563920225, 29.649908117269632 ], [ -95.528659133957618, 29.647245168648752 ], [ -95.528432229314987, 29.642123100348375 ], [ -95.523305206123766, 29.639664126022556 ] ] ] } },
{ "type": "Feature", "properties": { "hex_id": "88446ca11bfffff", "price_mean": 1.36, "price_median": 1.0, "n": 9, "top_restaurants": "ChIJwexE6DnoQIYRYcRQxHrSsKk|$$;;ChIJa3RCkmbpQIYRfydIi7KFkJo|$10–20;;ChIJDa1eojboQIYRQSlHXdiGbYI|$", "z_r": -0.14, "qtile": 1.0 }, "geometry": { "type": "Polygon", "coordinates": [ [ [ -95.528659133957618, 29.647245168648752 ], [ -95.523758563920225, 29.649908117269632 ], [ -95.523985272986948, 29.655030012091405 ], [ -95.52911300364174, 29.657489103594127 ], [ -95.534013931839823, 29.654826086196135 ], [ -95.533786771213414, 29.649704046087027 ], [ -95.528659133957618, 29.647245168648752 ] ] ] } },
{ "type": "Feature", "properties": { "hex_id": "88446ca123fffff", "price_mean": 1.3333333333333333, "price_median": 1.0, "n": 3, "top_restaurants": "ChIJd0jnfkDpQIYR8DLYh3_Hg5g|None;;ChIJ-02Vhh_qQIYRka9eqq44J-0|$;;ChIJvVAX5_XpQIYRGQQ7RfYwjN0|$", "z_r": -0.16666666666666674, "qtile": 0.0 }, "geometry": { "type": "Polygon", "coordinates": [ [ [ -95.47852661151687, 29.648256298355712 ], [ -95.473626391533415, 29.650916965160171 ], [ -95.473850843386302, 29.656038131464864 ], [ -95.478975966578076, 29.658498776960219 ], [ -95.483876545478253, 29.655838041853155 ], [ -95.48365164226081, 29.65071672956779 ], [ -95.47852661151687, 29.648256298355712 ] ] ] } },
{ "type": "Feature", "properties": { "hex_id": "88446ca125fffff", "price_mean": 1.0, "price_median": 1.0, "n": 4, "top_restaurants": "ChIJVRJUuzDqQIYRTFrT3UQhZyU|$;;ChIJy_HqiQ7qQIYR56x6lq_2xc8|$;;ChIJR3yDjgzrQIYRLWiG5Kge4uU|None", "z_r": -0.5, "qtile": 0.0 }, "geometry": { "type": "Polygon", "coordinates": [ [ [ -95.463153792359819, 29.640874192173609 ], [ -95.45825400238914, 29.643534334401647 ], [ -95.458477747493177, 29.648655382212937 ], [ -95.463601733803912, 29.651116434010589 ], [ -95.468501882875614, 29.64845622358925 ], [ -95.46827768652642, 29.643335029578001 ], [ -95.463153792359819, 29.640874192173609 ] ] ] } },
{ "type": "Feature", "properties": { "hex_id": "88446ca127fffff", "price_mean": 2.0, "price_median": 2.0, "n": 1, "top_restaurants": "ChIJ_1HpqxfqQIYRJIY91k7Mgds|None", "z_r": 0.5, "qtile": 2.0 }, "geometry": { "type": "Polygon", "coordinates": [ [ [ -95.468501882875614, 29.64845622358925 ], [ -95.463601733803912, 29.651116434010589 ], [ -95.463825734331508, 29.656237454196045 ], [ -95.468950335246959, 29.658698410093841 ], [ -95.473850843386302, 29.656038131464864 ], [ -95.473626391533415, 29.650916965160171 ], [ -95.468501882875614, 29.64845622358925 ] ] ] } },
{ "type": "Feature", "properties": { "hex_id": "88446ca129fffff", "price_mean": 1.0, "price_median": 1.0, "n": 2, "top_restaurants": "ChIJjbwZxYfpQIYROHwCPsHZX3Y|€;;ChIJeWqdx4XpQIYRai3TDDqDwKA|None", "z_r": -0.5, "qtile": 0.0 }, "geometry": { "type": "Polygon", "coordinates": [ [ [ -95.477852728396527, 29.632892077000644 ], [ -95.472953155433586, 29.635553063429622 ], [ -95.473177547559686, 29.640674431061804 ], [ -95.478301963883197, 29.643134958283042 ], [ -95.483201895678931, 29.640473903485159 ], [ -95.482977052309209, 29.635352389849398 ], [ -95.477852728396527, 29.632892077000644 ] ] ] } },
{ "type": "Feature", "properties": { "hex_id": "88446ca12bfffff", "price_mean": 1.0, "price_median": 1.0, "n": 1, "top_restaurants": "ChIJ42bEyTLpQIYRawQqPp14Co4|None", "z_r": -0.5, "qtile": 0.0 }, "geometry": { "type": "Polygon", "coordinates": [ [ [ -95.483201895678931, 29.640473903485159 ], [ -95.478301963883197, 29.643134958283042 ], [ -95.47852661151687, 29.648256298355712 ], [ -95.48365164226081, 29.65071672956779 ], [ -95.488551932855785, 29.648055606386695 ], [ -95.488326833898441, 29.642934120391189 ], [ -95.483201895678931, 29.640473903485159 ] ] ] } },
{ "type": "Feature", "properties": { "hex_id": "88446ca12dfffff", "price_mean": 1.85, "price_median": 1.5, "n": 4, "top_restaurants": "ChIJ3RpaAzHqQIYRu3GDbi7K6e0|$$;;ChIJxUHWcifrQIYRWLgWQz3nBIg|None;;ChIJw-OOsGPpQIYR1znTBpV2uFE|None", "z_r": 0.35, "qtile": 2.0 }, "geometry": { "type": "Polygon", "coordinates": [ [ [ -95.467829353487716, 29.633092440441317 ], [ -95.462929851438076, 29.635752970683562 ], [ -95.463153792359819, 29.640874192173609 ], [ -95.46827768652642, 29.643335029578001 ], [ -95.473177547559686, 29.640674431061804 ], [ -95.472953155433586, 29.635553063429622 ], [ -95.467829353487716, 29.633092440441317 ] ] ] } },
{ "type": "Feature", "properties": { "hex_id": "88446ca131fffff", "price_mean": 1.0, "price_median": 1.0, "n": 1, "top_restaurants": "ChIJsdNHyd_pQIYR67sJSSWQefo|None", "z_r": -0.5, "qtile": 0.0 }, "geometry": { "type": "Polygon", "coordinates": [ [ [ -95.493902840046005, 29.655637185235332 ], [ -95.489002190685326, 29.658298376813963 ], [ -95.48922734956281, 29.663419661084241 ], [ -95.494353609275691, 29.665879899551641 ], [ -95.49925461736845, 29.663218639561119 ], [ -95.499029007007138, 29.658097209529554 ], [ -95.493902840046005, 29.655637185235332 ] ] ] } },
{ "type": "Feature", "properties": { "hex_id": "88446ca135fffff", "price_mean": 1.55125, "price_median": 1.55125, "n": 2, "top_restaurants": "ChIJb3FpnS7pQIYRoAZYKkTixWY|$10–20;;ChIJVclCA9XpQIYRsVAJpTe8XEk|€", "z_r": 0.05125, "qtile": 1.0 }, "geometry": { "type": "Polygon", "coordinates": [ [ [ -95.483876545478253, 29.655838041853155 ], [ -95.478975966578076, 29.658498776960219 ], [ -95.479200674010926, 29.663619915330575 ], [ -95.484326411779463, 29.666080464508244 ], [ -95.48922734956281, 29.663419661084241 ], [ -95.489002190685326, 29.658298376813963 ], [ -95.483876545478253, 29.655838041853155 ] ] ] } },
{ "type": "Feature", "properties": { "hex_id": "88446ca139fffff", "price_mean": 1.0, "price_median": 1.0, "n": 2, "top_restaurants": "ChIJVdl0X0vpQIYRwktjnC7F3N4|None;;ChIJKxys8TfpQIYRyOBxLzQYYyg|$1–10", "z_r": -0.5, "qtile": 0.0 }, "geometry": { "type": "Polygon", "coordinates": [ [ [ -95.498577846330988, 29.647854147556728 ], [ -95.493677485424797, 29.650515727107887 ], [ -95.493902840046005, 29.655637185235332 ], [ -95.499029007007138, 29.658097209529554 ], [ -95.503929726527929, 29.655435561485934 ], [ -95.503703920463892, 29.650313957655033 ], [ -95.498577846330988, 29.647854147556728 ] ] ] } },
{ "type": "Feature", "properties": { "hex_id": "88446ca13bfffff", "price_mean": 1.54, "price_median": 1.0, "n": 5, "top_restaurants": "ChIJ60GZKKDpQIYR91d0D5M1iB4|€€;;ChIJzx-Zj8XpQIYRmXz_wM-3QPA|$;;ChIJPfdWG7bpQIYR2BqNJDObd-4|€", "z_r": 0.04, "qtile": 1.0 }, "geometry": { "type": "Polygon", "coordinates": [ [ [ -95.503929726527929, 29.655435561485934 ], [ -95.499029007007138, 29.658097209529554 ], [ -95.49925461736845, 29.663218639561119 ], [ -95.504381398764323, 29.665678567186205 ], [ -95.509282476865991, 29.663016850635792 ], [ -95.509056414981814, 29.65789527498157 ], [ -95.503929726527929, 29.655435561485934 ] ] ] } },
{ "type": "Feature", "properties": { "hex_id": "88446ca143fffff", "price_mean": 1.45, "price_median": 1.0, "n": 6, "top_restaurants": "ChIJVVUlWw_pQIYRxUV23CehFvo|€€;;ChIJHU_J5ALpQIYRg1ROe4upI2M|None;;ChIJQ2U2jg_pQIYRWPqYGtnrt4A|€", "z_r": -0.05, "qtile": 1.0 }, "geometry": { "type": "Polygon", "coordinates": [ [ [ -95.507248641726491, 29.616920252371937 ], [ -95.502349504670207, 29.619582926027245 ], [ -95.502575190578796, 29.624704931923496 ], [ -95.507700464774558, 29.627164409789415 ], [ -95.512599960126792, 29.624501667414108 ], [ -95.512373822978233, 29.619379515907365 ], [ -95.507248641726491, 29.616920252371937 ] ] ] } },
{ "type": "Feature", "properties": { "hex_id": "88446ca145fffff", "price_mean": 1.8666666666666667, "price_median": 1.0, "n": 9, "top_restaurants": "ChIJtQE5YODrQIYRmSo3PUXO8Bc|€€;;ChIJoebibIDpQIYR5QoNhTJAAyc|€€;;ChIJJROlImfpQIYRY2nNEiAXHpI|$$", "z_r": 0.3666666666666667, "qtile": 2.0 }, "geometry": { "type": "Polygon", "coordinates": [ [ [ -95.491875367952446, 29.609541649485976 ], [ -95.486976659391459, 29.61220379856017 ], [ -95.487201638580032, 29.617325685825492 ], [ -95.492325777441451, 29.619785569860959 ], [ -95.497224844483057, 29.617123352175891 ], [ -95.496999414173516, 29.61200131908069 ], [ -95.491875367952446, 29.609541649485976 ] ] ] } },
{ "type": "Feature", "properties": { "hex_id": "88446ca153fffff", "price_mean": 1.6053571428571429, "price_median": 1.0, "n": 7, "top_restaurants": "ChIJpwzyiVroQIYR2kBlFFFdOws|$$;;ChIJYxDt3A_pQIYRXz-SYghqlCA|$10–20;;ChIJRU41TQDpQIYRRePFBkXzz2M|$10–20", "z_r": 0.10535714285714293, "qtile": 1.0 }, "geometry": { "type": "Polygon", "coordinates": [ [ [ -95.5279784804152, 29.631878762496196 ], [ -95.523078557388672, 29.63454202975883 ], [ -95.523305206123766, 29.639664126022556 ], [ -95.528432229314987, 29.642123100348375 ], [ -95.533332510418589, 29.639459764242368 ], [ -95.533105410244843, 29.634337522668407 ], [ -95.5279784804152, 29.631878762496196 ] ] ] } },
{ "type": "Feature", "properties": { "hex_id": "88446ca155fffff", "price_mean": 1.84, "price_median": 1.84, "n": 1, "top_restaurants": "ChIJuZpFvqfpQIYR7ZpGyThOvOs|$10–20", "z_r": 0.34, "qtile": 2.0 }, "geometry": { "type": "Polygon", "coordinates": [ [ [ -95.512599960126792, 29.624501667414108 ], [ -95.507700464774558, 29.627164409789415 ], [ -95.507926406358379, 29.632286388258862 ], [ -95.513052294605259, 29.634745769897215 ], [ -95.517952148219678, 29.632082958787656 ], [ -95.517725755315951, 29.626960834788466 ], [ -95.512599960126792, 29.624501667414108 ] ] ] } },
{ "type": "Feature", "properties": { "hex_id": "88446ca161fffff", "price_mean": 1.0, "price_median": 1.0, "n": 1, "top_restaurants": "ChIJk8HLAFvpQIYRt5U9lCxGJI0|None", "z_r": -0.5, "qtile": 0.0 }, "geometry": { "type": "Polygon", "coordinates": [ [ [ -95.477179024578518, 29.617527253445839 ], [ -95.472280098466612, 29.620188559170163 ], [ -95.472504430889686, 29.62531012740304 ], [ -95.477628140538243, 29.627770535952433 ], [ -95.482527425399013, 29.625109161792814 ], [ -95.482302641853238, 29.619987447533543 ], [ -95.477179024578518, 29.617527253445839 ] ] ] } },
{ "type": "Feature", "properties": { "hex_id": "88446ca165fffff", "price_mean": 1.25, "price_median": 1.0, "n": 8, "top_restaurants": "ChIJMwUvv2jrQIYR5YAOBRSlcGw|None;;ChIJw8X1nB7rQIYRvuHZNxsGS5w|None;;ChIJxaxmzc3rQIYRjiyKIspY92Q|$", "z_r": -0.25, "qtile": 0.0 }, "geometry": { "type": "Polygon", "coordinates": [ [ [ -95.467157003039432, 29.617728055162186 ], [ -95.462258147842377, 29.620388904896199 ], [ -95.462482029181984, 29.625510326964097 ], [ -95.467605216792961, 29.627971045477391 ], [ -95.472504430889686, 29.62531012740304 ], [ -95.472280098466612, 29.620188559170163 ], [ -95.467157003039432, 29.617728055162186 ] ] ] } },
{ "type": "Feature", "properties": { "hex_id": "88446ca181fffff", "price_mean": 1.5342857142857143, "price_median": 1.0, "n": 14, "top_restaurants": "ChIJhUBBxpHCQIYRKdty_np45Fs|$$;;ChIJEWErwZHCQIYRm6Zu0_EOVPw|$$;;ChIJsZmC6jq_QIYRFL_76Ftqs9I|None", "z_r": 0.034285714285714253, "qtile": 1.0 }, "geometry": { "type": "Polygon", "coordinates": [ [ [ -95.535377318972991, 29.685556910376786 ], [ -95.530475096077268, 29.688219289371641 ], [ -95.530702182004646, 29.693340750040573 ], [ -95.53583194270054, 29.695799976889607 ], [ -95.540734523890293, 29.693137529235532 ], [ -95.540506986081098, 29.688015923406144 ], [ -95.535377318972991, 29.685556910376786 ] ] ] } },
{ "type": "Feature", "properties": { "hex_id": "88446ca185fffff", "price_mean": 1.5890909090909091, "price_median": 1.0, "n": 11, "top_restaurants": "ChIJ_wtNSZfDQIYRBkhOy6kWbbc|$$;;ChIJ8fSoJ3LDQIYRV-TyAjioEag|$$;;ChIJi_rY-o3CQIYR-8L-4BMHYYo|$10–20", "z_r": 0.089090909090909109, "qtile": 1.0 }, "geometry": { "type": "Polygon", "coordinates": [ [ [ -95.525345949914581, 29.685759964708776 ], [ -95.520443796272872, 29.688421886865793 ], [ -95.520670430357299, 29.693543202235524 ], [ -95.525799669917319, 29.696002740761934 ], [ -95.530702182004646, 29.693340750040573 ], [ -95.530475096077268, 29.688219289371641 ], [ -95.525345949914581, 29.685759964708776 ] ] ] } },
{ "type": "Feature", "properties": { "hex_id": "88446ca18bfffff", "price_mean": 1.0, "price_median": 1.0, "n": 4, "top_restaurants": "ChIJZ_M3RajDQIYRdUDZALzgsiw|None;;ChIJWUx8SzfDQIYRPHb7rJ_91l4|$;;ChIJE9gbeL7CQIYR5NzPFPlmCas|None", "z_r": -0.5, "qtile": 0.0 }, "geometry": { "type": "Polygon", "coordinates": [ [ [ -95.545409277929963, 29.685353087580314 ], [ -95.540506986081098, 29.688015923406144 ], [ -95.540734523890293, 29.693137529235532 ], [ -95.545864805459942, 29.69559644427526 ], [ -95.550767455451123, 29.692933539695364 ], [ -95.550539465721329, 29.687811788844314 ], [ -95.545409277929963, 29.685353087580314 ] ] ] } },
{ "type": "Feature", "properties": { "hex_id": "88446ca18dfffff", "price_mean": 1.5059683794466403, "price_median": 1.3, "n": 11, "top_restaurants": "ChIJk4MHFBXDQIYRNiziI69igBY|$$;;ChIJdSmqg4_CQIYRRpHvs0XUXPA|$10–20;;ChIJdyGv167DQIYRbPwUB7Sf3ww|$10–20", "z_r": 0.005968379446640304, "qtile": 1.0 }, "geometry": { "type": "Polygon", "coordinates": [ [ [ -95.530020984680164, 29.67797616460166 ], [ -95.525119120112421, 29.680638474951717 ], [ -95.525345949914581, 29.685759964708776 ], [ -95.530475096077268, 29.688219289371641 ], [ -95.535377318972991, 29.685556910376786 ], [ -95.535150037369007, 29.680435275378361 ], [ -95.530020984680164, 29.67797616460166 ] ] ] } },
{ "type": "Feature", "properties": { "hex_id": "88446ca191fffff", "price_mean": 2.0509241049608993, "price_median": 1.84, "n": 60, "top_restaurants": "ChIJJ_Yfo2XDQIYRREfaXkSuSaw|$30–50;;ChIJ71VJFDfDQIYRfXeipiZNUm4|$30–50;;ChIJlTVTVq7DQIYR3G_nVf_H5ow|$20–30", "z_r": 0.55092410496089927, "qtile": 2.0 }, "geometry": { "type": "Polygon", "coordinates": [ [ [ -95.556126503723519, 29.700513864167085 ], [ -95.5512234956241, 29.703176837515464 ], [ -95.551451546072656, 29.708298384323054 ], [ -95.556583056692119, 29.710757102656498 ], [ -95.561486422865585, 29.708094060525184 ], [ -95.56125792033653, 29.702972368857875 ], [ -95.556126503723519, 29.700513864167085 ] ] ] } },
{ "type": "Feature", "properties": { "hex_id": "88446ca193fffff", "price_mean": 1.74, "price_median": 1.3, "n": 5, "top_restaurants": "ChIJV-IlstXCQIYR1N5E6detiSA|$$;;ChIJ7Wm7mGLdQIYRYqVJU6anpMk|None;;ChIJsfJ4jrLDQIYRfJaZx9mBYhQ|$$", "z_r": 0.24, "qtile": 2.0 }, "geometry": { "type": "Polygon", "coordinates": [ [ [ -95.561486422865585, 29.708094060525184 ], [ -95.556583056692119, 29.710757102656498 ], [ -95.556811363574852, 29.715878619611296 ], [ -95.561943488782504, 29.718337239228038 ], [ -95.566847212995825, 29.715674128299341 ], [ -95.566618453952671, 29.710552466565826 ], [ -95.561486422865585, 29.708094060525184 ] ] ] } },
{ "type": "Feature", "properties": { "hex_id": "88446ca195fffff", "price_mean": 1.9378644674638488, "price_median": 1.0, "n": 58, "top_restaurants": "ChIJNc4K5cTCQIYRe9OyIN7DcGE|$20–30;;ChIJI1Xm9m3DQIYR3KiX8vie4jI|$20–30;;ChIJh6uBttrCQIYRZ6i15eIPyCw|$$", "z_r": 0.43786446746384877, "qtile": 2.0 }, "geometry": { "type": "Polygon", "coordinates": [ [ [ -95.546092599550647, 29.700718020707708 ], [ -95.541189660100912, 29.703380537035414 ], [ -95.541417258507693, 29.708501938844449 ], [ -95.546548248396988, 29.710960969338835 ], [ -95.551451546072656, 29.708298384323054 ], [ -95.5512234956241, 29.703176837515464 ], [ -95.546092599550647, 29.700718020707708 ] ] ] } },
{ "type": "Feature", "properties": { "hex_id": "88446ca197fffff", "price_mean": 1.42, "price_median": 1.42, "n": 2, "top_restaurants": "ChIJq6pqddnCQIYR8-myZSIk_fM|$10–20;;ChIJcwzzatrCQIYRuJiUpzmOXn0|$", "z_r": -0.08, "qtile": 1.0 }, "geometry": { "type": "Polygon", "coordinates": [ [ [ -95.551451546072656, 29.708298384323054 ], [ -95.546548248396988, 29.710960969338835 ], [ -95.546776103157953, 29.716082341376097 ], [ -95.551907707707372, 29.718541273329635 ], [ -95.556811363574852, 29.715878619611296 ], [ -95.556583056692119, 29.710757102656498 ], [ -95.551451546072656, 29.708298384323054 ] ] ] } },
{ "type": "Feature", "properties": { "hex_id": "88446ca19bfffff", "price_mean": 1.6432142857142857, "price_median": 1.0, "n": 28, "top_restaurants": "ChIJlTc2vTLdQIYRobNYA8OXFqM|$$;;ChIJ62IPhFPdQIYRDpYsisgq6a4|$$;;ChIJLZKEqTHdQIYRMTEuMpzFA_w|$$", "z_r": 0.14321428571428574, "qtile": 1.0 }, "geometry": { "type": "Polygon", "coordinates": [ [ [ -95.566160996784433, 29.700308938495812 ], [ -95.56125792033653, 29.702972368857875 ], [ -95.561486422865585, 29.708094060525184 ], [ -95.566618453952671, 29.710552466565826 ], [ -95.571521888322664, 29.707888967326003 ], [ -95.571292933674499, 29.702767130937836 ], [ -95.566160996784433, 29.700308938495812 ] ] ] } },
{ "type": "Feature", "properties": { "hex_id": "88446ca19dfffff", "price_mean": 3.4, "price_median": 3.4, "n": 1, "top_restaurants": "ChIJ13g4VwbDQIYRdVKkpxjZuAY|$$", "z_r": 1.9, "qtile": 3.0 }, "geometry": { "type": "Polygon", "coordinates": [ [ [ -95.550767455451123, 29.692933539695364 ], [ -95.545864805459942, 29.69559644427526 ], [ -95.546092599550647, 29.700718020707708 ], [ -95.5512234956241, 29.703176837515464 ], [ -95.556126503723519, 29.700513864167085 ], [ -95.555898257632236, 29.695392142793938 ], [ -95.550767455451123, 29.692933539695364 ] ] ] } },
{ "type": "Feature", "properties": { "hex_id": "88446ca1a3fffff", "price_mean": 1.4088934426229507, "price_median": 1.0, "n": 61, "top_restaurants": "ChIJ2cJZ117CQIYRRxQRJcJftB4|$$;;ChIJNz84UtnDQIYRP897CW20T2w|$$;;ChIJJXsPMrTDQIYR2AMkQ-nbjwk|$$", "z_r": -0.091106557377049313, "qtile": 1.0 }, "geometry": { "type": "Polygon", "coordinates": [ [ [ -95.515994425995189, 29.701325876795018 ], [ -95.511091694300674, 29.703987022019639 ], [ -95.511317936815146, 29.709107988000486 ], [ -95.516447362940227, 29.711567954185995 ], [ -95.521350453315677, 29.708906740557943 ], [ -95.521123758876016, 29.703785629162315 ], [ -95.515994425995189, 29.701325876795018 ] ] ] } },
{ "type": "Feature", "properties": { "hex_id": "88446ca1a7fffff", "price_mean": 2.025, "price_median": 1.5, "n": 8, "top_restaurants": "ChIJE0LfwE_CQIYRcS6ofFf5y80|$$;;ChIJu-rzuorCQIYRSSwfae8AfQA|$$;;ChIJKRLSkTfDQIYRJg4_Ir0ufCg|$$", "z_r": 0.525, "qtile": 2.0 }, "geometry": { "type": "Polygon", "coordinates": [ [ [ -95.505962883008166, 29.701526958063162 ], [ -95.501060221167293, 29.704187646240051 ], [ -95.501286011795585, 29.709308466667441 ], [ -95.506414916141836, 29.711768744485884 ], [ -95.511317936815146, 29.709107988000486 ], [ -95.511091694300674, 29.703987022019639 ], [ -95.505962883008166, 29.701526958063162 ] ] ] } },
{ "type": "Feature", "properties": { "hex_id": "88446ca1abfffff", "price_mean": 1.3588235294117648, "price_median": 1.0, "n": 17, "top_restaurants": "ChIJfw85Dl_CQIYRp0DWra9tb1s|$$;;ChIJA37K3_HDQIYRU2W8rvV8Lzw|$$;;ChIJh7jrFB3DQIYREUQCOvzvU9s|None", "z_r": -0.14117647058823524, "qtile": 1.0 }, "geometry": { "type": "Polygon", "coordinates": [ [ [ -95.520670430357299, 29.693543202235524 ], [ -95.515767987673343, 29.696204736017382 ], [ -95.515994425995189, 29.701325876795018 ], [ -95.521123758876016, 29.703785629162315 ], [ -95.526026560123256, 29.701124026896586 ], [ -95.525799669917319, 29.696002740761934 ], [ -95.520670430357299, 29.693543202235524 ] ] ] } },
{ "type": "Feature", "properties": { "hex_id": "88446ca1adfffff", "price_mean": 1.7309090909090907, "price_median": 1.0, "n": 11, "top_restaurants": "ChIJWVTG96HDQIYRllFTPco3mTA|$$;;ChIJT5Y80m3CQIYRtFqnNy99ZTA|$$;;ChIJF0sIdK_DQIYRTnREqW9-Sx4|$$", "z_r": 0.23090909090909073, "qtile": 2.0 }, "geometry": { "type": "Polygon", "coordinates": [ [ [ -95.505284983744772, 29.686163768479705 ], [ -95.500382969513595, 29.688824776940834 ], [ -95.500608700028948, 29.693945801296056 ], [ -95.505736896531417, 29.696405962781228 ], [ -95.510639269511159, 29.693744885945573 ], [ -95.510413087230773, 29.688623716013751 ], [ -95.505284983744772, 29.686163768479705 ] ] ] } },
{ "type": "Feature", "properties": { "hex_id": "88446ca1b1fffff", "price_mean": 1.0, "price_median": 1.0, "n": 2, "top_restaurants": "ChIJccUkfgDDQIYRoZV-T17un4k|$1–10;;ChIJ_Vt1lpHDQIYRC4ISTxlP55U|None", "z_r": -0.5, "qtile": 0.0 }, "geometry": { "type": "Polygon", "coordinates": [ [ [ -95.531383560734241, 29.70870472421436 ], [ -95.526480400957624, 29.711366394978427 ], [ -95.52670735159144, 29.716487476764204 ], [ -95.531837914036956, 29.718947032995558 ], [ -95.536741432308958, 29.716285293718684 ], [ -95.536514029630979, 29.711164066737794 ], [ -95.531383560734241, 29.70870472421436 ] ] ] } },
{ "type": "Feature", "properties": { "hex_id": "88446ca1b3fffff", "price_mean": 1.558, "price_median": 1.0, "n": 20, "top_restaurants": "ChIJ-Zrw4wzDQIYRnUkCE2Z4Beg|$$$;;ChIJ1Q7UD-DCQIYRfR5ed0ofRVY|$$;;ChIJ1Q7UD-DCQIYRSG0GHHOmi9Y|$10–20", "z_r": 0.058, "qtile": 1.0 }, "geometry": { "type": "Polygon", "coordinates": [ [ [ -95.536741432308958, 29.716285293718684 ], [ -95.531837914036956, 29.718947032995558 ], [ -95.53206512094124, 29.724068084943628 ], [ -95.537196298232701, 29.726527542743472 ], [ -95.542100174966095, 29.72386573493932 ], [ -95.541872515937598, 29.718744537877118 ], [ -95.536741432308958, 29.716285293718684 ] ] ] } },
{ "type": "Feature", "properties": { "hex_id": "88446ca1b5fffff", "price_mean": 1.21, "price_median": 1.0, "n": 4, "top_restaurants": "ChIJ8YylWMLDQIYRdpJricIQzok|$10–20;;ChIJj446hP_CQIYRGWg-fHWYMfA|$;;ChIJ3U9jDQDDQIYR11oZY-6Seqs|None", "z_r": -0.29, "qtile": 0.0 }, "geometry": { "type": "Polygon", "coordinates": [ [ [ -95.521350453315677, 29.708906740557943 ], [ -95.516447362940227, 29.711567954185995 ], [ -95.516673861568748, 29.716688890637926 ], [ -95.521803902568919, 29.719148758810157 ], [ -95.52670735159144, 29.716487476764204 ], [ -95.526480400957624, 29.711366394978427 ], [ -95.521350453315677, 29.708906740557943 ] ] ] } },
{ "type": "Feature", "properties": { "hex_id": "88446ca1b7fffff", "price_mean": 1.0, "price_median": 1.0, "n": 2, "top_restaurants": "ChIJy9xV-nvDQIYR1JfK4NHqdrQ|$;;ChIJ3b0aZenFQIYRxfe-v-_j9Qg|None", "z_r": -0.5, "qtile": 0.0 }, "geometry": { "type": "Polygon", "coordinates": [ [ [ -95.52670735159144, 29.716487476764204 ], [ -95.521803902568919, 29.719148758810157 ], [ -95.522030657387859, 29.72426966550535 ], [ -95.527161313305584, 29.726729435421969 ], [ -95.53206512094124, 29.724068084943628 ], [ -95.531837914036956, 29.718947032995558 ], [ -95.52670735159144, 29.716487476764204 ] ] ] } },
{ "type": "Feature", "properties": { "hex_id": "88446ca1b9fffff", "price_mean": 2.06052734375, "price_median": 1.84, "n": 16, "top_restaurants": "ChIJmRh_9ejCQIYRO6yV_vKE7YE|$$;;ChIJ67StKejCQIYRsDyi2uzoOLY|$$;;ChIJiz_y22zDQIYRqmDpLBIgeJM|$$", "z_r": 0.56052734375000002, "qtile": 2.0 }, "geometry": { "type": "Polygon", "coordinates": [ [ [ -95.536059284829463, 29.700921408242532 ], [ -95.531156414330454, 29.703583467542657 ], [ -95.531383560734241, 29.70870472421436 ], [ -95.536514029630979, 29.711164066737794 ], [ -95.541417258507693, 29.708501938844449 ], [ -95.541189660100912, 29.703380537035414 ], [ -95.536059284829463, 29.700921408242532 ] ] ] } },
{ "type": "Feature", "properties": { "hex_id": "88446ca1bbfffff", "price_mean": 1.393939393939394, "price_median": 1.0, "n": 33, "top_restaurants": "ChIJT5jtyODCQIYR3Ujvh-oHI4M|$$;;ChIJOVsC9uDCQIYRMTQGri1l9N0|$$;;ChIJ3XXmAeHCQIYRWwzN7OOWHvQ|$$", "z_r": -0.10606060606060597, "qtile": 1.0 }, "geometry": { "type": "Polygon", "coordinates": [ [ [ -95.541417258507693, 29.708501938844449 ], [ -95.536514029630979, 29.711164066737794 ], [ -95.536741432308958, 29.716285293718684 ], [ -95.541872515937598, 29.718744537877118 ], [ -95.546776103157953, 29.716082341376097 ], [ -95.546548248396988, 29.710960969338835 ], [ -95.541417258507693, 29.708501938844449 ] ] ] } },
{ "type": "Feature", "properties": { "hex_id": "88446ca1bdfffff", "price_mean": 1.125, "price_median": 1.0, "n": 4, "top_restaurants": "ChIJU3sUUQDDQIYRe4ssECXVtww|None;;ChIJpXH5Ke7CQIYRZYFSFw7_HSA|$;;ChIJHzHDV_bCQIYR1fXK2U0W2Io|$", "z_r": -0.375, "qtile": 0.0 }, "geometry": { "type": "Polygon", "coordinates": [ [ [ -95.526026560123256, 29.701124026896586 ], [ -95.521123758876016, 29.703785629162315 ], [ -95.521350453315677, 29.708906740557943 ], [ -95.526480400957624, 29.711366394978427 ], [ -95.531383560734241, 29.70870472421436 ], [ -95.531156414330454, 29.703583467542657 ], [ -95.526026560123256, 29.701124026896586 ] ] ] } },
{ "type": "Feature", "properties": { "hex_id": "88446ca1c3fffff", "price_mean": 1.6959893048128343, "price_median": 1.0, "n": 17, "top_restaurants": "ChIJnR6I4GDdQIYRKbOeigj9NFo|$20–30;;ChIJUSUDd0jDQIYRepxkDfjg-5U|$$;;ChIJV5B8ranCQIYRW34aZ_L02J8|$$", "z_r": 0.19598930481283428, "qtile": 1.0 }, "geometry": { "type": "Polygon", "coordinates": [ [ [ -95.544726138223353, 29.669987544173924 ], [ -95.539824493805753, 29.672650699169118 ], [ -95.540051971041493, 29.677772508292197 ], [ -95.545181544485331, 29.680231307479293 ], [ -95.550083546961673, 29.677568083663964 ], [ -95.549855617926468, 29.672446129496176 ], [ -95.544726138223353, 29.669987544173924 ] ] ] } },
{ "type": "Feature", "properties": { "hex_id": "88446ca1c5fffff", "price_mean": 1.1866666666666665, "price_median": 1.0, "n": 9, "top_restaurants": "ChIJ99MR5N3pQIYRgpDhY_FcvbE|$10–20;;ChIJmeVxctTpQIYR8l91MlHn_lc|$10–20;;ChIJK4hqZyjoQIYRBbMropyO6ec|$", "z_r": -0.31333333333333346, "qtile": 0.0 }, "geometry": { "type": "Polygon", "coordinates": [ [ [ -95.529339968688575, 29.662610970077562 ], [ -95.524438751470782, 29.66527359972752 ], [ -95.524665520893194, 29.670395292380348 ], [ -95.529793959205094, 29.672854500662098 ], [ -95.534695534667208, 29.670191802301215 ], [ -95.534468313564062, 29.66506996438401 ], [ -95.529339968688575, 29.662610970077562 ] ] ] } },
{ "type": "Feature", "properties": { "hex_id": "88446ca1c7fffff", "price_mean": 2.2, "price_median": 2.2, "n": 6, "top_restaurants": "ChIJGzLGrSnoQIYRHW4cYtkFzqM|$$;;ChIJ4aXc3-XDQIYR7Ot2iDpyWyI|$$;;ChIJIWh9m8fDQIYRF19hQo0plkE|$$", "z_r": 0.7, "qtile": 3.0 }, "geometry": { "type": "Polygon", "coordinates": [ [ [ -95.534695534667208, 29.670191802301215 ], [ -95.529793959205094, 29.672854500662098 ], [ -95.530020984680164, 29.67797616460166 ], [ -95.535150037369007, 29.680435275378361 ], [ -95.540051971041493, 29.677772508292197 ], [ -95.539824493805753, 29.672650699169118 ], [ -95.534695534667208, 29.670191802301215 ] ] ] } },
{ "type": "Feature", "properties": { "hex_id": "88446ca1c9fffff", "price_mean": 2.0, "price_median": 2.0, "n": 1, "top_restaurants": "ChIJzSZnbhboQIYRCCmPc6xtLRc|None", "z_r": 0.5, "qtile": 2.0 }, "geometry": { "type": "Polygon", "coordinates": [ [ [ -95.544043180358429, 29.654621392669032 ], [ -95.539142183202472, 29.657284866504646 ], [ -95.5393695998889, 29.662406878194577 ], [ -95.544498465400665, 29.664865561131101 ], [ -95.549399820531818, 29.662202018409207 ], [ -95.549171952167015, 29.657079861651578 ], [ -95.544043180358429, 29.654621392669032 ] ] ] } },
{ "type": "Feature", "properties": { "hex_id": "88446ca1cdfffff", "price_mean": 2.0, "price_median": 2.0, "n": 1, "top_restaurants": "ChIJkSOi1y_oQIYR0QZCi3Kjh9o|None", "z_r": 0.5, "qtile": 2.0 }, "geometry": { "type": "Polygon", "coordinates": [ [ [ -95.534013931839823, 29.654826086196135 ], [ -95.52911300364174, 29.657489103594127 ], [ -95.529339968688575, 29.662610970077562 ], [ -95.534468313564062, 29.66506996438401 ], [ -95.5393695998889, 29.662406878194577 ], [ -95.539142183202472, 29.657284866504646 ], [ -95.534013931839823, 29.654826086196135 ] ] ] } },
{ "type": "Feature", "properties": { "hex_id": "88446ca1d1fffff", "price_mean": 1.4, "price_median": 1.0, "n": 6, "top_restaurants": "ChIJSXOUc63CQIYRNuCPtO8q1dU|$$;;ChIJva3SEm_DQIYRVtIUl3yBWJQ|None;;ChIJOeFdAa3CQIYR2lQI4xyL7lw|$", "z_r": -0.1, "qtile": 1.0 }, "geometry": { "type": "Polygon", "coordinates": [ [ [ -95.560115711877629, 29.67736289059221 ], [ -95.55521364089833, 29.680026571129666 ], [ -95.555441826222349, 29.685148496194472 ], [ -95.560572534434698, 29.687606885561301 ], [ -95.565474963286832, 29.684943136094518 ], [ -95.5652463260448, 29.679821066204763 ], [ -95.560115711877629, 29.67736289059221 ] ] ] } },
{ "type": "Feature", "properties": { "hex_id": "88446ca1d3fffff", "price_mean": 1.2466666666666666, "price_median": 1.0, "n": 15, "top_restaurants": "ChIJn_FlkrTCQIYRNaQoMaiQmYw|$$;;ChIJn_FlkrTCQIYRBuLN5LJisT0|None;;ChIJCzEhX-HdQIYRFM6JOfi3DQs|$$", "z_r": -0.25333333333333341, "qtile": 0.0 }, "geometry": { "type": "Polygon", "coordinates": [ [ [ -95.565474963286832, 29.684943136094518 ], [ -95.560572534434698, 29.687606885561301 ], [ -95.560800976123772, 29.692728781295187 ], [ -95.565932298653962, 29.695187072320799 ], [ -95.57083508534474, 29.692523253910288 ], [ -95.570606191657731, 29.68740121343242 ], [ -95.565474963286832, 29.684943136094518 ] ] ] } },
{ "type": "Feature", "properties": { "hex_id": "88446ca1d7fffff", "price_mean": 1.4679991313910494, "price_median": 1.0, "n": 23, "top_restaurants": "ChIJDz5CiATDQIYRRPutk3Ajo4g|$30–50;;ChIJNf5dH7PCQIYRJxhmHT4G8do|$$;;ChIJeawvQrHCQIYR1mMv63DEhMY|$$", "z_r": -0.032000868608950572, "qtile": 1.0 }, "geometry": { "type": "Polygon", "coordinates": [ [ [ -95.555441826222349, 29.685148496194472 ], [ -95.550539465721329, 29.687811788844314 ], [ -95.550767455451123, 29.692933539695364 ], [ -95.555898257632236, 29.695392142793938 ], [ -95.560800976123772, 29.692728781295187 ], [ -95.560572534434698, 29.687606885561301 ], [ -95.555441826222349, 29.685148496194472 ] ] ] } },
{ "type": "Feature", "properties": { "hex_id": "88446ca1d9fffff", "price_mean": 1.0, "price_median": 1.0, "n": 6, "top_restaurants": "ChIJDZTEr1fdQIYRzGqnWizGmr0|$;;ChIJOQEjJVXdQIYRJFO9sx9R3x0|$;;ChIJ_2oJEVXdQIYRToQM9nxEv4M|$", "z_r": -0.5, "qtile": 0.0 }, "geometry": { "type": "Polygon", "coordinates": [ [ [ -95.56478911243029, 29.66957672327586 ], [ -95.559887331004262, 29.67224079151854 ], [ -95.560115711877629, 29.67736289059221 ], [ -95.5652463260448, 29.679821066204763 ], [ -95.570148465226012, 29.677156928952311 ], [ -95.569919632475901, 29.672034685111619 ], [ -95.56478911243029, 29.66957672327586 ] ] ] } },
{ "type": "Feature", "properties": { "hex_id": "88446ca1dbfffff", "price_mean": 1.8, "price_median": 1.0, "n": 3, "top_restaurants": "ChIJMXy1OU_dQIYRaiRW1THuQ7U|$$;;ChIJLShEVRbdQIYRj7EM8De18rw|None;;ChIJ1arWyk_dQIYRjYyEfrLxHuc|$", "z_r": 0.3, "qtile": 2.0 }, "geometry": { "type": "Polygon", "coordinates": [ [ [ -95.570148465226012, 29.677156928952311 ], [ -95.5652463260448, 29.679821066204763 ], [ -95.565474963286832, 29.684943136094518 ], [ -95.570606191657731, 29.68740121343242 ], [ -95.575508688559907, 29.684737007155842 ], [ -95.575279599361266, 29.679614792580022 ], [ -95.570148465226012, 29.677156928952311 ] ] ] } },
{ "type": "Feature", "properties": { "hex_id": "88446ca1ddfffff", "price_mean": 1.725, "price_median": 1.0, "n": 16, "top_restaurants": "ChIJYcZso6nCQIYRpMEd7fJtRms|$$;;ChIJZTXHbKjCQIYROK_czl0UVeA|$$;;ChIJtx_hkVbDQIYRs9Q7TPG4e18|$$", "z_r": 0.225, "qtile": 2.0 }, "geometry": { "type": "Polygon", "coordinates": [ [ [ -95.554757330998754, 29.669782517873685 ], [ -95.549855617926468, 29.672446129496176 ], [ -95.550083546961673, 29.677568083663964 ], [ -95.55521364089833, 29.680026571129666 ], [ -95.560115711877629, 29.67736289059221 ], [ -95.559887331004262, 29.67224079151854 ], [ -95.554757330998754, 29.669782517873685 ] ] ] } },
{ "type": "Feature", "properties": { "hex_id": "88446ca1e1fffff", "price_mean": 1.0, "price_median": 1.0, "n": 1, "top_restaurants": "ChIJ4wN3jw7DQIYRRMYRDGbPs44|None", "z_r": -0.5, "qtile": 0.0 }, "geometry": { "type": "Polygon", "coordinates": [ [ [ -95.514636097463963, 29.670598014536264 ], [ -95.509734660815141, 29.67325979960783 ], [ -95.509960782885429, 29.678381172764166 ], [ -95.515088793278409, 29.680840906324391 ], [ -95.519990588440592, 29.678179052717294 ], [ -95.519764014687368, 29.673057534099989 ], [ -95.514636097463963, 29.670598014536264 ] ] ] } },
{ "type": "Feature", "properties": { "hex_id": "88446ca1e5fffff", "price_mean": 1.6, "price_median": 1.0, "n": 5, "top_restaurants": "ChIJa7-vBdjpQIYRzzJYuvA2Zyg|$$;;ChIJY5P7NQDDQIYRjHfahS-hqec|$20–30;;ChIJyUCw8HfCQIYRashoQ4NNl60|$", "z_r": 0.1, "qtile": 1.0 }, "geometry": { "type": "Polygon", "coordinates": [ [ [ -95.504607264941981, 29.67079996889407 ], [ -95.499705898150793, 29.673461297310837 ], [ -95.499931568577168, 29.678582524867501 ], [ -95.505059057429548, 29.681042569621553 ], [ -95.509960782885429, 29.678381172764166 ], [ -95.509734660815141, 29.67325979960783 ], [ -95.504607264941981, 29.67079996889407 ] ] ] } },
{ "type": "Feature", "properties": { "hex_id": "88446ca1e7fffff", "price_mean": 1.4285714285714286, "price_median": 1.0, "n": 7, "top_restaurants": "ChIJLY2myHrCQIYRD7usorwnYb4|None;;ChIJW2HIHC3DQIYRPOMiO4DVXGQ|None;;ChIJSR2i2HrCQIYRGtKv0T-m2Kg|None", "z_r": -0.071428571428571397, "qtile": 1.0 }, "geometry": { "type": "Polygon", "coordinates": [ [ [ -95.509960782885429, 29.678381172764166 ], [ -95.505059057429548, 29.681042569621553 ], [ -95.505284983744772, 29.686163768479705 ], [ -95.510413087230773, 29.688623716013751 ], [ -95.515315171317596, 29.685962250701344 ], [ -95.515088793278409, 29.680840906324391 ], [ -95.509960782885429, 29.678381172764166 ] ] ] } },
{ "type": "Feature", "properties": { "hex_id": "88446ca1e9fffff", "price_mean": 1.0, "price_median": 1.0, "n": 1, "top_restaurants": "ChIJI-Y8BC3oQIYRjaZEXH80qe8|None", "z_r": -0.5, "qtile": 0.0 }, "geometry": { "type": "Polygon", "coordinates": [ [ [ -95.519310927493436, 29.662814294182983 ], [ -95.514409779683405, 29.66547646728657 ], [ -95.514636097463963, 29.670598014536264 ], [ -95.519764014687368, 29.673057534099989 ], [ -95.524665520893194, 29.670395292380348 ], [ -95.524438751470782, 29.66527359972752 ], [ -95.519310927493436, 29.662814294182983 ] ] ] } },
{ "type": "Feature", "properties": { "hex_id": "88446ca1ebfffff", "price_mean": 1.0, "price_median": 1.0, "n": 4, "top_restaurants": "ChIJQU9aaJ3pQIYR5aekbXhW5lM|$;;ChIJK_MckHjDQIYRnPhGuga_rfw|None;;ChIJjThyZkDDQIYRZJjKalZsvz8|None", "z_r": -0.5, "qtile": 0.0 }, "geometry": { "type": "Polygon", "coordinates": [ [ [ -95.524665520893194, 29.670395292380348 ], [ -95.519764014687368, 29.673057534099989 ], [ -95.519990588440592, 29.678179052717294 ], [ -95.525119120112421, 29.680638474951717 ], [ -95.530020984680164, 29.67797616460166 ], [ -95.529793959205094, 29.672854500662098 ], [ -95.524665520893194, 29.670395292380348 ] ] ] } },
{ "type": "Feature", "properties": { "hex_id": "88446ca1edfffff", "price_mean": 1.1428571428571428, "price_median": 1.0, "n": 7, "top_restaurants": "ChIJ22VgLwDpQIYRSHce4BfcWdg|None;;ChIJnzlWcDHpQIYRCEQe3-chlSU|None;;ChIJp8UgYc3pQIYRCxDr8_0n54Y|$", "z_r": -0.35714285714285721, "qtile": 0.0 }, "geometry": { "type": "Polygon", "coordinates": [ [ [ -95.509282476865991, 29.663016850635792 ], [ -95.504381398764323, 29.665678567186205 ], [ -95.504607264941981, 29.67079996889407 ], [ -95.509734660815141, 29.67325979960783 ], [ -95.514636097463963, 29.670598014536264 ], [ -95.514409779683405, 29.66547646728657 ], [ -95.509282476865991, 29.663016850635792 ] ] ] } },
{ "type": "Feature", "properties": { "hex_id": "88446ca323fffff", "price_mean": 1.0, "price_median": 1.0, "n": 1, "top_restaurants": "ChIJI9_RTurpQIYRKIeezOVNbyw|$", "z_r": -0.5, "qtile": 0.0 }, "geometry": { "type": "Polygon", "coordinates": [ [ [ -95.511243438035919, 29.593767758954119 ], [ -95.50634523603425, 29.596431137885251 ], [ -95.506571057413481, 29.601553516261351 ], [ -95.51169553186341, 29.604012661296021 ], [ -95.516594091959973, 29.601349213497787 ], [ -95.516367819502634, 29.596226689546448 ], [ -95.511243438035919, 29.593767758954119 ] ] ] } },
{ "type": "Feature", "properties": { "hex_id": "88446ca327fffff", "price_mean": 1.5, "price_median": 1.5, "n": 2, "top_restaurants": "ChIJhd4mMXAlTIYRTtjOE2iMYmE|None;;ChIJSUbVP6rpQIYRTTiSBI2MB7E|None", "z_r": 0.0, "qtile": 1.0 }, "geometry": { "type": "Polygon", "coordinates": [ [ [ -95.501221375323254, 29.593971897240213 ], [ -95.496323243189153, 29.596634820499542 ], [ -95.496548613529214, 29.601757053161705 ], [ -95.501672567033452, 29.604216508292925 ], [ -95.506571057413481, 29.601553516261351 ], [ -95.50634523603425, 29.596431137885251 ], [ -95.501221375323254, 29.593971897240213 ] ] ] } },
{ "type": "Feature", "properties": { "hex_id": "88446ca501fffff", "price_mean": 2.2974380165289254, "price_median": 2.0, "n": 11, "top_restaurants": "ChIJc6ozI27dQIYRSbkmPuC9wqc|$20–30;;ChIJx66H2mTdQIYRo5pNz7_pGjk|$20–30;;ChIJKdMUqB_cQIYRWKVYuBkro48|$$", "z_r": 0.79743801652892543, "qtile": 3.0 }, "geometry": { "type": "Polygon", "coordinates": [ [ [ -95.643179737938425, 29.737167398519649 ], [ -95.638274538810464, 29.739833460744077 ], [ -95.638506587649786, 29.744955720650239 ], [ -95.643644288317958, 29.747412061966813 ], [ -95.648549844432921, 29.744745930318476 ], [ -95.648317342883885, 29.739623526792073 ], [ -95.643179737938425, 29.737167398519649 ] ] ] } },
{ "type": "Feature", "properties": { "hex_id": "88446ca503fffff", "price_mean": 1.0, "price_median": 1.0, "n": 1, "top_restaurants": "ChIJn1STYwLcQIYRsrLfyfJEd1U|None", "z_r": -0.5, "qtile": 0.0 }, "geometry": { "type": "Polygon", "coordinates": [ [ [ -95.648549844432921, 29.744745930318476 ], [ -95.643644288317958, 29.747412061966813 ], [ -95.643876594452351, 29.752534290393459 ], [ -95.649014909482361, 29.754990530725404 ], [ -95.653920822549409, 29.752324329638672 ], [ -95.653688063625566, 29.747201957672999 ], [ -95.648549844432921, 29.744745930318476 ] ] ] } },
{ "type": "Feature", "properties": { "hex_id": "88446ca507fffff", "price_mean": 3.4, "price_median": 3.4, "n": 1, "top_restaurants": "ChIJxdpzIR3cQIYRKTvdaU2nVwo|$$", "z_r": 1.9, "qtile": 3.0 }, "geometry": { "type": "Polygon", "coordinates": [ [ [ -95.638506587649786, 29.744955720650239 ], [ -95.633601097460769, 29.747621394753057 ], [ -95.633832950843754, 29.752743479501543 ], [ -95.638970747158339, 29.755200033839984 ], [ -95.643876594452351, 29.752534290393459 ], [ -95.643644288317958, 29.747412061966813 ], [ -95.638506587649786, 29.744955720650239 ] ] ] } },
{ "type": "Feature", "properties": { "hex_id": "88446ca509fffff", "price_mean": 2.2, "price_median": 2.2, "n": 14, "top_restaurants": "ChIJM4AFNJneQIYRQEOD9WfExb8|$$;;ChIJJ4wQ0tXdQIYRg-G0I1DRdVU|$$;;ChIJq5Me0LzfQIYR3YrpkwkD2uc|$$", "z_r": 0.7, "qtile": 3.0 }, "geometry": { "type": "Polygon", "coordinates": [ [ [ -95.647852401723483, 29.729378513497117 ], [ -95.642947493687828, 29.732044963660613 ], [ -95.643179737938425, 29.737167398519649 ], [ -95.648317342883885, 29.739623526792073 ], [ -95.653222607788592, 29.736957007124484 ], [ -95.652989910869977, 29.731834428703152 ], [ -95.647852401723483, 29.729378513497117 ] ] ] } },
{ "type": "Feature", "properties": { "hex_id": "88446ca50dfffff", "price_mean": 2.4066373626373627, "price_median": 3.4, "n": 21, "top_restaurants": "ChIJP5iAc4PfQIYREa1Lj4Jx5vc|$30–50;;ChIJ8VZ1GSHcQIYRdlJ53oyU1so|$$;;ChIJ9ckqWMbfQIYRpOaAFOw_EYM|$$", "z_r": 0.90663736263736272, "qtile": 3.0 }, "geometry": { "type": "Polygon", "coordinates": [ [ [ -95.637810502948099, 29.729588734712898 ], [ -95.632905660842027, 29.732254727527941 ], [ -95.633137452462634, 29.737377018685514 ], [ -95.638274538810464, 29.739833460744077 ], [ -95.643179737938425, 29.737167398519649 ], [ -95.642947493687828, 29.732044963660613 ], [ -95.637810502948099, 29.729588734712898 ] ] ] } },
{ "type": "Feature", "properties": { "hex_id": "88446ca523fffff", "price_mean": 2.0960869565217393, "price_median": 1.37, "n": 23, "top_restaurants": "ChIJbaT11wrcQIYRsoyXf4o9B0A|$$;;ChIJ13Cw1gzcQIYRVKvZUShIkVI|$$;;ChIJsdHlOnPcQIYRwklHqYuZYpM|$$", "z_r": 0.59608695652173926, "qtile": 3.0 }, "geometry": { "type": "Polygon", "coordinates": [ [ [ -95.623789892289764, 29.752951897086849 ], [ -95.618884177448209, 29.75561672523018 ], [ -95.619115382574876, 29.760738490741126 ], [ -95.624252755289206, 29.763195571998448 ], [ -95.629158827506544, 29.760530674686304 ], [ -95.628927169624916, 29.755408765300238 ], [ -95.623789892289764, 29.752951897086849 ] ] ] } },
{ "type": "Feature", "properties": { "hex_id": "88446ca525fffff", "price_mean": 1.6375, "price_median": 1.0, "n": 8, "top_restaurants": "ChIJ4wtq1XzcQIYR9WjYZ9d33Tg|$$;;ChIJc6eCx8LdQIYRM80tZ-Y5_1U|$50–100;;ChIJcZs9HWPcQIYR5xnXPrN0AYQ|$20–30", "z_r": 0.1375, "qtile": 1.0 }, "geometry": { "type": "Polygon", "coordinates": [ [ [ -95.608380327850739, 29.745580463884981 ], [ -95.603475037251599, 29.748244765306026 ], [ -95.603705532609297, 29.753366418185564 ], [ -95.608841771194079, 29.755823913753993 ], [ -95.613747419356358, 29.753159543273444 ], [ -95.613516471361805, 29.748037746298543 ], [ -95.608380327850739, 29.745580463884981 ] ] ] } },
{ "type": "Feature", "properties": { "hex_id": "88446ca52bfffff", "price_mean": 2.8, "price_median": 3.4, "n": 4, "top_restaurants": "ChIJfyYING3cQIYROtz9mOnge4Y|$$;;ChIJLYDQE-DdQIYRwZhRTaoHqhg|$$;;ChIJO0ubNG3cQIYRIHHwPhCS2nE|$$", "z_r": 1.3, "qtile": 3.0 }, "geometry": { "type": "Polygon", "coordinates": [ [ [ -95.628463915581108, 29.745164739605926 ], [ -95.623558491620088, 29.747829956155623 ], [ -95.623789892289764, 29.752951897086849 ], [ -95.628927169624916, 29.755408765300238 ], [ -95.633832950843754, 29.752743479501543 ], [ -95.633601097460769, 29.747621394753057 ], [ -95.628463915581108, 29.745164739605926 ] ] ] } },
{ "type": "Feature", "properties": { "hex_id": "88446ca533fffff", "price_mean": 1.6857142857142857, "price_median": 1.0, "n": 7, "top_restaurants": "ChIJzduG_OLbQIYRUu4cs-nipW0|$$;;ChIJL5BM7eLbQIYRzURoeZexjac|$$;;ChIJOT6V1ULbQIYRWpePalzxZ8w|$", "z_r": 0.18571428571428572, "qtile": 1.0 }, "geometry": { "type": "Polygon", "coordinates": [ [ [ -95.644573636667047, 29.767900561516832 ], [ -95.639667141037123, 29.770565985857161 ], [ -95.639899313571917, 29.775687831468694 ], [ -95.645038434680473, 29.778144396328027 ], [ -95.649945287463581, 29.775478902695024 ], [ -95.649712661976125, 29.770356913509968 ], [ -95.644573636667047, 29.767900561516832 ] ] ] } },
{ "type": "Feature", "properties": { "hex_id": "88446ca535fffff", "price_mean": 2.128, "price_median": 1.84, "n": 5, "top_restaurants": "ChIJLzAmEc3bQIYRQmVRlRg6rAY|$$;;ChIJPcrUtIrbQIYRbGyE6ViBE9w|$$;;ChIJlWQZRTjbQIYRLiid0EDEMKY|$10–20", "z_r": 0.628, "qtile": 3.0 }, "geometry": { "type": "Polygon", "coordinates": [ [ [ -95.629158827506544, 29.760530674686304 ], [ -95.624252755289206, 29.763195571998448 ], [ -95.624484217624428, 29.768317305817391 ], [ -95.629622205002917, 29.770774286132674 ], [ -95.634528634561264, 29.768109319637155 ], [ -95.634296719391259, 29.762987442024315 ], [ -95.629158827506544, 29.760530674686304 ] ] ] } },
{ "type": "Feature", "properties": { "hex_id": "88446ca539fffff", "price_mean": 1.8, "price_median": 1.0, "n": 6, "top_restaurants": "ChIJ8T6bYwLcQIYRPDLy6UkTzqk|$$;;ChIJSdjodKDdQIYRFFYSrKxalYY|$$;;ChIJk69c3DXdQIYRXRlL037A1bg|None", "z_r": 0.3, "qtile": 2.0 }, "geometry": { "type": "Polygon", "coordinates": [ [ [ -95.643876594452351, 29.752534290393459 ], [ -95.638970747158339, 29.755200033839984 ], [ -95.63920285783307, 29.760322086962091 ], [ -95.64434126862416, 29.762778540249201 ], [ -95.64924747298825, 29.760112727444437 ], [ -95.649014909482361, 29.754990530725404 ], [ -95.643876594452351, 29.752534290393459 ] ] ] } },
{ "type": "Feature", "properties": { "hex_id": "88446ca547fffff", "price_mean": 1.9057065217391305, "price_median": 1.1728260869565217, "n": 8, "top_restaurants": "ChIJO5C4NondQIYRzE26xpTVBjg|$$;;ChIJEX9qdyfcQIYR8mL-yp4opkE|$$;;ChIJzfbt5ifcQIYRYNo102Raft0|$10–20", "z_r": 0.40570652173913047, "qtile": 2.0 }, "geometry": { "type": "Polygon", "coordinates": [ [ [ -95.642483067051245, 29.721799888075481 ], [ -95.637578515919557, 29.724466268749381 ], [ -95.637810502948099, 29.729588734712898 ], [ -95.642947493687828, 29.732044963660613 ], [ -95.647852401723483, 29.729378513497117 ], [ -95.647619962106631, 29.724255903890093 ], [ -95.642483067051245, 29.721799888075481 ] ] ] } },
{ "type": "Feature", "properties": { "hex_id": "88446ca555fffff", "price_mean": 2.2, "price_median": 2.2, "n": 2, "top_restaurants": "ChIJf3GzTmzfQIYRB3QZEUag8Ps|$$;;ChIJ0_0rQvXfQIYR_k8ZFhY0Ngs|None", "z_r": 0.7, "qtile": 3.0 }, "geometry": { "type": "Polygon", "coordinates": [ [ [ -95.657894884533221, 29.729167521198935 ], [ -95.652989910869977, 29.731834428703152 ], [ -95.653222607788592, 29.736957007124484 ], [ -95.658360731067631, 29.739412821479348 ], [ -95.66326606144699, 29.73674584437639 ], [ -95.663032911822413, 29.731623122531932 ], [ -95.657894884533221, 29.729167521198935 ] ] ] } },
{ "type": "Feature", "properties": { "hex_id": "88446ca563fffff", "price_mean": 1.8333333333333333, "price_median": 1.5, "n": 6, "top_restaurants": "ChIJKRR8J4HdQIYR20V3vjAENTA|$30–50;;ChIJpS2C2C3dQIYRJ5S-hoKR3F0|$$;;ChIJGcl-8DzcQIYRpghQHC248Cc|$$", "z_r": 0.33333333333333326, "qtile": 2.0 }, "geometry": { "type": "Polygon", "coordinates": [ [ [ -95.627769188773001, 29.729798184969972 ], [ -95.622864412898466, 29.732463720428907 ], [ -95.623095751927167, 29.737585867745914 ], [ -95.628232319413456, 29.740042623459136 ], [ -95.633137452462634, 29.737377018685514 ], [ -95.632905660842027, 29.732254727527941 ], [ -95.627769188773001, 29.729798184969972 ] ] ] } },
{ "type": "Feature", "properties": { "hex_id": "88446ca567fffff", "price_mean": 1.9714285714285713, "price_median": 2.0, "n": 7, "top_restaurants": "ChIJR-IIDADdQIYRorPCFpipbDk|$$;;ChIJzQ2VjLndQIYRgQbpigPxSho|$50–100;;ChIJtyPp_UDcQIYRkqSwe0wnyYs|$$", "z_r": 0.47142857142857131, "qtile": 2.0 }, "geometry": { "type": "Polygon", "coordinates": [ [ [ -95.61772845976391, 29.73000686439217 ], [ -95.612823750422763, 29.732671942487432 ], [ -95.613054636897729, 29.737793945824816 ], [ -95.61819068525871, 29.740251015061137 ], [ -95.623095751927167, 29.737585867745914 ], [ -95.622864412898466, 29.732463720428907 ], [ -95.61772845976391, 29.73000686439217 ] ] ] } },
{ "type": "Feature", "properties": { "hex_id": "88446ca56bfffff", "price_mean": 2.05, "price_median": 2.05, "n": 2, "top_restaurants": "ChIJeXP05pPdQIYRS9gposEuzi8|$50–100;;ChIJgcVBw-3dQIYR2_n3RqWOfjw|None", "z_r": 0.55, "qtile": 2.0 }, "geometry": { "type": "Polygon", "coordinates": [ [ [ -95.632442139344064, 29.722009939368952 ], [ -95.627537654294741, 29.724675862789084 ], [ -95.627769188773001, 29.729798184969972 ], [ -95.632905660842027, 29.732254727527941 ], [ -95.637810502948099, 29.729588734712898 ], [ -95.637578515919557, 29.724466268749381 ], [ -95.632442139344064, 29.722009939368952 ] ] ] } },
{ "type": "Feature", "properties": { "hex_id": "88446ca56dfffff", "price_mean": 2.2, "price_median": 2.2, "n": 2, "top_restaurants": "ChIJ-SrDyBXdQIYRA5p3XJILG38|$$;;ChIJFcEm59_dQIYRkjJqbNzRUKc|None", "z_r": 0.7, "qtile": 3.0 }, "geometry": { "type": "Polygon", "coordinates": [ [ [ -95.617035275414466, 29.714640124169076 ], [ -95.612131213993422, 29.717305521042064 ], [ -95.61236203897333, 29.722427730015312 ], [ -95.61749737779779, 29.724884686133002 ], [ -95.622401796462938, 29.722219219974278 ], [ -95.622170519050655, 29.717096866998173 ], [ -95.617035275414466, 29.714640124169076 ] ] ] } },
{ "type": "Feature", "properties": { "hex_id": "88446ca589fffff", "price_mean": 2.0233333333333334, "price_median": 1.42, "n": 18, "top_restaurants": "ChIJ1TBQHwDZQIYRQchv28bpOys|$20–30;;ChIJiytzm4jYQIYRS3HxkbSo5fY|$$;;ChIJU-0C4-vZQIYRlNrDiBoMunU|$$", "z_r": 0.52333333333333343, "qtile": 2.0 }, "geometry": { "type": "Polygon", "coordinates": [ [ [ -95.685462150023255, 29.782425174844775 ], [ -95.680554744640219, 29.785092111841774 ], [ -95.68078879158432, 29.790214322581598 ], [ -95.685930697128484, 29.792669739332311 ], [ -95.690838459134795, 29.790002732729413 ], [ -95.690603958964928, 29.784880378996341 ], [ -95.685462150023255, 29.782425174844775 ] ] ] } },
{ "type": "Feature", "properties": { "hex_id": "88446ca58bfffff", "price_mean": 3.4, "price_median": 3.4, "n": 1, "top_restaurants": "ChIJn1ekav3YQIYRKe-Goo07-l8|$$", "z_r": 1.9, "qtile": 3.0 }, "geometry": { "type": "Polygon", "coordinates": [ [ [ -95.690838459134795, 29.790002732729413 ], [ -95.685930697128484, 29.792669739332311 ], [ -95.686165001905977, 29.797791917142501 ], [ -95.69130752198646, 29.800247231276291 ], [ -95.696215640580718, 29.797580155052877 ], [ -95.695980882497807, 29.79245783433084 ], [ -95.690838459134795, 29.790002732729413 ] ] ] } },
{ "type": "Feature", "properties": { "hex_id": "88446ca58dfffff", "price_mean": 1.84, "price_median": 1.84, "n": 1, "top_restaurants": "ChIJsXROrxfZQIYRG3BvukY0XXU|$10–20", "z_r": 0.34, "qtile": 2.0 }, "geometry": { "type": "Polygon", "coordinates": [ [ [ -95.675413453591162, 29.782636592716926 ], [ -95.670506113066111, 29.785303071702781 ], [ -95.670739706822218, 29.790425139310102 ], [ -95.675881094282602, 29.792880871078701 ], [ -95.68078879158432, 29.790214322581598 ], [ -95.680554744640219, 29.785092111841774 ], [ -95.675413453591162, 29.782636592716926 ] ] ] } },
{ "type": "Feature", "properties": { "hex_id": "88446ca5d5fffff", "price_mean": 2.0, "price_median": 2.0, "n": 2, "top_restaurants": "ChIJwbr_2l_ZQIYROH-ddWXapQM|None;;ChIJaae_itDZQIYRsrSw9-3YKYE|None", "z_r": 0.5, "qtile": 2.0 }, "geometry": { "type": "Polygon", "coordinates": [ [ [ -95.695511428903316, 29.782212983996093 ], [ -95.690603958964928, 29.784880378996341 ], [ -95.690838459134795, 29.790002732729413 ], [ -95.695980882497807, 29.79245783433084 ], [ -95.700888708905964, 29.789790369630065 ], [ -95.700653755472615, 29.784667873043041 ], [ -95.695511428903316, 29.782212983996093 ] ] ] } },
{ "type": "Feature", "properties": { "hex_id": "88446ca5e1fffff", "price_mean": 1.0, "price_median": 1.0, "n": 1, "top_restaurants": "ChIJs3WhTgXZQIYRlmKQ98UJwxw|None", "z_r": -0.5, "qtile": 0.0 }, "geometry": { "type": "Polygon", "coordinates": [ [ [ -95.659991845731497, 29.775269201586553 ], [ -95.65508492733214, 29.777935153151496 ], [ -95.65531781034062, 29.783057110025876 ], [ -95.660458064810072, 29.785513258702988 ], [ -95.665365340174517, 29.782847237736071 ], [ -95.665132004095625, 29.777725137508629 ], [ -95.659991845731497, 29.775269201586553 ] ] ] } },
{ "type": "Feature", "properties": { "hex_id": "88446ca5e3fffff", "price_mean": 2.585, "price_median": 2.55, "n": 4, "top_restaurants": "ChIJseNzlTHZQIYRTEdW6OKCor8|$$;;ChIJxe6KNgzZQIYRI1tIjF6uSi0|$10–20;;ChIJdwYDHerZQIYR7HVNJmfev_M|None", "z_r": 1.085, "qtile": 3.0 }, "geometry": { "type": "Polygon", "coordinates": [ [ [ -95.665365340174517, 29.782847237736071 ], [ -95.660458064810072, 29.785513258702988 ], [ -95.660691205416015, 29.790635183038585 ], [ -95.665832074527785, 29.793091229693609 ], [ -95.670739706822218, 29.790425139310102 ], [ -95.670506113066111, 29.785303071702781 ], [ -95.665365340174517, 29.782847237736071 ] ] ] } },
{ "type": "Feature", "properties": { "hex_id": "88446ca5e5fffff", "price_mean": 1.0, "price_median": 1.0, "n": 1, "top_restaurants": "ChIJQ-NV1pbZQIYRDOI2lk0u8Mo|None", "z_r": -0.5, "qtile": 0.0 }, "geometry": { "type": "Polygon", "coordinates": [ [ [ -95.649945287463581, 29.775478902695024 ], [ -95.645038434680473, 29.778144396328027 ], [ -95.645270864656496, 29.783266209710185 ], [ -95.650410600439287, 29.785722672966163 ], [ -95.65531781034062, 29.783057110025876 ], [ -95.65508492733214, 29.777935153151496 ], [ -95.649945287463581, 29.775478902695024 ] ] ] } },
{ "type": "Feature", "properties": { "hex_id": "88446ca801fffff", "price_mean": 2.0, "price_median": 2.0, "n": 1, "top_restaurants": "ChIJRQ-_xo2_QIYRY8fF32ATg28|None", "z_r": 0.5, "qtile": 2.0 }, "geometry": { "type": "Polygon", "coordinates": [ [ [ -95.394992088754748, 29.688329797868075 ], [ -95.390090862767437, 29.690985780551738 ], [ -95.390311626464751, 29.696105194422323 ], [ -95.395434067470759, 29.698568772723263 ], [ -95.400335653865952, 29.695912722710403 ], [ -95.400114438837917, 29.690793161740217 ], [ -95.394992088754748, 29.688329797868075 ] ] ] } },
{ "type": "Feature", "properties": { "hex_id": "88446ca803fffff", "price_mean": 1.9875, "price_median": 1.75, "n": 8, "top_restaurants": "ChIJ50whdwDBQIYRRBCZ8AlsX5o|None;;ChIJ4x_ghpjBQIYR8yWRcjSvZdo|$$;;ChIJlylnjOzBQIYRHKFFjr3dx34|None", "z_r": 0.4875, "qtile": 2.0 }, "geometry": { "type": "Polygon", "coordinates": [ [ [ -95.400335653865952, 29.695912722710403 ], [ -95.395434067470759, 29.698568772723263 ], [ -95.395655086246279, 29.703688158409264 ], [ -95.400778142818837, 29.70615164111571 ], [ -95.405680089588984, 29.703495523759134 ], [ -95.405458619402296, 29.698375991054245 ], [ -95.400335653865952, 29.695912722710403 ] ] ] } },
{ "type": "Feature", "properties": { "hex_id": "88446ca805fffff", "price_mean": 1.0, "price_median": 1.0, "n": 1, "top_restaurants": "ChIJlYiQtfO_QIYRqztKFBQ_BZM|$", "z_r": -0.5, "qtile": 0.0 }, "geometry": { "type": "Polygon", "coordinates": [ [ [ -95.384969037284478, 29.688522106898336 ], [ -95.380067884756841, 29.691177632658032 ], [ -95.380288197163395, 29.69629689929079 ], [ -95.385410113378981, 29.698760787416084 ], [ -95.390311626464751, 29.696105194422323 ], [ -95.390090862767437, 29.690985780551738 ], [ -95.384969037284478, 29.688522106898336 ] ] ] } },
{ "type": "Feature", "properties": { "hex_id": "88446ca807fffff", "price_mean": 1.6910795454545455, "price_median": 1.0, "n": 13, "top_restaurants": "ChIJxx4XYsi_QIYR9aowJYyNcUM|$$;;ChIJ13gndhO_QIYRjWb59NWMN2Q|$$;;ChIJ65-4plZlRIYRtZrEkfJLPNU|$$", "z_r": 0.19107954545454553, "qtile": 1.0 }, "geometry": { "type": "Polygon", "coordinates": [ [ [ -95.390311626464751, 29.696105194422323 ], [ -95.385410113378981, 29.698760787416084 ], [ -95.385630680783237, 29.703880025944937 ], [ -95.390753212635175, 29.706343818651586 ], [ -95.395655086246279, 29.703688158409264 ], [ -95.395434067470759, 29.698568772723263 ], [ -95.390311626464751, 29.696105194422323 ] ] ] } },
{ "type": "Feature", "properties": { "hex_id": "88446ca809fffff", "price_mean": 2.02, "price_median": 1.84, "n": 7, "top_restaurants": "ChIJj3uNdwDBQIYRk8BYkA_EAMM|$$;;ChIJr2Z9VQHAQIYRLV7BsD1Z37Q|$$;;ChIJY1NiY1vBQIYRElHiu2g0ikw|None", "z_r": 0.52, "qtile": 2.0 }, "geometry": { "type": "Polygon", "coordinates": [ [ [ -95.399672067665634, 29.680553836667933 ], [ -95.39477112880904, 29.683210208860149 ], [ -95.394992088754748, 29.688329797868075 ], [ -95.400114438837917, 29.690793161740217 ], [ -95.405015737984925, 29.688136722138132 ], [ -95.404794326749069, 29.683016986088184 ], [ -95.399672067665634, 29.680553836667933 ] ] ] } },
{ "type": "Feature", "properties": { "hex_id": "88446ca80bfffff", "price_mean": 1.225, "price_median": 1.0, "n": 8, "top_restaurants": "ChIJN1qp3WLBQIYRBo1JsJ-KMvo|None;;ChIJ6RMVLa_BQIYRHfsnOITeH5E|None;;ChIJ8dBdbw7AQIYRvnhPGDSYUIA|$$", "z_r": -0.275, "qtile": 0.0 }, "geometry": { "type": "Polygon", "coordinates": [ [ [ -95.405015737984925, 29.688136722138132 ], [ -95.400114438837917, 29.690793161740217 ], [ -95.400335653865952, 29.695912722710403 ], [ -95.405458619402296, 29.698375991054245 ], [ -95.410360278806834, 29.695719484027833 ], [ -95.410138612408204, 29.69059977609632 ], [ -95.405015737984925, 29.688136722138132 ] ] ] } },
{ "type": "Feature", "properties": { "hex_id": "88446ca80dfffff", "price_mean": 1.3605263157894736, "price_median": 1.2210526315789472, "n": 4, "top_restaurants": "ChIJ6e1oCfC_QIYRRo4IGAS1vI4|None;;ChIJo72WLB-_QIYRPH1p2yUUVwA|$10–20;;ChIJyTGdqvm_QIYRrtjrbkvpVVo|$", "z_r": -0.13947368421052642, "qtile": 1.0 }, "geometry": { "type": "Polygon", "coordinates": [ [ [ -95.389649394135603, 29.680746749701765 ], [ -95.384748528589, 29.683402665070691 ], [ -95.384969037284478, 29.688522106898336 ], [ -95.390090862767437, 29.690985780551738 ], [ -95.394992088754748, 29.688329797868075 ], [ -95.39477112880904, 29.683210208860149 ], [ -95.389649394135603, 29.680746749701765 ] ] ] } },
{ "type": "Feature", "properties": { "hex_id": "88446ca811fffff", "price_mean": 1.860469367588933, "price_median": 1.3456521739130434, "n": 19, "top_restaurants": "ChIJ2Tm25N7BQIYRbPbBg0k4FbY|$$;;ChIJuwXLup_BQIYRFRVZ-7X-YJs|$$;;ChIJu_BDdUrBQIYRTIIdawfgMvQ|$$", "z_r": 0.360469367588933, "qtile": 2.0 }, "geometry": { "type": "Polygon", "coordinates": [ [ [ -95.415705690250988, 29.703302121867413 ], [ -95.410803670621931, 29.70595869633264 ], [ -95.411025396043641, 29.711078200544677 ], [ -95.416149592616549, 29.713541277105762 ], [ -95.421051972437084, 29.710884635187195 ], [ -95.42082979548394, 29.705764984175296 ], [ -95.415705690250988, 29.703302121867413 ] ] ] } },
{ "type": "Feature", "properties": { "hex_id": "88446ca813fffff", "price_mean": 3.1878125, "price_median": 3.4, "n": 12, "top_restaurants": "ChIJJWdqrqTBQIYRzRzgYLRaEkk|$30–50;;ChIJP-z5ouHBQIYRwKdYGus-wss|$$$;;ChIJ0_ihAl3AQIYRoke3tjgKhzw|$20–30", "z_r": 1.6878125, "qtile": 3.0 }, "geometry": { "type": "Polygon", "coordinates": [ [ [ -95.421051972437084, 29.710884635187195 ], [ -95.416149592616549, 29.713541277105762 ], [ -95.416371573349636, 29.718660752597362 ], [ -95.421496385505847, 29.721123732903912 ], [ -95.426399125484807, 29.718467023517476 ], [ -95.426176693139865, 29.713347401306798 ], [ -95.421051972437084, 29.710884635187195 ] ] ] } },
{ "type": "Feature", "properties": { "hex_id": "88446ca815fffff", "price_mean": 1.4616, "price_median": 1.0, "n": 25, "top_restaurants": "ChIJqdnAE3HAQIYR-ngFEaJ_iS4|$$;;ChIJVVWVC3HAQIYR42zdW5_RKGc|None;;ChIJRQWjMLfBQIYR5uDMXJiwCTI|None", "z_r": -0.0384, "qtile": 1.0 }, "geometry": { "type": "Polygon", "coordinates": [ [ [ -95.405680089588984, 29.703495523759134 ], [ -95.400778142818837, 29.70615164111571 ], [ -95.400999416748903, 29.711270998389569 ], [ -95.406123088931452, 29.71373438525946 ], [ -95.411025396043641, 29.711078200544677 ], [ -95.410803670621931, 29.70595869633264 ], [ -95.405680089588984, 29.703495523759134 ] ] ] } },
{ "type": "Feature", "properties": { "hex_id": "88446ca817fffff", "price_mean": 2.3436041575172006, "price_median": 2.0, "n": 27, "top_restaurants": "ChIJ0X9H_13AQIYRCrFskGNBN6E|$20–30;;ChIJYxm77F3AQIYRmMQsSQGPlXM|$$;;ChIJSwiRlGfAQIYRy7O2tJHCqe4|$$", "z_r": 0.84360415751720064, "qtile": 3.0 }, "geometry": { "type": "Polygon", "coordinates": [ [ [ -95.411025396043641, 29.711078200544677 ], [ -95.406123088931452, 29.71373438525946 ], [ -95.406344618092447, 29.718853713893662 ], [ -95.411468905928416, 29.721317004684899 ], [ -95.416371573349636, 29.718660752597362 ], [ -95.416149592616549, 29.713541277105762 ], [ -95.411025396043641, 29.711078200544677 ] ] ] } },
{ "type": "Feature", "properties": { "hex_id": "88446ca81bfffff", "price_mean": 2.2, "price_median": 2.2, "n": 6, "top_restaurants": "ChIJgbMhYBnBQIYRHgWScmDwIeA|$$;;ChIJWdQdpEjAQIYRuNscDEgTW44|$$;;ChIJZaNEpEjAQIYRrnMdROtfbwg|$$", "z_r": 0.7, "qtile": 3.0 }, "geometry": { "type": "Polygon", "coordinates": [ [ [ -95.425731887671645, 29.703107952607059 ], [ -95.42082979548394, 29.705764984175296 ], [ -95.421051972437084, 29.710884635187195 ], [ -95.426176693139865, 29.713347401306798 ], [ -95.431079145368429, 29.710690302190127 ], [ -95.430856516844131, 29.705570504516718 ], [ -95.425731887671645, 29.703107952607059 ] ] ] } },
{ "type": "Feature", "properties": { "hex_id": "88446ca81dfffff", "price_mean": 2.5466666666666664, "price_median": 2.0, "n": 3, "top_restaurants": "ChIJm7iQ_BDBQIYR-bcsgzFULyo|$20–30;;ChIJwRQElGXBQIYRh91IrSP1hk4|None;;ChIJzyFojSjBQIYRKe5TJTHfw2E|None", "z_r": 1.0466666666666664, "qtile": 3.0 }, "geometry": { "type": "Polygon", "coordinates": [ [ [ -95.410360278806834, 29.695719484027833 ], [ -95.405458619402296, 29.698375991054245 ], [ -95.405680089588984, 29.703495523759134 ], [ -95.410803670621931, 29.70595869633264 ], [ -95.415705690250988, 29.703302121867413 ], [ -95.415483768613271, 29.698182442281915 ], [ -95.410360278806834, 29.695719484027833 ] ] ] } },
{ "type": "Feature", "properties": { "hex_id": "88446ca821fffff", "price_mean": 1.78, "price_median": 1.5, "n": 10, "top_restaurants": "ChIJQW_oahW_QIYRt1OnXX6qgSE|$$;;ChIJkSmaoeq_QIYR9icUUkXm9Ck|$$;;ChIJg4bXceXdQIYREK_LgUgTPDk|None", "z_r": 0.28, "qtile": 2.0 }, "geometry": { "type": "Polygon", "coordinates": [ [ [ -95.370265366521807, 29.696487837443144 ], [ -95.36536400095477, 29.699142516382423 ], [ -95.365583665736551, 29.704261460182416 ], [ -95.370705147367204, 29.706725872491024 ], [ -95.375606873759992, 29.704071126493503 ], [ -95.375386757687025, 29.69895203526 ], [ -95.370265366521807, 29.696487837443144 ] ] ] } },
{ "type": "Feature", "properties": { "hex_id": "88446ca825fffff", "price_mean": 1.5312, "price_median": 1.0, "n": 25, "top_restaurants": "ChIJ__-kFsq_QIYRSBQWcHs_bfg|$$;;ChIJL5b0hdC_QIYRSHATGM4zz-g|$$;;ChIJcU4rH_O_QIYRCGXWaNpvTVw|$$", "z_r": 0.0312, "qtile": 1.0 }, "geometry": { "type": "Polygon", "coordinates": [ [ [ -95.360243135099722, 29.696678009006877 ], [ -95.355341843741897, 29.699332230910976 ], [ -95.355561057272638, 29.704451027139292 ], [ -95.360682013402865, 29.706915749049557 ], [ -95.365583665736551, 29.704261460182416 ], [ -95.36536400095477, 29.699142516382423 ], [ -95.360243135099722, 29.696678009006877 ] ] ] } },
{ "type": "Feature", "properties": { "hex_id": "88446ca82bfffff", "price_mean": 1.5491304347826087, "price_median": 1.0, "n": 5, "top_restaurants": "ChIJR0V8J0G-QIYRpUtAJp_8X14|$$;;ChIJGwFNQoa_QIYRrjKb_4LAqRo|$$;;ChIJC_r2Deu_QIYRRd79gnuTjjY|$", "z_r": 0.049130434782608701, "qtile": 1.0 }, "geometry": { "type": "Polygon", "coordinates": [ [ [ -95.380288197163395, 29.69629689929079 ], [ -95.375386757687025, 29.69895203526 ], [ -95.375606873759992, 29.704071126493503 ], [ -95.380728880631267, 29.706535229067558 ], [ -95.385630680783237, 29.703880025944937 ], [ -95.385410113378981, 29.698760787416084 ], [ -95.380288197163395, 29.69629689929079 ] ] ] } },
{ "type": "Feature", "properties": { "hex_id": "88446ca82dfffff", "price_mean": 1.0, "price_median": 1.0, "n": 1, "top_restaurants": "ChIJe1-3n9q_QIYRN5jy4PKe16g|None", "z_r": -0.5, "qtile": 0.0 }, "geometry": { "type": "Polygon", "coordinates": [ [ [ -95.364924729863176, 29.688904425368762 ], [ -95.360023725154562, 29.691559037264319 ], [ -95.360243135099722, 29.696678009006877 ], [ -95.36536400095477, 29.699142516382423 ], [ -95.370265366521807, 29.696487837443144 ], [ -95.370045505366008, 29.691368718186403 ], [ -95.364924729863176, 29.688904425368762 ] ] ] } },
{ "type": "Feature", "properties": { "hex_id": "88446ca831fffff", "price_mean": 1.0, "price_median": 1.0, "n": 1, "top_restaurants": "ChIJMzwf72G_QIYRfxVOxnJipTA|$", "z_r": -0.5, "qtile": 0.0 }, "geometry": { "type": "Polygon", "coordinates": [ [ [ -95.390974035113487, 29.711463028849028 ], [ -95.386071874318716, 29.714118299139578 ], [ -95.386292500455156, 29.719237333644156 ], [ -95.391415738869327, 29.721701245006528 ], [ -95.396318260274086, 29.719045907533499 ], [ -95.396097182645335, 29.713926725894993 ], [ -95.390974035113487, 29.711463028849028 ] ] ] } },
{ "type": "Feature", "properties": { "hex_id": "88446ca833fffff", "price_mean": 1.92, "price_median": 1.92, "n": 2, "top_restaurants": "ChIJx5lbIrPBQIYRMdydqrCtuzA|None;;ChIJ6y2wYSXBQIYRV77zwMISnp0|$10–20", "z_r": 0.42, "qtile": 2.0 }, "geometry": { "type": "Polygon", "coordinates": [ [ [ -95.396318260274086, 29.719045907533499 ], [ -95.391415738869327, 29.721701245006528 ], [ -95.39163662015207, 29.726820250805385 ], [ -95.396760474403052, 29.729284066198819 ], [ -95.401663356384901, 29.726628661528743 ], [ -95.401442023529327, 29.721509508676696 ], [ -95.396318260274086, 29.719045907533499 ] ] ] } },
{ "type": "Feature", "properties": { "hex_id": "88446ca835fffff", "price_mean": 2.3384615384615386, "price_median": 2.6153846153846163, "n": 3, "top_restaurants": "ChIJ1ZEFfpq_QIYRLB0In70qkvk|$50–100;;ChIJeSvqzl-_QIYRROtS-PRubk4|$10–20;;ChIJt3YAtRfAQIYRsJltAHUmOTU|$", "z_r": 0.83846153846153859, "qtile": 3.0 }, "geometry": { "type": "Polygon", "coordinates": [ [ [ -95.380949251697785, 29.711654292050348 ], [ -95.376047164511931, 29.714309105120634 ], [ -95.376267339196048, 29.719427992353069 ], [ -95.381390052508991, 29.721892213801755 ], [ -95.386292500455156, 29.719237333644156 ], [ -95.386071874318716, 29.714118299139578 ], [ -95.380949251697785, 29.711654292050348 ] ] ] } },
{ "type": "Feature", "properties": { "hex_id": "88446ca837fffff", "price_mean": 2.7001666666666666, "price_median": 3.4, "n": 15, "top_restaurants": "ChIJbUYb-oK_QIYR-5zCDsDZgbk|$$$$;;ChIJTeRJv4G_QIYR-AWswId7qlA|$$$;;ChIJ2RXn6-6_QIYRgZIZKbMtTkw|$20–30", "z_r": 1.2001666666666666, "qtile": 3.0 }, "geometry": { "type": "Polygon", "coordinates": [ [ [ -95.386292500455156, 29.719237333644156 ], [ -95.381390052508991, 29.721892213801755 ], [ -95.38161048225885, 29.727011072409205 ], [ -95.386733811478408, 29.729475198064865 ], [ -95.39163662015207, 29.726820250805385 ], [ -95.391415738869327, 29.721701245006528 ], [ -95.386292500455156, 29.719237333644156 ] ] ] } },
{ "type": "Feature", "properties": { "hex_id": "88446ca839fffff", "price_mean": 1.5263157894736843, "price_median": 2.0, "n": 19, "top_restaurants": "ChIJS03lx3bAQIYRsiCs-NjfI2Y|None;;ChIJ0ffxxxrBQIYR_JkLDBFwFw4|None;;ChIJz9gce-7BQIYRW4Yxxp8xEJ4|None", "z_r": 0.026315789473684292, "qtile": 1.0 }, "geometry": { "type": "Polygon", "coordinates": [ [ [ -95.395655086246279, 29.703688158409264 ], [ -95.390753212635175, 29.706343818651586 ], [ -95.390974035113487, 29.711463028849028 ], [ -95.396097182645335, 29.713926725894993 ], [ -95.400999416748903, 29.711270998389569 ], [ -95.400778142818837, 29.70615164111571 ], [ -95.395655086246279, 29.703688158409264 ] ] ] } },
{ "type": "Feature", "properties": { "hex_id": "88446ca83bfffff", "price_mean": 2.31, "price_median": 2.0, "n": 4, "top_restaurants": "ChIJi_5lxnnAQIYRlUUuV0_Y2gE|$$;;ChIJ1dT2ZI3BQIYRAxrUlrkceZ4|None;;ChIJb7ujEDHBQIYR4gcT4BswoAE|None", "z_r": 0.81, "qtile": 3.0 }, "geometry": { "type": "Polygon", "coordinates": [ [ [ -95.400999416748903, 29.711270998389569 ], [ -95.396097182645335, 29.713926725894993 ], [ -95.396318260274086, 29.719045907533499 ], [ -95.401442023529327, 29.721509508676696 ], [ -95.406344618092447, 29.718853713893662 ], [ -95.406123088931452, 29.71373438525946 ], [ -95.400999416748903, 29.711270998389569 ] ] ] } },
{ "type": "Feature", "properties": { "hex_id": "88446ca83dfffff", "price_mean": 1.0, "price_median": 1.0, "n": 1, "top_restaurants": "ChIJ1zkH1ynAQIYRLgvk5Lu9qM4|$", "z_r": -0.5, "qtile": 0.0 }, "geometry": { "type": "Polygon", "coordinates": [ [ [ -95.385630680783237, 29.703880025944937 ], [ -95.380728880631267, 29.706535229067558 ], [ -95.380949251697785, 29.711654292050348 ], [ -95.386071874318716, 29.714118299139578 ], [ -95.390974035113487, 29.711463028849028 ], [ -95.390753212635175, 29.706343818651586 ], [ -95.385630680783237, 29.703880025944937 ] ] ] } },
{ "type": "Feature", "properties": { "hex_id": "88446ca843fffff", "price_mean": 1.85, "price_median": 1.5, "n": 4, "top_restaurants": "ChIJ5S3ImgLAQIYRVZ9XtnvmDYA|$$;;ChIJ5SsK6ovrQIYRunpXK1Cnr10|None;;ChIJVXzEOqjqQIYRIL7sg7FWYrI|$", "z_r": 0.35, "qtile": 2.0 }, "geometry": { "type": "Polygon", "coordinates": [ [ [ -95.404351563209829, 29.672777311207728 ], [ -95.399450911516183, 29.675434072727121 ], [ -95.399672067665634, 29.680553836667933 ], [ -95.404794326749069, 29.683016986088184 ], [ -95.409695338615734, 29.680360157078269 ], [ -95.409473731216664, 29.675240246153031 ], [ -95.404351563209829, 29.672777311207728 ] ] ] } },
{ "type": "Feature", "properties": { "hex_id": "88446ca847fffff", "price_mean": 1.6, "price_median": 1.0, "n": 4, "top_restaurants": "ChIJfcT0VE_rQIYR9apC0lm4zW4|$$;;ChIJd7af3m-_QIYRj5-XM7HD3iA|$;;ChIJZ0yspv-_QIYRvJPSIfzI9oY|$", "z_r": 0.1, "qtile": 1.0 }, "geometry": { "type": "Polygon", "coordinates": [ [ [ -95.394329267729177, 29.672970828086825 ], [ -95.389428689195881, 29.675627132883648 ], [ -95.389649394135603, 29.680746749701765 ], [ -95.39477112880904, 29.683210208860149 ], [ -95.399672067665634, 29.680553836667933 ], [ -95.399450911516183, 29.675434072727121 ], [ -95.394329267729177, 29.672970828086825 ] ] ] } },
{ "type": "Feature", "properties": { "hex_id": "88446ca849fffff", "price_mean": 1.0, "price_median": 1.0, "n": 3, "top_restaurants": "ChIJuRCKINLrQIYR515l1uiFsbk|$10–20;;ChIJnwPDrOTrQIYRaaUCiGPgcZI|None;;ChIJsxvV6P3rQIYRJ6EJJZtwEM4|$", "z_r": -0.5, "qtile": 0.0 }, "geometry": { "type": "Polygon", "coordinates": [ [ [ -95.403687565193295, 29.657417293145524 ], [ -95.398787560783262, 29.660074376253842 ], [ -95.399008658077577, 29.66519434243941 ], [ -95.4041302109013, 29.667657372538525 ], [ -95.409030575399854, 29.665000221873434 ], [ -95.408809026976868, 29.659880108680401 ], [ -95.403687565193295, 29.657417293145524 ] ] ] } },
{ "type": "Feature", "properties": { "hex_id": "88446ca851fffff", "price_mean": 1.284, "price_median": 1.0, "n": 10, "top_restaurants": "ChIJL0KRnSbAQIYRHDEWM9nYw0w|None;;ChIJtTCqPQDBQIYRNc7vglZDa1A|None;;ChIJ3-m3iSvBQIYRfXfSmTwfSrY|$10–20", "z_r": -0.216, "qtile": 0.0 }, "geometry": { "type": "Polygon", "coordinates": [ [ [ -95.419719206425768, 29.680165710805859 ], [ -95.414818121849024, 29.682822996627756 ], [ -95.415039984414904, 29.687942879581438 ], [ -95.420163382917991, 29.69040562349306 ], [ -95.425064827484277, 29.687748270071101 ], [ -95.424842513548654, 29.682628240352013 ], [ -95.419719206425768, 29.680165710805859 ] ] ] } },
{ "type": "Feature", "properties": { "hex_id": "88446ca855fffff", "price_mean": 1.195714285714286, "price_median": 1.0, "n": 7, "top_restaurants": "ChIJPd6elhPBQIYRiv_DlmZcdD4|None;;ChIJk6KbOBjAQIYR4FwYCY0OQFs|$$;;ChIJqZC1mxfAQIYRedKFqKLsAr8|$", "z_r": -0.30428571428571405, "qtile": 0.0 }, "geometry": { "type": "Polygon", "coordinates": [ [ [ -95.409695338615734, 29.680360157078269 ], [ -95.404794326749069, 29.683016986088184 ], [ -95.405015737984925, 29.688136722138132 ], [ -95.410138612408204, 29.69059977609632 ], [ -95.415039984414904, 29.687942879581438 ], [ -95.414818121849024, 29.682822996627756 ], [ -95.409695338615734, 29.680360157078269 ] ] ] } },
{ "type": "Feature", "properties": { "hex_id": "88446ca857fffff", "price_mean": 1.970894062911726, "price_median": 1.5928260869565216, "n": 36, "top_restaurants": "ChIJbUn3_0HAQIYR0Nb7kH9Uq6Q|$$;;ChIJMyvRUf3BQIYRZaiQXyth_Yw|$$;;ChIJ0QMHL6XBQIYRnRY1aIe0K-o|$$", "z_r": 0.47089406291172597, "qtile": 2.0 }, "geometry": { "type": "Polygon", "coordinates": [ [ [ -95.415039984414904, 29.687942879581438 ], [ -95.410138612408204, 29.69059977609632 ], [ -95.410360278806834, 29.695719484027833 ], [ -95.415483768613271, 29.698182442281915 ], [ -95.420385500727008, 29.695525478247596 ], [ -95.420163382917991, 29.69040562349306 ], [ -95.415039984414904, 29.687942879581438 ] ] ] } },
{ "type": "Feature", "properties": { "hex_id": "88446ca859fffff", "price_mean": 1.4533333333333334, "price_median": 1.0, "n": 27, "top_restaurants": "ChIJabJFrIbDQIYRK2Iqfyta65I|$$;;ChIJxwg_0p_PRIYROVSDFhF1s0Q|$$;;ChIJH4bk1ifAQIYRxcSJwnOg_wo|$$", "z_r": -0.046666666666666634, "qtile": 1.0 }, "geometry": { "type": "Polygon", "coordinates": [ [ [ -95.424397944851947, 29.672387978087112 ], [ -95.419497147737317, 29.675045653034509 ], [ -95.419719206425768, 29.680165710805859 ], [ -95.424842513548654, 29.682628240352013 ], [ -95.429743670535387, 29.679970497723922 ], [ -95.429521160517837, 29.674850293244805 ], [ -95.424397944851947, 29.672387978087112 ] ] ] } },
{ "type": "Feature", "properties": { "hex_id": "88446ca85dfffff", "price_mean": 2.636, "price_median": 2.0, "n": 5, "top_restaurants": "ChIJ-Y757Z_qQIYR898n7iMosek|$$$;;ChIJA0YG9J_qQIYR2EHjmqjKpO0|$20–30;;ChIJ_XuBQbDrQIYRriy4h1Q-WJI|None", "z_r": 1.136, "qtile": 3.0 }, "geometry": { "type": "Polygon", "coordinates": [ [ [ -95.414374455770798, 29.672583027916748 ], [ -95.409473731216664, 29.675240246153031 ], [ -95.409695338615734, 29.680360157078269 ], [ -95.414818121849024, 29.682822996627756 ], [ -95.419719206425768, 29.680165710805859 ], [ -95.419497147737317, 29.675045653034509 ], [ -95.414374455770798, 29.672583027916748 ] ] ] } },
{ "type": "Feature", "properties": { "hex_id": "88446ca861fffff", "price_mean": 1.0, "price_median": 1.0, "n": 1, "top_restaurants": "ChIJKWeYk3-VQIYRLKC0eHoxHXQ|None", "z_r": -0.5, "qtile": 0.0 }, "geometry": { "type": "Polygon", "coordinates": [ [ [ -95.374286470248137, 29.67335556311734 ], [ -95.369386038935076, 29.676010954452341 ], [ -95.369605841575222, 29.681130276610386 ], [ -95.374726526648857, 29.683594354846953 ], [ -95.379627318585563, 29.680938896306841 ], [ -95.379407064815638, 29.675819426749658 ], [ -95.374286470248137, 29.67335556311734 ] ] ] } },
{ "type": "Feature", "properties": { "hex_id": "88446ca867fffff", "price_mean": 1.42, "price_median": 1.42, "n": 2, "top_restaurants": "ChIJ3_REO_O_QIYRtv8fOO8ux2g|$10–20;;ChIJb2-XBNm_QIYRb4gYXbtliM8|$", "z_r": -0.08, "qtile": 1.0 }, "geometry": { "type": "Polygon", "coordinates": [ [ [ -95.369605841575222, 29.681130276610386 ], [ -95.364705123548205, 29.683785278316272 ], [ -95.364924729863176, 29.688904425368762 ], [ -95.370045505366008, 29.691368718186403 ], [ -95.374946584134037, 29.688713649356107 ], [ -95.374726526648857, 29.683594354846953 ], [ -95.369605841575222, 29.681130276610386 ] ] ] } },
{ "type": "Feature", "properties": { "hex_id": "88446ca86dfffff", "price_mean": 1.0, "price_median": 1.0, "n": 3, "top_restaurants": "ChIJ84N47xyVQIYRXdbjUjaLP4I|$10–20;;ChIJ4WOgTRGVQIYRHSxVMZcsNJk|$;;ChIJMzZKrGiVQIYRIRRMwRgvnOg|$", "z_r": -0.5, "qtile": 0.0 }, "geometry": { "type": "Polygon", "coordinates": [ [ [ -95.368946492152304, 29.665772107799302 ], [ -95.36404642149553, 29.668427431943631 ], [ -95.364265969366983, 29.67354678152309 ], [ -95.369386038935076, 29.676010954452341 ], [ -95.374286470248137, 29.67335556311734 ], [ -95.374066471327438, 29.668236066058139 ], [ -95.368946492152304, 29.665772107799302 ] ] ] } },
{ "type": "Feature", "properties": { "hex_id": "88446ca885fffff", "price_mean": 3.4, "price_median": 3.4, "n": 1, "top_restaurants": "ChIJg7emSOnAQIYRXMUUGzC01DI|$$", "z_r": 1.9, "qtile": 3.0 }, "geometry": { "type": "Polygon", "coordinates": [ [ [ -95.422385448366541, 29.741601108851917 ], [ -95.417481772622736, 29.744257105555263 ], [ -95.417703871617221, 29.749376170682662 ], [ -95.422830098200393, 29.75183938579363 ], [ -95.427734134271589, 29.749183321754316 ], [ -95.427511583422927, 29.744064109954444 ], [ -95.422385448366541, 29.741601108851917 ] ] ] } },
{ "type": "Feature", "properties": { "hex_id": "88446ca889fffff", "price_mean": 2.0605138339920948, "price_median": 1.3456521739130434, "n": 11, "top_restaurants": "ChIJJePlYuLAQIYRR027AKy8kX4|$20–30;;ChIJDZ4tjubBQIYROP-NRJ_57bg|$20–30;;ChIJ5xQCYgDBQIYRxaETBXPTIWk|$20–30", "z_r": 0.56051383399209476, "qtile": 2.0 }, "geometry": { "type": "Polygon", "coordinates": [ [ [ -95.437096044643567, 29.733631423330621 ], [ -95.432192584447208, 29.736288267696448 ], [ -95.432415331572756, 29.741407655661252 ], [ -95.437541990738566, 29.743870345751297 ], [ -95.442445810993831, 29.741213433873916 ], [ -95.442222612015158, 29.73609389943249 ], [ -95.437096044643567, 29.733631423330621 ] ] ] } },
{ "type": "Feature", "properties": { "hex_id": "88446ca88bfffff", "price_mean": 2.385, "price_median": 2.385, "n": 2, "top_restaurants": "ChIJ0ex0eCLBQIYRUt2Q8lj_o98|$$;;ChIJu5-HnRnBQIYRHjNuOws9zIE|$$", "z_r": 0.885, "qtile": 3.0 }, "geometry": { "type": "Polygon", "coordinates": [ [ [ -95.442445810993831, 29.741213433873916 ], [ -95.437541990738566, 29.743870345751297 ], [ -95.437764993481125, 29.748989704085304 ], [ -95.442892268403213, 29.751452296952134 ], [ -95.447796448684102, 29.748795317548584 ], [ -95.447572994008027, 29.743675812818829 ], [ -95.442445810993831, 29.741213433873916 ] ] ] } },
{ "type": "Feature", "properties": { "hex_id": "88446ca88dfffff", "price_mean": 2.2291304347826086, "price_median": 2.0, "n": 5, "top_restaurants": "ChIJV9p3a-XAQIYRQaWkOd5S1k4|$$;;ChIJJ0aTHObAQIYRPKlKBtryX9Y|$50–100;;ChIJq7W1EwDBQIYRImvRfzawB5o|None", "z_r": 0.72913043478260864, "qtile": 3.0 }, "geometry": { "type": "Polygon", "coordinates": [ [ [ -95.427066540994502, 29.733825480625391 ], [ -95.422163153054413, 29.736481867502107 ], [ -95.422385448366541, 29.741601108851917 ], [ -95.427511583422927, 29.744064109954444 ], [ -95.432415331572756, 29.741407655661252 ], [ -95.432192584447208, 29.736288267696448 ], [ -95.427066540994502, 29.733825480625391 ] ] ] } },
{ "type": "Feature", "properties": { "hex_id": "88446ca893fffff", "price_mean": 2.5, "price_median": 2.5, "n": 2, "top_restaurants": "ChIJXUByJEvBQIYRumGRdOTyuWM|None;;ChIJG8uAiLXGQIYR07uTG7gMRKQ|$", "z_r": 1.0, "qtile": 3.0 }, "geometry": { "type": "Polygon", "coordinates": [ [ [ -95.458500338562843, 29.763958702412559 ], [ -95.453595438330737, 29.766615816912331 ], [ -95.45381920838291, 29.771735084988272 ], [ -95.458948330832726, 29.774197384731895 ], [ -95.463853590990354, 29.771540202662031 ], [ -95.463629368763435, 29.766420788433109 ], [ -95.458500338562843, 29.763958702412559 ] ] ] } },
{ "type": "Feature", "properties": { "hex_id": "88446ca897fffff", "price_mean": 1.2470588235294118, "price_median": 1.2470588235294118, "n": 1, "top_restaurants": "ChIJ9QUPKADBQIYRd9IkNPEIKcQ|$10–20", "z_r": -0.25294117647058822, "qtile": 0.0 }, "geometry": { "type": "Polygon", "coordinates": [ [ [ -95.448466931766575, 29.764153419218687 ], [ -95.443562103186849, 29.766810075849023 ], [ -95.443785421103826, 29.771929197633543 ], [ -95.448914019726502, 29.774391809093622 ], [ -95.45381920838291, 29.771735084988272 ], [ -95.453595438330737, 29.766615816912331 ], [ -95.448466931766575, 29.764153419218687 ] ] ] } },
{ "type": "Feature", "properties": { "hex_id": "88446ca899fffff", "price_mean": 2.6261683006535943, "price_median": 3.1, "n": 36, "top_restaurants": "ChIJBTLXUD_BQIYR5dA-JyxK6NQ|$$$$;;ChIJEYwLNUHBQIYRAW5_t_SosUw|$$$;;ChIJE-t_9EfBQIYRzbWYdfkYN28|$$$", "z_r": 1.1261683006535943, "qtile": 3.0 }, "geometry": { "type": "Polygon", "coordinates": [ [ [ -95.457828499318609, 29.748600162017265 ], [ -95.452924247384033, 29.751257599094309 ], [ -95.453147957833934, 29.756377073884767 ], [ -95.458276372262659, 29.758839257789049 ], [ -95.463180984038416, 29.756181753076142 ], [ -95.462956821535059, 29.751062132109283 ], [ -95.457828499318609, 29.748600162017265 ] ] ] } },
{ "type": "Feature", "properties": { "hex_id": "88446ca89bfffff", "price_mean": 1.648, "price_median": 1.0, "n": 5, "top_restaurants": "ChIJ34WeRnzBQIYR68x2WEjrPqw|$$;;ChIJyTukUcLBQIYRD6JonOxxTuk|$10–20;;ChIJK57PbIDBQIYRodD025ZyCLg|None", "z_r": 0.148, "qtile": 1.0 }, "geometry": { "type": "Polygon", "coordinates": [ [ [ -95.463180984038416, 29.756181753076142 ], [ -95.458276372262659, 29.758839257789049 ], [ -95.458500338562843, 29.763958702412559 ], [ -95.463629368763435, 29.766420788433109 ], [ -95.468534340346935, 29.763763216069723 ], [ -95.468309921912919, 29.758643625350743 ], [ -95.463180984038416, 29.756181753076142 ] ] ] } },
{ "type": "Feature", "properties": { "hex_id": "88446ca8a1fffff", "price_mean": 2.855294117647059, "price_median": 3.4, "n": 17, "top_restaurants": "ChIJzSa5RwDBQIYRX645uYgUUV8|None;;ChIJ_1hXfLzAQIYRoq-Gyw9Hq2U|$$$;;ChIJbY764vjBQIYRfMk0y-IETkA|$20–30", "z_r": 1.355294117647059, "qtile": 3.0 }, "geometry": { "type": "Polygon", "coordinates": [ [ [ -95.407674206079577, 29.749568250997516 ], [ -95.40277031542071, 29.752223399650244 ], [ -95.402991766197744, 29.757342141482781 ], [ -95.408117559479365, 29.759805881545276 ], [ -95.413021810734008, 29.757150665732201 ], [ -95.412799908101917, 29.752031777031419 ], [ -95.407674206079577, 29.749568250997516 ] ] ] } },
{ "type": "Feature", "properties": { "hex_id": "88446ca8a3fffff", "price_mean": 2.34, "price_median": 2.62, "n": 6, "top_restaurants": "ChIJ0U4QFUbBQIYRMSo37MFw7Ik|$$;;ChIJj2DVWMjAQIYRSkPwa2x3ppA|$$;;ChIJz1wEi8jAQIYRFgF82XFmtK0|$$", "z_r": 0.84, "qtile": 3.0 }, "geometry": { "type": "Polygon", "coordinates": [ [ [ -95.413021810734008, 29.757150665732201 ], [ -95.408117559479365, 29.759805881545276 ], [ -95.408339265704299, 29.764924593615309 ], [ -95.41346567511016, 29.767388236674108 ], [ -95.418370286927541, 29.764732953686043 ], [ -95.418148128767001, 29.759614094828606 ], [ -95.413021810734008, 29.757150665732201 ] ] ] } },
{ "type": "Feature", "properties": { "hex_id": "88446ca8a5fffff", "price_mean": 2.2611111111111111, "price_median": 2.0, "n": 18, "top_restaurants": "ChIJIy8d9TLBQIYRoGXAmb7_kGc|None;;ChIJax5LbbzAQIYRzr_jhzPfbDE|$$$;;ChIJH_WngaTAQIYRkbIiCkpo-ts|$$", "z_r": 0.76111111111111107, "qtile": 3.0 }, "geometry": { "type": "Polygon", "coordinates": [ [ [ -95.397645138219886, 29.749759562826252 ], [ -95.392741320718045, 29.752414253777538 ], [ -95.392962319679938, 29.757532848603585 ], [ -95.398087587949476, 29.759996899499257 ], [ -95.402991766197744, 29.757342141482781 ], [ -95.40277031542071, 29.752223399650244 ], [ -95.397645138219886, 29.749759562826252 ] ] ] } },
{ "type": "Feature", "properties": { "hex_id": "88446ca8a7fffff", "price_mean": 2.6125, "price_median": 3.2, "n": 8, "top_restaurants": "ChIJy-WJnp3BQIYRPp5asQC2JvU|$$$;;ChIJX_V8CaXAQIYRrE3IRh2eSfQ|$$;;ChIJl2fbA6bAQIYRwOFu1tw8c2M|$$", "z_r": 1.1125, "qtile": 3.0 }, "geometry": { "type": "Polygon", "coordinates": [ [ [ -95.402991766197744, 29.757342141482781 ], [ -95.398087587949476, 29.759996899499257 ], [ -95.398308842278681, 29.765115464643628 ], [ -95.403434726742574, 29.76757941871162 ], [ -95.408339265704299, 29.764924593615309 ], [ -95.408117559479365, 29.759805881545276 ], [ -95.402991766197744, 29.757342141482781 ] ] ] } },
{ "type": "Feature", "properties": { "hex_id": "88446ca8a9fffff", "price_mean": 1.865, "price_median": 1.185, "n": 10, "top_restaurants": "ChIJ4SovtpXAQIYRDojXKe_T7qE|$20–30;;ChIJcQw3BfvBQIYRVxfy2ZR7dx0|$$;;ChIJZ_q2w5XAQIYR5pRo-tfuSYk|$$", "z_r": 0.365, "qtile": 2.0 }, "geometry": { "type": "Polygon", "coordinates": [ [ [ -95.412356161936628, 29.741793793573009 ], [ -95.40745255889945, 29.744449332680922 ], [ -95.407674206079577, 29.749568250997516 ], [ -95.412799908101917, 29.752031777031419 ], [ -95.417703871617221, 29.749376170682662 ], [ -95.417481772622736, 29.744257105555263 ], [ -95.412356161936628, 29.741793793573009 ] ] ] } },
{ "type": "Feature", "properties": { "hex_id": "88446ca8adfffff", "price_mean": 2.389, "price_median": 2.0, "n": 14, "top_restaurants": "ChIJBxGyGoLBQIYR5uj0vLP9b2w|$$$;;ChIJc93Jm5nAQIYROjiOaPuFAD8|$$;;ChIJh4VrhpnAQIYRbApwXPX9u5Y|$$", "z_r": 0.889, "qtile": 3.0 }, "geometry": { "type": "Polygon", "coordinates": [ [ [ -95.402327472844362, 29.741985709951699 ], [ -95.397423942814299, 29.744640791458725 ], [ -95.397645138219886, 29.749759562826252 ], [ -95.40277031542071, 29.752223399650244 ], [ -95.407674206079577, 29.749568250997516 ], [ -95.40745255889945, 29.744449332680922 ], [ -95.402327472844362, 29.741985709951699 ] ] ] } },
{ "type": "Feature", "properties": { "hex_id": "88446ca8b1fffff", "price_mean": 2.2, "price_median": 2.2, "n": 2, "top_restaurants": "ChIJfxuB5UbHQIYRJcYQooeeCLU|$$;;ChIJQTa4xjLHQIYRpowusksU04k|$", "z_r": 0.7, "qtile": 3.0 }, "geometry": { "type": "Polygon", "coordinates": [ [ [ -95.428401905386863, 29.764540544728352 ], [ -95.423497221014557, 29.767196285602743 ], [ -95.423719634780014, 29.772315114389265 ], [ -95.428847184964411, 29.774778348884031 ], [ -95.433752229715452, 29.772122540724833 ], [ -95.433529363894095, 29.767003565370128 ], [ -95.428401905386863, 29.764540544728352 ] ] ] } },
{ "type": "Feature", "properties": { "hex_id": "88446ca8b3fffff", "price_mean": 2.95, "price_median": 3.4, "n": 4, "top_restaurants": "ChIJhwIqKnvHQIYRQyfMnlZrdwg|$30–50;;ChIJ_Q29qivHQIYRnqDzMj0zqbY|$$;;ChIJSYcUybTHQIYR2vAOJnVRIuc|$$", "z_r": 1.45, "qtile": 3.0 }, "geometry": { "type": "Polygon", "coordinates": [ [ [ -95.433752229715452, 29.772122540724833 ], [ -95.428847184964411, 29.774778348884031 ], [ -95.429069854411253, 29.779897147372086 ], [ -95.434198020736304, 29.782360284202674 ], [ -95.439103425832869, 29.779704408743964 ], [ -95.438880304249608, 29.774585463768638 ], [ -95.433752229715452, 29.772122540724833 ] ] ] } },
{ "type": "Feature", "properties": { "hex_id": "88446ca8b5fffff", "price_mean": 1.8030769230769228, "price_median": 1.0, "n": 13, "top_restaurants": "ChIJF6NlyjTHQIYRIrOIBnbpLfQ|$$;;ChIJVTxTq0rHQIYRatOKGvh5GSQ|$$;;ChIJt2xpItTHQIYRxs58fRmT1mE|$$", "z_r": 0.3030769230769228, "qtile": 2.0 }, "geometry": { "type": "Polygon", "coordinates": [ [ [ -95.418370286927541, 29.764732953686043 ], [ -95.41346567511016, 29.767388236674108 ], [ -95.413687636859478, 29.772506918754111 ], [ -95.418814662433007, 29.774970464567009 ], [ -95.423719634780014, 29.772315114389265 ], [ -95.423497221014557, 29.767196285602743 ], [ -95.418370286927541, 29.764732953686043 ] ] ] } },
{ "type": "Feature", "properties": { "hex_id": "88446ca8b7fffff", "price_mean": 2.08625, "price_median": 1.63125, "n": 10, "top_restaurants": "ChIJ72Z67qjHQIYR9JVJQkEatJo|$$;;ChIJW_ehhS3HQIYRRgbcf9dRkM8|$$;;ChIJI5avyy3HQIYRBEWWSyn-3Sk|$$", "z_r": 0.58625, "qtile": 3.0 }, "geometry": { "type": "Polygon", "coordinates": [ [ [ -95.423719634780014, 29.772315114389265 ], [ -95.418814662433007, 29.774970464567009 ], [ -95.419036879783178, 29.780089116429473 ], [ -95.424164521567761, 29.782552564754226 ], [ -95.429069854411253, 29.779897147372086 ], [ -95.428847184964411, 29.774778348884031 ], [ -95.423719634780014, 29.772315114389265 ] ] ] } },
{ "type": "Feature", "properties": { "hex_id": "88446ca8bdfffff", "price_mean": 1.725, "price_median": 1.0, "n": 8, "top_restaurants": "ChIJWcTdanHBQIYReeGuQZ_qrzo|$$;;ChIJZwjJyPrBQIYR52L835a-DgA|$$;;ChIJO32zaQDBQIYRM-EqUs9ceSs|None", "z_r": 0.225, "qtile": 2.0 }, "geometry": { "type": "Polygon", "coordinates": [ [ [ -95.423052452727376, 29.756958421224361 ], [ -95.418148128767001, 29.759614094828606 ], [ -95.418370286927541, 29.764732953686043 ], [ -95.423497221014557, 29.767196285602743 ], [ -95.428401905386863, 29.764540544728352 ], [ -95.428179295250928, 29.759421539221847 ], [ -95.423052452727376, 29.756958421224361 ] ] ] } },
{ "type": "Feature", "properties": { "hex_id": "88446ca8c1fffff", "price_mean": 2.2, "price_median": 2.2, "n": 2, "top_restaurants": "ChIJI74lFf_AQIYRE3XDqNEsPPo|$$;;ChIJPSja6wHBQIYROIx0X2u29zk|$", "z_r": 0.7, "qtile": 3.0 }, "geometry": { "type": "Polygon", "coordinates": [ [ [ -95.436427273936928, 29.718272526527052 ], [ -95.431524461700647, 29.720929693206664 ], [ -95.431747149513754, 29.726049286388545 ], [ -95.436873101285883, 29.728511859405167 ], [ -95.441776273496671, 29.725854625148049 ], [ -95.441553133951601, 29.720734885466261 ], [ -95.436427273936928, 29.718272526527052 ] ] ] } },
{ "type": "Feature", "properties": { "hex_id": "88446ca8c3fffff", "price_mean": 2.1827989130434782, "price_median": 1.685, "n": 32, "top_restaurants": "ChIJG65pLwDBQIYRhidetP5iGrk|$20–30;;ChIJMb-dSjTBQIYRMxKoherA_eo|$$;;ChIJTTwkoAPBQIYRqnk81MmgYeg|$$", "z_r": 0.68279891304347817, "qtile": 3.0 }, "geometry": { "type": "Polygon", "coordinates": [ [ [ -95.441776273496671, 29.725854625148049 ], [ -95.436873101285883, 29.728511859405167 ], [ -95.437096044643567, 29.733631423330621 ], [ -95.442222612015158, 29.73609389943249 ], [ -95.447126144167186, 29.733436597583321 ], [ -95.446902748997175, 29.728316887238783 ], [ -95.441776273496671, 29.725854625148049 ] ] ] } },
{ "type": "Feature", "properties": { "hex_id": "88446ca8c5fffff", "price_mean": 2.1485714285714286, "price_median": 1.84, "n": 7, "top_restaurants": "ChIJc_2VgDPBQIYRKCosPME4TfQ|$$;;ChIJbwZMsl3AQIYRA7fzEVv5p6s|$$;;ChIJIymopvnAQIYRvYQletGseOk|$$", "z_r": 0.64857142857142858, "qtile": 3.0 }, "geometry": { "type": "Polygon", "coordinates": [ [ [ -95.426399125484807, 29.718467023517476 ], [ -95.421496385505847, 29.721123732903912 ], [ -95.421718621626695, 29.726243179447501 ], [ -95.42684404940951, 29.728706063257398 ], [ -95.431747149513754, 29.726049286388545 ], [ -95.431524461700647, 29.720929693206664 ], [ -95.426399125484807, 29.718467023517476 ] ] ] } },
{ "type": "Feature", "properties": { "hex_id": "88446ca8c7fffff", "price_mean": 2.3409090909090908, "price_median": 2.7, "n": 22, "top_restaurants": "ChIJ-404hwLBQIYRdPW7SEcuGQM|$$$$;;ChIJFWLpBvvAQIYRiK7zXVJH59Y|$$$;;ChIJ7QW5l9zBQIYRM55nghS5ep4|$$", "z_r": 0.84090909090909083, "qtile": 3.0 }, "geometry": { "type": "Polygon", "coordinates": [ [ [ -95.431747149513754, 29.726049286388545 ], [ -95.42684404940951, 29.728706063257398 ], [ -95.427066540994502, 29.733825480625391 ], [ -95.432192584447208, 29.736288267696448 ], [ -95.437096044643567, 29.733631423330621 ], [ -95.436873101285883, 29.728511859405167 ], [ -95.431747149513754, 29.726049286388545 ] ] ] } },
{ "type": "Feature", "properties": { "hex_id": "88446ca8d1fffff", "price_mean": 2.2782608695652171, "price_median": 2.0, "n": 14, "top_restaurants": "ChIJgUAkDmvBQIYRwz-kEgz3vQA|$30–50;;ChIJS8tMcl3AQIYR298nnEgOKnQ|$$;;ChIJH1vnsRTBQIYR7r_wh4QLjs8|$$", "z_r": 0.77826086956521712, "qtile": 3.0 }, "geometry": { "type": "Polygon", "coordinates": [ [ [ -95.457156839003673, 29.733241003256698 ], [ -95.452253235196636, 29.735898762583385 ], [ -95.452476886068013, 29.741018443363011 ], [ -95.457604592669441, 29.743480511030185 ], [ -95.462508556233388, 29.740822684001802 ], [ -95.462284453429788, 29.735702857022403 ], [ -95.457156839003673, 29.733241003256698 ] ] ] } },
{ "type": "Feature", "properties": { "hex_id": "88446ca8d3fffff", "price_mean": 2.8561401044607564, "price_median": 3.4, "n": 35, "top_restaurants": "ChIJkb9mKmrBQIYRgYHRkFKWFSI|None;;ChIJZ4yc7EDBQIYR5J30FH0JSnE|$30–50;;ChIJ_S0zYo3BQIYRsN3bE-GqWCI|$$$$", "z_r": 1.3561401044607564, "qtile": 3.0 }, "geometry": { "type": "Polygon", "coordinates": [ [ [ -95.462508556233388, 29.740822684001802 ], [ -95.457604592669441, 29.743480511030185 ], [ -95.457828499318609, 29.748600162017265 ], [ -95.462956821535059, 29.751062132109283 ], [ -95.467861144822464, 29.748404237364607 ], [ -95.467636786160753, 29.74328444025868 ], [ -95.462508556233388, 29.740822684001802 ] ] ] } },
{ "type": "Feature", "properties": { "hex_id": "88446ca8d5fffff", "price_mean": 2.3882810441370226, "price_median": 2.1720170454545453, "n": 6, "top_restaurants": "ChIJjyul9BnBQIYRSa0qA0BhkcY|$$;;ChIJlfnsThfBQIYRarfxWSGtvIM|$$;;ChIJq6qqwxbBQIYR-Wgxy43MIiE|$$", "z_r": 0.88828104413702258, "qtile": 3.0 }, "geometry": { "type": "Polygon", "coordinates": [ [ [ -95.447126144167186, 29.733436597583321 ], [ -95.442222612015158, 29.73609389943249 ], [ -95.442445810993831, 29.741213433873916 ], [ -95.447572994008027, 29.743675812818829 ], [ -95.452476886068013, 29.741018443363011 ], [ -95.452253235196636, 29.735898762583385 ], [ -95.447126144167186, 29.733436597583321 ] ] ] } },
{ "type": "Feature", "properties": { "hex_id": "88446ca8d7fffff", "price_mean": 2.8259722222222221, "price_median": 3.4, "n": 18, "top_restaurants": "ChIJixhwdGHBQIYRr8fZckqChHM|None;;ChIJwQmFURTBQIYR5sd-vXnjRNs|$$$;;ChIJ05WyCmrBQIYR2s2XNrj9rLQ|$$$", "z_r": 1.3259722222222221, "qtile": 3.0 }, "geometry": { "type": "Polygon", "coordinates": [ [ [ -95.452476886068013, 29.741018443363011 ], [ -95.447572994008027, 29.743675812818829 ], [ -95.447796448684102, 29.748795317548584 ], [ -95.452924247384033, 29.751257599094309 ], [ -95.457828499318609, 29.748600162017265 ], [ -95.457604592669441, 29.743480511030185 ], [ -95.452476886068013, 29.741018443363011 ] ] ] } },
{ "type": "Feature", "properties": { "hex_id": "88446ca8d9fffff", "price_mean": 1.79875, "price_median": 1.75375, "n": 10, "top_restaurants": "ChIJk6KbOBjAQIYRYBPlWkNiKeA|$$;;ChIJz49NZ3DBQIYRyplbY9nxMRk|$$;;ChIJBVYsUWrBQIYReDO-7dZ8vaM|$10–20", "z_r": 0.29875, "qtile": 2.0 }, "geometry": { "type": "Polygon", "coordinates": [ [ [ -95.461836307503845, 29.725462997615399 ], [ -95.456932991981773, 29.728121146631512 ], [ -95.457156839003673, 29.733241003256698 ], [ -95.462284453429788, 29.735702857022403 ], [ -95.46718812859109, 29.733044640224129 ], [ -95.466963829677852, 29.727924637456763 ], [ -95.461836307503845, 29.725462997615399 ] ] ] } },
{ "type": "Feature", "properties": { "hex_id": "88446ca8dbfffff", "price_mean": 2.4354772739733535, "price_median": 3.1, "n": 61, "top_restaurants": "ChIJS_vq1GXBQIYRaGH_5YQ4x3M|$$$$;;ChIJk3AANG_BQIYRslF9Sn9-03U|$$$$;;ChIJ7X3WTmnBQIYRT1dyWC6Rsyw|$$$$", "z_r": 0.93547727397335345, "qtile": 3.0 }, "geometry": { "type": "Polygon", "coordinates": [ [ [ -95.46718812859109, 29.733044640224129 ], [ -95.462284453429788, 29.735702857022403 ], [ -95.462508556233388, 29.740822684001802 ], [ -95.467636786160753, 29.74328444025868 ], [ -95.472540820927819, 29.740626155663669 ], [ -95.472316266152561, 29.735506182622984 ], [ -95.46718812859109, 29.733044640224129 ] ] ] } },
{ "type": "Feature", "properties": { "hex_id": "88446ca8ddfffff", "price_mean": 2.92, "price_median": 3.4, "n": 5, "top_restaurants": "ChIJA2Y0Ug7BQIYRx90jE4jDAxU|$$;;ChIJfYjSzXLBQIYRzonPuYFDcZU|$$;;ChIJNy66RQDBQIYRwkbFFrK7hRA|$$", "z_r": 1.42, "qtile": 3.0 }, "geometry": { "type": "Polygon", "coordinates": [ [ [ -95.451805993013934, 29.725659195599214 ], [ -95.446902748997175, 29.728316887238783 ], [ -95.447126144167186, 29.733436597583321 ], [ -95.452253235196636, 29.735898762583385 ], [ -95.457156839003673, 29.733241003256698 ], [ -95.456932991981773, 29.728121146631512 ], [ -95.451805993013934, 29.725659195599214 ] ] ] } },
{ "type": "Feature", "properties": { "hex_id": "88446ca8e1fffff", "price_mean": 2.42125, "price_median": 3.4, "n": 16, "top_restaurants": "ChIJA9yMIH3BQIYRpnisoGLTaMM|$$$;;ChIJ28ljLY3AQIYRIbfNV2mVpys|$$;;ChIJIZL7EvPAQIYRV94ozpA6pFs|$$", "z_r": 0.92125, "qtile": 3.0 }, "geometry": { "type": "Polygon", "coordinates": [ [ [ -95.411690690396711, 29.726436304451866 ], [ -95.406787735407008, 29.729092166527092 ], [ -95.407009323565802, 29.734211290365131 ], [ -95.412134318398216, 29.736674698976508 ], [ -95.41703763378149, 29.734018769594527 ], [ -95.416815593929499, 29.728899498922353 ], [ -95.411690690396711, 29.726436304451866 ] ] ] } },
{ "type": "Feature", "properties": { "hex_id": "88446ca8e3fffff", "price_mean": 2.4482211028632026, "price_median": 3.0, "n": 41, "top_restaurants": "ChIJpwGlbOzAQIYRgm7pf6RNrCs|$$$$;;ChIJ_0wWF-3AQIYR3JFf8UaqMm0|$$$$;;ChIJ40Zw--vAQIYRyLsJ8qX4f4w|$$$", "z_r": 0.9482211028632026, "qtile": 3.0 }, "geometry": { "type": "Polygon", "coordinates": [ [ [ -95.41703763378149, 29.734018769594527 ], [ -95.412134318398216, 29.736674698976508 ], [ -95.412356161936628, 29.741793793573009 ], [ -95.417481772622736, 29.744257105555263 ], [ -95.422385448366541, 29.741601108851917 ], [ -95.422163153054413, 29.736481867502107 ], [ -95.41703763378149, 29.734018769594527 ] ] ] } },
{ "type": "Feature", "properties": { "hex_id": "88446ca8e5fffff", "price_mean": 2.4266666666666667, "price_median": 3.4, "n": 9, "top_restaurants": "ChIJ6fLopF3AQIYRAMLcs78zG64|$$;;ChIJu34NeIPAQIYRYPfWJ_VSrWY|$$;;ChIJH246vxrBQIYRArzGOf8uljw|$$", "z_r": 0.92666666666666675, "qtile": 3.0 }, "geometry": { "type": "Polygon", "coordinates": [ [ [ -95.401663356384901, 29.726628661528743 ], [ -95.396760474403052, 29.729284066198819 ], [ -95.396981610908497, 29.734403043064439 ], [ -95.40210608103979, 29.736866762246827 ], [ -95.407009323565802, 29.734211290365131 ], [ -95.406787735407008, 29.729092166527092 ], [ -95.401663356384901, 29.726628661528743 ] ] ] } },
{ "type": "Feature", "properties": { "hex_id": "88446ca8e7fffff", "price_mean": 2.2760474308300398, "price_median": 2.0, "n": 23, "top_restaurants": "ChIJ5_qj6EPBQIYRsOQ_Fq0SFJk|$30–50;;ChIJ6beamqHBQIYRnSmSlCyC-bU|$$$;;ChIJv9V9NpfAQIYR2vYzekJSjrs|$20–30", "z_r": 0.7760474308300398, "qtile": 3.0 }, "geometry": { "type": "Polygon", "coordinates": [ [ [ -95.407009323565802, 29.734211290365131 ], [ -95.40210608103979, 29.736866762246827 ], [ -95.402327472844362, 29.741985709951699 ], [ -95.40745255889945, 29.744449332680922 ], [ -95.412356161936628, 29.741793793573009 ], [ -95.412134318398216, 29.736674698976508 ], [ -95.407009323565802, 29.734211290365131 ] ] ] } },
{ "type": "Feature", "properties": { "hex_id": "88446ca8e9fffff", "price_mean": 2.43375, "price_median": 3.4, "n": 16, "top_restaurants": "ChIJx7Es7V7AQIYRC94dM83OSJI|€€;;ChIJw8jjsvXAQIYR-6IcJr0Yl4o|$20–30;;ChIJ-xVrBV_AQIYRnqKtELluuro|$$", "z_r": 0.93375, "qtile": 3.0 }, "geometry": { "type": "Polygon", "coordinates": [ [ [ -95.416371573349636, 29.718660752597362 ], [ -95.411468905928416, 29.721317004684899 ], [ -95.411690690396711, 29.726436304451866 ], [ -95.416815593929499, 29.728899498922353 ], [ -95.421718621626695, 29.726243179447501 ], [ -95.421496385505847, 29.721123732903912 ], [ -95.416371573349636, 29.718660752597362 ] ] ] } },
{ "type": "Feature", "properties": { "hex_id": "88446ca8ebfffff", "price_mean": 2.287605072463768, "price_median": 1.92, "n": 30, "top_restaurants": "ChIJE3u4UgDBQIYR733-H-h7E_A|$30–50;;ChIJfZC_2BbBQIYRnyQ2EtjAymk|$$$;;ChIJq13iF_TAQIYR93rF2J-02XI|$$$", "z_r": 0.78760507246376799, "qtile": 3.0 }, "geometry": { "type": "Polygon", "coordinates": [ [ [ -95.421718621626695, 29.726243179447501 ], [ -95.416815593929499, 29.728899498922353 ], [ -95.41703763378149, 29.734018769594527 ], [ -95.422163153054413, 29.736481867502107 ], [ -95.427066540994502, 29.733825480625391 ], [ -95.42684404940951, 29.728706063257398 ], [ -95.421718621626695, 29.726243179447501 ] ] ] } },
{ "type": "Feature", "properties": { "hex_id": "88446ca8edfffff", "price_mean": 2.62, "price_median": 2.62, "n": 2, "top_restaurants": "ChIJcd07MIjAQIYRsp6AcoY0s_Q|$$;;ChIJw_aPUt_BQIYRFIthztreirY|$10–20", "z_r": 1.12, "qtile": 3.0 }, "geometry": { "type": "Polygon", "coordinates": [ [ [ -95.406344618092447, 29.718853713893662 ], [ -95.401442023529327, 29.721509508676696 ], [ -95.401663356384901, 29.726628661528743 ], [ -95.406787735407008, 29.729092166527092 ], [ -95.411690690396711, 29.726436304451866 ], [ -95.411468905928416, 29.721317004684899 ], [ -95.406344618092447, 29.718853713893662 ] ] ] } },
{ "type": "Feature", "properties": { "hex_id": "88446ca901fffff", "price_mean": 1.0, "price_median": 1.0, "n": 3, "top_restaurants": "ChIJDVRAvBq-QIYR5EVVIbwKLeI|$;;ChIJ8SRh1hm-QIYR0tPTi0wGEF8|$;;ChIJkzwmMQe_QIYRTPVgtyCuymo|None", "z_r": -0.5, "qtile": 0.0 }, "geometry": { "type": "Polygon", "coordinates": [ [ [ -95.324843312762368, 29.68965986752065 ], [ -95.319942607288397, 29.692312651625745 ], [ -95.320160212793667, 29.697431031930737 ], [ -95.325278974812875, 29.69989677621145 ], [ -95.330180041744683, 29.697243925443541 ], [ -95.329961985189968, 29.692125397072097 ], [ -95.324843312762368, 29.68965986752065 ] ] ] } },
{ "type": "Feature", "properties": { "hex_id": "88446ca903fffff", "price_mean": 2.0, "price_median": 2.0, "n": 1, "top_restaurants": "ChIJS-idVj2-QIYRQyxSfUp7BY8|None", "z_r": 0.5, "qtile": 2.0 }, "geometry": { "type": "Polygon", "coordinates": [ [ [ -95.330180041744683, 29.697243925443541 ], [ -95.325278974812875, 29.69989677621145 ], [ -95.32549683483218, 29.705015128896328 ], [ -95.330616212903962, 29.707480778813501 ], [ -95.335517641261248, 29.704827861368244 ], [ -95.335299330111823, 29.699709360697511 ], [ -95.330180041744683, 29.697243925443541 ] ] ] } },
{ "type": "Feature", "properties": { "hex_id": "88446ca905fffff", "price_mean": 1.0, "price_median": 1.0, "n": 4, "top_restaurants": "ChIJZS5AHbK_QIYR_QKZdusmyOs|$;;ChIJ-a8S6A--QIYRTIddhDTp31c|None;;ChIJNyyJzgm-QIYRFFf7PTpLVPo|None", "z_r": -0.5, "qtile": 0.0 }, "geometry": { "type": "Polygon", "coordinates": [ [ [ -95.314824461277681, 29.689846813223419 ], [ -95.30992383136126, 29.69249914036849 ], [ -95.310140985857615, 29.697617372469093 ], [ -95.315259221269827, 29.70008342564336 ], [ -95.320160212793667, 29.697431031930737 ], [ -95.319942607288397, 29.692312651625745 ], [ -95.314824461277681, 29.689846813223419 ] ] ] } },
{ "type": "Feature", "properties": { "hex_id": "88446ca90bfffff", "price_mean": 1.28, "price_median": 1.0, "n": 3, "top_restaurants": "ChIJCUAxJcG_QIYR47vNApJh8bs|$10–20;;ChIJQ10HYTy-QIYRq6gOfPq5QlU|$;;ChIJffigwpq_QIYRqL_gHocs-KA|None", "z_r": -0.22, "qtile": 0.0 }, "geometry": { "type": "Polygon", "coordinates": [ [ [ -95.334862765922026, 29.689472156011846 ], [ -95.329961985189968, 29.692125397072097 ], [ -95.330180041744683, 29.697243925443541 ], [ -95.335299330111823, 29.699709360697511 ], [ -95.340200472151963, 29.697056052879194 ], [ -95.33998196450743, 29.691937376579325 ], [ -95.334862765922026, 29.689472156011846 ] ] ] } },
{ "type": "Feature", "properties": { "hex_id": "88446ca90dfffff", "price_mean": 1.0, "price_median": 1.0, "n": 1, "top_restaurants": "ChIJa2U4eQC_QIYRYcB8Dy96t7M|None", "z_r": -0.5, "qtile": 0.0 }, "geometry": { "type": "Polygon", "coordinates": [ [ [ -95.319507454193939, 29.682075688068856 ], [ -95.314607110210076, 29.68472840552565 ], [ -95.314824461277681, 29.689846813223419 ], [ -95.319942607288397, 29.692312651625745 ], [ -95.324843312762368, 29.68965986752065 ], [ -95.324625510726037, 29.684541311675883 ], [ -95.319507454193939, 29.682075688068856 ] ] ] } },
{ "type": "Feature", "properties": { "hex_id": "88446ca911fffff", "price_mean": 3.64, "price_median": 3.64, "n": 1, "top_restaurants": "ChIJNUXGwqm_QIYRL1Yn4tMMAzo|$20–30", "z_r": 2.14, "qtile": 3.0 }, "geometry": { "type": "Polygon", "coordinates": [ [ [ -95.345539048927762, 29.704639827491928 ], [ -95.340637545611898, 29.707293202082845 ], [ -95.34085611143243, 29.712411674825468 ], [ -95.345976631810558, 29.714876920758758 ], [ -95.35087849636966, 29.712223479380697 ], [ -95.35065947929796, 29.707104858870871 ], [ -95.345539048927762, 29.704639827491928 ] ] ] } },
{ "type": "Feature", "properties": { "hex_id": "88446ca913fffff", "price_mean": 1.25, "price_median": 1.0, "n": 4, "top_restaurants": "ChIJ76XVZdG_QIYRteMV7pEYj8k|None;;ChIJcTH7qqy_QIYRKPAF_kemuxY|$;;ChIJCUAHca2_QIYREr_i_lWOw7w|$", "z_r": -0.25, "qtile": 0.0 }, "geometry": { "type": "Polygon", "coordinates": [ [ [ -95.35087849636966, 29.712223479380697 ], [ -95.345976631810558, 29.714876920758758 ], [ -95.346195452378595, 29.719995365345884 ], [ -95.351316588828098, 29.722460516255879 ], [ -95.356218814597909, 29.719807008076117 ], [ -95.355999542698058, 29.714688415802446 ], [ -95.35087849636966, 29.712223479380697 ] ] ] } },
{ "type": "Feature", "properties": { "hex_id": "88446ca915fffff", "price_mean": 2.0, "price_median": 2.0, "n": 1, "top_restaurants": "ChIJEX2FP6e_QIYRwf7d8FyuXHQ|None", "z_r": 0.5, "qtile": 2.0 }, "geometry": { "type": "Polygon", "coordinates": [ [ [ -95.335517641261248, 29.704827861368244 ], [ -95.330616212903962, 29.707480778813501 ], [ -95.330834327513685, 29.712599103650888 ], [ -95.335954321682053, 29.715064658962625 ], [ -95.34085611143243, 29.712411674825468 ], [ -95.340637545611898, 29.707293202082845 ], [ -95.335517641261248, 29.704827861368244 ] ] ] } },
{ "type": "Feature", "properties": { "hex_id": "88446ca917fffff", "price_mean": 1.9666666666666668, "price_median": 1.5, "n": 6, "top_restaurants": "ChIJkXoTqfa_QIYRlGCYlVUkAFk|$$;;ChIJmaG-jlq-QIYRfohISPcwGDg|$$;;ChIJn8AwNqS_QIYRzROQ_lw5q2Y|None", "z_r": 0.46666666666666679, "qtile": 2.0 }, "geometry": { "type": "Polygon", "coordinates": [ [ [ -95.34085611143243, 29.712411674825468 ], [ -95.335954321682053, 29.715064658962625 ], [ -95.336172690958591, 29.720182955725154 ], [ -95.341293301267541, 29.7226484161895 ], [ -95.346195452378595, 29.719995365345884 ], [ -95.345976631810558, 29.714876920758758 ], [ -95.34085611143243, 29.712411674825468 ] ] ] } },
{ "type": "Feature", "properties": { "hex_id": "88446ca919fffff", "price_mean": 1.3066666666666666, "price_median": 1.0, "n": 6, "top_restaurants": "ChIJK_2AYbK_QIYRMM2ioAWP4iY|None;;ChIJmf8WGHy_QIYRbSVWuI3qBeU|$10–20;;ChIJ8RwHRAC_QIYRgtgR6zl7kHw|None", "z_r": -0.19333333333333336, "qtile": 0.0 }, "geometry": { "type": "Polygon", "coordinates": [ [ [ -95.35022150345668, 29.696867414109626 ], [ -95.34532028660783, 29.699521178973374 ], [ -95.345539048927762, 29.704639827491928 ], [ -95.35065947929796, 29.707104858870871 ], [ -95.355561057272638, 29.704451027139292 ], [ -95.355341843741897, 29.699332230910976 ], [ -95.35022150345668, 29.696867414109626 ] ] ] } },
{ "type": "Feature", "properties": { "hex_id": "88446ca91bfffff", "price_mean": 1.9309420289855073, "price_median": 1.92, "n": 6, "top_restaurants": "ChIJcwVlSou_QIYRDDVvZWQAMMg|$$;;ChIJcygQc3m_QIYRNEBRdicXQp0|None;;ChIJ5z_9GgC_QIYRgnucQYT4vQA|None", "z_r": 0.43094202898550726, "qtile": 2.0 }, "geometry": { "type": "Polygon", "coordinates": [ [ [ -95.355561057272638, 29.704451027139292 ], [ -95.35065947929796, 29.707104858870871 ], [ -95.35087849636966, 29.712223479380697 ], [ -95.355999542698058, 29.714688415802446 ], [ -95.360901481766007, 29.712034517188496 ], [ -95.360682013402865, 29.706915749049557 ], [ -95.355561057272638, 29.704451027139292 ] ] ] } },
{ "type": "Feature", "properties": { "hex_id": "88446ca91dfffff", "price_mean": 2.4666666666666668, "price_median": 2.0, "n": 3, "top_restaurants": "ChIJYWE-1Du-QIYRSWf9NLrWTI0|$$;;ChIJcdw4VKi_QIYRhZkcqMwBI94|None;;ChIJvQKLTUi_QIYRBgWg__-HRFM|None", "z_r": 0.96666666666666679, "qtile": 3.0 }, "geometry": { "type": "Polygon", "coordinates": [ [ [ -95.340200472151963, 29.697056052879194 ], [ -95.335299330111823, 29.699709360697511 ], [ -95.335517641261248, 29.704827861368244 ], [ -95.340637545611898, 29.707293202082845 ], [ -95.345539048927762, 29.704639827491928 ], [ -95.34532028660783, 29.699521178973374 ], [ -95.340200472151963, 29.697056052879194 ] ] ] } },
{ "type": "Feature", "properties": { "hex_id": "88446ca921fffff", "price_mean": 1.2500816993464052, "price_median": 1.0, "n": 18, "top_restaurants": "ChIJGwGGqyS9QIYRy2fYAcETTWo|$$;;ChIJa2Q06Oi9QIYRkFhok8OrixA|$$;;ChIJZxsYxea9QIYR3b2Hyc--3ms|$", "z_r": -0.24991830065359477, "qtile": 0.0 }, "geometry": { "type": "Polygon", "coordinates": [ [ [ -95.300122361494957, 29.697802947186958 ], [ -95.295221521685505, 29.700454426774712 ], [ -95.29543802855757, 29.705572334674262 ], [ -95.300555826238067, 29.708038911400099 ], [ -95.305457027921804, 29.705387365420869 ], [ -95.305240070041236, 29.700269309121619 ], [ -95.300122361494957, 29.697802947186958 ] ] ] } },
{ "type": "Feature", "properties": { "hex_id": "88446ca923fffff", "price_mean": 1.0, "price_median": 1.0, "n": 2, "top_restaurants": "ChIJdfGEqOOXQIYRlJ0uBZBY2iM|None;;ChIJEVIavEq9QIYRgNFqggJ60xk|None", "z_r": -0.5, "qtile": 0.0 }, "geometry": { "type": "Polygon", "coordinates": [ [ [ -95.305457027921804, 29.705387365420869 ], [ -95.300555826238067, 29.708038911400099 ], [ -95.300772587458241, 29.713156791693901 ], [ -95.305891001441935, 29.71562327434194 ], [ -95.310792564967812, 29.712971661956658 ], [ -95.310575352658333, 29.707853633343721 ], [ -95.305457027921804, 29.705387365420869 ] ] ] } },
{ "type": "Feature", "properties": { "hex_id": "88446ca925fffff", "price_mean": 1.5272727272727273, "price_median": 1.0, "n": 11, "top_restaurants": "ChIJ--XcOuW9QIYRXYXLIZCpWwc|$$;;ChIJK62tYem9QIYRU3EibjOCzDY|$$;;ChIJRb5UhL-9QIYRza7HeEopYRY|None", "z_r": 0.027272727272727337, "qtile": 1.0 }, "geometry": { "type": "Polygon", "coordinates": [ [ [ -95.290104340263952, 29.697987756212939 ], [ -95.285203576760793, 29.700638778731303 ], [ -95.285419632665068, 29.705756538093272 ], [ -95.290536903030727, 29.708223423488789 ], [ -95.29543802855757, 29.705572334674262 ], [ -95.295221521685505, 29.700454426774712 ], [ -95.290104340263952, 29.697987756212939 ] ] ] } },
{ "type": "Feature", "properties": { "hex_id": "88446ca927fffff", "price_mean": 1.0, "price_median": 1.0, "n": 6, "top_restaurants": "ChIJscCvQ8S9QIYRIeQLaZLd9gk|$;;ChIJFamC5h29QIYRPP-opc9vV9Y|$1–10;;ChIJqw7xCum9QIYRNl2jypVIgm8|None", "z_r": -0.5, "qtile": 0.0 }, "geometry": { "type": "Polygon", "coordinates": [ [ [ -95.29543802855757, 29.705572334674262 ], [ -95.290536903030727, 29.708223423488789 ], [ -95.290753213202308, 29.713341155325551 ], [ -95.295871099939788, 29.715807946819158 ], [ -95.300772587458241, 29.713156791693901 ], [ -95.300555826238067, 29.708038911400099 ], [ -95.29543802855757, 29.705572334674262 ] ] ] } },
{ "type": "Feature", "properties": { "hex_id": "88446ca929fffff", "price_mean": 1.0, "price_median": 1.0, "n": 1, "top_restaurants": "ChIJg9JLq1W9QIYRh27IJnZyow8|None", "z_r": -0.5, "qtile": 0.0 }, "geometry": { "type": "Polygon", "coordinates": [ [ [ -95.304806212026392, 29.690032993248426 ], [ -95.29990565796696, 29.69268486342871 ], [ -95.300122361494957, 29.697802947186958 ], [ -95.305240070041236, 29.700269309121619 ], [ -95.310140985857615, 29.697617372469093 ], [ -95.30992383136126, 29.69249914036849 ], [ -95.304806212026392, 29.690032993248426 ] ] ] } },
{ "type": "Feature", "properties": { "hex_id": "88446ca92bfffff", "price_mean": 1.48, "price_median": 1.0, "n": 5, "top_restaurants": "ChIJGReODeC9QIYRbP0CtDduusQ|$$;;ChIJI1fxeuC9QIYRyIuzvGJT-oc|$;;ChIJM-Zp-ki_QIYR_Fw4-yln9To|None", "z_r": -0.02, "qtile": 1.0 }, "geometry": { "type": "Polygon", "coordinates": [ [ [ -95.310140985857615, 29.697617372469093 ], [ -95.305240070041236, 29.700269309121619 ], [ -95.305457027921804, 29.705387365420869 ], [ -95.310575352658333, 29.707853633343721 ], [ -95.315476630199484, 29.705201630204407 ], [ -95.315259221269827, 29.70008342564336 ], [ -95.310140985857615, 29.697617372469093 ] ] ] } },
{ "type": "Feature", "properties": { "hex_id": "88446ca92dfffff", "price_mean": 1.6547584541062801, "price_median": 1.0, "n": 18, "top_restaurants": "ChIJucp6Hu-9QIYR-hBDUUAM_Ys|$$;;ChIJx72xhO-9QIYRsRTtybvhgV4|$$;;ChIJR7rfhO-9QIYR19qxOkLdiJQ|$$", "z_r": 0.15475845410628009, "qtile": 1.0 }, "geometry": { "type": "Polygon", "coordinates": [ [ [ -95.294788565566733, 29.69021840772411 ], [ -95.289888087663641, 29.692869820934916 ], [ -95.290104340263952, 29.697987756212939 ], [ -95.295221521685505, 29.700454426774712 ], [ -95.300122361494957, 29.697802947186958 ], [ -95.29990565796696, 29.69268486342871 ], [ -95.294788565566733, 29.69021840772411 ] ] ] } },
{ "type": "Feature", "properties": { "hex_id": "88446ca931fffff", "price_mean": 1.0, "price_median": 1.0, "n": 4, "top_restaurants": "ChIJx4FeqXq-QIYR8QUjhbntEjk|None;;ChIJEwbkQsO_QIYRMlqM_6kTSVA|None;;ChIJrQTJPwC_QIYR8XHgtOZFIs8|None", "z_r": -0.5, "qtile": 0.0 }, "geometry": { "type": "Polygon", "coordinates": [ [ [ -95.320813145172522, 29.712785765985156 ], [ -95.315911505938814, 29.715437835625835 ], [ -95.316128972753603, 29.720555836325133 ], [ -95.321248530003231, 29.723021915498723 ], [ -95.326150530897209, 29.720369779342125 ], [ -95.325932612871782, 29.71525163054222 ], [ -95.320813145172522, 29.712785765985156 ] ] ] } },
{ "type": "Feature", "properties": { "hex_id": "88446ca933fffff", "price_mean": 1.84, "price_median": 1.84, "n": 1, "top_restaurants": "ChIJc0gHp8a9QIYRGXhYpZYBBdo|$10–20", "z_r": 0.34, "qtile": 2.0 }, "geometry": { "type": "Polygon", "coordinates": [ [ [ -95.326150530897209, 29.720369779342125 ], [ -95.321248530003231, 29.723021915498723 ], [ -95.321466251399727, 29.728139888057051 ], [ -95.32658642497212, 29.730605872493122 ], [ -95.331488787494052, 29.727953669805991 ], [ -95.331270614806158, 29.722835549227682 ], [ -95.326150530897209, 29.720369779342125 ] ] ] } },
{ "type": "Feature", "properties": { "hex_id": "88446ca935fffff", "price_mean": 1.3028571428571429, "price_median": 1.0, "n": 14, "top_restaurants": "ChIJ1VyAsXC-QIYR5bsb57WIBlY|$$;;ChIJjbNB9um_QIYRyvr0aZnjHNo|None;;ChIJf9shVHu_QIYR5ajS5f9Otqg|$10–20", "z_r": -0.19714285714285706, "qtile": 0.0 }, "geometry": { "type": "Polygon", "coordinates": [ [ [ -95.310792564967812, 29.712971661956658 ], [ -95.305891001441935, 29.71562327434194 ], [ -95.306108017086657, 29.720741126802686 ], [ -95.311227047417802, 29.723207515131044 ], [ -95.316128972753603, 29.720555836325133 ], [ -95.315911505938814, 29.715437835625835 ], [ -95.310792564967812, 29.712971661956658 ] ] ] } },
{ "type": "Feature", "properties": { "hex_id": "88446ca937fffff", "price_mean": 1.42, "price_median": 1.42, "n": 2, "top_restaurants": "ChIJHUXAniTDQIYRUOy2MzL8G-A|$10–20;;ChIJUVtzDn--QIYRNOCkl2yu8Nc|$", "z_r": -0.08, "qtile": 1.0 }, "geometry": { "type": "Polygon", "coordinates": [ [ [ -95.316128972753603, 29.720555836325133 ], [ -95.311227047417802, 29.723207515131044 ], [ -95.311444317563428, 29.728325339531434 ], [ -95.316563964286246, 29.7307916332982 ], [ -95.321466251399727, 29.728139888057051 ], [ -95.321248530003231, 29.723021915498723 ], [ -95.316128972753603, 29.720555836325133 ] ] ] } },
{ "type": "Feature", "properties": { "hex_id": "88446ca93dfffff", "price_mean": 1.4369736842105263, "price_median": 1.0, "n": 19, "top_restaurants": "ChIJOR-lxSW_QIYRHaErE8WwcL4|$$;;ChIJC71D9Xa-QIYRlgVi-Zw8FWE|$$;;ChIJYY7xrna-QIYRS0ENWLyGPsA|$$", "z_r": -0.063026315789473708, "qtile": 1.0 }, "geometry": { "type": "Polygon", "coordinates": [ [ [ -95.315476630199484, 29.705201630204407 ], [ -95.310575352658333, 29.707853633343721 ], [ -95.310792564967812, 29.712971661956658 ], [ -95.315911505938814, 29.715437835625835 ], [ -95.320813145172522, 29.712785765985156 ], [ -95.320595481733164, 29.707667589191022 ], [ -95.315476630199484, 29.705201630204407 ] ] ] } },
{ "type": "Feature", "properties": { "hex_id": "88446ca943fffff", "price_mean": 1.125, "price_median": 1.0, "n": 8, "top_restaurants": "ChIJw19Tzx-VQIYRKRul2aqOMLU|None;;ChIJR0VyMoiVQIYRzsM9FaW8WX8|$;;ChIJC2Cxf_eVQIYRW7hz1ZDTFJM|None", "z_r": -0.375, "qtile": 0.0 }, "geometry": { "type": "Polygon", "coordinates": [ [ [ -95.334208064871461, 29.674115841831579 ], [ -95.329307931594798, 29.676769406178895 ], [ -95.329525930117612, 29.681888137359191 ], [ -95.334644512876523, 29.684353452158064 ], [ -95.339545007376316, 29.681699820986427 ], [ -95.339326557884604, 29.676580941854578 ], [ -95.334208064871461, 29.674115841831579 ] ] ] } },
{ "type": "Feature", "properties": { "hex_id": "88446ca947fffff", "price_mean": 1.0, "price_median": 1.0, "n": 2, "top_restaurants": "ChIJtSo7Vwa_QIYR3r9ZYrNjPPo|$;;ChIJX3PSi-iVQIYRxQJfVV85Ym4|None", "z_r": -0.5, "qtile": 0.0 }, "geometry": { "type": "Polygon", "coordinates": [ [ [ -95.324189964618427, 29.67430399739051 ], [ -95.319289906599664, 29.676957104978129 ], [ -95.319507454193939, 29.682075688068856 ], [ -95.324625510726037, 29.684541311675883 ], [ -95.329525930117612, 29.681888137359191 ], [ -95.329307931594798, 29.676769406178895 ], [ -95.324189964618427, 29.67430399739051 ] ] ] } },
{ "type": "Feature", "properties": { "hex_id": "88446ca949fffff", "price_mean": 2.1333333333333333, "price_median": 2.0, "n": 3, "top_restaurants": "ChIJOUy5aJOVQIYRgM__tukDKXI|$$;;ChIJldtHEqGVQIYRMVC7bs6cEdM|None;;ChIJsxcRfZGVQIYR1sJNPC64nVY|$", "z_r": 0.6333333333333333, "qtile": 3.0 }, "geometry": { "type": "Polygon", "coordinates": [ [ [ -95.333553538040164, 29.658758921003592 ], [ -95.32865405204916, 29.661412808309873 ], [ -95.328871992563151, 29.666531741573635 ], [ -95.333989869906745, 29.668996935520084 ], [ -95.338889717035983, 29.666342981323151 ], [ -95.338671325673957, 29.661223900084796 ], [ -95.333553538040164, 29.658758921003592 ] ] ] } },
{ "type": "Feature", "properties": { "hex_id": "88446ca94bfffff", "price_mean": 1.1666666666666667, "price_median": 1.0, "n": 6, "top_restaurants": "ChIJRUTxA4OxQIYR_SpS5LD3f6U|None;;ChIJT2ezPh-VQIYROUmc1WCNJYU|$1–10;;ChIJBXt8DGGXQIYRIDJCw4Gu4NA|$", "z_r": -0.33333333333333326, "qtile": 0.0 }, "geometry": { "type": "Polygon", "coordinates": [ [ [ -95.338889717035983, 29.666342981323151 ], [ -95.333989869906745, 29.668996935520084 ], [ -95.334208064871461, 29.674115841831579 ], [ -95.339326557884604, 29.676580941854578 ], [ -95.344226766119675, 29.673926920752582 ], [ -95.34400812022632, 29.668807866547002 ], [ -95.338889717035983, 29.666342981323151 ] ] ] } },
{ "type": "Feature", "properties": { "hex_id": "88446ca951fffff", "price_mean": 2.2, "price_median": 2.2, "n": 2, "top_restaurants": "ChIJb51kbtO_QIYRF2r_WQadkVo|$$;;ChIJ_SE1XSC_QIYR8qXzIzVh0CE|$", "z_r": 0.7, "qtile": 3.0 }, "geometry": { "type": "Polygon", "coordinates": [ [ [ -95.349564685411423, 29.681510738822571 ], [ -95.344664116102933, 29.684164826844125 ], [ -95.344882820197981, 29.689283678568884 ], [ -95.350002544681971, 29.691748590019362 ], [ -95.354903475031392, 29.68909443506379 ], [ -95.354684319846498, 29.683975435606122 ], [ -95.349564685411423, 29.681510738822571 ] ] ] } },
{ "type": "Feature", "properties": { "hex_id": "88446ca955fffff", "price_mean": 1.21, "price_median": 1.0, "n": 4, "top_restaurants": "ChIJiZarrii-QIYRXyCHFOLzUOk|$10–20;;ChIJS5VzzCe-QIYR69Qiukr8fyA|$;;ChIJBXDoMya-QIYR6JpSrUToj8Y|$", "z_r": -0.29, "qtile": 0.0 }, "geometry": { "type": "Polygon", "coordinates": [ [ [ -95.339545007376316, 29.681699820986427 ], [ -95.334644512876523, 29.684353452158064 ], [ -95.334862765922026, 29.689472156011846 ], [ -95.33998196450743, 29.691937376579325 ], [ -95.344882820197981, 29.689283678568884 ], [ -95.344664116102933, 29.684164826844125 ], [ -95.339545007376316, 29.681699820986427 ] ] ] } },
{ "type": "Feature", "properties": { "hex_id": "88446ca957fffff", "price_mean": 3.4, "price_median": 3.4, "n": 1, "top_restaurants": "ChIJ60IlbS6-QIYRW7GLDTM0jSk|$$", "z_r": 1.9, "qtile": 3.0 }, "geometry": { "type": "Polygon", "coordinates": [ [ [ -95.344882820197981, 29.689283678568884 ], [ -95.33998196450743, 29.691937376579325 ], [ -95.340200472151963, 29.697056052879194 ], [ -95.34532028660783, 29.699521178973374 ], [ -95.35022150345668, 29.696867414109626 ], [ -95.350002544681971, 29.691748590019362 ], [ -95.344882820197981, 29.689283678568884 ] ] ] } },
{ "type": "Feature", "properties": { "hex_id": "88446ca959fffff", "price_mean": 1.0, "price_median": 1.0, "n": 1, "top_restaurants": "ChIJKVwlFn6VQIYRA40brkjhSx0|$", "z_r": -0.5, "qtile": 0.0 }, "geometry": { "type": "Polygon", "coordinates": [ [ [ -95.354246067804453, 29.673737234025651 ], [ -95.349345784910454, 29.676391711877233 ], [ -95.349564685411423, 29.681510738822571 ], [ -95.354684319846498, 29.683975435606122 ], [ -95.359584963664091, 29.681320890739784 ], [ -95.359365612113606, 29.676201716119024 ], [ -95.354246067804453, 29.673737234025651 ] ] ] } },
{ "type": "Feature", "properties": { "hex_id": "88446ca95bfffff", "price_mean": 1.6133333333333333, "price_median": 1.84, "n": 3, "top_restaurants": "ChIJhbG1DgC_QIYRxcAdgOBUMJY|None;;ChIJZ-kZa16_QIYRGpwwfpHnqxQ|$10–20;;ChIJTfUEJ9q_QIYRySJBfeO-6Yo|$", "z_r": 0.11333333333333329, "qtile": 1.0 }, "geometry": { "type": "Polygon", "coordinates": [ [ [ -95.359584963664091, 29.681320890739784 ], [ -95.354684319846498, 29.683975435606122 ], [ -95.354903475031392, 29.68909443506379 ], [ -95.360023725154562, 29.691559037264319 ], [ -95.364924729863176, 29.688904425368762 ], [ -95.364705123548205, 29.683785278316272 ], [ -95.359584963664091, 29.681320890739784 ] ] ] } },
{ "type": "Feature", "properties": { "hex_id": "88446ca963fffff", "price_mean": 1.0, "price_median": 1.0, "n": 2, "top_restaurants": "ChIJH-KQI_-9QIYRoKYlpSbO2CE|$;;ChIJ-4VmyiC9QIYRdiqPV0V2XO4|None", "z_r": -0.5, "qtile": 0.0 }, "geometry": { "type": "Polygon", "coordinates": [ [ [ -95.309489580163756, 29.682262473243565 ], [ -95.304589311886971, 29.684914733835612 ], [ -95.304806212026392, 29.690032993248426 ], [ -95.30992383136126, 29.69249914036849 ], [ -95.314824461277681, 29.689846813223419 ], [ -95.314607110210076, 29.68472840552565 ], [ -95.309489580163756, 29.682262473243565 ] ] ] } },
{ "type": "Feature", "properties": { "hex_id": "88446ca965fffff", "price_mean": 1.3866666666666667, "price_median": 1.0, "n": 9, "top_restaurants": "ChIJn4vKf2aXQIYRm7dPPLyzUZo|$20–30;;ChIJGbrGjwa9QIYRdd-clDVF_lA|$10–20;;ChIJ8UgtYh6WQIYR_B4dx66QBH4|$", "z_r": -0.11333333333333329, "qtile": 1.0 }, "geometry": { "type": "Polygon", "coordinates": [ [ [ -95.294139275413656, 29.674863872227764 ], [ -95.289239444964451, 29.677515609507086 ], [ -95.289455640016442, 29.682633747501438 ], [ -95.29457211631491, 29.685100296734156 ], [ -95.299472308585266, 29.682448493011602 ], [ -95.299255662726466, 29.677330206513879 ], [ -95.294139275413656, 29.674863872227764 ] ] ] } },
{ "type": "Feature", "properties": { "hex_id": "88446ca967fffff", "price_mean": 1.2025, "price_median": 1.0, "n": 16, "top_restaurants": "ChIJbe-5Q_i9QIYRWMEXMF6ip74|$$;;ChIJKUfrg7SXQIYRIJVOIXGlCt0|$10–20;;ChIJIfB9kfC9QIYRs1TEPNehUBw|$", "z_r": -0.2975, "qtile": 0.0 }, "geometry": { "type": "Polygon", "coordinates": [ [ [ -95.299472308585266, 29.682448493011602 ], [ -95.29457211631491, 29.685100296734156 ], [ -95.294788565566733, 29.69021840772411 ], [ -95.29990565796696, 29.69268486342871 ], [ -95.304806212026392, 29.690032993248426 ], [ -95.304589311886971, 29.684914733835612 ], [ -95.299472308585266, 29.682448493011602 ] ] ] } },
{ "type": "Feature", "properties": { "hex_id": "88446ca969fffff", "price_mean": 1.0, "price_median": 1.0, "n": 2, "top_restaurants": "ChIJsQ-rzLqXQIYRrAFPe8ckti4|None;;ChIJO-pzBQCXQIYRiZlmFd6vHvw|None", "z_r": -0.5, "qtile": 0.0 }, "geometry": { "type": "Polygon", "coordinates": [ [ [ -95.308838347817186, 29.666906966455436 ], [ -95.303938726910204, 29.669559550659088 ], [ -95.304155569331442, 29.674678012460362 ], [ -95.309272483457505, 29.677144038380373 ], [ -95.314172465919029, 29.674491387557385 ], [ -95.313955172690456, 29.669372777448064 ], [ -95.308838347817186, 29.666906966455436 ] ] ] } },
{ "type": "Feature", "properties": { "hex_id": "88446ca96bfffff", "price_mean": 1.0, "price_median": 1.0, "n": 1, "top_restaurants": "ChIJA9-kCIKVQIYR2jZIHP62CMU|None", "z_r": -0.5, "qtile": 0.0 }, "geometry": { "type": "Polygon", "coordinates": [ [ [ -95.314172465919029, 29.674491387557385 ], [ -95.309272483457505, 29.677144038380373 ], [ -95.309489580163756, 29.682262473243565 ], [ -95.314607110210076, 29.68472840552565 ], [ -95.319507454193939, 29.682075688068856 ], [ -95.319289906599664, 29.676957104978129 ], [ -95.314172465919029, 29.674491387557385 ] ] ] } },
{ "type": "Feature", "properties": { "hex_id": "88446ca96dfffff", "price_mean": 1.0, "price_median": 1.0, "n": 1, "top_restaurants": "ChIJwbzGLTWXQIYRPi9qjB7ToL8|None", "z_r": -0.5, "qtile": 0.0 }, "geometry": { "type": "Polygon", "coordinates": [ [ [ -95.298822428660216, 29.667093431342977 ], [ -95.293922883759137, 29.669745558872446 ], [ -95.294139275413656, 29.674863872227764 ], [ -95.299255662726466, 29.677330206513879 ], [ -95.304155569331442, 29.674678012460362 ], [ -95.303938726910204, 29.669559550659088 ], [ -95.298822428660216, 29.667093431342977 ] ] ] } },
{ "type": "Feature", "properties": { "hex_id": "88446ca981fffff", "price_mean": 2.1252173913043477, "price_median": 1.84, "n": 23, "top_restaurants": "ChIJ62v8JCK_QIYRKyQVoNwKdds|€€€;;ChIJFTGf7xe_QIYRSc34ln_EMC4|$$;;ChIJAaVfvRm_QIYRHEkLmjmZ-uE|$$", "z_r": 0.62521739130434772, "qtile": 3.0 }, "geometry": { "type": "Polygon", "coordinates": [ [ [ -95.36221870106975, 29.74274569459234 ], [ -95.357315466071796, 29.745398945642947 ], [ -95.357534854779615, 29.750517127832168 ], [ -95.362657930090208, 29.752982206486966 ], [ -95.36756152631861, 29.750328888671429 ], [ -95.367341685996536, 29.745210558980396 ], [ -95.36221870106975, 29.74274569459234 ] ] ] } },
{ "type": "Feature", "properties": { "hex_id": "88446ca983fffff", "price_mean": 1.9049326868428531, "price_median": 1.6880434782608695, "n": 96, "top_restaurants": "ChIJOcyQg8TDQIYR4GOjB8ND78g|$$$$;;ChIJQSHubTu_QIYRDJgT6ET6lJk|$$$$;;ChIJjQK9a-2_QIYR-WP2-YT3ty4|$30–50", "z_r": 0.40493268684285311, "qtile": 2.0 }, "geometry": { "type": "Polygon", "coordinates": [ [ [ -95.36756152631861, 29.750328888671429 ], [ -95.362657930090208, 29.752982206486966 ], [ -95.362877573846944, 29.758100359464343 ], [ -95.368001265517591, 29.760565342061629 ], [ -95.372905222943757, 29.757911957466487 ], [ -95.37268512749209, 29.752793657068072 ], [ -95.36756152631861, 29.750328888671429 ] ] ] } },
{ "type": "Feature", "properties": { "hex_id": "88446ca985fffff", "price_mean": 2.0243055555555554, "price_median": 1.83375, "n": 18, "top_restaurants": "ChIJdYC8GEu_QIYRktiqE51zUgM|$$;;ChIJ90gjtWK_QIYRbQ2kY04_CEw|$$;;ChIJzepHYR-_QIYRWT-jHa_0iPg|$$", "z_r": 0.52430555555555536, "qtile": 2.0 }, "geometry": { "type": "Polygon", "coordinates": [ [ [ -95.352193007077432, 29.742933771172709 ], [ -95.347289846588069, 29.745586564596486 ], [ -95.347508783721892, 29.750704599145809 ], [ -95.352631332909638, 29.753169987925631 ], [ -95.357534854779615, 29.750517127832168 ], [ -95.357315466071796, 29.745398945642947 ], [ -95.352193007077432, 29.742933771172709 ] ] ] } },
{ "type": "Feature", "properties": { "hex_id": "88446ca987fffff", "price_mean": 2.1596321070234117, "price_median": 2.0, "n": 39, "top_restaurants": "ChIJh4_KFyS_QIYRnyC9jmI-2F0|$$$$;;ChIJ7zHRFyS_QIYRpBj5GnuFAno|$$$$;;ChIJSWoHSzu_QIYRCT5aqcRaO3k|$$$", "z_r": 0.65963210702341168, "qtile": 3.0 }, "geometry": { "type": "Polygon", "coordinates": [ [ [ -95.357534854779615, 29.750517127832168 ], [ -95.352631332909638, 29.753169987925631 ], [ -95.352850525011675, 29.758287993343867 ], [ -95.357973690628967, 29.760753286242181 ], [ -95.362877573846944, 29.758100359464343 ], [ -95.362657930090208, 29.752982206486966 ], [ -95.357534854779615, 29.750517127832168 ] ] ] } },
{ "type": "Feature", "properties": { "hex_id": "88446ca98bfffff", "price_mean": 2.113793103448276, "price_median": 2.0, "n": 29, "top_restaurants": "ChIJ9zwa6RW_QIYR5f1R3I41B0Q|€€;;ChIJ7z53-Tq_QIYRj44QVFvsd70|€€;;ChIJMXyz5D2_QIYRD9b0ul80_k4|$$", "z_r": 0.61379310344827598, "qtile": 3.0 }, "geometry": { "type": "Polygon", "coordinates": [ [ [ -95.372244995202934, 29.742556850307956 ], [ -95.367341685996536, 29.745210558980396 ], [ -95.36756152631861, 29.750328888671429 ], [ -95.37268512749209, 29.752793657068072 ], [ -95.377588797778643, 29.750139881535471 ], [ -95.377368505802153, 29.745021404480763 ], [ -95.372244995202934, 29.742556850307956 ] ] ] } },
{ "type": "Feature", "properties": { "hex_id": "88446ca98dfffff", "price_mean": 1.484, "price_median": 1.42, "n": 10, "top_restaurants": "ChIJi2mks3S_QIYREat-nu4Nd2A|None;;ChIJZfuhfsq_QIYRiOfdM8Uwt_g|None;;ChIJGwqiVsq_QIYRPiyvZcN2KgA|None", "z_r": -0.016, "qtile": 1.0 }, "geometry": { "type": "Polygon", "coordinates": [ [ [ -95.356876747076967, 29.735162375698735 ], [ -95.351973873342089, 29.737815559999067 ], [ -95.352193007077432, 29.742933771172709 ], [ -95.357315466071796, 29.745398945642947 ], [ -95.36221870106975, 29.74274569459234 ], [ -95.361999115800828, 29.737627335836155 ], [ -95.356876747076967, 29.735162375698735 ] ] ] } },
{ "type": "Feature", "properties": { "hex_id": "88446ca991fffff", "price_mean": 2.4, "price_median": 2.5, "n": 6, "top_restaurants": "ChIJ75QDYEW_QIYR56LjTFfOGTE|$30–50;;ChIJiaCfok6_QIYRADYJ9Y-tXYI|$$;;ChIJIXGtFgC_QIYREt4-DGG0aK8|None", "z_r": 0.9, "qtile": 3.0 }, "geometry": { "type": "Polygon", "coordinates": [ [ [ -95.382933471741637, 29.757722787222214 ], [ -95.378029440407687, 29.760376629629626 ], [ -95.3782497910654, 29.76549490050801 ], [ -95.38337462486345, 29.767959476195497 ], [ -95.388279017212028, 29.765305566898604 ], [ -95.388058214738578, 29.76018714881813 ], [ -95.382933471741637, 29.757722787222214 ] ] ] } },
{ "type": "Feature", "properties": { "hex_id": "88446ca993fffff", "price_mean": 2.2058333333333331, "price_median": 2.235, "n": 12, "top_restaurants": "ChIJP7m4kJe5QIYRMZglCTsHIYs|$$;;ChIJmVOg9g7qQIYR6pIVZqTSYnQ|$$;;ChIJeS6UyVW_QIYR-TR2eol9sKY|$$", "z_r": 0.70583333333333309, "qtile": 3.0 }, "geometry": { "type": "Polygon", "coordinates": [ [ [ -95.388279017212028, 29.765305566898604 ], [ -95.38337462486345, 29.767959476195497 ], [ -95.383595230803735, 29.773077717326398 ], [ -95.388720680979588, 29.77554219629609 ], [ -95.393625434309897, 29.77288822009502 ], [ -95.393404376473256, 29.767769831842859 ], [ -95.388279017212028, 29.765305566898604 ] ] ] } },
{ "type": "Feature", "properties": { "hex_id": "88446ca995fffff", "price_mean": 1.4, "price_median": 1.0, "n": 5, "top_restaurants": "ChIJF87Wlfi_QIYRIgwmCyVSOLc|None;;ChIJWUYycDe_QIYRRezwVba_7jg|None;;ChIJowVmPAPBQIYRn1_Dw1TnT8k|None", "z_r": -0.1, "qtile": 1.0 }, "geometry": { "type": "Polygon", "coordinates": [ [ [ -95.372905222943757, 29.757911957466487 ], [ -95.368001265517591, 29.760565342061629 ], [ -95.368221164399728, 29.765683465599761 ], [ -95.373345472474227, 29.76814835189742 ], [ -95.3782497910654, 29.76549490050801 ], [ -95.378029440407687, 29.760376629629626 ], [ -95.372905222943757, 29.757911957466487 ] ] ] } },
{ "type": "Feature", "properties": { "hex_id": "88446ca997fffff", "price_mean": 1.9644444444444444, "price_median": 1.84, "n": 18, "top_restaurants": "ChIJZ5W1zUu_QIYRHiNhFaSst-U|$$$$;;ChIJu1Lakku_QIYR1jataRUAdZU|$20–30;;ChIJeVH1D9G_QIYRDo0bNiEHygU|$$", "z_r": 0.46444444444444444, "qtile": 2.0 }, "geometry": { "type": "Polygon", "coordinates": [ [ [ -95.3782497910654, 29.76549490050801 ], [ -95.373345472474227, 29.76814835189742 ], [ -95.373565626558232, 29.773266445768872 ], [ -95.378690551080297, 29.775731235524784 ], [ -95.383595230803735, 29.773077717326398 ], [ -95.38337462486345, 29.767959476195497 ], [ -95.3782497910654, 29.76549490050801 ] ] ] } },
{ "type": "Feature", "properties": { "hex_id": "88446ca999fffff", "price_mean": 2.1621590909090909, "price_median": 1.8972727272727272, "n": 16, "top_restaurants": "ChIJvSAlTPm_QIYRiZnOrzgFOrw|$$;;ChIJfbvz-lq_QIYRphYNuHhPDvE|$50–100;;ChIJSV20CBi_QIYRd1tQPtBQjv8|$$", "z_r": 0.66215909090909086, "qtile": 3.0 }, "geometry": { "type": "Polygon", "coordinates": [ [ [ -95.387616668599293, 29.749950106296346 ], [ -95.382712924554895, 29.752604339540895 ], [ -95.382933471741637, 29.757722787222214 ], [ -95.388058214738578, 29.76018714881813 ], [ -95.392962319679938, 29.757532848603585 ], [ -95.392741320718045, 29.752414253777538 ], [ -95.387616668599293, 29.749950106296346 ] ] ] } },
{ "type": "Feature", "properties": { "hex_id": "88446ca99bfffff", "price_mean": 1.0, "price_median": 1.0, "n": 2, "top_restaurants": "ChIJ-ZZCMX-_QIYRt-7Bz5JFVAo|None;;ChIJOXduvP-XQIYReSCuiQrHDlY|None", "z_r": -0.5, "qtile": 0.0 }, "geometry": { "type": "Polygon", "coordinates": [ [ [ -95.392962319679938, 29.757532848603585 ], [ -95.388058214738578, 29.76018714881813 ], [ -95.388279017212028, 29.765305566898604 ], [ -95.393404376473256, 29.767769831842859 ], [ -95.398308842278681, 29.765115464643628 ], [ -95.398087587949476, 29.759996899499257 ], [ -95.392962319679938, 29.757532848603585 ] ] ] } },
{ "type": "Feature", "properties": { "hex_id": "88446ca99dfffff", "price_mean": 2.7475, "price_median": 3.4, "n": 18, "top_restaurants": "ChIJ87bI7ue_QIYRkqpk9OU8kr0|$30–50;;ChIJ1693o0O_QIYRkQoVnm5qHkw|$30–50;;ChIJJYatpkG_QIYRu3ursxZS-jc|$$", "z_r": 1.2475, "qtile": 3.0 }, "geometry": { "type": "Polygon", "coordinates": [ [ [ -95.377588797778643, 29.750139881535471 ], [ -95.37268512749209, 29.752793657068072 ], [ -95.372905222943757, 29.757911957466487 ], [ -95.378029440407687, 29.760376629629626 ], [ -95.382933471741637, 29.757722787222214 ], [ -95.382712924554895, 29.752604339540895 ], [ -95.377588797778643, 29.750139881535471 ] ] ] } },
{ "type": "Feature", "properties": { "hex_id": "88446ca9a1fffff", "price_mean": 2.284, "price_median": 1.84, "n": 10, "top_restaurants": "ChIJeejHW9u-QIYR2xQC_Nj9vi8|$20–30;;ChIJP2iRVMO-QIYRbTs6frqCGJ4|$20–30;;ChIJ3zl5B4C_QIYRnMgJXUMQlrg|$20–30", "z_r": 0.784, "qtile": 3.0 }, "geometry": { "type": "Polygon", "coordinates": [ [ [ -95.337483313705462, 29.750891302740634 ], [ -95.332579941452835, 29.753543247375283 ], [ -95.332798230366478, 29.758660957261053 ], [ -95.337920343097295, 29.761126870361789 ], [ -95.34282407699817, 29.758474859233306 ], [ -95.34260533651053, 29.753357001512288 ], [ -95.337483313705462, 29.750891302740634 ] ] ] } },
{ "type": "Feature", "properties": { "hex_id": "88446ca9a3fffff", "price_mean": 1.88, "price_median": 1.0, "n": 3, "top_restaurants": "ChIJBbWb_xa_QIYRxRQQGWke2Ug|$20–30;;ChIJ-YFWIwC_QIYROxwrOkNEz5s|None;;ChIJbTH3GgC_QIYRcKfideSknxY|None", "z_r": 0.38, "qtile": 2.0 }, "geometry": { "type": "Polygon", "coordinates": [ [ [ -95.34282407699817, 29.758474859233306 ], [ -95.337920343097295, 29.761126870361789 ], [ -95.338138886894086, 29.766244551050566 ], [ -95.343261616237086, 29.76871036837975 ], [ -95.348165711753722, 29.766058290742738 ], [ -95.347946716302147, 29.760940462299445 ], [ -95.34282407699817, 29.758474859233306 ] ] ] } },
{ "type": "Feature", "properties": { "hex_id": "88446ca9a7fffff", "price_mean": 2.32, "price_median": 2.32, "n": 2, "top_restaurants": "ChIJ5Z25ERu_QIYRjlojcnitfpA|$20–30;;ChIJcySN4Ie_QIYRctyU85ctS0M|None", "z_r": 0.82, "qtile": 3.0 }, "geometry": { "type": "Polygon", "coordinates": [ [ [ -95.332798230366478, 29.758660957261053 ], [ -95.32789457157439, 29.761312510557698 ], [ -95.328112663756841, 29.766430043353942 ], [ -95.333234866336213, 29.768896170760449 ], [ -95.338138886894086, 29.766244551050566 ], [ -95.337920343097295, 29.761126870361789 ], [ -95.332798230366478, 29.758660957261053 ] ] ] } },
{ "type": "Feature", "properties": { "hex_id": "88446ca9a9fffff", "price_mean": 2.256, "price_median": 1.92, "n": 10, "top_restaurants": "ChIJWzyvLPC_QIYR2FaVjBujdlc|$$;;ChIJJzcxOI6_QIYRJyKB7kZqNi0|$$;;ChIJw6SvDem-QIYRWmXEnWf1pO8|$$", "z_r": 0.756, "qtile": 3.0 }, "geometry": { "type": "Polygon", "coordinates": [ [ [ -95.342167913785957, 29.743121080177211 ], [ -95.337264828105276, 29.74577341596925 ], [ -95.337483313705462, 29.750891302740634 ], [ -95.34260533651053, 29.753357001512288 ], [ -95.347508783721892, 29.750704599145809 ], [ -95.347289846588069, 29.745586564596486 ], [ -95.342167913785957, 29.743121080177211 ] ] ] } },
{ "type": "Feature", "properties": { "hex_id": "88446ca9abfffff", "price_mean": 1.8042105263157895, "price_median": 1.84, "n": 19, "top_restaurants": "ChIJE4C1qbu_QIYRi1mXg17MMnM|$$;;ChIJJ5AYLN6_QIYRj27x0Ci8pG4|$$;;ChIJT-qDd6a_QIYRE7V_zqGVE5g|$$", "z_r": 0.30421052631578949, "qtile": 2.0 }, "geometry": { "type": "Polygon", "coordinates": [ [ [ -95.347508783721892, 29.750704599145809 ], [ -95.34260533651053, 29.753357001512288 ], [ -95.34282407699817, 29.758474859233306 ], [ -95.347946716302147, 29.760940462299445 ], [ -95.352850525011675, 29.758287993343867 ], [ -95.352631332909638, 29.753169987925631 ], [ -95.347508783721892, 29.750704599145809 ] ] ] } },
{ "type": "Feature", "properties": { "hex_id": "88446ca9adfffff", "price_mean": 1.21, "price_median": 1.0, "n": 4, "top_restaurants": "ChIJN5dMU5m_QIYRUAeJv9z7a0U|$10–20;;ChIJRRe4Cuq-QIYR3dDdoggU2_s|$;;ChIJVy3IrJW-QIYRUlSSRG6cxUs|None", "z_r": -0.29, "qtile": 0.0 }, "geometry": { "type": "Polygon", "coordinates": [ [ [ -95.332143421755148, 29.743307621734122 ], [ -95.327240411183197, 29.745959499889619 ], [ -95.327458445290148, 29.75107723874504 ], [ -95.332579941452835, 29.753543247375283 ], [ -95.337483313705462, 29.750891302740634 ], [ -95.337264828105276, 29.74577341596925 ], [ -95.332143421755148, 29.743307621734122 ] ] ] } },
{ "type": "Feature", "properties": { "hex_id": "88446ca9b1fffff", "price_mean": 1.3333333333333333, "price_median": 1.0, "n": 3, "top_restaurants": "ChIJveQ-Lyq_QIYRqUetySBwJQ0|$100+;;ChIJ-ZIk29K4QIYRz7NzN1fak5k|$;;ChIJZTSEBwC_QIYRa3cT1TmbbVo|$10–20", "z_r": -0.16666666666666674, "qtile": 0.0 }, "geometry": { "type": "Polygon", "coordinates": [ [ [ -95.358193137775672, 29.765871262301925 ], [ -95.353288967600534, 29.768523797861299 ], [ -95.353508218092529, 29.773641596799486 ], [ -95.358632090526143, 29.776107007728378 ], [ -95.363536622134248, 29.773454405550503 ], [ -95.363316919866392, 29.768336459076629 ], [ -95.358193137775672, 29.765871262301925 ] ] ] } },
{ "type": "Feature", "properties": { "hex_id": "88446ca9b3fffff", "price_mean": 1.54, "price_median": 1.0, "n": 6, "top_restaurants": "ChIJAf9RBd25QIYReXS_6jzqrtY|$$;;ChIJ2cF0AAC5QIYRzJ5tR3dfbC0|$10–20;;ChIJ2yzTjNK4QIYRrytBipithFI|$", "z_r": 0.04, "qtile": 1.0 }, "geometry": { "type": "Polygon", "coordinates": [ [ [ -95.363536622134248, 29.773454405550503 ], [ -95.358632090526143, 29.776107007728378 ], [ -95.358851596135054, 29.781224776934078 ], [ -95.363976085199297, 29.783690091431186 ], [ -95.368880978207756, 29.781037422620074 ], [ -95.368661020742209, 29.775919505959497 ], [ -95.363536622134248, 29.773454405550503 ] ] ] } },
{ "type": "Feature", "properties": { "hex_id": "88446ca9b5fffff", "price_mean": 1.0, "price_median": 1.0, "n": 1, "top_restaurants": "ChIJRb8H7tS-QIYRu_rGjln8uyI|$", "z_r": -0.5, "qtile": 0.0 }, "geometry": { "type": "Polygon", "coordinates": [ [ [ -95.348165711753722, 29.766058290742738 ], [ -95.343261616237086, 29.76871036837975 ], [ -95.343480414993522, 29.773828019644178 ], [ -95.348603760992702, 29.776293740959744 ], [ -95.353508218092529, 29.773641596799486 ], [ -95.353288967600534, 29.768523797861299 ], [ -95.348165711753722, 29.766058290742738 ] ] ] } },
{ "type": "Feature", "properties": { "hex_id": "88446ca9b7fffff", "price_mean": 1.46, "price_median": 1.42, "n": 4, "top_restaurants": "ChIJtbSi2Y-5QIYRhEFQyOZh6Rs|None;;ChIJs1909dO4QIYRZxRRXVG7ejQ|$10–20;;ChIJNxQNkdO4QIYRdy7HzO_k44Y|None", "z_r": -0.04, "qtile": 1.0 }, "geometry": { "type": "Polygon", "coordinates": [ [ [ -95.353508218092529, 29.773641596799486 ], [ -95.348603760992702, 29.776293740959744 ], [ -95.348822814785265, 29.781411362572477 ], [ -95.35394677748458, 29.783876987632308 ], [ -95.358851596135054, 29.781224776934078 ], [ -95.358632090526143, 29.776107007728378 ], [ -95.353508218092529, 29.773641596799486 ] ] ] } },
{ "type": "Feature", "properties": { "hex_id": "88446ca9b9fffff", "price_mean": 2.0756218205606793, "price_median": 1.84, "n": 108, "top_restaurants": "ChIJg9bBVwC_QIYRoXhAo23NZyY|None;;ChIJUywG2OG_QIYRUp64RJXu9wA|$$$;;ChIJRYIUJAC_QIYRvlRC7Ir519s|$20–30", "z_r": 0.57562182056067934, "qtile": 3.0 }, "geometry": { "type": "Polygon", "coordinates": [ [ [ -95.362877573846944, 29.758100359464343 ], [ -95.357973690628967, 29.760753286242181 ], [ -95.358193137775672, 29.765871262301925 ], [ -95.363316919866392, 29.768336459076629 ], [ -95.368221164399728, 29.765683465599761 ], [ -95.368001265517591, 29.760565342061629 ], [ -95.362877573846944, 29.758100359464343 ] ] ] } },
{ "type": "Feature", "properties": { "hex_id": "88446ca9bbfffff", "price_mean": 2.66, "price_median": 2.7, "n": 4, "top_restaurants": "ChIJOdIN_PK5QIYRh5CAve_gxbs|$$;;ChIJnaHKbjW_QIYR_dY-bsyLrZw|$$;;ChIJxfodu8q4QIYR9-lnBF8M-e4|$$", "z_r": 1.16, "qtile": 3.0 }, "geometry": { "type": "Polygon", "coordinates": [ [ [ -95.368221164399728, 29.765683465599761 ], [ -95.363316919866392, 29.768336459076629 ], [ -95.363536622134248, 29.773454405550503 ], [ -95.368661020742209, 29.775919505959497 ], [ -95.373565626558232, 29.773266445768872 ], [ -95.373345472474227, 29.76814835189742 ], [ -95.368221164399728, 29.765683465599761 ] ] ] } },
{ "type": "Feature", "properties": { "hex_id": "88446ca9bdfffff", "price_mean": 2.36, "price_median": 2.0, "n": 5, "top_restaurants": "ChIJcyj6ddi-QIYRF4ypQxQKIUw|$$;;ChIJkSBAQG2_QIYRrHtFHbzMikc|$$;;ChIJIyamPaa_QIYRFiabrGHxElE|None", "z_r": 0.86, "qtile": 3.0 }, "geometry": { "type": "Polygon", "coordinates": [ [ [ -95.352850525011675, 29.758287993343867 ], [ -95.347946716302147, 29.760940462299445 ], [ -95.348165711753722, 29.766058290742738 ], [ -95.353288967600534, 29.768523797861299 ], [ -95.358193137775672, 29.765871262301925 ], [ -95.357973690628967, 29.760753286242181 ], [ -95.352850525011675, 29.758287993343867 ] ] ] } },
{ "type": "Feature", "properties": { "hex_id": "88446ca9c1fffff", "price_mean": 2.0797568165070008, "price_median": 1.84, "n": 59, "top_restaurants": "ChIJg8j14Ye_QIYRVACg5qr3i0Q|$20–30;;ChIJ7ZIv2Ra_QIYRy8_MMRlg6Ws|€€;;ChIJGXYlMwC_QIYRaFMejAYD-aA|€€", "z_r": 0.57975681650700084, "qtile": 3.0 }, "geometry": { "type": "Polygon", "coordinates": [ [ [ -95.366242777056968, 29.719617883787805 ], [ -95.361340476928348, 29.722271849298675 ], [ -95.361560003732734, 29.727390413108768 ], [ -95.366682282109025, 29.729855158890139 ], [ -95.371584943265688, 29.727201126467754 ], [ -95.371364965008624, 29.722082415189917 ], [ -95.366242777056968, 29.719617883787805 ] ] ] } },
{ "type": "Feature", "properties": { "hex_id": "88446ca9c3fffff", "price_mean": 1.8307692307692309, "price_median": 2.0, "n": 13, "top_restaurants": "ChIJr-4FQ3S_QIYRlJs1T8h2fT8|$$;;ChIJgVcZa_a_QIYRliqc5jlQcdo|$$;;ChIJi4aDwFq_QIYRjsKi7_upldk|None", "z_r": 0.33076923076923093, "qtile": 2.0 }, "geometry": { "type": "Polygon", "coordinates": [ [ [ -95.371584943265688, 29.727201126467754 ], [ -95.366682282109025, 29.729855158890139 ], [ -95.366902063894358, 29.734973694009209 ], [ -95.372024958360242, 29.737438344107339 ], [ -95.376927980512249, 29.73478424475886 ], [ -95.37670774719362, 29.729665562252759 ], [ -95.371584943265688, 29.727201126467754 ] ] ] } },
{ "type": "Feature", "properties": { "hex_id": "88446ca9c5fffff", "price_mean": 1.975, "price_median": 2.0, "n": 8, "top_restaurants": "ChIJZaBQsFS-QIYRbUMFa9_Pt6U|$$;;ChIJvauYVm-_QIYRkfIKsXofkzg|$$;;ChIJoUCy9rm_QIYRNXKXzW_ktZ4|None", "z_r": 0.475, "qtile": 2.0 }, "geometry": { "type": "Polygon", "coordinates": [ [ [ -95.356218814597909, 29.719807008076117 ], [ -95.351316588828098, 29.722460516255879 ], [ -95.351535664220009, 29.727578932460109 ], [ -95.35665741678477, 29.730043988104818 ], [ -95.361560003732734, 29.727390413108768 ], [ -95.361340476928348, 29.722271849298675 ], [ -95.356218814597909, 29.719807008076117 ] ] ] } },
{ "type": "Feature", "properties": { "hex_id": "88446ca9c7fffff", "price_mean": 1.85, "price_median": 1.5, "n": 4, "top_restaurants": "ChIJSWHEk4m_QIYRjaW4A-98dN8|$$;;ChIJfejxgDu_QIYR9GKbMvxWGro|None;;ChIJgQ9qyw6_QIYR5cqjHftcXS4|$1–10", "z_r": 0.35, "qtile": 2.0 }, "geometry": { "type": "Polygon", "coordinates": [ [ [ -95.361560003732734, 29.727390413108768 ], [ -95.35665741678477, 29.730043988104818 ], [ -95.356876747076967, 29.735162375698735 ], [ -95.361999115800828, 29.737627335836155 ], [ -95.366902063894358, 29.734973694009209 ], [ -95.366682282109025, 29.729855158890139 ], [ -95.361560003732734, 29.727390413108768 ] ] ] } },
{ "type": "Feature", "properties": { "hex_id": "88446ca9c9fffff", "price_mean": 1.8, "price_median": 1.0, "n": 3, "top_restaurants": "ChIJN1A1cnm_QIYRcNPoHIRBfmE|$$;;ChIJ6zKlRgC_QIYR-YoPF_h0NFA|None;;ChIJn1NWZDW_QIYRsT7V_QZ0C0U|None", "z_r": 0.3, "qtile": 2.0 }, "geometry": { "type": "Polygon", "coordinates": [ [ [ -95.370925067061975, 29.711844788120967 ], [ -95.366023053785071, 29.714499143965682 ], [ -95.366242777056968, 29.719617883787805 ], [ -95.371364965008624, 29.722082415189917 ], [ -95.376267339196048, 29.719427992353069 ], [ -95.376047164511931, 29.714309105120634 ], [ -95.370925067061975, 29.711844788120967 ] ] ] } },
{ "type": "Feature", "properties": { "hex_id": "88446ca9cbfffff", "price_mean": 2.0881481481481479, "price_median": 2.0, "n": 27, "top_restaurants": "ChIJQSiJpz-_QIYRnKwEh54npIA|$20–30;;ChIJQ7NyAZ2_QIYR3dVbL12_1Fc|$20–30;;ChIJoZo1-HW_QIYRCWPjMg7Op6U|$$", "z_r": 0.58814814814814786, "qtile": 3.0 }, "geometry": { "type": "Polygon", "coordinates": [ [ [ -95.376267339196048, 29.719427992353069 ], [ -95.371364965008624, 29.722082415189917 ], [ -95.371584943265688, 29.727201126467754 ], [ -95.37670774719362, 29.729665562252759 ], [ -95.38161048225885, 29.727011072409205 ], [ -95.381390052508991, 29.721892213801755 ], [ -95.376267339196048, 29.719427992353069 ] ] ] } },
{ "type": "Feature", "properties": { "hex_id": "88446ca9cdfffff", "price_mean": 1.0, "price_median": 1.0, "n": 2, "top_restaurants": "ChIJTTSaNq-_QIYRcPlHuOlkERI|$;;ChIJY5Ma59e_QIYRE2V2zxk-sWw|None", "z_r": -0.5, "qtile": 0.0 }, "geometry": { "type": "Polygon", "coordinates": [ [ [ -95.360901481766007, 29.712034517188496 ], [ -95.355999542698058, 29.714688415802446 ], [ -95.356218814597909, 29.719807008076117 ], [ -95.361340476928348, 29.722271849298675 ], [ -95.366242777056968, 29.719617883787805 ], [ -95.366023053785071, 29.714499143965682 ], [ -95.360901481766007, 29.712034517188496 ] ] ] } },
{ "type": "Feature", "properties": { "hex_id": "88446ca9d1fffff", "price_mean": 2.4481625733137831, "price_median": 2.8720170454545455, "n": 22, "top_restaurants": "ChIJxaMpJga_QIYR8Z1M5d9BAR4|$30–50;;ChIJ_UDMqGG_QIYRl8DAIeQ17TU|$$;;ChIJXYX7jGa_QIYR8owKhgF5lPo|$50–100", "z_r": 0.94816257331378306, "qtile": 3.0 }, "geometry": { "type": "Polygon", "coordinates": [ [ [ -95.386954496370421, 29.734594027819835 ], [ -95.382051400460142, 29.737248584684679 ], [ -95.382271888916748, 29.742367238191576 ], [ -95.387395924928271, 29.744831482016142 ], [ -95.392299381650773, 29.742176858115389 ], [ -95.392078441540193, 29.73705805744039 ], [ -95.386954496370421, 29.734594027819835 ] ] ] } },
{ "type": "Feature", "properties": { "hex_id": "88446ca9d3fffff", "price_mean": 2.1454260869565216, "price_median": 2.0, "n": 50, "top_restaurants": "ChIJScX7w-W_QIYRnJUZzJInHrg|$30–50;;ChIJQ_R2g9a_QIYRuWOshHUEUk0|$$$$;;ChIJIwLecGG_QIYRH1KDCCwCuec|€€", "z_r": 0.64542608695652159, "qtile": 3.0 }, "geometry": { "type": "Polygon", "coordinates": [ [ [ -95.392299381650773, 29.742176858115389 ], [ -95.387395924928271, 29.744831482016142 ], [ -95.387616668599293, 29.749950106296346 ], [ -95.392741320718045, 29.752414253777538 ], [ -95.397645138219886, 29.749759562826252 ], [ -95.397423942814299, 29.744640791458725 ], [ -95.392299381650773, 29.742176858115389 ] ] ] } },
{ "type": "Feature", "properties": { "hex_id": "88446ca9d5fffff", "price_mean": 2.3363353581901967, "price_median": 2.0, "n": 21, "top_restaurants": "ChIJU6SZ8W6_QIYRcwMq_v3qT_A|$$;;ChIJ_QXQkh-_QIYRBDsEwjPW1kU|$$;;ChIJ70-JyG6_QIYR7dQxVzxJKEQ|$$", "z_r": 0.83633535819019666, "qtile": 3.0 }, "geometry": { "type": "Polygon", "coordinates": [ [ [ -95.376927980512249, 29.73478424475886 ], [ -95.372024958360242, 29.737438344107339 ], [ -95.372244995202934, 29.742556850307956 ], [ -95.377368505802153, 29.745021404480763 ], [ -95.382271888916748, 29.742367238191576 ], [ -95.382051400460142, 29.737248584684679 ], [ -95.376927980512249, 29.73478424475886 ] ] ] } },
{ "type": "Feature", "properties": { "hex_id": "88446ca9d7fffff", "price_mean": 2.1742362967914439, "price_median": 2.0, "n": 34, "top_restaurants": "ChIJQXsKSAC_QIYR7iKjIcQq2G0|$30–50;;ChIJh1u1L2-_QIYRS8CnhxGTg9A|$$$;;ChIJ5deKMyq_QIYR1f8UpbHefsw|$20–30", "z_r": 0.67423629679144392, "qtile": 3.0 }, "geometry": { "type": "Polygon", "coordinates": [ [ [ -95.382271888916748, 29.742367238191576 ], [ -95.377368505802153, 29.745021404480763 ], [ -95.377588797778643, 29.750139881535471 ], [ -95.382712924554895, 29.752604339540895 ], [ -95.387616668599293, 29.749950106296346 ], [ -95.387395924928271, 29.744831482016142 ], [ -95.382271888916748, 29.742367238191576 ] ] ] } },
{ "type": "Feature", "properties": { "hex_id": "88446ca9d9fffff", "price_mean": 2.0338461538461536, "price_median": 2.0, "n": 13, "top_restaurants": "ChIJ7Rnx2_q_QIYRfmQxwzWaXcU|$$$;;ChIJgcrcf4LAQIYREwyikgKgLco|$20–30;;ChIJUdPU8oO_QIYRAHs0pGstySM|$$", "z_r": 0.53384615384615364, "qtile": 2.0 }, "geometry": { "type": "Polygon", "coordinates": [ [ [ -95.39163662015207, 29.726820250805385 ], [ -95.386733811478408, 29.729475198064865 ], [ -95.386954496370421, 29.734594027819835 ], [ -95.392078441540193, 29.73705805744039 ], [ -95.396981610908497, 29.734403043064439 ], [ -95.396760474403052, 29.729284066198819 ], [ -95.39163662015207, 29.726820250805385 ] ] ] } },
{ "type": "Feature", "properties": { "hex_id": "88446ca9dbfffff", "price_mean": 2.5915277777777779, "price_median": 3.25, "n": 18, "top_restaurants": "ChIJWZy-UJnAQIYRJwZNRAGa6JI|$$$;;ChIJGXAtnp7AQIYRKbghAsP_nc8|$$$;;ChIJOWjym5zAQIYRwaEzkGgYEe0|$$", "z_r": 1.0915277777777779, "qtile": 3.0 }, "geometry": { "type": "Polygon", "coordinates": [ [ [ -95.396981610908497, 29.734403043064439 ], [ -95.392078441540193, 29.73705805744039 ], [ -95.392299381650773, 29.742176858115389 ], [ -95.397423942814299, 29.744640791458725 ], [ -95.402327472844362, 29.741985709951699 ], [ -95.40210608103979, 29.736866762246827 ], [ -95.396981610908497, 29.734403043064439 ] ] ] } },
{ "type": "Feature", "properties": { "hex_id": "88446ca9ddfffff", "price_mean": 1.98, "price_median": 1.5, "n": 10, "top_restaurants": "ChIJ8eV9CfW_QIYRvHvC5AeX56Y|$$$$;;ChIJLzgFZk-_QIYR5G65iGHWajk|$$;;ChIJH1S_jHC_QIYR0DXwKvIYxvk|$$", "z_r": 0.48, "qtile": 2.0 }, "geometry": { "type": "Polygon", "coordinates": [ [ [ -95.38161048225885, 29.727011072409205 ], [ -95.37670774719362, 29.729665562252759 ], [ -95.376927980512249, 29.73478424475886 ], [ -95.382051400460142, 29.737248584684679 ], [ -95.386954496370421, 29.734594027819835 ], [ -95.386733811478408, 29.729475198064865 ], [ -95.38161048225885, 29.727011072409205 ] ] ] } },
{ "type": "Feature", "properties": { "hex_id": "88446ca9e1fffff", "price_mean": 1.85, "price_median": 1.5, "n": 4, "top_restaurants": "ChIJbeRVDey_QIYRXwF2AvasGYE|$$;;ChIJoaVKsQu_QIYRqXEz3SBjjcA|None;;ChIJGQBu_Pm-QIYRjZpdPQ2Sw0s|None", "z_r": 0.35, "qtile": 2.0 }, "geometry": { "type": "Polygon", "coordinates": [ [ [ -95.34151192528725, 29.727766684649794 ], [ -95.336609487656716, 29.730419344778124 ], [ -95.336827915083489, 29.735537436907478 ], [ -95.341949231543879, 29.738003016724182 ], [ -95.346852030620084, 29.735350289955445 ], [ -95.346633151780765, 29.730232050024778 ], [ -95.34151192528725, 29.727766684649794 ] ] ] } },
{ "type": "Feature", "properties": { "hex_id": "88446ca9e3fffff", "price_mean": 2.3666666666666667, "price_median": 2.7, "n": 6, "top_restaurants": "ChIJvyW65qG_QIYRQ57EU4cr56g|$$;;ChIJtRFufXS_QIYRegdGsSKzDeI|$$;;ChIJSXvxNp-_QIYRsBswdTQWrEw|$$", "z_r": 0.8666666666666667, "qtile": 3.0 }, "geometry": { "type": "Polygon", "coordinates": [ [ [ -95.346852030620084, 29.735350289955445 ], [ -95.341949231543879, 29.738003016724182 ], [ -95.342167913785957, 29.743121080177211 ], [ -95.347289846588069, 29.745586564596486 ], [ -95.352193007077432, 29.742933771172709 ], [ -95.351973873342089, 29.737815559999067 ], [ -95.346852030620084, 29.735350289955445 ] ] ] } },
{ "type": "Feature", "properties": { "hex_id": "88446ca9e5fffff", "price_mean": 1.2025652173913044, "price_median": 1.0, "n": 10, "top_restaurants": "ChIJn468Z66_QIYRY5QGH_ubjbc|$10–20;;ChIJKZ9YV-u_QIYRWdYwCcdkAmQ|$10–20;;ChIJ30-6vHq_QIYRw8KYqPo5jgc|$$", "z_r": -0.2974347826086956, "qtile": 0.0 }, "geometry": { "type": "Polygon", "coordinates": [ [ [ -95.331488787494052, 29.727953669805991 ], [ -95.32658642497212, 29.730605872493122 ], [ -95.326804401026735, 29.735723816683148 ], [ -95.331925190965976, 29.73818970613975 ], [ -95.336827915083489, 29.735537436907478 ], [ -95.336609487656716, 29.730419344778124 ], [ -95.331488787494052, 29.727953669805991 ] ] ] } },
{ "type": "Feature", "properties": { "hex_id": "88446ca9e7fffff", "price_mean": 1.3333333333333333, "price_median": 1.0, "n": 3, "top_restaurants": "ChIJDWQnfAC_QIYRwOGFqqJRo-o|None;;ChIJe1b4TvC-QIYRsUtOtKsoX3Y|$10–20;;ChIJuS0B3ji_QIYRA4vGtRTqBMg|$", "z_r": -0.16666666666666674, "qtile": 0.0 }, "geometry": { "type": "Polygon", "coordinates": [ [ [ -95.336827915083489, 29.735537436907478 ], [ -95.331925190965976, 29.73818970613975 ], [ -95.332143421755148, 29.743307621734122 ], [ -95.337264828105276, 29.74577341596925 ], [ -95.342167913785957, 29.743121080177211 ], [ -95.341949231543879, 29.738003016724182 ], [ -95.336827915083489, 29.735537436907478 ] ] ] } },
{ "type": "Feature", "properties": { "hex_id": "88446ca9e9fffff", "price_mean": 1.69025, "price_median": 1.13125, "n": 10, "top_restaurants": "ChIJ5-Hm2ay_QIYRV9ZSFoRCc3Y|$$;;ChIJFR1xeWG_QIYR87zUbNvSYtw|$$;;ChIJKa4wUca_QIYRp63Cle7JaRo|None", "z_r": 0.19025, "qtile": 1.0 }, "geometry": { "type": "Polygon", "coordinates": [ [ [ -95.346195452378595, 29.719995365345884 ], [ -95.341293301267541, 29.7226484161895 ], [ -95.34151192528725, 29.727766684649794 ], [ -95.346633151780765, 29.730232050024778 ], [ -95.351535664220009, 29.727578932460109 ], [ -95.351316588828098, 29.722460516255879 ], [ -95.346195452378595, 29.719995365345884 ] ] ] } },
{ "type": "Feature", "properties": { "hex_id": "88446ca9ebfffff", "price_mean": 1.2, "price_median": 1.0, "n": 5, "top_restaurants": "ChIJV5ApceK_QIYRAZXoQblP6A0|None;;ChIJpcm5kv--QIYR2RQPzFSHboU|$;;ChIJiepz62G_QIYRZ0NUOh755Ro|$", "z_r": -0.3, "qtile": 0.0 }, "geometry": { "type": "Polygon", "coordinates": [ [ [ -95.351535664220009, 29.727578932460109 ], [ -95.346633151780765, 29.730232050024778 ], [ -95.346852030620084, 29.735350289955445 ], [ -95.351973873342089, 29.737815559999067 ], [ -95.356876747076967, 29.735162375698735 ], [ -95.35665741678477, 29.730043988104818 ], [ -95.351535664220009, 29.727578932460109 ] ] ] } },
{ "type": "Feature", "properties": { "hex_id": "88446ca9edfffff", "price_mean": 2.2, "price_median": 2.2, "n": 2, "top_restaurants": "ChIJlXwoHqa_QIYRkp20ZcZU6xY|$$;;ChIJn_BRJTu_QIYRc8W5REUB59A|$", "z_r": 0.7, "qtile": 3.0 }, "geometry": { "type": "Polygon", "coordinates": [ [ [ -95.336172690958591, 29.720182955725154 ], [ -95.331270614806158, 29.722835549227682 ], [ -95.331488787494052, 29.727953669805991 ], [ -95.336609487656716, 29.730419344778124 ], [ -95.34151192528725, 29.727766684649794 ], [ -95.341293301267541, 29.7226484161895 ], [ -95.336172690958591, 29.720182955725154 ] ] ] } },
{ "type": "Feature", "properties": { "hex_id": "88446caa01fffff", "price_mean": 1.0, "price_median": 1.0, "n": 2, "top_restaurants": "ChIJSRwwqpzrQIYRPhqL3mm008M|None;;ChIJdTaFLwbrQIYRzltYDIupDdI|$2.80/Regular", "z_r": -0.5, "qtile": 0.0 }, "geometry": { "type": "Polygon", "coordinates": [ [ [ -95.427741790867898, 29.633886233519185 ], [ -95.422842575471222, 29.636544938950955 ], [ -95.423064711969616, 29.641665574487615 ], [ -95.428186514902009, 29.644127651302917 ], [ -95.433086089884767, 29.641468877977182 ], [ -95.432863502339814, 29.636348095744523 ], [ -95.427741790867898, 29.633886233519185 ] ] ] } },
{ "type": "Feature", "properties": { "hex_id": "88446caa05fffff", "price_mean": 2.0, "price_median": 2.0, "n": 1, "top_restaurants": "ChIJJeMWntDrQIYRNNljgZ_LImY|None", "z_r": 0.5, "qtile": 2.0 }, "geometry": { "type": "Polygon", "coordinates": [ [ [ -95.417721387268742, 29.634082767246927 ], [ -95.412822244284911, 29.636741016460672 ], [ -95.413043929776379, 29.64186150516295 ], [ -95.418165209249324, 29.644323891500274 ], [ -95.423064711969616, 29.641665574487615 ], [ -95.422842575471222, 29.636544938950955 ], [ -95.417721387268742, 29.634082767246927 ] ] ] } },
{ "type": "Feature", "properties": { "hex_id": "88446caa07fffff", "price_mean": 2.0, "price_median": 2.0, "n": 1, "top_restaurants": "ChIJlY-iTm3rQIYRsZC81YHAy2M|None", "z_r": 0.5, "qtile": 2.0 }, "geometry": { "type": "Polygon", "coordinates": [ [ [ -95.423064711969616, 29.641665574487615 ], [ -95.418165209249324, 29.644323891500274 ], [ -95.418387149767227, 29.649444353127084 ], [ -95.42350904408336, 29.651906644509392 ], [ -95.428408906507116, 29.649248259683471 ], [ -95.428186514902009, 29.644127651302917 ], [ -95.423064711969616, 29.641665574487615 ] ] ] } },
{ "type": "Feature", "properties": { "hex_id": "88446caa09fffff", "price_mean": 1.28, "price_median": 1.0, "n": 3, "top_restaurants": "ChIJZ2akAc_rQIYRF-Ac7Qq-wtI|$10–20;;ChIJUQzO4ejrQIYRt_D_Rjigb7s|None;;ChIJiRx_dh3rQIYR7NbAivX2UWg|None", "z_r": -0.22, "qtile": 0.0 }, "geometry": { "type": "Polygon", "coordinates": [ [ [ -95.432418386474637, 29.626106330608415 ], [ -95.42751945843365, 29.628765424277454 ], [ -95.427741790867898, 29.633886233519185 ], [ -95.432863502339814, 29.636348095744523 ], [ -95.437762789849543, 29.633688934100803 ], [ -95.437540006409392, 29.628567978220836 ], [ -95.432418386474637, 29.626106330608415 ] ] ] } },
{ "type": "Feature", "properties": { "hex_id": "88446caa0dfffff", "price_mean": 1.84, "price_median": 1.84, "n": 1, "top_restaurants": "ChIJLzkbNyrrQIYR_SoSDcJH080|$10–20", "z_r": 0.34, "qtile": 2.0 }, "geometry": { "type": "Polygon", "coordinates": [ [ [ -95.422398361578345, 29.6263034672297 ], [ -95.417499505800834, 29.628962104781817 ], [ -95.417721387268742, 29.634082767246927 ], [ -95.422842575471222, 29.636544938950955 ], [ -95.427741790867898, 29.633886233519185 ], [ -95.42751945843365, 29.628765424277454 ], [ -95.422398361578345, 29.6263034672297 ] ] ] } },
{ "type": "Feature", "properties": { "hex_id": "88446caa11fffff", "price_mean": 1.8, "price_median": 1.0, "n": 3, "top_restaurants": "ChIJdcfoS13qQIYRNslY0AoKXmU|$$;;ChIJixwDSavrQIYRqdbNYcfpUq8|None;;ChIJL2uhS13qQIYRM7a3M-Vaze0|None", "z_r": 0.3, "qtile": 2.0 }, "geometry": { "type": "Polygon", "coordinates": [ [ [ -95.448454205930489, 29.648853774352563 ], [ -95.443554199582707, 29.651513071988596 ], [ -95.44377729757781, 29.656633799520058 ], [ -95.448900853158037, 29.659095375826169 ], [ -95.453801218875014, 29.656436010172481 ], [ -95.453577669633376, 29.651315136244776 ], [ -95.448454205930489, 29.648853774352563 ] ] ] } },
{ "type": "Feature", "properties": { "hex_id": "88446caa1bfffff", "price_mean": 1.0, "price_median": 1.0, "n": 1, "top_restaurants": "ChIJDTHJr9vrQIYRqfTovRPhhyc|None", "z_r": -0.5, "qtile": 0.0 }, "geometry": { "type": "Polygon", "coordinates": [ [ [ -95.458477747493177, 29.648655382212937 ], [ -95.453577669633376, 29.651315136244776 ], [ -95.453801218875014, 29.656436010172481 ], [ -95.458925297253245, 29.658897276340543 ], [ -95.463825734331508, 29.656237454196045 ], [ -95.463601733803912, 29.651116434010589 ], [ -95.458477747493177, 29.648655382212937 ] ] ] } },
{ "type": "Feature", "properties": { "hex_id": "88446caa1dfffff", "price_mean": 1.0, "price_median": 1.0, "n": 2, "top_restaurants": "ChIJ7eN5XwDrQIYRpO7I5gZWyf4|None;;ChIJX7qEur7rQIYRpzDVDhzJFR8|None", "z_r": -0.5, "qtile": 0.0 }, "geometry": { "type": "Polygon", "coordinates": [ [ [ -95.443108062961755, 29.641271415505425 ], [ -95.438208416016394, 29.643930645138138 ], [ -95.438431258748295, 29.649051400134042 ], [ -95.443554199582707, 29.651513071988596 ], [ -95.448454205930489, 29.648853774352563 ], [ -95.448230912032244, 29.643732872879735 ], [ -95.443108062961755, 29.641271415505425 ] ] ] } },
{ "type": "Feature", "properties": { "hex_id": "88446caa33fffff", "price_mean": 1.25, "price_median": 1.25, "n": 2, "top_restaurants": "ChIJpa6C8_brQIYRI2H5mWc0hQo|None;;ChIJl5t0SoHqQIYRre9Qy_7ox20|$", "z_r": -0.25, "qtile": 0.0 }, "geometry": { "type": "Polygon", "coordinates": [ [ [ -95.429076199706032, 29.664609681811353 ], [ -95.424175690085619, 29.667267745702649 ], [ -95.424397944851947, 29.672387978087112 ], [ -95.429521160517837, 29.674850293244805 ], [ -95.434422029892914, 29.672192161592179 ], [ -95.434199323838172, 29.667071782557606 ], [ -95.429076199706032, 29.664609681811353 ] ] ] } },
{ "type": "Feature", "properties": { "hex_id": "88446caa3bfffff", "price_mean": 1.0, "price_median": 1.0, "n": 2, "top_restaurants": "ChIJwxXrSRjrQIYR21FFxcrG00A|$;;ChIJKQrtr_PrQIYRODsjtNjvvnY|None", "z_r": -0.5, "qtile": 0.0 }, "geometry": { "type": "Polygon", "coordinates": [ [ [ -95.433753971000613, 29.656830822364864 ], [ -95.428853748906491, 29.659489275018391 ], [ -95.429076199706032, 29.664609681811353 ], [ -95.434199323838172, 29.667071782557606 ], [ -95.439099905569506, 29.664413262062094 ], [ -95.438877003522236, 29.659292708676734 ], [ -95.433753971000613, 29.656830822364864 ] ] ] } },
{ "type": "Feature", "properties": { "hex_id": "88446caa41fffff", "price_mean": 1.3333333333333333, "price_median": 1.0, "n": 3, "top_restaurants": "ChIJ2-j9xaDrQIYRci2NK1q9OTM|None;;ChIJ2QFmUqPrQIYRefj9gyGnh3Y|None;;ChIJ660zaQDrQIYRrRaIyFAcAyI|None", "z_r": -0.16666666666666674, "qtile": 0.0 }, "geometry": { "type": "Polygon", "coordinates": [ [ [ -95.431750860699466, 29.610743182438309 ], [ -95.4268525794308, 29.613402596121581 ], [ -95.427074852717723, 29.618523605497909 ], [ -95.4321958581492, 29.620985347866423 ], [ -95.437094498802438, 29.618325866142012 ], [ -95.436871774630418, 29.61320471010464 ], [ -95.431750860699466, 29.610743182438309 ] ] ] } },
{ "type": "Feature", "properties": { "hex_id": "88446caa43fffff", "price_mean": 1.0, "price_median": 1.0, "n": 2, "top_restaurants": "ChIJ0cqj4zHrQIYRXxgLFYnm_XI|None;;ChIJ4yd2vI_rQIYRiDqhctmcZo8|None", "z_r": -0.5, "qtile": 0.0 }, "geometry": { "type": "Polygon", "coordinates": [ [ [ -95.437094498802438, 29.618325866142012 ], [ -95.4321958581492, 29.620985347866423 ], [ -95.432418386474637, 29.626106330608415 ], [ -95.437540006409392, 29.628567978220836 ], [ -95.442439006414091, 29.625908428441011 ], [ -95.442216027123365, 29.620787299118597 ], [ -95.437094498802438, 29.618325866142012 ] ] ] } },
{ "type": "Feature", "properties": { "hex_id": "88446caa45fffff", "price_mean": 1.0, "price_median": 1.0, "n": 5, "top_restaurants": "ChIJ7yuICBTrQIYRcp6-Qgvx71Q|$;;ChIJ__-7GunrQIYRhNTF9H82HDk|$;;ChIJ3WL8OQDrQIYRr5d67RPqVso|None", "z_r": -0.5, "qtile": 0.0 }, "geometry": { "type": "Polygon", "coordinates": [ [ [ -95.421732188459515, 29.61094075923894 ], [ -95.416833979455305, 29.61359971700147 ], [ -95.417055801896723, 29.618720579578355 ], [ -95.422176284178605, 29.621182631206558 ], [ -95.427074852717723, 29.618523605497909 ], [ -95.4268525794308, 29.613402596121581 ], [ -95.421732188459515, 29.61094075923894 ] ] ] } },
{ "type": "Feature", "properties": { "hex_id": "88446caa47fffff", "price_mean": 1.84, "price_median": 1.84, "n": 1, "top_restaurants": "ChIJqcQM6gPrQIYRdUmW7DnziSo|$10–20", "z_r": 0.34, "qtile": 2.0 }, "geometry": { "type": "Polygon", "coordinates": [ [ [ -95.427074852717723, 29.618523605497909 ], [ -95.422176284178605, 29.621182631206558 ], [ -95.422398361578345, 29.6263034672297 ], [ -95.42751945843365, 29.628765424277454 ], [ -95.432418386474637, 29.626106330608415 ], [ -95.4321958581492, 29.620985347866423 ], [ -95.427074852717723, 29.618523605497909 ] ] ] } },
{ "type": "Feature", "properties": { "hex_id": "88446caa49fffff", "price_mean": 1.0, "price_median": 1.0, "n": 2, "top_restaurants": "ChIJZXGeqqnrQIYR8smZP_i8XuM|$1–10;;ChIJLe96a8vrQIYRF6ckj1KdtBU|$1–10", "z_r": -0.5, "qtile": 0.0 }, "geometry": { "type": "Polygon", "coordinates": [ [ [ -95.436426385536166, 29.602962198437787 ], [ -95.431528391569955, 29.605621999913705 ], [ -95.431750860699466, 29.610743182438309 ], [ -95.436871774630418, 29.61320471010464 ], [ -95.441770127863933, 29.610544840506833 ], [ -95.441547207889968, 29.605423511379012 ], [ -95.436426385536166, 29.602962198437787 ] ] ] } },
{ "type": "Feature", "properties": { "hex_id": "88446caa4bfffff", "price_mean": 1.1533333333333333, "price_median": 1.0, "n": 12, "top_restaurants": "ChIJN98SIqPrQIYRqSuVDcwB9so|None;;ChIJI2VnU6HrQIYREGnAO3DzaKo|$10–20;;ChIJgZ-qUqPrQIYRU9exJGT4Sko|None", "z_r": -0.34666666666666668, "qtile": 0.0 }, "geometry": { "type": "Polygon", "coordinates": [ [ [ -95.441770127863933, 29.610544840506833 ], [ -95.436871774630418, 29.61320471010464 ], [ -95.437094498802438, 29.618325866142012 ], [ -95.442216027123365, 29.620787299118597 ], [ -95.447114739591029, 29.618127361384637 ], [ -95.446891564494393, 29.613006058824663 ], [ -95.441770127863933, 29.610544840506833 ] ] ] } },
{ "type": "Feature", "properties": { "hex_id": "88446caa4dfffff", "price_mean": 1.0, "price_median": 1.0, "n": 1, "top_restaurants": "ChIJY6ewYSvrQIYR_Bcswr1SHeM|None", "z_r": -0.5, "qtile": 0.0 }, "geometry": { "type": "Polygon", "coordinates": [ [ [ -95.426408091985948, 29.603160377799579 ], [ -95.421510170134923, 29.605819723455962 ], [ -95.421732188459515, 29.61094075923894 ], [ -95.4268525794308, 29.613402596121581 ], [ -95.431750860699466, 29.610743182438309 ], [ -95.431528391569955, 29.605621999913705 ], [ -95.426408091985948, 29.603160377799579 ] ] ] } },
{ "type": "Feature", "properties": { "hex_id": "88446caa51fffff", "price_mean": 1.0, "price_median": 1.0, "n": 1, "top_restaurants": "ChIJeemeHIrrQIYRVgTdSr_ezD4|$1–10", "z_r": -0.5, "qtile": 0.0 }, "geometry": { "type": "Polygon", "coordinates": [ [ [ -95.452460220836628, 29.625709760601531 ], [ -95.447561149168024, 29.628369766485896 ], [ -95.447784383653641, 29.633490868865657 ], [ -95.452907140883539, 29.635952111736831 ], [ -95.457806571719857, 29.63329203768777 ], [ -95.457582886149353, 29.628170788946669 ], [ -95.452460220836628, 29.625709760601531 ] ] ] } },
{ "type": "Feature", "properties": { "hex_id": "88446caa55fffff", "price_mean": 1.5666666666666667, "price_median": 1.0, "n": 6, "top_restaurants": "ChIJ7xMIl63rQIYRtP0CLOrTBmM|$$;;ChIJJzVAG9_qQIYRnGTWSBLGGgY|None;;ChIJn7meRqzrQIYR1z54y0CfPAU|$", "z_r": 0.066666666666666652, "qtile": 1.0 }, "geometry": { "type": "Polygon", "coordinates": [ [ [ -95.442439006414091, 29.625908428441011 ], [ -95.437540006409392, 29.628567978220836 ], [ -95.437762789849543, 29.633688934100803 ], [ -95.442885024330664, 29.636150486715174 ], [ -95.447784383653641, 29.633490868865657 ], [ -95.447561149168024, 29.628369766485896 ], [ -95.442439006414091, 29.625908428441011 ] ] ] } },
{ "type": "Feature", "properties": { "hex_id": "88446caa57fffff", "price_mean": 1.42, "price_median": 1.42, "n": 2, "top_restaurants": "ChIJter0p5LrQIYRN-2TBPqBpWM|$10–20;;ChIJKT32IDvrQIYRLHx5G2BZz4k|None", "z_r": -0.08, "qtile": 1.0 }, "geometry": { "type": "Polygon", "coordinates": [ [ [ -95.447784383653641, 29.633490868865657 ], [ -95.442885024330664, 29.636150486715174 ], [ -95.443108062961755, 29.641271415505425 ], [ -95.448230912032244, 29.643732872879735 ], [ -95.453130630640274, 29.641073186946212 ], [ -95.452907140883539, 29.635952111736831 ], [ -95.447784383653641, 29.633490868865657 ] ] ] } },
{ "type": "Feature", "properties": { "hex_id": "88446caa59fffff", "price_mean": 1.0, "price_median": 1.0, "n": 1, "top_restaurants": "ChIJDYS2bwDrQIYRry6imcxcvBY|None", "z_r": -0.5, "qtile": 0.0 }, "geometry": { "type": "Polygon", "coordinates": [ [ [ -95.457135574523448, 29.61792809109993 ], [ -95.45223679054115, 29.620588484837121 ], [ -95.452460220836628, 29.625709760601531 ], [ -95.457582886149353, 29.628170788946669 ], [ -95.462482029181984, 29.625510326964097 ], [ -95.462258147842377, 29.620388904896199 ], [ -95.457135574523448, 29.61792809109993 ] ] ] } },
{ "type": "Feature", "properties": { "hex_id": "88446caa5bfffff", "price_mean": 1.0833333333333333, "price_median": 1.0, "n": 12, "top_restaurants": "ChIJdxzMLZHrQIYRRKWn10bNYDY|None;;ChIJHW-6PeLrQIYRrEl0iUWpd88|None;;ChIJk0pfh8zrQIYRo5t0Kwb-bn8|$", "z_r": -0.41666666666666674, "qtile": 0.0 }, "geometry": { "type": "Polygon", "coordinates": [ [ [ -95.462482029181984, 29.625510326964097 ], [ -95.457582886149353, 29.628170788946669 ], [ -95.457806571719857, 29.63329203768777 ], [ -95.462929851438076, 29.635752970683562 ], [ -95.467829353487716, 29.633092440441317 ], [ -95.467605216792961, 29.627971045477391 ], [ -95.462482029181984, 29.625510326964097 ] ] ] } },
{ "type": "Feature", "properties": { "hex_id": "88446caa5dfffff", "price_mean": 1.96, "price_median": 2.0, "n": 4, "top_restaurants": "ChIJ6zYl9zXrQIYRBmw7P1K3SBw|None;;ChIJlcVDZADrQIYRULeDiukKqyQ|None;;ChIJj7VPfcTrQIYRLUlglq82D88|None", "z_r": 0.46, "qtile": 2.0 }, "geometry": { "type": "Polygon", "coordinates": [ [ [ -95.447114739591029, 29.618127361384637 ], [ -95.442216027123365, 29.620787299118597 ], [ -95.442439006414091, 29.625908428441011 ], [ -95.447561149168024, 29.628369766485896 ], [ -95.452460220836628, 29.625709760601531 ], [ -95.45223679054115, 29.620588484837121 ], [ -95.447114739591029, 29.618127361384637 ] ] ] } },
{ "type": "Feature", "properties": { "hex_id": "88446caa63fffff", "price_mean": 2.08, "price_median": 1.84, "n": 3, "top_restaurants": "ChIJKVBhc9_qQIYR_PvB02bAGIo|$$;;ChIJ6U5LpObrQIYRkN9OB24Lp9I|$10–20;;ChIJRyxeCQDrQIYROiQ7ilpr_UA|None", "z_r": 0.58, "qtile": 3.0 }, "geometry": { "type": "Polygon", "coordinates": [ [ [ -95.412378932285037, 29.626499838431037 ], [ -95.407480149070665, 29.629158019860192 ], [ -95.407701579611938, 29.634278535410317 ], [ -95.412822244284911, 29.636741016460672 ], [ -95.417721387268742, 29.634082767246927 ], [ -95.417499505800834, 29.628962104781817 ], [ -95.412378932285037, 29.626499838431037 ] ] ] } },
{ "type": "Feature", "properties": { "hex_id": "88446caa65fffff", "price_mean": 1.84, "price_median": 1.84, "n": 1, "top_restaurants": "ChIJK0Lt9MTrQIYRg12t_7qOz9M|$10–20", "z_r": 0.34, "qtile": 2.0 }, "geometry": { "type": "Polygon", "coordinates": [ [ [ -95.397019488284144, 29.61911223241772 ], [ -95.39212113788507, 29.621769890042721 ], [ -95.392341862745738, 29.62689028507921 ], [ -95.397461388802768, 29.62935316963895 ], [ -95.402360099154365, 29.626695444338718 ], [ -95.402138923487087, 29.621574902168373 ], [ -95.397019488284144, 29.61911223241772 ] ] ] } },
{ "type": "Feature", "properties": { "hex_id": "88446caa69fffff", "price_mean": 1.0, "price_median": 1.0, "n": 3, "top_restaurants": "ChIJaa2bDQDrQIYR3y6PaEc092w|$;;ChIJc68rp4XrQIYRNP_YaUAoABc|None;;ChIJxaPZ2unrQIYRoWxW6nSIb_E|None", "z_r": -0.5, "qtile": 0.0 }, "geometry": { "type": "Polygon", "coordinates": [ [ [ -95.411714111703674, 29.611137571034746 ], [ -95.406815975263484, 29.613796072870432 ], [ -95.40703734689906, 29.618916788509519 ], [ -95.412157305771402, 29.62137914926512 ], [ -95.417055801896723, 29.618720579578355 ], [ -95.416833979455305, 29.61359971700147 ], [ -95.411714111703674, 29.611137571034746 ] ] ] } },
{ "type": "Feature", "properties": { "hex_id": "88446caa6dfffff", "price_mean": 1.21, "price_median": 1.0, "n": 4, "top_restaurants": "ChIJudbrPTfrQIYRk5zYubhQyI0|$10–20;;ChIJS3NhLNfrQIYRefdOxfSOewc|$;;ChIJhSUJ_DjrQIYRMHzEv2YLWOo|$", "z_r": -0.29, "qtile": 0.0 }, "geometry": { "type": "Polygon", "coordinates": [ [ [ -95.401696630991353, 29.611333617951921 ], [ -95.396798567414677, 29.613991663854751 ], [ -95.397019488284144, 29.61911223241772 ], [ -95.402138923487087, 29.621574902168373 ], [ -95.40703734689906, 29.618916788509519 ], [ -95.406815975263484, 29.613796072870432 ], [ -95.401696630991353, 29.611333617951921 ] ] ] } },
{ "type": "Feature", "properties": { "hex_id": "88446caa81fffff", "price_mean": 1.9571304347826086, "price_median": 1.5928260869565216, "n": 10, "top_restaurants": "ChIJOQd2Qe_BQIYRUWIZIhL3DY0|$$;;ChIJkdMfCubBQIYRhfBO1WITTt8|$$;;ChIJB0vGsejBQIYRMYNry8sBbSA|$$", "z_r": 0.45713043478260862, "qtile": 2.0 }, "geometry": { "type": "Polygon", "coordinates": [ [ [ -95.465170154941262, 29.686962159960657 ], [ -95.460268423139013, 29.689621340951785 ], [ -95.460492346985973, 29.694741781614599 ], [ -95.465618454234189, 29.697203187431672 ], [ -95.470520545389689, 29.694543938445861 ], [ -95.470296169934542, 29.689423351652113 ], [ -95.465170154941262, 29.686962159960657 ] ] ] } },
{ "type": "Feature", "properties": { "hex_id": "88446caa85fffff", "price_mean": 1.2666666666666666, "price_median": 1.0, "n": 9, "top_restaurants": "ChIJn7pMW8PBQIYRbtg6HefiLaw|$$;;ChIJS-TgG-jBQIYRCigTuqaRI2g|$;;ChIJSyjizYvBQIYR-mo4T0_6vO8|$", "z_r": -0.23333333333333339, "qtile": 0.0 }, "geometry": { "type": "Polygon", "coordinates": [ [ [ -95.455142930922094, 29.687159838551516 ], [ -95.450241270478344, 29.689818562659408 ], [ -95.450464742756523, 29.694938857052804 ], [ -95.455590327038024, 29.697400573622168 ], [ -95.460492346985973, 29.694741781614599 ], [ -95.460268423139013, 29.689621340951785 ], [ -95.455142930922094, 29.687159838551516 ] ] ] } },
{ "type": "Feature", "properties": { "hex_id": "88446caa8bfffff", "price_mean": 1.5928260869565216, "price_median": 1.5928260869565216, "n": 2, "top_restaurants": "ChIJL4Pmz9vBQIYRH-jaKeJm2fU|$10–20;;ChIJ_7U5offBQIYRIFS3zDyZYhY|$$", "z_r": 0.092826086956521614, "qtile": 1.0 }, "geometry": { "type": "Polygon", "coordinates": [ [ [ -95.475197972794845, 29.686763713783947 ], [ -95.470296169934542, 29.689423351652113 ], [ -95.470520545389689, 29.694543938445861 ], [ -95.475647175343497, 29.697005033378304 ], [ -95.480549337406046, 29.694345327420468 ], [ -95.480324510303376, 29.689224594634325 ], [ -95.475197972794845, 29.686763713783947 ] ] ] } },
{ "type": "Feature", "properties": { "hex_id": "88446caa8dfffff", "price_mean": 2.2970028409090908, "price_median": 2.0920170454545457, "n": 12, "top_restaurants": "ChIJ25HwAebBQIYR4gLhrBbjkVI|$20–30;;ChIJkdMfCubBQIYRem7PeM7x6lU|$$;;ChIJ__8vrejBQIYRoQ9YoV2qpWQ|$$", "z_r": 0.79700284090909079, "qtile": 3.0 }, "geometry": { "type": "Polygon", "coordinates": [ [ [ -95.459820635055067, 29.679380256355625 ], [ -95.454919262639493, 29.682039369366525 ], [ -95.455142930922094, 29.687159838551516 ], [ -95.460268423139013, 29.689621340951785 ], [ -95.465170154941262, 29.686962159960657 ], [ -95.464946035130708, 29.68184154456393 ], [ -95.459820635055067, 29.679380256355625 ] ] ] } },
{ "type": "Feature", "properties": { "hex_id": "88446caa91fffff", "price_mean": 1.5034444444444446, "price_median": 1.0, "n": 36, "top_restaurants": "ChIJO4k7myTCQIYRCUwr-rljX1M|$$;;ChIJV5StJCTCQIYREs-caG0Cle4|$$;;ChIJU8ps2RjDQIYRmjPq6bPTAU8|$$", "z_r": 0.0034444444444445832, "qtile": 1.0 }, "geometry": { "type": "Polygon", "coordinates": [ [ [ -95.485901572707974, 29.701926815210616 ], [ -95.480999051476743, 29.70458658927258 ], [ -95.481223938450086, 29.709707118177167 ], [ -95.486351798453413, 29.712168018864972 ], [ -95.491254678819729, 29.709508176684416 ], [ -95.491029340038509, 29.704387501949125 ], [ -95.485901572707974, 29.701926815210616 ] ] ] } },
{ "type": "Feature", "properties": { "hex_id": "88446caa93fffff", "price_mean": 1.4183643892339544, "price_median": 1.0, "n": 21, "top_restaurants": "ChIJ94Gz4T_DQIYRWCwQ4dZHHtY|$$;;ChIJPeOafOjDQIYRKTTyr9HVbko|$$;;ChIJPx_j44XDQIYRayyhZZp3-jA|None", "z_r": -0.081635610766045641, "qtile": 1.0 }, "geometry": { "type": "Polygon", "coordinates": [ [ [ -95.491254678819729, 29.709508176684416 ], [ -95.486351798453413, 29.712168018864972 ], [ -95.486576941300356, 29.717288518483379 ], [ -95.491705416392577, 29.719749321685502 ], [ -95.496608655860356, 29.717089411371848 ], [ -95.496383061125343, 29.711968766003643 ], [ -95.491254678819729, 29.709508176684416 ] ] ] } },
{ "type": "Feature", "properties": { "hex_id": "88446caa95fffff", "price_mean": 1.88, "price_median": 1.0, "n": 13, "top_restaurants": "ChIJv7onnDPBQIYRzvWXHLxqOgU|$$;;ChIJ5RT3YQXBQIYRO4FjZ5pfUKo|$$;;ChIJvwLJ1Z_BQIYR1gMfR0fXRIA|$$", "z_r": 0.38, "qtile": 2.0 }, "geometry": { "type": "Polygon", "coordinates": [ [ [ -95.475871806519578, 29.70212559134135 ], [ -95.470969356044279, 29.704784908336293 ], [ -95.471193791248979, 29.709905291271625 ], [ -95.476321128688468, 29.712366503195742 ], [ -95.481223938450086, 29.709707118177167 ], [ -95.480999051476743, 29.70458658927258 ], [ -95.475871806519578, 29.70212559134135 ] ] ] } },
{ "type": "Feature", "properties": { "hex_id": "88446caa97fffff", "price_mean": 1.664, "price_median": 1.0, "n": 10, "top_restaurants": "ChIJBy1D7yzCQIYRB1pXoDtB7tU|$$;;ChIJnQp1JizCQIYR_1AiAMQ2EBY|$$;;ChIJSaXCh7XDQIYRjiUGI0W0vXI|None", "z_r": 0.164, "qtile": 1.0 }, "geometry": { "type": "Polygon", "coordinates": [ [ [ -95.481223938450086, 29.709707118177167 ], [ -95.476321128688468, 29.712366503195742 ], [ -95.476545819686578, 29.717486856925753 ], [ -95.481673772285987, 29.719947971540059 ], [ -95.486576941300356, 29.717288518483379 ], [ -95.486351798453413, 29.712168018864972 ], [ -95.481223938450086, 29.709707118177167 ] ] ] } },
{ "type": "Feature", "properties": { "hex_id": "88446caa99fffff", "price_mean": 1.4388571428571428, "price_median": 1.0, "n": 14, "top_restaurants": "ChIJjRw6MzzCQIYR-LMIwewvSyU|€€;;ChIJr9nAGRjCQIYRxwlHx3jIbkg|$10–20;;ChIJL2DOJhjCQIYRcBSRvFH7EPU|$10–20", "z_r": -0.061142857142857165, "qtile": 1.0 }, "geometry": { "type": "Polygon", "coordinates": [ [ [ -95.49057872247316, 29.694145948412469 ], [ -95.485676489804192, 29.696806111336016 ], [ -95.485901572707974, 29.701926815210616 ], [ -95.491029340038509, 29.704387501949125 ], [ -95.49593193172494, 29.701727270826485 ], [ -95.495706397054235, 29.69660642117891 ], [ -95.49057872247316, 29.694145948412469 ] ] ] } },
{ "type": "Feature", "properties": { "hex_id": "88446caa9bfffff", "price_mean": 1.4318850267379679, "price_median": 1.0, "n": 22, "top_restaurants": "ChIJXS61NjrCQIYR8AIUrvuKrKA|$$;;ChIJDSIKnTvCQIYRRDm85GU4JfA|$$;;ChIJ7bD8jzvCQIYRjuY5b5RcQMI|None", "z_r": -0.068114973262032086, "qtile": 1.0 }, "geometry": { "type": "Polygon", "coordinates": [ [ [ -95.49593193172494, 29.701727270826485 ], [ -95.491029340038509, 29.704387501949125 ], [ -95.491254678819729, 29.709508176684416 ], [ -95.496383061125343, 29.711968766003643 ], [ -95.501286011795585, 29.709308466667441 ], [ -95.501060221167293, 29.704187646240051 ], [ -95.49593193172494, 29.701727270826485 ] ] ] } },
{ "type": "Feature", "properties": { "hex_id": "88446caa9dfffff", "price_mean": 2.08, "price_median": 1.84, "n": 3, "top_restaurants": "ChIJ-89cF67DQIYRFJLsoyXPkXs|$$;;ChIJ-bSvQADDQIYRyFxpv2r6Dr0|$10–20;;ChIJ14tw6yHCQIYRG3EryZky6Js|$10–20", "z_r": 0.58, "qtile": 3.0 }, "geometry": { "type": "Polygon", "coordinates": [ [ [ -95.480549337406046, 29.694345327420468 ], [ -95.475647175343497, 29.697005033378304 ], [ -95.475871806519578, 29.70212559134135 ], [ -95.480999051476743, 29.70458658927258 ], [ -95.485901572707974, 29.701926815210616 ], [ -95.485676489804192, 29.696806111336016 ], [ -95.480549337406046, 29.694345327420468 ] ] ] } },
{ "type": "Feature", "properties": { "hex_id": "88446caaa9fffff", "price_mean": 2.0, "price_median": 2.0, "n": 1, "top_restaurants": "ChIJnarYFwDBQIYRLBu9SZCN2I4|None", "z_r": 0.5, "qtile": 2.0 }, "geometry": { "type": "Polygon", "coordinates": [ [ [ -95.445116301298754, 29.687356749682653 ], [ -95.440214712513892, 29.690015016901221 ], [ -95.440437733262769, 29.695135164886732 ], [ -95.445562794316587, 29.697597192076007 ], [ -95.450464742756523, 29.694938857052804 ], [ -95.450241270478344, 29.689818562659408 ], [ -95.445116301298754, 29.687356749682653 ] ] ] } },
{ "type": "Feature", "properties": { "hex_id": "88446caaadfffff", "price_mean": 1.0, "price_median": 1.0, "n": 2, "top_restaurants": "ChIJ_QZAevHBQIYRgaJiqWTEYgg|$1–10;;ChIJBQz0_83BQIYR8spAIE3bCmc|$", "z_r": -0.5, "qtile": 0.0 }, "geometry": { "type": "Polygon", "coordinates": [ [ [ -95.4350902666325, 29.68755289348038 ], [ -95.430188749806788, 29.690210703803587 ], [ -95.430411319065925, 29.695330705242803 ], [ -95.435535856631247, 29.697793042919535 ], [ -95.440437733262769, 29.695135164886732 ], [ -95.440214712513892, 29.690015016901221 ], [ -95.4350902666325, 29.68755289348038 ] ] ] } },
{ "type": "Feature", "properties": { "hex_id": "88446caab3fffff", "price_mean": 1.582857142857143, "price_median": 1.0, "n": 7, "top_restaurants": "ChIJETlqOHjBQIYR1Z6FrhlJUkA|$$;;ChIJ0wxXfnfBQIYRmHBvCWC5aB0|$10–20;;ChIJI9oBYQDBQIYRguzan9z6Mk4|$10–20", "z_r": 0.082857142857142962, "qtile": 1.0 }, "geometry": { "type": "Polygon", "coordinates": [ [ [ -95.466515291581345, 29.717684426825031 ], [ -95.461612264376228, 29.720342965349044 ], [ -95.461836307503845, 29.725462997615399 ], [ -95.466963829677852, 29.727924637456763 ], [ -95.471867216404533, 29.725266031070113 ], [ -95.471642721426463, 29.720145852719199 ], [ -95.466515291581345, 29.717684426825031 ] ] ] } },
{ "type": "Feature", "properties": { "hex_id": "88446caab7fffff", "price_mean": 1.0, "price_median": 1.0, "n": 1, "top_restaurants": "ChIJTUF_PZ7BQIYRjHeTB-gmWhc|None", "z_r": -0.5, "qtile": 0.0 }, "geometry": { "type": "Polygon", "coordinates": [ [ [ -95.456485357546768, 29.717881228307412 ], [ -95.451582401697337, 29.720539309555914 ], [ -95.451805993013934, 29.725659195599214 ], [ -95.456932991981773, 29.728121146631512 ], [ -95.461836307503845, 29.725462997615399 ], [ -95.461612264376228, 29.720342965349044 ], [ -95.456485357546768, 29.717881228307412 ] ] ] } },
{ "type": "Feature", "properties": { "hex_id": "88446caabbfffff", "price_mean": 2.12, "price_median": 1.92, "n": 4, "top_restaurants": "ChIJNfCFA1zDQIYRie5bXa7-WVQ|$20–30;;ChIJ4QwhHwDBQIYRHhpqu8goAtU|None;;ChIJ5XnuM4fBQIYRfn94MaFFX7E|$10–20", "z_r": 0.62, "qtile": 3.0 }, "geometry": { "type": "Polygon", "coordinates": [ [ [ -95.471193791248979, 29.709905291271625 ], [ -95.466291052392791, 29.712564219121944 ], [ -95.466515291581345, 29.717684426825031 ], [ -95.471642721426463, 29.720145852719199 ], [ -95.476545819686578, 29.717486856925753 ], [ -95.476321128688468, 29.712366503195742 ], [ -95.471193791248979, 29.709905291271625 ] ] ] } },
{ "type": "Feature", "properties": { "hex_id": "88446caac3fffff", "price_mean": 1.72, "price_median": 1.72, "n": 8, "top_restaurants": "ChIJQ4FW7sfDQIYR3RjxFWTl4gs|$20–30;;ChIJCdX9-P_BQIYRlozu_rIQYpE|$10–20;;ChIJi7HqLADCQIYRD_vlu3sDneQ|$10–20", "z_r": 0.22, "qtile": 1.0 }, "geometry": { "type": "Polygon", "coordinates": [ [ [ -95.474524318440885, 29.671401226432096 ], [ -95.469623163025901, 29.674061184845009 ], [ -95.469847478755284, 29.679181974770998 ], [ -95.47497340141696, 29.681642952314014 ], [ -95.479874915950163, 29.678982925745299 ], [ -95.479650148694319, 29.673861989803839 ], [ -95.474524318440885, 29.671401226432096 ] ] ] } },
{ "type": "Feature", "properties": { "hex_id": "88446caac5fffff", "price_mean": 1.60140625, "price_median": 1.0, "n": 16, "top_restaurants": "ChIJ2eZaip_rQIYRJN-2L5Yjtbk|$20–30;;ChIJ17GjrivtQIYRXeveBtRri2Y|$20–30;;ChIJyb2E-gvqQIYR6Vid9GP3MoE|$$", "z_r": 0.10140625, "qtile": 1.0 }, "geometry": { "type": "Polygon", "coordinates": [ [ [ -95.459149101914534, 29.664018122495396 ], [ -95.454248376861656, 29.666677556181117 ], [ -95.454471985611917, 29.671798228100631 ], [ -95.459596770812823, 29.674259612583651 ], [ -95.464497855168233, 29.671600110851525 ], [ -95.464273795011039, 29.666479292697225 ], [ -95.459149101914534, 29.664018122495396 ] ] ] } },
{ "type": "Feature", "properties": { "hex_id": "88446caac9fffff", "price_mean": 1.0, "price_median": 1.0, "n": 3, "top_restaurants": "ChIJX17ORfrrQIYRB_IKaLWFSOc|None;;ChIJj2c0lWrrQIYRbVWXbSn85BY|$;;ChIJ1xYsvx3qQIYReSgzCGWJyDg|$", "z_r": -0.5, "qtile": 0.0 }, "geometry": { "type": "Polygon", "coordinates": [ [ [ -95.473850843386302, 29.656038131464864 ], [ -95.468950335246959, 29.658698410093841 ], [ -95.469174591274367, 29.663819402425723 ], [ -95.474299806837408, 29.666280262181548 ], [ -95.479200674010926, 29.663619915330575 ], [ -95.478975966578076, 29.658498776960219 ], [ -95.473850843386302, 29.656038131464864 ] ] ] } },
{ "type": "Feature", "properties": { "hex_id": "88446caacdfffff", "price_mean": 1.34, "price_median": 1.0, "n": 10, "top_restaurants": "ChIJ598HohTrQIYRaxDNyCNJ4Gw|$$;;ChIJccDUbwDrQIYRc4_j2xwImZE|None;;ChIJNao6ShDqQIYRi-t0x-IatTo|$", "z_r": -0.16, "qtile": 0.0 }, "geometry": { "type": "Polygon", "coordinates": [ [ [ -95.463825734331508, 29.656237454196045 ], [ -95.458925297253245, 29.658897276340543 ], [ -95.459149101914534, 29.664018122495396 ], [ -95.464273795011039, 29.666479292697225 ], [ -95.469174591274367, 29.663819402425723 ], [ -95.468950335246959, 29.658698410093841 ], [ -95.463825734331508, 29.656237454196045 ] ] ] } },
{ "type": "Feature", "properties": { "hex_id": "88446caad1fffff", "price_mean": 1.6, "price_median": 1.0, "n": 4, "top_restaurants": "ChIJn1ABQBDCQIYRO1bes_9CROU|$$;;ChIJSUy5QtzDQIYRgdmLLKgDSHs|$;;ChIJffAi5BHCQIYR-st1XPvo2gQ|$", "z_r": 0.1, "qtile": 1.0 }, "geometry": { "type": "Polygon", "coordinates": [ [ [ -95.489902946078075, 29.678783109152707 ], [ -95.485001360936749, 29.681443592490805 ], [ -95.48522638392123, 29.686564499895411 ], [ -95.490353443683716, 29.68902506977248 ], [ -95.495255387758561, 29.686364518169217 ], [ -95.495029913128263, 29.681243464968528 ], [ -95.489902946078075, 29.678783109152707 ] ] ] } },
{ "type": "Feature", "properties": { "hex_id": "88446caad3fffff", "price_mean": 1.2826666666666666, "price_median": 1.0, "n": 15, "top_restaurants": "ChIJOSdybxTCQIYRgs7GuXvAGd8|$$;;ChIJF2qmhxTCQIYRdMgVy95wBEU|None;;ChIJy8BbshbCQIYRGUqHgW4ik-s|$10–20", "z_r": -0.21733333333333338, "qtile": 0.0 }, "geometry": { "type": "Polygon", "coordinates": [ [ [ -95.495255387758561, 29.686364518169217 ], [ -95.490353443683716, 29.68902506977248 ], [ -95.49057872247316, 29.694145948412469 ], [ -95.495706397054235, 29.69660642117891 ], [ -95.500608700028948, 29.693945801296056 ], [ -95.500382969513595, 29.688824776940834 ], [ -95.495255387758561, 29.686364518169217 ] ] ] } },
{ "type": "Feature", "properties": { "hex_id": "88446caad5fffff", "price_mean": 3.4, "price_median": 3.4, "n": 1, "top_restaurants": "ChIJfWU4KgLCQIYRmgcWet0n6ng|$$", "z_r": 1.9, "qtile": 3.0 }, "geometry": { "type": "Polygon", "coordinates": [ [ [ -95.479874915950163, 29.678982925745299 ], [ -95.47497340141696, 29.681642952314014 ], [ -95.475197972794845, 29.686763713783947 ], [ -95.480324510303376, 29.689224594634325 ], [ -95.48522638392123, 29.686564499895411 ], [ -95.485001360936749, 29.681443592490805 ], [ -95.479874915950163, 29.678982925745299 ] ] ] } },
{ "type": "Feature", "properties": { "hex_id": "88446caad9fffff", "price_mean": 1.8057142857142858, "price_median": 1.0, "n": 7, "top_restaurants": "ChIJmxIkJOLpQIYRiCGzRRJE0Z8|$$;;ChIJqQ8vZyrDQIYRrKMXesoDTik|$$;;ChIJ6Y0sQG6_QIYRE-HCbsEhdyo|$10–20", "z_r": 0.30571428571428583, "qtile": 2.0 }, "geometry": { "type": "Polygon", "coordinates": [ [ [ -95.494579023889486, 29.67100115557901 ], [ -95.489677727256534, 29.673662027334338 ], [ -95.489902946078075, 29.678783109152707 ], [ -95.495029913128263, 29.681243464968528 ], [ -95.499931568577168, 29.678582524867501 ], [ -95.499705898150793, 29.673461297310837 ], [ -95.494579023889486, 29.67100115557901 ] ] ] } },
{ "type": "Feature", "properties": { "hex_id": "88446caaddfffff", "price_mean": 2.0, "price_median": 2.0, "n": 1, "top_restaurants": "ChIJCTOS0P3pQIYRCF4nk_kotYc|None", "z_r": 0.5, "qtile": 2.0 }, "geometry": { "type": "Polygon", "coordinates": [ [ [ -95.484551374868516, 29.671201574716502 ], [ -95.479650148694319, 29.673861989803839 ], [ -95.479874915950163, 29.678982925745299 ], [ -95.485001360936749, 29.681443592490805 ], [ -95.489902946078075, 29.678783109152707 ], [ -95.489677727256534, 29.673662027334338 ], [ -95.484551374868516, 29.671201574716502 ] ] ] } },
{ "type": "Feature", "properties": { "hex_id": "88446caae1fffff", "price_mean": 1.42, "price_median": 1.42, "n": 2, "top_restaurants": "ChIJhZHxonnqQIYRg8H49fdBSOs|$10–20;;ChIJUR0rrQ7rQIYRY1yol5Yb4Co|$1–10", "z_r": -0.08, "qtile": 1.0 }, "geometry": { "type": "Polygon", "coordinates": [ [ [ -95.444446710333153, 29.671995578305456 ], [ -95.43954576899776, 29.674654166657355 ], [ -95.439768730384017, 29.679774517705859 ], [ -95.444893084504713, 29.682236426847879 ], [ -95.449794385410925, 29.679577770625194 ], [ -95.449570972616385, 29.674457273145727 ], [ -95.444446710333153, 29.671995578305456 ] ] ] } },
{ "type": "Feature", "properties": { "hex_id": "88446caae5fffff", "price_mean": 1.0, "price_median": 1.0, "n": 1, "top_restaurants": "ChIJsT-pcQDrQIYRa4EQIMQ1G28|None", "z_r": -0.5, "qtile": 0.0 }, "geometry": { "type": "Polygon", "coordinates": [ [ [ -95.434422029892914, 29.672192161592179 ], [ -95.429521160517837, 29.674850293244805 ], [ -95.429743670535387, 29.679970497723922 ], [ -95.434867501287457, 29.682432717134226 ], [ -95.439768730384017, 29.679774517705859 ], [ -95.43954576899776, 29.674654166657355 ], [ -95.434422029892914, 29.672192161592179 ] ] ] } },
{ "type": "Feature", "properties": { "hex_id": "88446caae7fffff", "price_mean": 1.85, "price_median": 1.5, "n": 4, "top_restaurants": "ChIJscEwOsLBQIYR5wEO8T2K5IQ|$$;;ChIJV90WRdTBQIYRtKq3U9p5US0|None;;ChIJ8_sR69PBQIYRCHeFj3ZIMOU|$", "z_r": 0.35, "qtile": 2.0 }, "geometry": { "type": "Polygon", "coordinates": [ [ [ -95.439768730384017, 29.679774517705859 ], [ -95.434867501287457, 29.682432717134226 ], [ -95.4350902666325, 29.68755289348038 ], [ -95.440214712513892, 29.690015016901221 ], [ -95.445116301298754, 29.687356749682653 ], [ -95.444893084504713, 29.682236426847879 ], [ -95.439768730384017, 29.679774517705859 ] ] ] } },
{ "type": "Feature", "properties": { "hex_id": "88446caaebfffff", "price_mean": 2.2, "price_median": 2.2, "n": 2, "top_restaurants": "ChIJmTpDJuDBQIYRohV0_UshsAI|$$;;ChIJn0ScY2HrQIYRBtM23gdUhhw|$", "z_r": 0.7, "qtile": 3.0 }, "geometry": { "type": "Polygon", "coordinates": [ [ [ -95.454471985611917, 29.671798228100631 ], [ -95.449570972616385, 29.674457273145727 ], [ -95.449794385410925, 29.679577770625194 ], [ -95.454919262639493, 29.682039369366525 ], [ -95.459820635055067, 29.679380256355625 ], [ -95.459596770812823, 29.674259612583651 ], [ -95.454471985611917, 29.671798228100631 ] ] ] } },
{ "type": "Feature", "properties": { "hex_id": "88446caaedfffff", "price_mean": 1.0, "price_median": 1.0, "n": 2, "top_restaurants": "ChIJEz8g-LTrQIYRdD6dPo_kxyc|$;;ChIJV4ruuH7qQIYRMUiG-0xaWFc|$", "z_r": -0.5, "qtile": 0.0 }, "geometry": { "type": "Polygon", "coordinates": [ [ [ -95.439099905569506, 29.664413262062094 ], [ -95.434199323838172, 29.667071782557606 ], [ -95.434422029892914, 29.672192161592179 ], [ -95.43954576899776, 29.674654166657355 ], [ -95.444446710333153, 29.671995578305456 ], [ -95.444223552950405, 29.666875052759195 ], [ -95.439099905569506, 29.664413262062094 ] ] ] } },
{ "type": "Feature", "properties": { "hex_id": "88446cab01fffff", "price_mean": 2.7, "price_median": 2.7, "n": 2, "top_restaurants": "ChIJDcg7g0mVQIYR1hbRK6Zbl9Y|$$;;ChIJrWblWwCVQIYRbM5-U8pewpM|None", "z_r": 1.2, "qtile": 3.0 }, "geometry": { "type": "Polygon", "coordinates": [ [ [ -95.357611500043305, 29.635245897192387 ], [ -95.35271279782809, 29.637901408975946 ], [ -95.352931778114794, 29.643021013768212 ], [ -95.358049911374778, 29.645485254455121 ], [ -95.362948974226768, 29.64282967544332 ], [ -95.36272954317262, 29.637709922987213 ], [ -95.357611500043305, 29.635245897192387 ] ] ] } },
{ "type": "Feature", "properties": { "hex_id": "88446cab03fffff", "price_mean": 1.0, "price_median": 1.0, "n": 1, "top_restaurants": "ChIJB5xolM6VQIYRFhKJY-7yJUE|None", "z_r": -0.5, "qtile": 0.0 }, "geometry": { "type": "Polygon", "coordinates": [ [ [ -95.362948974226768, 29.64282967544332 ], [ -95.358049911374778, 29.645485254455121 ], [ -95.358269146205586, 29.650604832655358 ], [ -95.363387894726927, 29.653068979441464 ], [ -95.36828731818315, 29.650413333187039 ], [ -95.368067632504435, 29.645293607403499 ], [ -95.362948974226768, 29.64282967544332 ] ] ] } },
{ "type": "Feature", "properties": { "hex_id": "88446cab07fffff", "price_mean": 2.6, "price_median": 3.4, "n": 3, "top_restaurants": "ChIJSZAFtF-VQIYR4KjmYjt_FGA|$$;;ChIJn2Hr-_GVQIYRGXB6zIavlDg|$$;;ChIJjz3RUx-VQIYR277yq6BqlPg|None", "z_r": 1.1, "qtile": 3.0 }, "geometry": { "type": "Polygon", "coordinates": [ [ [ -95.352931778114794, 29.643021013768212 ], [ -95.348032789622465, 29.645676136427021 ], [ -95.348251573645513, 29.650795566905821 ], [ -95.353369796959242, 29.653260022461616 ], [ -95.358269146205586, 29.650604832655358 ], [ -95.358049911374778, 29.645485254455121 ], [ -95.352931778114794, 29.643021013768212 ] ] ] } },
{ "type": "Feature", "properties": { "hex_id": "88446cab0dfffff", "price_mean": 1.0, "price_median": 1.0, "n": 1, "top_restaurants": "ChIJiY_EWwCVQIYRHuCp5wJtioY|None", "z_r": -0.5, "qtile": 0.0 }, "geometry": { "type": "Polygon", "coordinates": [ [ [ -95.352274895512792, 29.627661998903587 ], [ -95.347376553966853, 29.630317443473245 ], [ -95.347595279785722, 29.635437074630072 ], [ -95.35271279782809, 29.637901408975946 ], [ -95.357611500043305, 29.635245897192387 ], [ -95.357392323537468, 29.630126118291219 ], [ -95.352274895512792, 29.627661998903587 ] ] ] } },
{ "type": "Feature", "properties": { "hex_id": "88446cab11fffff", "price_mean": 1.0, "price_median": 1.0, "n": 2, "top_restaurants": "ChIJPWbn53eVQIYR5SaH6kYWfmU|None;;ChIJY_8dOT-VQIYRiW3OEBk3RAY|None", "z_r": -0.5, "qtile": 0.0 }, "geometry": { "type": "Polygon", "coordinates": [ [ [ -95.378306089019375, 29.650221068373543 ], [ -95.373406591652781, 29.65287717107071 ], [ -95.373626532032347, 29.657996869954172 ], [ -95.378746420737571, 29.66046061351943 ], [ -95.383646278525831, 29.65780444347012 ], [ -95.383425887177836, 29.652684597222095 ], [ -95.378306089019375, 29.650221068373543 ] ] ] } },
{ "type": "Feature", "properties": { "hex_id": "88446cab15fffff", "price_mean": 1.9033333333333333, "price_median": 1.84, "n": 6, "top_restaurants": "ChIJ1eO52GyVQIYRWXrtWHqYN6Y|$$;;ChIJgaJS0LqVQIYRhd2a1ihLFjo|$10–20;;ChIJzR-AXGuVQIYRFUgoWgRMX_o|$10–20", "z_r": 0.40333333333333332, "qtile": 2.0 }, "geometry": { "type": "Polygon", "coordinates": [ [ [ -95.36828731818315, 29.650413333187039 ], [ -95.363387894726927, 29.653068979441464 ], [ -95.36360738417811, 29.658188530822184 ], [ -95.368726748004505, 29.660652583465595 ], [ -95.373626532032347, 29.657996869954172 ], [ -95.373406591652781, 29.65287717107071 ], [ -95.36828731818315, 29.650413333187039 ] ] ] } },
{ "type": "Feature", "properties": { "hex_id": "88446cab1bfffff", "price_mean": 1.0, "price_median": 1.0, "n": 2, "top_restaurants": "ChIJ5Xn2RkiVQIYRBdesoJ8tp7A|$;;ChIJx941sZ2VQIYRijFfGjdGCy4|None", "z_r": -0.5, "qtile": 0.0 }, "geometry": { "type": "Polygon", "coordinates": [ [ [ -95.388325458155251, 29.650028038087736 ], [ -95.383425887177836, 29.652684597222095 ], [ -95.383646278525831, 29.65780444347012 ], [ -95.388766691850279, 29.660267877824541 ], [ -95.393666623099293, 29.657611251242905 ], [ -95.393445780742894, 29.652491257768528 ], [ -95.388325458155251, 29.650028038087736 ] ] ] } },
{ "type": "Feature", "properties": { "hex_id": "88446cab1dfffff", "price_mean": 1.0, "price_median": 1.0, "n": 2, "top_restaurants": "ChIJsxvL8_GVQIYRmg6XDyJUXgw|None;;ChIJn5VXxxaVQIYRgdyLdGraVqY|$", "z_r": -0.5, "qtile": 0.0 }, "geometry": { "type": "Polygon", "coordinates": [ [ [ -95.372966769416678, 29.642637572044109 ], [ -95.368067632504435, 29.645293607403499 ], [ -95.36828731818315, 29.650413333187039 ], [ -95.373406591652781, 29.65287717107071 ], [ -95.378306089019375, 29.650221068373543 ], [ -95.378085952452651, 29.645101195144871 ], [ -95.372966769416678, 29.642637572044109 ] ] ] } },
{ "type": "Feature", "properties": { "hex_id": "88446cab23fffff", "price_mean": 2.41, "price_median": 2.62, "n": 4, "top_restaurants": "ChIJOWYuX4uVQIYRGl-oPAvrHl0|$$;;ChIJ89cxMf6VQIYRb-PN5jEAcVo|$$;;ChIJxbWAfNCVQIYRMZRjlqZadPY|$10–20", "z_r": 0.91, "qtile": 3.0 }, "geometry": { "type": "Polygon", "coordinates": [ [ [ -95.338234601061529, 29.650985536065885 ], [ -95.333335401133141, 29.65363981295986 ], [ -95.333553538040164, 29.658758921003592 ], [ -95.338671325673957, 29.661223900084796 ], [ -95.343570886623297, 29.658569556219376 ], [ -95.343352298908471, 29.653450300258559 ], [ -95.338234601061529, 29.650985536065885 ] ] ] } },
{ "type": "Feature", "properties": { "hex_id": "88446cab27fffff", "price_mean": 1.0, "price_median": 1.0, "n": 1, "top_restaurants": "ChIJFZGw426VQIYR13q8M2HuSKQ|None", "z_r": -0.5, "qtile": 0.0 }, "geometry": { "type": "Polygon", "coordinates": [ [ [ -95.328218229012009, 29.651174740263166 ], [ -95.323319104191569, 29.653828560693228 ], [ -95.323536790331147, 29.658947520681849 ], [ -95.32865405204916, 29.661412808309873 ], [ -95.333553538040164, 29.658758921003592 ], [ -95.333335401133141, 29.65363981295986 ], [ -95.328218229012009, 29.651174740263166 ] ] ] } },
{ "type": "Feature", "properties": { "hex_id": "88446cab29fffff", "price_mean": 1.92, "price_median": 1.92, "n": 2, "top_restaurants": "ChIJq3ukdQDnQIYREBfY0tBuAE8|None;;ChIJGUKk7rKVQIYR5Ij9K35q2TY|$10–20", "z_r": 0.42, "qtile": 2.0 }, "geometry": { "type": "Polygon", "coordinates": [ [ [ -95.337579659383536, 29.635627487391648 ], [ -95.332681106486319, 29.638282086654254 ], [ -95.332899185358784, 29.643401395704551 ], [ -95.338016267806012, 29.645866253446616 ], [ -95.342915181639341, 29.643211587146126 ], [ -95.342696652079894, 29.638092130155805 ], [ -95.337579659383536, 29.635627487391648 ] ] ] } },
{ "type": "Feature", "properties": { "hex_id": "88446cab31fffff", "price_mean": 1.81, "price_median": 1.42, "n": 4, "top_restaurants": "ChIJyyxkvaOVQIYRy7Yl9WC4zgo|$$;;ChIJU2CjLu6VQIYRwMyM-t2QCKM|$10–20;;ChIJK7R1GXeVQIYRc_COdU9emSA|None", "z_r": 0.31, "qtile": 2.0 }, "geometry": { "type": "Polygon", "coordinates": [ [ [ -95.353588835522146, 29.658379426201428 ], [ -95.348689199913821, 29.661034226620824 ], [ -95.34890804216424, 29.666153455695731 ], [ -95.354026970942158, 29.668618032064085 ], [ -95.35892696738928, 29.665963164563639 ], [ -95.358707674210265, 29.66084378779026 ], [ -95.353588835522146, 29.658379426201428 ] ] ] } },
{ "type": "Feature", "properties": { "hex_id": "88446cab33fffff", "price_mean": 1.3333333333333333, "price_median": 1.0, "n": 3, "top_restaurants": "ChIJET6r1duVQIYRE74zy9TYa8c|None;;ChIJDS1zxdWVQIYRzYGAB39W8vU|None;;ChIJc3n5_XmVQIYRSDa_F1K91D0|$", "z_r": -0.16666666666666674, "qtile": 0.0 }, "geometry": { "type": "Polygon", "coordinates": [ [ [ -95.35892696738928, 29.665963164563639 ], [ -95.354026970942158, 29.668618032064085 ], [ -95.354246067804453, 29.673737234025651 ], [ -95.359365612113606, 29.676201716119024 ], [ -95.364265969366983, 29.67354678152309 ], [ -95.36404642149553, 29.668427431943631 ], [ -95.35892696738928, 29.665963164563639 ] ] ] } },
{ "type": "Feature", "properties": { "hex_id": "88446cab39fffff", "price_mean": 1.3666666666666665, "price_median": 1.0, "n": 12, "top_restaurants": "ChIJG46jm5GVQIYR4xl2XA99Bnk|$$;;ChIJnZ2f1m2VQIYRxOz8PdPdOLs|None;;ChIJ6ZAiXAqVQIYRoNj7urNxmDU|None", "z_r": -0.13333333333333353, "qtile": 1.0 }, "geometry": { "type": "Polygon", "coordinates": [ [ [ -95.358269146205586, 29.650604832655358 ], [ -95.353369796959242, 29.653260022461616 ], [ -95.353588835522146, 29.658379426201428 ], [ -95.358707674210265, 29.66084378779026 ], [ -95.36360738417811, 29.658188530822184 ], [ -95.363387894726927, 29.653068979441464 ], [ -95.358269146205586, 29.650604832655358 ] ] ] } },
{ "type": "Feature", "properties": { "hex_id": "88446cab3bfffff", "price_mean": 1.5, "price_median": 1.5, "n": 2, "top_restaurants": "ChIJCY_n-HGVQIYRl1laH-LHY3I|None;;ChIJZwIJGNKVQIYRrXlVoiVwkg0|None", "z_r": 0.0, "qtile": 1.0 }, "geometry": { "type": "Polygon", "coordinates": [ [ [ -95.36360738417811, 29.658188530822184 ], [ -95.358707674210265, 29.66084378779026 ], [ -95.35892696738928, 29.665963164563639 ], [ -95.36404642149553, 29.668427431943631 ], [ -95.368946492152304, 29.665772107799302 ], [ -95.368726748004505, 29.660652583465595 ], [ -95.36360738417811, 29.658188530822184 ] ] ] } },
{ "type": "Feature", "properties": { "hex_id": "88446cab3dfffff", "price_mean": 1.0, "price_median": 1.0, "n": 1, "top_restaurants": "ChIJ6_pYrZiVQIYRnyD-nrURvL4|$", "z_r": -0.5, "qtile": 0.0 }, "geometry": { "type": "Polygon", "coordinates": [ [ [ -95.348251573645513, 29.650795566905821 ], [ -95.343352298908471, 29.653450300258559 ], [ -95.343570886623297, 29.658569556219376 ], [ -95.348689199913821, 29.661034226620824 ], [ -95.353588835522146, 29.658379426201428 ], [ -95.353369796959242, 29.653260022461616 ], [ -95.348251573645513, 29.650795566905821 ] ] ] } },
{ "type": "Feature", "properties": { "hex_id": "88446cab45fffff", "price_mean": 1.6, "price_median": 1.0, "n": 4, "top_restaurants": "ChIJi-0R2tOVQIYRRjI6npbD0AM|$$;;ChIJpcYwyyaVQIYRGaBVIvPvFAE|$;;ChIJY9OL5fCVQIYR-MD-_Zyd-ow|$1–10", "z_r": 0.1, "qtile": 1.0 }, "geometry": { "type": "Polygon", "coordinates": [ [ [ -95.351618187646579, 29.612302383785671 ], [ -95.346720492877466, 29.614958149937411 ], [ -95.346939160515305, 29.620077981046233 ], [ -95.352055973479068, 29.622542193784852 ], [ -95.35695402883276, 29.619886360352677 ], [ -95.356734910628703, 29.614766381476681 ], [ -95.351618187646579, 29.612302383785671 ] ] ] } },
{ "type": "Feature", "properties": { "hex_id": "88446cab47fffff", "price_mean": 1.0, "price_median": 1.0, "n": 4, "top_restaurants": "ChIJffdyaQCVQIYReGevEoMLZBQ|None;;ChIJ98muGACVQIYR_-yARON2XLA|None;;ChIJHyGB0vmUQIYR5daWPX0kMVM|None", "z_r": -0.5, "qtile": 0.0 }, "geometry": { "type": "Polygon", "coordinates": [ [ [ -95.35695402883276, 29.619886360352677 ], [ -95.352055973479068, 29.622542193784852 ], [ -95.352274895512792, 29.627661998903587 ], [ -95.357392323537468, 29.630126118291219 ], [ -95.362290739443239, 29.627470217564301 ], [ -95.362071366762848, 29.622350264758865 ], [ -95.35695402883276, 29.619886360352677 ] ] ] } },
{ "type": "Feature", "properties": { "hex_id": "88446cab4bfffff", "price_mean": 1.0, "price_median": 1.0, "n": 1, "top_restaurants": "ChIJ1Q4IAuyUQIYRw0N2KsgoLe8|None", "z_r": -0.5, "qtile": 0.0 }, "geometry": { "type": "Polygon", "coordinates": [ [ [ -95.371647770706275, 29.611917170695854 ], [ -95.366749927516395, 29.614573848765016 ], [ -95.366969496326817, 29.619693975270049 ], [ -95.372087358964137, 29.622157571211172 ], [ -95.376985562439145, 29.619500825671288 ], [ -95.376765542982326, 29.614380551675385 ], [ -95.371647770706275, 29.611917170695854 ] ] ] } },
{ "type": "Feature", "properties": { "hex_id": "88446cab4dfffff", "price_mean": 1.0, "price_median": 1.0, "n": 1, "top_restaurants": "ChIJ5cFEbgOVQIYRTl-A92hlE84|$", "z_r": -0.5, "qtile": 0.0 }, "geometry": { "type": "Polygon", "coordinates": [ [ [ -95.356296732504305, 29.604526224314707 ], [ -95.351399323842656, 29.607182379066614 ], [ -95.351618187646579, 29.612302383785671 ], [ -95.356734910628703, 29.614766381476681 ], [ -95.361632679757761, 29.612110159363468 ], [ -95.361413365427907, 29.606990006934904 ], [ -95.356296732504305, 29.604526224314707 ] ] ] } },
{ "type": "Feature", "properties": { "hex_id": "88446cab53fffff", "price_mean": 1.0, "price_median": 1.0, "n": 1, "top_restaurants": "ChIJ18c-vIeVQIYR1bNXTbRKyxY|$", "z_r": -0.5, "qtile": 0.0 }, "geometry": { "type": "Polygon", "coordinates": [ [ [ -95.387663754363714, 29.634667775549897 ], [ -95.38276483041642, 29.637324656074139 ], [ -95.382985163125724, 29.64244470344342 ], [ -95.388104870660527, 29.644908017552126 ], [ -95.39300415479488, 29.642251069514213 ], [ -95.392783371198036, 29.637130874895654 ], [ -95.387663754363714, 29.634667775549897 ] ] ] } },
{ "type": "Feature", "properties": { "hex_id": "88446cab59fffff", "price_mean": 1.1428571428571428, "price_median": 1.0, "n": 7, "top_restaurants": "ChIJT2eTbQCVQIYRtEt8RXibm2Q|None;;ChIJzS8599yVQIYRQhS3gYTbUBA|$;;ChIJ5_R0MeSVQIYRLKWPXYukVaI|$", "z_r": -0.35714285714285721, "qtile": 0.0 }, "geometry": { "type": "Polygon", "coordinates": [ [ [ -95.387002226611173, 29.619306911429437 ], [ -95.382103949524435, 29.621964113014752 ], [ -95.382324223618369, 29.627084360779101 ], [ -95.387443225556467, 29.629547554244645 ], [ -95.392341862745738, 29.62689028507921 ], [ -95.39212113788507, 29.621769890042721 ], [ -95.387002226611173, 29.619306911429437 ] ] ] } },
{ "type": "Feature", "properties": { "hex_id": "88446cab5bfffff", "price_mean": 1.0, "price_median": 1.0, "n": 2, "top_restaurants": "ChIJj5MQgJiVQIYRWCA-tep6EZE|$;;ChIJJzbSm3qVQIYR68SGzdjPWZk|$", "z_r": -0.5, "qtile": 0.0 }, "geometry": { "type": "Polygon", "coordinates": [ [ [ -95.392341862745738, 29.62689028507921 ], [ -95.387443225556467, 29.629547554244645 ], [ -95.387663754363714, 29.634667775549897 ], [ -95.392783371198036, 29.637130874895654 ], [ -95.397682368457126, 29.634473538135772 ], [ -95.397461388802768, 29.62935316963895 ], [ -95.392341862745738, 29.62689028507921 ] ] ] } },
{ "type": "Feature", "properties": { "hex_id": "88446cab65fffff", "price_mean": 1.0, "price_median": 1.0, "n": 1, "top_restaurants": "ChIJdX1RCxyVQIYR010dIXe05i0|$", "z_r": -0.5, "qtile": 0.0 }, "geometry": { "type": "Polygon", "coordinates": [ [ [ -95.326911223642583, 29.620458929775264 ], [ -95.322013392714581, 29.623113395005166 ], [ -95.322230963049677, 29.628232756235246 ], [ -95.327346814829227, 29.630697800350706 ], [ -95.332245006757987, 29.628043268111618 ], [ -95.332026985896988, 29.622923758780594 ], [ -95.326911223642583, 29.620458929775264 ] ] ] } },
{ "type": "Feature", "properties": { "hex_id": "88446cab69fffff", "price_mean": 1.6, "price_median": 1.0, "n": 4, "top_restaurants": "ChIJb-zYI0WUQIYR02vffLySaWQ|$$;;ChIJ1cb610SUQIYRnaHiEb2jcsM|€;;ChIJKYbhKluUQIYRRrjOYjF-dKw|None", "z_r": 0.1, "qtile": 1.0 }, "geometry": { "type": "Polygon", "coordinates": [ [ [ -95.34160429493086, 29.612493844089595 ], [ -95.336706674820775, 29.61514915427442 ], [ -95.336924891932611, 29.620268837477973 ], [ -95.342041179671099, 29.622733358416319 ], [ -95.346939160515305, 29.620077981046233 ], [ -95.346720492877466, 29.614958149937411 ], [ -95.34160429493086, 29.612493844089595 ] ] ] } },
{ "type": "Feature", "properties": { "hex_id": "88446cac01fffff", "price_mean": 1.6506476050830889, "price_median": 1.2577712609970675, "n": 24, "top_restaurants": "ChIJAQDw2OnEQIYRsiXfoWATlk8|$$$;;ChIJ46yuBsLEQIYRb9NVwsHhP-s|$20–30;;ChIJDfSJA-rEQIYR86lDUZc25UY|$$", "z_r": 0.15064760508308894, "qtile": 1.0 }, "geometry": { "type": "Polygon", "coordinates": [ [ [ -95.540154896586131, 29.793095458999819 ], [ -95.535248136900918, 29.795755593239178 ], [ -95.53547564666961, 29.80087561067899 ], [ -95.54061036884552, 29.803335638891113 ], [ -95.545517487411061, 29.800675436452934 ], [ -95.545289524911325, 29.795555274015978 ], [ -95.540154896586131, 29.793095458999819 ] ] ] } },
{ "type": "Feature", "properties": { "hex_id": "88446cac03fffff", "price_mean": 1.2195542521994134, "price_median": 1.0, "n": 10, "top_restaurants": "ChIJn55478PFQIYRX3IPnmAWl-c|$10–20;;ChIJMbhKVSPFQIYRwfdgnyPZ1s4|$10–20;;ChIJJdTmx97EQIYRhrCULMbQbSA|$$", "z_r": -0.28044574780058662, "qtile": 0.0 }, "geometry": { "type": "Polygon", "coordinates": [ [ [ -95.545517487411061, 29.800675436452934 ], [ -95.54061036884552, 29.803335638891113 ], [ -95.540838135324904, 29.808455624392387 ], [ -95.545973473172069, 29.810915552385985 ], [ -95.550880950583789, 29.808255281734258 ], [ -95.550652731293155, 29.803135151317015 ], [ -95.545517487411061, 29.800675436452934 ] ] ] } },
{ "type": "Feature", "properties": { "hex_id": "88446cac05fffff", "price_mean": 2.5485714285714285, "price_median": 3.4, "n": 7, "top_restaurants": "ChIJGbAOOfHEQIYRLJ2YpgTF1r4|$20–30;;ChIJ7ycMlIfFQIYRxg3AgGUwxOE|$$;;ChIJY4QpY6TFQIYR4k8jtHHedOY|$$", "z_r": 1.0485714285714285, "qtile": 3.0 }, "geometry": { "type": "Polygon", "coordinates": [ [ [ -95.530114030353815, 29.79329546505106 ], [ -95.525207339906601, 29.795955141077513 ], [ -95.525434396983158, 29.80107501338145 ], [ -95.530568597189983, 29.803535354809327 ], [ -95.53547564666961, 29.80087561067899 ], [ -95.535248136900918, 29.795755593239178 ], [ -95.530114030353815, 29.79329546505106 ] ] ] } },
{ "type": "Feature", "properties": { "hex_id": "88446cac09fffff", "price_mean": 1.3152941176470587, "price_median": 1.0, "n": 17, "top_restaurants": "ChIJm1_Ccm_FQIYRvEwynQJutUo|None;;ChIJIWQqcj7FQIYRzrBnONeasQY|$10–20;;ChIJrc_xSFHFQIYRmo1j5QSxoDU|$10–20", "z_r": -0.18470588235294128, "qtile": 0.0 }, "geometry": { "type": "Polygon", "coordinates": [ [ [ -95.544833660659833, 29.785314740604242 ], [ -95.539927190800753, 29.787975264770992 ], [ -95.540154896586131, 29.793095458999819 ], [ -95.545289524911325, 29.795555274015978 ], [ -95.550196353532755, 29.792894681570196 ], [ -95.549968195057616, 29.787774342401825 ], [ -95.544833660659833, 29.785314740604242 ] ] ] } },
{ "type": "Feature", "properties": { "hex_id": "88446cac0bfffff", "price_mean": 3.4, "price_median": 3.4, "n": 1, "top_restaurants": "ChIJgzzerdHFQIYRgwb-SVF7BWY|$$", "z_r": 1.9, "qtile": 3.0 }, "geometry": { "type": "Polygon", "coordinates": [ [ [ -95.550196353532755, 29.792894681570196 ], [ -95.545289524911325, 29.795555274015978 ], [ -95.545517487411061, 29.800675436452934 ], [ -95.550652731293155, 29.803135151317015 ], [ -95.555559918642757, 29.800474490577489 ], [ -95.555331503373097, 29.795354183282157 ], [ -95.550196353532755, 29.792894681570196 ] ] ] } },
{ "type": "Feature", "properties": { "hex_id": "88446cac0dfffff", "price_mean": 2.0550931677018633, "price_median": 2.0, "n": 7, "top_restaurants": "ChIJu0rZa7LFQIYRmxDocIGSqEs|$20–30;;ChIJBfc8AEzFQIYR6cfx9qIeTbM|$$;;ChIJr9UX_OvEQIYREk8BvlE49GI|None", "z_r": 0.55509316770186334, "qtile": 2.0 }, "geometry": { "type": "Polygon", "coordinates": [ [ [ -95.534793177990096, 29.785515349845284 ], [ -95.529886777219332, 29.788175415900522 ], [ -95.530114030353815, 29.79329546505106 ], [ -95.535248136900918, 29.795755593239178 ], [ -95.540154896586131, 29.793095458999819 ], [ -95.539927190800753, 29.787975264770992 ], [ -95.534793177990096, 29.785515349845284 ] ] ] } },
{ "type": "Feature", "properties": { "hex_id": "88446cac11fffff", "price_mean": 1.4, "price_median": 1.0, "n": 6, "top_restaurants": "ChIJO6-gJNXaQIYRI6SaBolg8Bg|$$;;ChIJTbFywb3bQIYRgMVnJv-usjw|$;;ChIJwXGwdNXaQIYR9_ZFV20pdXE|$", "z_r": -0.1, "qtile": 1.0 }, "geometry": { "type": "Polygon", "coordinates": [ [ [ -95.560924356108643, 29.808054167155731 ], [ -95.556016810065103, 29.810714896203717 ], [ -95.556245286223159, 29.815834994373404 ], [ -95.56138176134597, 29.818294508205653 ], [ -95.566289666049187, 29.815633710834479 ], [ -95.566060736960907, 29.810513467968796 ], [ -95.560924356108643, 29.808054167155731 ] ] ] } },
{ "type": "Feature", "properties": { "hex_id": "88446cac15fffff", "price_mean": 3.4, "price_median": 3.4, "n": 1, "top_restaurants": "ChIJqaQttSDFQIYRQSm9W1rM6Kk|$$", "z_r": 1.9, "qtile": 3.0 }, "geometry": { "type": "Polygon", "coordinates": [ [ [ -95.550880950583789, 29.808255281734258 ], [ -95.545973473172069, 29.810915552385985 ], [ -95.546201496438684, 29.816035505720897 ], [ -95.551337449999451, 29.818495333253416 ], [ -95.556245286223159, 29.815834994373404 ], [ -95.556016810065103, 29.810714896203717 ], [ -95.550880950583789, 29.808255281734258 ] ] ] } },
{ "type": "Feature", "properties": { "hex_id": "88446cac17fffff", "price_mean": 1.0, "price_median": 1.0, "n": 1, "top_restaurants": "ChIJa_x-YIDbQIYRPVzRrl17Gdc|None", "z_r": -0.5, "qtile": 0.0 }, "geometry": { "type": "Polygon", "coordinates": [ [ [ -95.556245286223159, 29.815834994373404 ], [ -95.551337449999451, 29.818495333253416 ], [ -95.551565730129852, 29.823615254194156 ], [ -95.55670229944657, 29.826074981023009 ], [ -95.561610494448004, 29.823414573899953 ], [ -95.56138176134597, 29.818294508205653 ], [ -95.556245286223159, 29.815834994373404 ] ] ] } },
{ "type": "Feature", "properties": { "hex_id": "88446cac19fffff", "price_mean": 2.62, "price_median": 2.62, "n": 2, "top_restaurants": "ChIJ7bKyiH7bQIYRZzB4vaZeNpk|$$;;ChIJG6XB4SjbQIYRCaTZ8rYbeKg|$10–20", "z_r": 1.12, "qtile": 3.0 }, "geometry": { "type": "Polygon", "coordinates": [ [ [ -95.565602939799689, 29.800272772926998 ], [ -95.560695683967936, 29.802933891961292 ], [ -95.560924356108643, 29.808054167155731 ], [ -95.566060736960907, 29.810513467968796 ], [ -95.570968351334258, 29.807852280531151 ], [ -95.570739226304752, 29.802731860698337 ], [ -95.565602939799689, 29.800272772926998 ] ] ] } },
{ "type": "Feature", "properties": { "hex_id": "88446cac1dfffff", "price_mean": 1.0, "price_median": 1.0, "n": 1, "top_restaurants": "ChIJYdkmc9bFQIYRXrIHgcPjOCA|None", "z_r": -0.5, "qtile": 0.0 }, "geometry": { "type": "Polygon", "coordinates": [ [ [ -95.555559918642757, 29.800474490577489 ], [ -95.550652731293155, 29.803135151317015 ], [ -95.550880950583789, 29.808255281734258 ], [ -95.556016810065103, 29.810714896203717 ], [ -95.560924356108643, 29.808054167155731 ], [ -95.560695683967936, 29.802933891961292 ], [ -95.555559918642757, 29.800474490577489 ] ] ] } },
{ "type": "Feature", "properties": { "hex_id": "88446cac23fffff", "price_mean": 2.0, "price_median": 2.0, "n": 1, "top_restaurants": "ChIJWwAycMXFQIYRT_KRayXRUso|None", "z_r": 0.5, "qtile": 2.0 }, "geometry": { "type": "Polygon", "coordinates": [ [ [ -95.520754277864881, 29.80885399445069 ], [ -95.515847008160065, 29.811512889874965 ], [ -95.516073672985826, 29.816632407873136 ], [ -95.521208060281921, 29.819093175712503 ], [ -95.526115689255107, 29.81643421234477 ], [ -95.525888571654718, 29.811314549095648 ], [ -95.520754277864881, 29.80885399445069 ] ] ] } },
{ "type": "Feature", "properties": { "hex_id": "88446cac25fffff", "price_mean": 1.65625, "price_median": 1.65625, "n": 2, "top_restaurants": "ChIJTwztVUjEQIYRLTOQ0xDJLJ8|$10–20;;ChIJz3_3bADFQIYRrtWfciutcw0|None", "z_r": 0.15625, "qtile": 1.0 }, "geometry": { "type": "Polygon", "coordinates": [ [ [ -95.505353673033312, 29.801471504719608 ], [ -95.500446832621975, 29.804129873888467 ], [ -95.500672788246007, 29.809249278338779 ], [ -95.505806036927538, 29.811710459105477 ], [ -95.51071323679308, 29.809052022102911 ], [ -95.510486828513805, 29.80393247218187 ], [ -95.505353673033312, 29.801471504719608 ] ] ] } },
{ "type": "Feature", "properties": { "hex_id": "88446cac27fffff", "price_mean": 1.42, "price_median": 1.42, "n": 2, "top_restaurants": "ChIJAXte3aLFQIYRahr7fotVj_4|$10–20;;ChIJEcVtHwDFQIYRKH0VjBc8Fx0|None", "z_r": -0.08, "qtile": 1.0 }, "geometry": { "type": "Polygon", "coordinates": [ [ [ -95.51071323679308, 29.809052022102911 ], [ -95.505806036927538, 29.811710459105477 ], [ -95.506032249017736, 29.816829831714038 ], [ -95.511166113699943, 29.819290912724167 ], [ -95.516073672985826, 29.816632407873136 ], [ -95.515847008160065, 29.811512889874965 ], [ -95.51071323679308, 29.809052022102911 ] ] ] } },
{ "type": "Feature", "properties": { "hex_id": "88446cac29fffff", "price_mean": 1.852, "price_median": 1.0, "n": 10, "top_restaurants": "ChIJL_780_bEQIYRKIiZ84MWLF8|$20–30;;ChIJp9HmMLbFQIYR_xw_HKEnZAs|$20–30;;ChIJCccamOvFQIYRVYPDuL-5wC4|$$", "z_r": 0.352, "qtile": 2.0 }, "geometry": { "type": "Polygon", "coordinates": [ [ [ -95.520073755400389, 29.793494699849727 ], [ -95.51516713449287, 29.796153917656909 ], [ -95.515393738916273, 29.801273644686276 ], [ -95.520527416891241, 29.803734299197561 ], [ -95.525434396983158, 29.80107501338145 ], [ -95.525207339906601, 29.795955141077513 ], [ -95.520073755400389, 29.793494699849727 ] ] ] } },
{ "type": "Feature", "properties": { "hex_id": "88446cac2bfffff", "price_mean": 1.4428571428571428, "price_median": 1.0, "n": 7, "top_restaurants": "ChIJ_9-DVQDFQIYReiwBFlHsLr8|$10–20;;ChIJNbjlx_3FQIYRHngPI9Ri7Gk|None;;ChIJZcGeb7TFQIYRK6vYkYvObRY|None", "z_r": -0.057142857142857162, "qtile": 1.0 }, "geometry": { "type": "Polygon", "coordinates": [ [ [ -95.525434396983158, 29.80107501338145 ], [ -95.520527416891241, 29.803734299197561 ], [ -95.520754277864881, 29.80885399445069 ], [ -95.525888571654718, 29.811314549095648 ], [ -95.530795910897012, 29.808655195255877 ], [ -95.530568597189983, 29.803535354809327 ], [ -95.525434396983158, 29.80107501338145 ] ] ] } },
{ "type": "Feature", "properties": { "hex_id": "88446cac2dfffff", "price_mean": 1.065625, "price_median": 1.0, "n": 4, "top_restaurants": "ChIJrT-dkVnEQIYRd0US5Rod9Fo|$;;ChIJ_3yyCVDEQIYRdzqIFK0FlNw|$;;ChIJR8SPklnEQIYREdUfW-wdZaU|$", "z_r": -0.434375, "qtile": 0.0 }, "geometry": { "type": "Polygon", "coordinates": [ [ [ -95.510034072290182, 29.793693163521809 ], [ -95.505127521223983, 29.796351923103437 ], [ -95.505353673033312, 29.801471504719608 ], [ -95.510486828513805, 29.80393247218187 ], [ -95.515393738916273, 29.801273644686276 ], [ -95.51516713449287, 29.796153917656909 ], [ -95.510034072290182, 29.793693163521809 ] ] ] } },
{ "type": "Feature", "properties": { "hex_id": "88446cac31fffff", "price_mean": 1.0, "price_median": 1.0, "n": 1, "top_restaurants": "ChIJF7jtc-_FQIYR9UAYXZsJznA|None", "z_r": -0.5, "qtile": 0.0 }, "geometry": { "type": "Polygon", "coordinates": [ [ [ -95.536158297260997, 29.816235245002716 ], [ -95.531250598902375, 29.818894666880901 ], [ -95.531477973206066, 29.824014297898227 ], [ -95.53661349875324, 29.826474652082986 ], [ -95.541521556194127, 29.823815162151611 ], [ -95.541293728996521, 29.818695386103208 ], [ -95.536158297260997, 29.816235245002716 ] ] ] } },
{ "type": "Feature", "properties": { "hex_id": "88446cac33fffff", "price_mean": 1.8, "price_median": 1.0, "n": 3, "top_restaurants": "ChIJgV3G-yPFQIYRRuD-3XgUWjs|$$;;ChIJo1D517HFQIYRifutkIAxIbo|$1–10;;ChIJkwl_wwjFQIYRFcaPFyZhqTY|$", "z_r": 0.3, "qtile": 2.0 }, "geometry": { "type": "Polygon", "coordinates": [ [ [ -95.541521556194127, 29.823815162151611 ], [ -95.53661349875324, 29.826474652082986 ], [ -95.536841129836816, 29.831594250640755 ], [ -95.541977271326388, 29.834054504231553 ], [ -95.546885687815376, 29.831394946232216 ], [ -95.546657603757652, 29.826275202724585 ], [ -95.541521556194127, 29.823815162151611 ] ] ] } },
{ "type": "Feature", "properties": { "hex_id": "88446cac35fffff", "price_mean": 1.1545454545454545, "price_median": 1.0, "n": 22, "top_restaurants": "ChIJQ1LuXAbFQIYR6cA_5901M5A|$$;;ChIJq0ukFeDFQIYRzdvQQjRa7ro|None;;ChIJywYTeAbFQIYRjzHXMsn_zxI|$", "z_r": -0.34545454545454546, "qtile": 0.0 }, "geometry": { "type": "Polygon", "coordinates": [ [ [ -95.526115689255107, 29.81643421234477 ], [ -95.521208060281921, 29.819093175712503 ], [ -95.521434981730721, 29.824212661560047 ], [ -95.526569984998503, 29.826673329224178 ], [ -95.531477973206066, 29.824014297898227 ], [ -95.531250598902375, 29.818894666880901 ], [ -95.526115689255107, 29.81643421234477 ] ] ] } },
{ "type": "Feature", "properties": { "hex_id": "88446cac39fffff", "price_mean": 1.8771428571428572, "price_median": 1.42, "n": 14, "top_restaurants": "ChIJYeVRHiHFQIYR1pvbPgyLFBQ|$$;;ChIJwaZ_9x_FQIYRMQVv5l8qAcM|$$;;ChIJiUhbY4PFQIYRWwk7Z_F5xVI|$$", "z_r": 0.37714285714285722, "qtile": 2.0 }, "geometry": { "type": "Polygon", "coordinates": [ [ [ -95.540838135324904, 29.808455624392387 ], [ -95.535930726846956, 29.811115436641334 ], [ -95.536158297260997, 29.816235245002716 ], [ -95.541293728996521, 29.818695386103208 ], [ -95.546201496438684, 29.816035505720897 ], [ -95.545973473172069, 29.810915552385985 ], [ -95.540838135324904, 29.808455624392387 ] ] ] } },
{ "type": "Feature", "properties": { "hex_id": "88446cac3bfffff", "price_mean": 1.7881344696969697, "price_median": 1.2088068181818183, "n": 12, "top_restaurants": "ChIJT0TSXCPFQIYRFGwGo8nraB0|$$;;ChIJHysLeCPFQIYRaSvdj9ojnWk|$$;;ChIJ2eDIlyTFQIYRN0chBA3gFOg|$$", "z_r": 0.28813446969696965, "qtile": 2.0 }, "geometry": { "type": "Polygon", "coordinates": [ [ [ -95.546201496438684, 29.816035505720897 ], [ -95.541293728996521, 29.818695386103208 ], [ -95.541521556194127, 29.823815162151611 ], [ -95.546657603757652, 29.826275202724585 ], [ -95.551565730129852, 29.823615254194156 ], [ -95.551337449999451, 29.818495333253416 ], [ -95.546201496438684, 29.816035505720897 ] ] ] } },
{ "type": "Feature", "properties": { "hex_id": "88446cac3dfffff", "price_mean": 1.0, "price_median": 1.0, "n": 1, "top_restaurants": "ChIJp4BQpQPFQIYRwWKj98pNbwA|$", "z_r": -0.5, "qtile": 0.0 }, "geometry": { "type": "Polygon", "coordinates": [ [ [ -95.530795910897012, 29.808655195255877 ], [ -95.525888571654718, 29.811314549095648 ], [ -95.526115689255107, 29.81643421234477 ], [ -95.531250598902375, 29.818894666880901 ], [ -95.536158297260997, 29.816235245002716 ], [ -95.535930726846956, 29.811115436641334 ], [ -95.530795910897012, 29.808655195255877 ] ] ] } },
{ "type": "Feature", "properties": { "hex_id": "88446cac41fffff", "price_mean": 2.88, "price_median": 3.4, "n": 3, "top_restaurants": "ChIJtYqb-qTFQIYRl-zrsmhHnNU|$$;;ChIJ2zNvw4PFQIYRadftZGyvn-4|$$;;ChIJ-9vnktvFQIYRE1TDGSx1XcY|$10–20", "z_r": 1.38, "qtile": 3.0 }, "geometry": { "type": "Polygon", "coordinates": [ [ [ -95.544150016112297, 29.769953420351296 ], [ -95.539244194789603, 29.77261426591911 ], [ -95.539471839905175, 29.777734668150028 ], [ -95.544605758902719, 29.780194369790692 ], [ -95.549511938903976, 29.777533455878249 ], [ -95.549283841220102, 29.772412908684295 ], [ -95.544150016112297, 29.769953420351296 ] ] ] } },
{ "type": "Feature", "properties": { "hex_id": "88446cac43fffff", "price_mean": 2.996, "price_median": 3.4, "n": 15, "top_restaurants": "ChIJY2Zvq77EQIYRN1Nm2OXfI00|$$$;;ChIJIX9EHADFQIYR6WEDBL6f_L0|$20–30;;ChIJ1TQyfLnEQIYRw06I0PxDOM4|$$", "z_r": 1.496, "qtile": 3.0 }, "geometry": { "type": "Polygon", "coordinates": [ [ [ -95.549511938903976, 29.777533455878249 ], [ -95.544605758902719, 29.780194369790692 ], [ -95.544833660659833, 29.785314740604242 ], [ -95.549968195057616, 29.787774342401825 ], [ -95.554874733703258, 29.785113360130115 ], [ -95.554646379297722, 29.779992844434634 ], [ -95.549511938903976, 29.777533455878249 ] ] ] } },
{ "type": "Feature", "properties": { "hex_id": "88446cac47fffff", "price_mean": 1.7284811985898942, "price_median": 1.0, "n": 37, "top_restaurants": "ChIJo7Y_15XEQIYRn-LjD1tyRBc|$$$;;ChIJ2SVTQdbFQIYRJo1QebhWXoI|$$;;ChIJEzl7-5PEQIYRvAxZ1EfmmvQ|$$", "z_r": 0.22848119858989424, "qtile": 2.0 }, "geometry": { "type": "Polygon", "coordinates": [ [ [ -95.539471839905175, 29.777734668150028 ], [ -95.534565728842594, 29.780395124052404 ], [ -95.534793177990096, 29.785515349845284 ], [ -95.539927190800753, 29.787975264770992 ], [ -95.544833660659833, 29.785314740604242 ], [ -95.544605758902719, 29.780194369790692 ], [ -95.539471839905175, 29.777734668150028 ] ] ] } },
{ "type": "Feature", "properties": { "hex_id": "88446cac49fffff", "price_mean": 2.51, "price_median": 2.7, "n": 4, "top_restaurants": "ChIJr-GCPqjEQIYRjO-FEkjcBBI|$20–30;;ChIJo3WxmafEQIYRQasFAI0TBmc|$$;;ChIJ38rsT3DFQIYRljs8vSsd23o|None", "z_r": 1.01, "qtile": 3.0 }, "geometry": { "type": "Polygon", "coordinates": [ [ [ -95.548827706624763, 29.762171606835249 ], [ -95.543922175073632, 29.764832841886722 ], [ -95.544150016112297, 29.769953420351296 ], [ -95.549283841220102, 29.772412908684295 ], [ -95.554189731331874, 29.769751605207937 ], [ -95.553961437766191, 29.764630881837995 ], [ -95.548827706624763, 29.762171606835249 ] ] ] } },
{ "type": "Feature", "properties": { "hex_id": "88446cac4bfffff", "price_mean": 1.42, "price_median": 1.42, "n": 2, "top_restaurants": "ChIJt_s0Y37JQIYRbu4WrXOzDfA|$10–20;;ChIJv86KZcHFQIYRcb-_ENWJrJs|None", "z_r": -0.08, "qtile": 1.0 }, "geometry": { "type": "Polygon", "coordinates": [ [ [ -95.554189731331874, 29.769751605207937 ], [ -95.549283841220102, 29.772412908684295 ], [ -95.549511938903976, 29.777533455878249 ], [ -95.554646379297722, 29.779992844434634 ], [ -95.559552627935943, 29.77733147251876 ], [ -95.559324077644959, 29.772210780500554 ], [ -95.554189731331874, 29.769751605207937 ] ] ] } },
{ "type": "Feature", "properties": { "hex_id": "88446cac51fffff", "price_mean": 1.0, "price_median": 1.0, "n": 4, "top_restaurants": "ChIJW1YJSTTbQIYR6Zv-iuFb1Tk|$;;ChIJMTSE-DTbQIYRl8LlQ2TXy3I|$;;ChIJJZ5nLzXbQIYR78-aA0qUP0E|None", "z_r": -0.5, "qtile": 0.0 }, "geometry": { "type": "Polygon", "coordinates": [ [ [ -95.564916396555645, 29.784911208297334 ], [ -95.560009789425223, 29.787572648667375 ], [ -95.560238400628933, 29.792693132636494 ], [ -95.565374071721337, 29.795152320912077 ], [ -95.57028103730967, 29.792490812073211 ], [ -95.570051973338678, 29.787370183442142 ], [ -95.564916396555645, 29.784911208297334 ] ] ] } },
{ "type": "Feature", "properties": { "hex_id": "88446cac53fffff", "price_mean": 1.5, "price_median": 1.5, "n": 4, "top_restaurants": "ChIJbUfjXATbQIYRT2DcSY-R6YM|None;;ChIJIzI6SwDbQIYRDI-NanI5vWI|None;;ChIJSb8dAi3bQIYR-Q8OchXKGtE|$", "z_r": 0.0, "qtile": 1.0 }, "geometry": { "type": "Polygon", "coordinates": [ [ [ -95.57028103730967, 29.792490812073211 ], [ -95.565374071721337, 29.795152320912077 ], [ -95.565602939799689, 29.800272772926998 ], [ -95.570739226304752, 29.802731860698337 ], [ -95.575646550316634, 29.800070283375955 ], [ -95.575417229390922, 29.794949686780303 ], [ -95.57028103730967, 29.792490812073211 ] ] ] } },
{ "type": "Feature", "properties": { "hex_id": "88446cac57fffff", "price_mean": 3.4, "price_median": 3.4, "n": 1, "top_restaurants": "ChIJGezIXy3bQIYR2FtmtODeMFs|$$", "z_r": 1.9, "qtile": 3.0 }, "geometry": { "type": "Polygon", "coordinates": [ [ [ -95.560238400628933, 29.792693132636494 ], [ -95.555331503373097, 29.795354183282157 ], [ -95.555559918642757, 29.800474490577489 ], [ -95.560695683967936, 29.802933891961292 ], [ -95.565602939799689, 29.800272772926998 ], [ -95.565374071721337, 29.795152320912077 ], [ -95.560238400628933, 29.792693132636494 ] ] ] } },
{ "type": "Feature", "properties": { "hex_id": "88446cac59fffff", "price_mean": 1.0, "price_median": 1.0, "n": 2, "top_restaurants": "ChIJVyCkj0jbQIYRz2mVnpYUkho|$100+;;ChIJLdkNUEbbQIYRua67pc-ZJW4|$1–10", "z_r": -0.5, "qtile": 0.0 }, "geometry": { "type": "Polygon", "coordinates": [ [ [ -95.56959390643631, 29.777128717946148 ], [ -95.564687589462906, 29.779790547858745 ], [ -95.564916396555645, 29.784911208297334 ], [ -95.570051973338678, 29.787370183442142 ], [ -95.574958648652014, 29.784708284980518 ], [ -95.574729388833404, 29.779587479937661 ], [ -95.56959390643631, 29.777128717946148 ] ] ] } },
{ "type": "Feature", "properties": { "hex_id": "88446cac5dfffff", "price_mean": 2.680203366058906, "price_median": 3.4, "n": 31, "top_restaurants": "ChIJXUta17LEQIYRXrc_TtW3ID8|$$$$;;ChIJQY8t2kzbQIYRIW5Ax-8fRN4|$$$$;;ChIJz0peBLTEQIYReNQTuVx4EUM|$50–100", "z_r": 1.180203366058906, "qtile": 3.0 }, "geometry": { "type": "Polygon", "coordinates": [ [ [ -95.559552627935943, 29.77733147251876 ], [ -95.554646379297722, 29.779992844434634 ], [ -95.554874733703258, 29.785113360130115 ], [ -95.560009789425223, 29.787572648667375 ], [ -95.564916396555645, 29.784911208297334 ], [ -95.564687589462906, 29.779790547858745 ], [ -95.559552627935943, 29.77733147251876 ] ] ] } },
{ "type": "Feature", "properties": { "hex_id": "88446cac61fffff", "price_mean": 1.5666666666666667, "price_median": 1.0, "n": 12, "top_restaurants": "ChIJezOStovEQIYRwsR7Y5gtd9I|$$;;ChIJoxPxRIrEQIYRG2f8Lh5gdT0|$$;;ChIJ1f71sIvEQIYRfnKUD1FTekM|None", "z_r": 0.066666666666666652, "qtile": 1.0 }, "geometry": { "type": "Polygon", "coordinates": [ [ [ -95.519393414264968, 29.778134779932827 ], [ -95.514487441984585, 29.780794319795611 ], [ -95.51471398602969, 29.785914255130979 ], [ -95.519846954877821, 29.788374795916184 ], [ -95.524753286258616, 29.785715187978905 ], [ -95.524526289681788, 29.780595107345441 ], [ -95.519393414264968, 29.778134779932827 ] ] ] } },
{ "type": "Feature", "properties": { "hex_id": "88446cac63fffff", "price_mean": 2.1066666666666669, "price_median": 1.92, "n": 12, "top_restaurants": "ChIJh7mYn_XEQIYRnEnHXCQF15s|$$;;ChIJtwqNLAjFQIYRJz0XmKIkU6M|$$;;ChIJh7mYn_XEQIYRL2mR5Mfq5Tc|$$", "z_r": 0.60666666666666691, "qtile": 3.0 }, "geometry": { "type": "Polygon", "coordinates": [ [ [ -95.524753286258616, 29.785715187978905 ], [ -95.519846954877821, 29.788374795916184 ], [ -95.520073755400389, 29.793494699849727 ], [ -95.525207339906601, 29.795955141077513 ], [ -95.530114030353815, 29.79329546505106 ], [ -95.529886777219332, 29.788175415900522 ], [ -95.524753286258616, 29.785715187978905 ] ] ] } },
{ "type": "Feature", "properties": { "hex_id": "88446cac6bfffff", "price_mean": 2.1039285714285714, "price_median": 1.84, "n": 14, "top_restaurants": "ChIJk7VmvZHEQIYR0UtiLlUIULE|$$;;ChIJWeqXC5TEQIYRcpY_cIRKUpc|$$;;ChIJ5Vv_4pPEQIYRJIj4cdnZ3_w|$$", "z_r": 0.60392857142857137, "qtile": 3.0 }, "geometry": { "type": "Polygon", "coordinates": [ [ [ -95.529432331504069, 29.777935109459644 ], [ -95.524526289681788, 29.780595107345441 ], [ -95.524753286258616, 29.785715187978905 ], [ -95.529886777219332, 29.788175415900522 ], [ -95.534793177990096, 29.785515349845284 ], [ -95.534565728842594, 29.780395124052404 ], [ -95.529432331504069, 29.777935109459644 ] ] ] } },
{ "type": "Feature", "properties": { "hex_id": "88446caca5fffff", "price_mean": 1.42, "price_median": 1.42, "n": 2, "top_restaurants": "ChIJ2b9pET_PQIYRlayRz1X4I5M|$10–20;;ChIJwfpvWfTPQIYRfTtQpLxAMPo|None", "z_r": -0.08, "qtile": 1.0 }, "geometry": { "type": "Polygon", "coordinates": [ [ [ -95.542888944614461, 29.854532346068453 ], [ -95.537979588736874, 29.857191190383869 ], [ -95.538207341232152, 29.862310367159601 ], [ -95.543344902813374, 29.864770844536782 ], [ -95.548254617906963, 29.862111932283955 ], [ -95.548026412194261, 29.856992610605911 ], [ -95.542888944614461, 29.854532346068453 ] ] ] } },
{ "type": "Feature", "properties": { "hex_id": "88446caca9fffff", "price_mean": 1.0, "price_median": 1.0, "n": 2, "top_restaurants": "ChIJoUd-g_7bQIYRm7gLY_CVBz8|None;;ChIJeQIeK4LPQIYRLZJvAn6N9aI|None", "z_r": -0.5, "qtile": 0.0 }, "geometry": { "type": "Polygon", "coordinates": [ [ [ -95.557616569598082, 29.846554113306912 ], [ -95.552707435115479, 29.84921380748662 ], [ -95.552935836998216, 29.854333307298962 ], [ -95.558073826569398, 29.856793257652246 ], [ -95.562983319997386, 29.854133495360102 ], [ -95.562754464899783, 29.849013850841668 ], [ -95.557616569598082, 29.846554113306912 ] ] ] } },
{ "type": "Feature", "properties": { "hex_id": "88446cacadfffff", "price_mean": 1.84, "price_median": 1.84, "n": 2, "top_restaurants": "ChIJpcQVjVzFQIYRu1D4Z76wsvo|$10–20;;ChIJOZl4v17FQIYRkgxpTBTlioY|$10–20", "z_r": 0.34, "qtile": 2.0 }, "geometry": { "type": "Polygon", "coordinates": [ [ [ -95.547570061613897, 29.846753755811513 ], [ -95.542660995907767, 29.849412991100962 ], [ -95.542888944614461, 29.854532346068453 ], [ -95.548026412194261, 29.856992610605911 ], [ -95.552935836998216, 29.854333307298962 ], [ -95.552707435115479, 29.84921380748662 ], [ -95.547570061613897, 29.846753755811513 ] ] ] } },
{ "type": "Feature", "properties": { "hex_id": "88446cace1fffff", "price_mean": 1.67, "price_median": 1.84, "n": 4, "top_restaurants": "ChIJXVsy1xjFQIYRH3qJwAoo72k|None;;ChIJvwXEoDXFQIYR_nte71Gxq3A|$10–20;;ChIJxdREoDXFQIYRy-W09w5rqWI|$10–20", "z_r": 0.17, "qtile": 1.0 }, "geometry": { "type": "Polygon", "coordinates": [ [ [ -95.55693083651731, 29.83119486934174 ], [ -95.552022351249292, 29.833854886035073 ], [ -95.552250692243717, 29.838974596774126 ], [ -95.557387971590359, 29.841434435564256 ], [ -95.562296815719932, 29.838774350693221 ], [ -95.562068021632271, 29.833654495224312 ], [ -95.55693083651731, 29.83119486934174 ] ] ] } },
{ "type": "Feature", "properties": { "hex_id": "88446cace5fffff", "price_mean": 1.13125, "price_median": 1.13125, "n": 2, "top_restaurants": "ChIJsfJMRvnFQIYRdfuXh_qTsHM|$;;ChIJ2WqTiT_FQIYR1EJG-qABpbU|$", "z_r": -0.36875, "qtile": 0.0 }, "geometry": { "type": "Polygon", "coordinates": [ [ [ -95.546885687815376, 29.831394946232216 ], [ -95.541977271326388, 29.834054504231553 ], [ -95.54220515926643, 29.839174070101976 ], [ -95.547341916740791, 29.841634222856236 ], [ -95.552250692243717, 29.838974596774126 ], [ -95.552022351249292, 29.833854886035073 ], [ -95.546885687815376, 29.831394946232216 ] ] ] } },
{ "type": "Feature", "properties": { "hex_id": "88446cace9fffff", "price_mean": 1.315625, "price_median": 1.13125, "n": 4, "top_restaurants": "ChIJdQ86NhnbQIYR3FCKGiOAebg|None;;ChIJIcxzUcraQIYRWdz-2cZ_5EM|$;;ChIJaa6aaZnbQIYRGpvRi_lpwEk|None", "z_r": -0.184375, "qtile": 0.0 }, "geometry": { "type": "Polygon", "coordinates": [ [ [ -95.561610494448004, 29.823414573899953 ], [ -95.55670229944657, 29.826074981023009 ], [ -95.55693083651731, 29.83119486934174 ], [ -95.562068021632271, 29.833654495224312 ], [ -95.56697657537714, 29.830994019843448 ], [ -95.566747585254589, 29.825873986852393 ], [ -95.561610494448004, 29.823414573899953 ] ] ] } },
{ "type": "Feature", "properties": { "hex_id": "88446cacebfffff", "price_mean": 1.0, "price_median": 1.0, "n": 1, "top_restaurants": "ChIJ22idtcnaQIYRDWdOnAIM27s|$", "z_r": -0.5, "qtile": 0.0 }, "geometry": { "type": "Polygon", "coordinates": [ [ [ -95.56697657537714, 29.830994019843448 ], [ -95.562068021632271, 29.833654495224312 ], [ -95.562296815719932, 29.838774350693221 ], [ -95.567434616675413, 29.841233875386873 ], [ -95.572343529129341, 29.8385733317334 ], [ -95.57211428190972, 29.833453331673436 ], [ -95.56697657537714, 29.830994019843448 ] ] ] } },
{ "type": "Feature", "properties": { "hex_id": "88446cacedfffff", "price_mean": 2.32, "price_median": 2.32, "n": 2, "top_restaurants": "ChIJ4Q-qblrFQIYRU0lHScZKYNA|$20–30;;ChIJM5ye0DXFQIYRd9Z0pvefkFU|$", "z_r": 0.82, "qtile": 3.0 }, "geometry": { "type": "Polygon", "coordinates": [ [ [ -95.551565730129852, 29.823615254194156 ], [ -95.546657603757652, 29.826275202724585 ], [ -95.546885687815376, 29.831394946232216 ], [ -95.552022351249292, 29.833854886035073 ], [ -95.55693083651731, 29.83119486934174 ], [ -95.55670229944657, 29.826074981023009 ], [ -95.551565730129852, 29.823615254194156 ] ] ] } },
{ "type": "Feature", "properties": { "hex_id": "88446cad01fffff", "price_mean": 1.5625, "price_median": 1.0, "n": 8, "top_restaurants": "ChIJC-r0LpvGQIYR7kWEg74tNys|$$;;ChIJp8FcdtXHQIYRlALpnnJLvts|$10–20;;ChIJs8GxCJDGQIYRJzXeFxr1_HU|$", "z_r": 0.0625, "qtile": 1.0 }, "geometry": { "type": "Polygon", "coordinates": [ [ [ -95.469881269561, 29.794479309469434 ], [ -95.464975000875071, 29.797136236088004 ], [ -95.465199342620565, 29.802255234665544 ], [ -95.470330405499709, 29.804717452606432 ], [ -95.475237034128455, 29.802060458454001 ], [ -95.475012239926016, 29.796941313909013 ], [ -95.469881269561, 29.794479309469434 ] ] ] } },
{ "type": "Feature", "properties": { "hex_id": "88446cad03fffff", "price_mean": 1.14, "price_median": 1.0, "n": 6, "top_restaurants": "ChIJR3miYpXHQIYRUzoPjXBVEPs|$10–20;;ChIJg4Yygt_HQIYR41nc2HOmjPs|None;;ChIJocWzLYPGQIYRIH_YC386gi8|$", "z_r": -0.36, "qtile": 0.0 }, "geometry": { "type": "Polygon", "coordinates": [ [ [ -95.475237034128455, 29.802060458454001 ], [ -95.470330405499709, 29.804717452606432 ], [ -95.470555003393642, 29.809836419813152 ], [ -95.47568668244449, 29.812298538768328 ], [ -95.480593670982472, 29.809641477067277 ], [ -95.480368620551161, 29.804522363974158 ], [ -95.475237034128455, 29.802060458454001 ] ] ] } },
{ "type": "Feature", "properties": { "hex_id": "88446cad05fffff", "price_mean": 1.21, "price_median": 1.0, "n": 4, "top_restaurants": "ChIJrdaugJLGQIYRx1ae8mKR-4Y|$10–20;;ChIJY6LwiZLGQIYRSJDrxt8QAIk|$;;ChIJ2RNh9JLGQIYRuL-m90Ro-sM|$", "z_r": -0.29, "qtile": 0.0 }, "geometry": { "type": "Polygon", "coordinates": [ [ [ -95.459844554124615, 29.794673919403778 ], [ -95.454938356787181, 29.797330387766859 ], [ -95.455162246115194, 29.80244924023847 ], [ -95.460292785188898, 29.80491177046741 ], [ -95.465199342620565, 29.802255234665544 ], [ -95.464975000875071, 29.797136236088004 ], [ -95.459844554124615, 29.794673919403778 ] ] ] } },
{ "type": "Feature", "properties": { "hex_id": "88446cad07fffff", "price_mean": 1.48, "price_median": 1.0, "n": 5, "top_restaurants": "ChIJv8QruI3GQIYR_OMZk4fvajI|$$;;ChIJCbdfsUW_QIYRrevB02-CIV0|None;;ChIJE7hjrY_GQIYRSEhCDzZ2KfE|$", "z_r": -0.02, "qtile": 1.0 }, "geometry": { "type": "Polygon", "coordinates": [ [ [ -95.465199342620565, 29.802255234665544 ], [ -95.460292785188898, 29.80491177046741 ], [ -95.460516930584902, 29.810030591649237 ], [ -95.465648085901265, 29.812493023068576 ], [ -95.470555003393642, 29.809836419813152 ], [ -95.470330405499709, 29.804717452606432 ], [ -95.465199342620565, 29.802255234665544 ] ] ] } },
{ "type": "Feature", "properties": { "hex_id": "88446cad0bfffff", "price_mean": 1.34, "price_median": 1.0, "n": 12, "top_restaurants": "ChIJzRB2PwjFQIYRhm00xr9YxkM|$$;;ChIJGfnmlSXEQIYRJvuoUhmbPKw|$10–20;;ChIJD87yCSjEQIYRnCitFmyna1I|$10–20", "z_r": -0.16, "qtile": 0.0 }, "geometry": { "type": "Polygon", "coordinates": [ [ [ -95.479918579659113, 29.794283929040741 ], [ -95.475012239926016, 29.796941313909013 ], [ -95.475237034128455, 29.802060458454001 ], [ -95.480368620551161, 29.804522363974158 ], [ -95.485275320075587, 29.801864911476962 ], [ -95.485050073376811, 29.796745621103028 ], [ -95.479918579659113, 29.794283929040741 ] ] ] } },
{ "type": "Feature", "properties": { "hex_id": "88446cad0dfffff", "price_mean": 2.0285714285714285, "price_median": 1.0, "n": 7, "top_restaurants": "ChIJH04A987HQIYRw8UsqiAY7zQ|$$;;ChIJUfvqsqTGQIYRGibmHEWOWiU|$$;;ChIJnQP406LGQIYR6QTWEn-24-4|$$", "z_r": 0.52857142857142847, "qtile": 2.0 }, "geometry": { "type": "Polygon", "coordinates": [ [ [ -95.464526377160581, 29.786898030583608 ], [ -95.459620468451021, 29.789554889683068 ], [ -95.459844554124615, 29.794673919403778 ], [ -95.464975000875071, 29.797136236088004 ], [ -95.469881269561, 29.794479309469434 ], [ -95.469656731510895, 29.789360133700232 ], [ -95.464526377160581, 29.786898030583608 ] ] ] } },
{ "type": "Feature", "properties": { "hex_id": "88446cad13fffff", "price_mean": 1.368, "price_median": 1.0, "n": 5, "top_restaurants": "ChIJJ_ig4_TFQIYRhMwx6tGW6Ts|None;;ChIJb3APIrbFQIYR70cdocc39zM|$10–20;;ChIJ6WD99qHFQIYRXssVbPPL07E|None", "z_r": -0.132, "qtile": 1.0 }, "geometry": { "type": "Polygon", "coordinates": [ [ [ -95.495991417915235, 29.817026483993871 ], [ -95.491083998909204, 29.819684071793173 ], [ -95.49130956202788, 29.824803121299542 ], [ -95.496442996880944, 29.827264728606796 ], [ -95.501350775577109, 29.824607073134267 ], [ -95.501124759720923, 29.819487878042228 ], [ -95.495991417915235, 29.817026483993871 ] ] ] } },
{ "type": "Feature", "properties": { "hex_id": "88446cad15fffff", "price_mean": 1.0, "price_median": 1.0, "n": 7, "top_restaurants": "ChIJHR-vYdTFQIYRc0QE6mZSkVI|$;;ChIJp7TjJNPFQIYRopB8b0wyQbM|None;;ChIJp3wvpNPFQIYROIBqsEnp8WQ|None", "z_r": -0.5, "qtile": 0.0 }, "geometry": { "type": "Polygon", "coordinates": [ [ [ -95.480593670982472, 29.809641477067277 ], [ -95.47568668244449, 29.812298538768328 ], [ -95.475911536563402, 29.817417474376594 ], [ -95.481043831828899, 29.81987949410361 ], [ -95.485951180242452, 29.817222364839154 ], [ -95.485725873505757, 29.812103283425575 ], [ -95.480593670982472, 29.809641477067277 ] ] ] } },
{ "type": "Feature", "properties": { "hex_id": "88446cad17fffff", "price_mean": 1.3675, "price_median": 1.2625, "n": 3, "top_restaurants": "ChIJpbzrjNPFQIYREd_YFMgeXs8|$10–20;;ChIJoQkeLoHFQIYRicQBKsm5Kfo|$;;ChIJGWXM19PFQIYRBV0kMF5iY9c|$", "z_r": -0.1325, "qtile": 1.0 }, "geometry": { "type": "Polygon", "coordinates": [ [ [ -95.485951180242452, 29.817222364839154 ], [ -95.481043831828899, 29.81987949410361 ], [ -95.481268942249358, 29.824998397885768 ], [ -95.486401853772421, 29.827460318142194 ], [ -95.49130956202788, 29.824803121299542 ], [ -95.491083998909204, 29.819684071793173 ], [ -95.485951180242452, 29.817222364839154 ] ] ] } },
{ "type": "Feature", "properties": { "hex_id": "88446cad19fffff", "price_mean": 1.125, "price_median": 1.0, "n": 8, "top_restaurants": "ChIJ4fs2Zn7FQIYRNmGrhfYKZrA|None;;ChIJz3rWVU3FQIYRX2EikwEZ0CM|$;;ChIJ8WEj8zfEQIYRzAP1VyYFBDI|$", "z_r": -0.375, "qtile": 0.0 }, "geometry": { "type": "Polygon", "coordinates": [ [ [ -95.495314199898445, 29.801668593607697 ], [ -95.490407429779793, 29.804326504443726 ], [ -95.490632932787832, 29.809445763284717 ], [ -95.495765658521393, 29.811907256913507 ], [ -95.500672788246007, 29.809249278338779 ], [ -95.500446832621975, 29.804129873888467 ], [ -95.495314199898445, 29.801668593607697 ] ] ] } },
{ "type": "Feature", "properties": { "hex_id": "88446cad1bfffff", "price_mean": 1.1428571428571428, "price_median": 1.0, "n": 7, "top_restaurants": "ChIJSRycg53FQIYR3yhWzn3GjgM|None;;ChIJVz1T_ErEQIYR_Av7pz-pMF8|$;;ChIJM-1dxUrEQIYRACvsed-5Myo|None", "z_r": -0.35714285714285721, "qtile": 0.0 }, "geometry": { "type": "Polygon", "coordinates": [ [ [ -95.500672788246007, 29.809249278338779 ], [ -95.495765658521393, 29.811907256913507 ], [ -95.495991417915235, 29.817026483993871 ], [ -95.501124759720923, 29.819487878042228 ], [ -95.506032249017736, 29.816829831714038 ], [ -95.505806036927538, 29.811710459105477 ], [ -95.500672788246007, 29.809249278338779 ] ] ] } },
{ "type": "Feature", "properties": { "hex_id": "88446cad1dfffff", "price_mean": 1.5022222222222221, "price_median": 1.0, "n": 18, "top_restaurants": "ChIJ9345YFvFQIYRtDAvLS6AS0k|$$;;ChIJKXu9Yy_EQIYRd4RdML-QACs|$$;;ChIJL0t7bS_EQIYR9DWIjBbwXBk|$$", "z_r": 0.0022222222222221255, "qtile": 1.0 }, "geometry": { "type": "Polygon", "coordinates": [ [ [ -95.485275320075587, 29.801864911476962 ], [ -95.480368620551161, 29.804522363974158 ], [ -95.480593670982472, 29.809641477067277 ], [ -95.485725873505757, 29.812103283425575 ], [ -95.490632932787832, 29.809445763284717 ], [ -95.490407429779793, 29.804326504443726 ], [ -95.485275320075587, 29.801864911476962 ] ] ] } },
{ "type": "Feature", "properties": { "hex_id": "88446cad21fffff", "price_mean": 1.1666666666666667, "price_median": 1.0, "n": 6, "top_restaurants": "ChIJg_Tq__rGQIYRaKG7iiRVlBU|$$;;ChIJk5Ag2fvGQIYR7h2sYgZtUuE|$;;ChIJ12Yy3fvGQIYRGUKZZqpghgI|$", "z_r": -0.33333333333333326, "qtile": 0.0 }, "geometry": { "type": "Polygon", "coordinates": [ [ [ -95.44512574517546, 29.802642475299844 ], [ -95.440219331041874, 29.805298094383499 ], [ -95.440442571560652, 29.810416623100267 ], [ -95.445572678622568, 29.812879679049583 ], [ -95.450479453119527, 29.810223992702561 ], [ -95.45025576018196, 29.805105317684056 ], [ -95.44512574517546, 29.802642475299844 ] ] ] } },
{ "type": "Feature", "properties": { "hex_id": "88446cad23fffff", "price_mean": 1.0, "price_median": 1.0, "n": 5, "top_restaurants": "ChIJo0vAI1jGQIYR5yJiEOMuZq8|$;;ChIJl81Tq9nHQIYRYoMbFaADY58|None;;ChIJITIzSarHQIYReZ7hVCTinBM|None", "z_r": -0.5, "qtile": 0.0 }, "geometry": { "type": "Polygon", "coordinates": [ [ [ -95.450479453119527, 29.810223992702561 ], [ -95.445572678622568, 29.812879679049583 ], [ -95.445796175124826, 29.817998176411038 ], [ -95.450926898614185, 29.820461133660636 ], [ -95.455834033441164, 29.817805380035459 ], [ -95.455610084439556, 29.812686736453298 ], [ -95.450479453119527, 29.810223992702561 ] ] ] } },
{ "type": "Feature", "properties": { "hex_id": "88446cad25fffff", "price_mean": 1.6, "price_median": 1.0, "n": 4, "top_restaurants": "ChIJf4lNZ77HQIYRvsPo8lDOIpU|$$;;ChIJX51YIfzGQIYRqBovC-a89cU|$;;ChIJLV-iiQHHQIYRpoEojtYObf4|$", "z_r": 0.1, "qtile": 1.0 }, "geometry": { "type": "Polygon", "coordinates": [ [ [ -95.435089840364199, 29.802834939976844 ], [ -95.430183498331459, 29.80549010069306 ], [ -95.430406286471111, 29.810608482969712 ], [ -95.435535869013336, 29.813071850984727 ], [ -95.440442571560652, 29.810416623100267 ], [ -95.440219331041874, 29.805298094383499 ], [ -95.435089840364199, 29.802834939976844 ] ] ] } },
{ "type": "Feature", "properties": { "hex_id": "88446cad27fffff", "price_mean": 1.0, "price_median": 1.0, "n": 4, "top_restaurants": "ChIJE5KfSFXGQIYR2UKQ2wTMf58|$;;ChIJU927mxXHQIYRTC_TdTHwF90|None;;ChIJNbw2F_jGQIYRp_EYYBzWsFE|$1–10", "z_r": -0.5, "qtile": 0.0 }, "geometry": { "type": "Polygon", "coordinates": [ [ [ -95.440442571560652, 29.810416623100267 ], [ -95.435535869013336, 29.813071850984727 ], [ -95.435758913055906, 29.818190201987068 ], [ -95.440889112096229, 29.820653471478526 ], [ -95.445796175124826, 29.817998176411038 ], [ -95.445572678622568, 29.812879679049583 ], [ -95.440442571560652, 29.810416623100267 ] ] ] } },
{ "type": "Feature", "properties": { "hex_id": "88446cad29fffff", "price_mean": 1.9375, "price_median": 1.0, "n": 8, "top_restaurants": "ChIJt4Yjze3GQIYRwfN_x7mrkvA|€€;;ChIJpTDCv-_GQIYRTFU4u3XtZvU|$$;;ChIJE53w0OvGQIYRUOh52q19u_I|$$", "z_r": 0.4375, "qtile": 2.0 }, "geometry": { "type": "Polygon", "coordinates": [ [ [ -95.449808433913077, 29.794867758970693 ], [ -95.444902308225352, 29.79752376907258 ], [ -95.44512574517546, 29.802642475299844 ], [ -95.45025576018196, 29.805105317684056 ], [ -95.455162246115194, 29.80244924023847 ], [ -95.454938356787181, 29.797330387766859 ], [ -95.449808433913077, 29.794867758970693 ] ] ] } },
{ "type": "Feature", "properties": { "hex_id": "88446cad2bfffff", "price_mean": 1.3002100840336135, "price_median": 1.0, "n": 7, "top_restaurants": "ChIJtSc3i_XHQIYRPObH8_vEwNM|$$;;ChIJ_dxE5YzGQIYRVi_kwvKPXJQ|$;;ChIJec4HBBjHQIYR5nhMFHdMHm0|$", "z_r": -0.19978991596638651, "qtile": 0.0 }, "geometry": { "type": "Polygon", "coordinates": [ [ [ -95.455162246115194, 29.80244924023847 ], [ -95.45025576018196, 29.805105317684056 ], [ -95.450479453119527, 29.810223992702561 ], [ -95.455610084439556, 29.812686736453298 ], [ -95.460516930584902, 29.810030591649237 ], [ -95.460292785188898, 29.80491177046741 ], [ -95.455162246115194, 29.80244924023847 ] ] ] } },
{ "type": "Feature", "properties": { "hex_id": "88446cad31fffff", "price_mean": 1.7615384615384615, "price_median": 1.0, "n": 13, "top_restaurants": "ChIJWQjGq2TGQIYRcW60rbepsWE|$$;;ChIJT0HcakrHQIYRRDkkTsSBsvk|$$;;ChIJtR17X0zHQIYRAideOrmXV3c|$$", "z_r": 0.2615384615384615, "qtile": 2.0 }, "geometry": { "type": "Polygon", "coordinates": [ [ [ -95.465872487441786, 29.817611812733023 ], [ -95.460965281117822, 29.820268024910334 ], [ -95.461189486260025, 29.825386636828537 ], [ -95.466321350336401, 29.827849182585144 ], [ -95.471228916805487, 29.825192903019776 ], [ -95.471004259043866, 29.820074145100349 ], [ -95.465872487441786, 29.817611812733023 ] ] ] } },
{ "type": "Feature", "properties": { "hex_id": "88446cad35fffff", "price_mean": 1.46, "price_median": 1.42, "n": 4, "top_restaurants": "ChIJmWZOcWTHQIYRtC908REK_o8|None;;ChIJsTdW31zHQIYRzVP0wzJQXuY|$10–20;;ChIJj8G5I2fGQIYRp12ZOYSmwA8|None", "z_r": -0.04, "qtile": 1.0 }, "geometry": { "type": "Polygon", "coordinates": [ [ [ -95.455834033441164, 29.817805380035459 ], [ -95.450926898614185, 29.820461133660636 ], [ -95.451150651176533, 29.825579599439187 ], [ -95.456281991136493, 29.828042457746683 ], [ -95.461189486260025, 29.825386636828537 ], [ -95.460965281117822, 29.820268024910334 ], [ -95.455834033441164, 29.817805380035459 ] ] ] } },
{ "type": "Feature", "properties": { "hex_id": "88446cad39fffff", "price_mean": 1.6, "price_median": 1.0, "n": 8, "top_restaurants": "ChIJBcvVT9jHQIYRtRQqsyapX5Y|$$;;ChIJJ8Ev5mLGQIYRzFSKk_SMlLw|$$;;ChIJo1PJeVnHQIYRz0BwvCgVhJU|$10–20", "z_r": 0.1, "qtile": 1.0 }, "geometry": { "type": "Polygon", "coordinates": [ [ [ -95.470555003393642, 29.809836419813152 ], [ -95.465648085901265, 29.812493023068576 ], [ -95.465872487441786, 29.817611812733023 ], [ -95.471004259043866, 29.820074145100349 ], [ -95.475911536563402, 29.817417474376594 ], [ -95.47568668244449, 29.812298538768328 ], [ -95.470555003393642, 29.809836419813152 ] ] ] } },
{ "type": "Feature", "properties": { "hex_id": "88446cad3bfffff", "price_mean": 2.0, "price_median": 2.0, "n": 1, "top_restaurants": "ChIJv-mQ03vGQIYRLvitYw7iSXY|None", "z_r": 0.5, "qtile": 2.0 }, "geometry": { "type": "Polygon", "coordinates": [ [ [ -95.475911536563402, 29.817417474376594 ], [ -95.471004259043866, 29.820074145100349 ], [ -95.471228916805487, 29.825192903019776 ], [ -95.476361304736272, 29.82765513609267 ], [ -95.481268942249358, 29.824998397885768 ], [ -95.481043831828899, 29.81987949410361 ], [ -95.475911536563402, 29.817417474376594 ] ] ] } },
{ "type": "Feature", "properties": { "hex_id": "88446cad3dfffff", "price_mean": 1.8677865612648221, "price_median": 1.3456521739130434, "n": 11, "top_restaurants": "ChIJW2gY9InGQIYRzOmpk-wY6zY|$$;;ChIJh-9c0ALHQIYRbLMveD_VGE4|$$;;ChIJjwZOeYrGQIYRFglaOjIy1YE|$$", "z_r": 0.36778656126482212, "qtile": 2.0 }, "geometry": { "type": "Polygon", "coordinates": [ [ [ -95.460516930584902, 29.810030591649237 ], [ -95.455610084439556, 29.812686736453298 ], [ -95.455834033441164, 29.817805380035459 ], [ -95.460965281117822, 29.820268024910334 ], [ -95.465872487441786, 29.817611812733023 ], [ -95.465648085901265, 29.812493023068576 ], [ -95.460516930584902, 29.810030591649237 ] ] ] } },
{ "type": "Feature", "properties": { "hex_id": "88446cad43fffff", "price_mean": 2.32625, "price_median": 2.7, "n": 10, "top_restaurants": "ChIJLfD7_hvEQIYRFmI00pDrxXQ|$$;;ChIJVwix_dHFQIYRvkVekWrbdcU|$$;;ChIJOQz22KbGQIYRCey0dnarlq8|$$", "z_r": 0.82625, "qtile": 3.0 }, "geometry": { "type": "Polygon", "coordinates": [ [ [ -95.479243668207616, 29.778925755981014 ], [ -95.474337977109201, 29.781583463689376 ], [ -95.47456271141904, 29.786702816446141 ], [ -95.479693589193076, 29.789164607361553 ], [ -95.484599639998578, 29.786506831958686 ], [ -95.484374453313777, 29.781387333349414 ], [ -95.479243668207616, 29.778925755981014 ] ] ] } },
{ "type": "Feature", "properties": { "hex_id": "88446cad47fffff", "price_mean": 1.7581379132231405, "price_median": 1.0, "n": 22, "top_restaurants": "ChIJWX2vDCXHQIYRirS-YPDV73M|$$$;;ChIJz5s0I7vGQIYRwIHnsGWM5F4|$$;;ChIJoy1PP6PGQIYRQQQtguB3QAI|$$", "z_r": 0.2581379132231405, "qtile": 2.0 }, "geometry": { "type": "Polygon", "coordinates": [ [ [ -95.469207715235939, 29.779121574163224 ], [ -95.464302095186284, 29.781778823817852 ], [ -95.464526377160581, 29.786898030583608 ], [ -95.469656731510895, 29.789360133700232 ], [ -95.47456271141904, 29.786702816446141 ], [ -95.474337977109201, 29.781583463689376 ], [ -95.469207715235939, 29.779121574163224 ] ] ] } },
{ "type": "Feature", "properties": { "hex_id": "88446cad53fffff", "price_mean": 1.48, "price_median": 1.0, "n": 5, "top_restaurants": "ChIJrajOE0jEQIYRnAtMqSxKlOo|$$;;ChIJIThyXkjEQIYR_oTVOrIoBug|$;;ChIJ6UMT_ZzFQIYRb0unHILEztc|$", "z_r": -0.02, "qtile": 1.0 }, "geometry": { "type": "Polygon", "coordinates": [ [ [ -95.499994981587335, 29.793890856193453 ], [ -95.495088500664011, 29.796549157543353 ], [ -95.495314199898445, 29.801668593607697 ], [ -95.500446832621975, 29.804129873888467 ], [ -95.505353673033312, 29.801471504719608 ], [ -95.505127521223983, 29.796351923103437 ], [ -95.499994981587335, 29.793890856193453 ] ] ] } },
{ "type": "Feature", "properties": { "hex_id": "88446cad55fffff", "price_mean": 1.5192753623188404, "price_median": 1.1728260869565217, "n": 6, "top_restaurants": "ChIJ0xWroiPEQIYRoUylcX_PQjA|$$;;ChIJPxiHSiLEQIYRYFRXxz0BNd0|$$;;ChIJadNEzSPEQIYRhmZE0JNntWM|$$", "z_r": 0.019275362318840417, "qtile": 1.0 }, "geometry": { "type": "Polygon", "coordinates": [ [ [ -95.484599639998578, 29.786506831958686 ], [ -95.479693589193076, 29.789164607361553 ], [ -95.479918579659113, 29.794283929040741 ], [ -95.485050073376811, 29.796745621103028 ], [ -95.489956483855735, 29.794087777990946 ], [ -95.489731040934387, 29.788968310540291 ], [ -95.484599639998578, 29.786506831958686 ] ] ] } },
{ "type": "Feature", "properties": { "hex_id": "88446cad57fffff", "price_mean": 2.0821428571428569, "price_median": 1.92, "n": 14, "top_restaurants": "ChIJ51tpM-XFQIYRFtR2MVqoC7k|$20–30;;ChIJgZkboty_QIYR_X3SuA_hJyE|$$;;ChIJ_zBJrbnFQIYR1PdMw_cwMUU|$$", "z_r": 0.58214285714285685, "qtile": 3.0 }, "geometry": { "type": "Polygon", "coordinates": [ [ [ -95.489956483855735, 29.794087777990946 ], [ -95.485050073376811, 29.796745621103028 ], [ -95.485275320075587, 29.801864911476962 ], [ -95.490407429779793, 29.804326504443726 ], [ -95.495314199898445, 29.801668593607697 ], [ -95.495088500664011, 29.796549157543353 ], [ -95.489956483855735, 29.794087777990946 ] ] ] } },
{ "type": "Feature", "properties": { "hex_id": "88446cad61fffff", "price_mean": 1.0, "price_median": 1.0, "n": 1, "top_restaurants": "ChIJ3extJdvGQIYRMM_66f3lJLg|None", "z_r": -0.5, "qtile": 0.0 }, "geometry": { "type": "Polygon", "coordinates": [ [ [ -95.449137593485844, 29.779510900417819 ], [ -95.444232116437178, 29.782167233947529 ], [ -95.44445549385884, 29.787286148315886 ], [ -95.449584800576474, 29.789748875436914 ], [ -95.454490637786236, 29.787092474497882 ], [ -95.454266808108031, 29.781973413861607 ], [ -95.449137593485844, 29.779510900417819 ] ] ] } },
{ "type": "Feature", "properties": { "hex_id": "88446cad63fffff", "price_mean": 2.0, "price_median": 2.0, "n": 1, "top_restaurants": "ChIJ5ViElnDHQIYRCN1UinzwPnY|None", "z_r": 0.5, "qtile": 2.0 }, "geometry": { "type": "Polygon", "coordinates": [ [ [ -95.454490637786236, 29.787092474497882 ], [ -95.449584800576474, 29.789748875436914 ], [ -95.449808433913077, 29.794867758970693 ], [ -95.454938356787181, 29.797330387766859 ], [ -95.459844554124615, 29.794673919403778 ], [ -95.459620468451021, 29.789554889683068 ], [ -95.454490637786236, 29.787092474497882 ] ] ] } },
{ "type": "Feature", "properties": { "hex_id": "88446cad65fffff", "price_mean": 1.0, "price_median": 1.0, "n": 1, "top_restaurants": "ChIJdaviPqHHQIYR8JD7PCP48HY|None", "z_r": -0.5, "qtile": 0.0 }, "geometry": { "type": "Polygon", "coordinates": [ [ [ -95.439103425832869, 29.779704408743964 ], [ -95.434198020736304, 29.782360284202674 ], [ -95.434420945941071, 29.787479052164702 ], [ -95.439549728450032, 29.789942091088808 ], [ -95.44445549385884, 29.787286148315886 ], [ -95.444232116437178, 29.782167233947529 ], [ -95.439103425832869, 29.779704408743964 ] ] ] } },
{ "type": "Feature", "properties": { "hex_id": "88446cad6bfffff", "price_mean": 2.66, "price_median": 2.7, "n": 4, "top_restaurants": "ChIJz5s0I7vGQIYRwVyHcIcFZVo|$$;;ChIJk_CFkbvGQIYRyBy8aHe2kVs|$$;;ChIJz5s0I7vGQIYRPKSdbmPSPYY|$$", "z_r": 1.16, "qtile": 3.0 }, "geometry": { "type": "Polygon", "coordinates": [ [ [ -95.459172356807727, 29.779316622266563 ], [ -95.454266808108031, 29.781973413861607 ], [ -95.454490637786236, 29.787092474497882 ], [ -95.459620468451021, 29.789554889683068 ], [ -95.464526377160581, 29.786898030583608 ], [ -95.464302095186284, 29.781778823817852 ], [ -95.459172356807727, 29.779316622266563 ] ] ] } },
{ "type": "Feature", "properties": { "hex_id": "88446cad81fffff", "price_mean": 1.4539130434782608, "price_median": 1.0, "n": 23, "top_restaurants": "ChIJWdRSpoHFQIYRz_li3YaMcv4|$$;;ChIJy5yMnYXFQIYRMdQE330HdLg|$$;;ChIJF-_N0oXFQIYREGtef2ctC_c|$$", "z_r": -0.04608695652173922, "qtile": 1.0 }, "geometry": { "type": "Polygon", "coordinates": [ [ [ -95.507389943730757, 29.847544598110066 ], [ -95.5024811561522, 29.850201997776242 ], [ -95.502707292544741, 29.855320771977368 ], [ -95.507842669526582, 29.857782291926394 ], [ -95.5127518168118, 29.855124824622656 ], [ -95.512525227399379, 29.85000590502197 ], [ -95.507389943730757, 29.847544598110066 ] ] ] } },
{ "type": "Feature", "properties": { "hex_id": "88446cad89fffff", "price_mean": 1.0, "price_median": 1.0, "n": 2, "top_restaurants": "ChIJ_XUbjJnFQIYRiks1dzvrSmI|$;;ChIJLz_ySIPFQIYRNot3CO6gzBE|None", "z_r": -0.5, "qtile": 0.0 }, "geometry": { "type": "Polygon", "coordinates": [ [ [ -95.51207210898167, 29.839767854827983 ], [ -95.507163611006675, 29.842425645691407 ], [ -95.507389943730757, 29.847544598110066 ], [ -95.512525227399379, 29.85000590502197 ], [ -95.517434084962929, 29.847348046440821 ], [ -95.517207299260178, 29.842228948680024 ], [ -95.51207210898167, 29.839767854827983 ] ] ] } },
{ "type": "Feature", "properties": { "hex_id": "88446cad8bfffff", "price_mean": 2.02, "price_median": 1.84, "n": 4, "top_restaurants": "ChIJCwG7tobFQIYRm88nik2CywA|$$;;ChIJj8rKtkbFQIYRdSl7rSj_OYQ|$10–20;;ChIJB1JspYbFQIYRURtqEGljynI|$10–20", "z_r": 0.52, "qtile": 2.0 }, "geometry": { "type": "Polygon", "coordinates": [ [ [ -95.517434084962929, 29.847348046440821 ], [ -95.512525227399379, 29.85000590502197 ], [ -95.5127518168118, 29.855124824622656 ], [ -95.51788771683772, 29.857586030917666 ], [ -95.52279693395586, 29.85492810460395 ], [ -95.522569891484395, 29.849809039742333 ], [ -95.517434084962929, 29.847348046440821 ] ] ] } },
{ "type": "Feature", "properties": { "hex_id": "88446cad8dfffff", "price_mean": 2.425122549019608, "price_median": 3.2507352941176473, "n": 12, "top_restaurants": "ChIJi4tIyJLFQIYRn6V2xwP2fnI|$$$;;ChIJiYB0zJLFQIYRaeXhxFWZ5Mg|$$;;ChIJH-hYuJHFQIYRP1kkSK3xzBI|$$", "z_r": 0.925122549019608, "qtile": 3.0 }, "geometry": { "type": "Polygon", "coordinates": [ [ [ -95.502028943652647, 29.839964238405191 ], [ -95.497120515814629, 29.842621570448685 ], [ -95.497346395599251, 29.847740377386575 ], [ -95.5024811561522, 29.850201997776242 ], [ -95.507389943730757, 29.847544598110066 ], [ -95.507163611006675, 29.842425645691407 ], [ -95.502028943652647, 29.839964238405191 ] ] ] } },
{ "type": "Feature", "properties": { "hex_id": "88446cad9dfffff", "price_mean": 1.47, "price_median": 1.0, "n": 12, "top_restaurants": "ChIJ8aMFC4fPQIYRCpGcLzUXSJ0|$$;;ChIJw5q7DofPQIYR1I8h9HUjcaU|$$;;ChIJ52xo_jPPQIYRqFYafivIoVY|$10–20", "z_r": -0.03, "qtile": 1.0 }, "geometry": { "type": "Polygon", "coordinates": [ [ [ -95.52279693395586, 29.85492810460395 ], [ -95.51788771683772, 29.857586030917666 ], [ -95.518114563015104, 29.862704917472673 ], [ -95.523251079440968, 29.865166022908213 ], [ -95.528160656079692, 29.862508028847039 ], [ -95.527933356762873, 29.857388997112331 ], [ -95.52279693395586, 29.85492810460395 ] ] ] } },
{ "type": "Feature", "properties": { "hex_id": "88446cada1fffff", "price_mean": 1.0, "price_median": 1.0, "n": 1, "top_restaurants": "ChIJA_BB5VTPQIYRH5xZ_BulTC4|$", "z_r": -0.5, "qtile": 0.0 }, "geometry": { "type": "Polygon", "coordinates": [ [ [ -95.482620024900896, 29.855710349201988 ], [ -95.477711088926597, 29.858366439440498 ], [ -95.47793612293836, 29.863484743890716 ], [ -95.483070545897675, 29.865947103850953 ], [ -95.487979842000556, 29.863290946245144 ], [ -95.487754355006345, 29.858172496060902 ], [ -95.482620024900896, 29.855710349201988 ] ] ] } },
{ "type": "Feature", "properties": { "hex_id": "88446cada3fffff", "price_mean": 1.2233333333333334, "price_median": 1.0, "n": 12, "top_restaurants": "ChIJr1YefgDPQIYRSqvH2U0E2OU|None;;ChIJp4_OLVfPQIYR_LT_U_w7lFI|$10–20;;ChIJuz-UtenBQIYRX6xk5laoq5Q|$10–20", "z_r": -0.27666666666666662, "qtile": 0.0 }, "geometry": { "type": "Polygon", "coordinates": [ [ [ -95.487979842000556, 29.863290946245144 ], [ -95.483070545897675, 29.865947103850953 ], [ -95.483295836429221, 29.871065375352696 ], [ -95.48843087611742, 29.873527634915959 ], [ -95.493340532315131, 29.870871409927918 ], [ -95.493114788720618, 29.865752992773359 ], [ -95.487979842000556, 29.863290946245144 ] ] ] } },
{ "type": "Feature", "properties": { "hex_id": "88446cada5fffff", "price_mean": 1.4155555555555557, "price_median": 1.0, "n": 18, "top_restaurants": "ChIJr10Pwz_JQIYR65KmYmjY3Ks|$$;;ChIJ77kdNqrIQIYR3ZlQrPOK2pA|$$;;ChIJzy_qiTXJQIYRPGWpD0xgECw|None", "z_r": -0.084444444444444322, "qtile": 1.0 }, "geometry": { "type": "Polygon", "coordinates": [ [ [ -95.472577282653219, 29.855903979325809 ], [ -95.467668417719707, 29.858559610531117 ], [ -95.467892998788443, 29.863677769108826 ], [ -95.473026897724509, 29.866140442368241 ], [ -95.47793612293836, 29.863484743890716 ], [ -95.477711088926597, 29.858366439440498 ], [ -95.472577282653219, 29.855903979325809 ] ] ] } },
{ "type": "Feature", "properties": { "hex_id": "88446cada9fffff", "price_mean": 1.0, "price_median": 1.0, "n": 2, "top_restaurants": "ChIJRc42z1HFQIYRfcGIL2HmJ14|None;;ChIJ8zU0DfDFQIYRzRubA1prRSI|$", "z_r": -0.5, "qtile": 0.0 }, "geometry": { "type": "Polygon", "coordinates": [ [ [ -95.487303441133065, 29.847935384397115 ], [ -95.482394794430334, 29.850591866215698 ], [ -95.482620024900896, 29.855710349201988 ], [ -95.487754355006345, 29.858172496060902 ], [ -95.492663361719551, 29.855515946794846 ], [ -95.492437678307667, 29.850397318131876 ], [ -95.487303441133065, 29.847935384397115 ] ] ] } },
{ "type": "Feature", "properties": { "hex_id": "88446cadabfffff", "price_mean": 1.0875, "price_median": 1.0, "n": 3, "top_restaurants": "ChIJiTdiEXXFQIYR2R3dTxQyXkw|$;;ChIJQY0nx569QIYRq8lSKdTJwdc|None;;ChIJPdn0PJ_FQIYR8KaKjnCaL08|None", "z_r": -0.4125, "qtile": 0.0 }, "geometry": { "type": "Polygon", "coordinates": [ [ [ -95.492663361719551, 29.855515946794846 ], [ -95.487754355006345, 29.858172496060902 ], [ -95.487979842000556, 29.863290946245144 ], [ -95.493114788720618, 29.865752992773359 ], [ -95.498024155410548, 29.86309637604494 ], [ -95.497798215394539, 29.857977780265198 ], [ -95.492663361719551, 29.855515946794846 ] ] ] } },
{ "type": "Feature", "properties": { "hex_id": "88446cadadfffff", "price_mean": 1.4, "price_median": 1.0, "n": 5, "top_restaurants": "ChIJTRXgav3FQIYRx2_FQ94fF0k|None;;ChIJ22bVEgDFQIYRFIULkCYiyaM|None;;ChIJHVhjFerFQIYRkRLKEtLSlj4|None", "z_r": -0.1, "qtile": 1.0 }, "geometry": { "type": "Polygon", "coordinates": [ [ [ -95.477261080896625, 29.848129619268622 ], [ -95.472352505084586, 29.85078564215473 ], [ -95.472577282653219, 29.855903979325809 ], [ -95.477711088926597, 29.858366439440498 ], [ -95.482620024900896, 29.855710349201988 ], [ -95.482394794430334, 29.850591866215698 ], [ -95.477261080896625, 29.848129619268622 ] ] ] } },
{ "type": "Feature", "properties": { "hex_id": "88446cadb5fffff", "price_mean": 1.13125, "price_median": 1.13125, "n": 2, "top_restaurants": "ChIJI_MnQkHPQIYRXk3zlv0o9Os|$;;ChIJpZ_gxGPPQIYRZbc_msyAKtg|None", "z_r": -0.36875, "qtile": 0.0 }, "geometry": { "type": "Polygon", "coordinates": [ [ [ -95.493340532315131, 29.870871409927918 ], [ -95.48843087611742, 29.873527634915959 ], [ -95.488656423245402, 29.878645873241588 ], [ -95.493792079705401, 29.881108032165304 ], [ -95.498702095964148, 29.878451739780097 ], [ -95.498476095692681, 29.873333355882867 ], [ -95.493340532315131, 29.870871409927918 ] ] ] } },
{ "type": "Feature", "properties": { "hex_id": "88446cadb7fffff", "price_mean": 1.0, "price_median": 1.0, "n": 3, "top_restaurants": "ChIJaXZl3D7PQIYR6bwc2aGgx1g|$;;ChIJZbZh3T7PQIYRKMlI3y9n_tE|$;;ChIJwxyEDvnPQIYRHXSxwWRnnPw|None", "z_r": -0.5, "qtile": 0.0 }, "geometry": { "type": "Polygon", "coordinates": [ [ [ -95.498702095964148, 29.878451739780097 ], [ -95.493792079705401, 29.881108032165304 ], [ -95.494017883506515, 29.886226237087214 ], [ -95.499154156781202, 29.888688295128784 ], [ -95.504064533067137, 29.886031935331449 ], [ -95.503838276042046, 29.880913584919199 ], [ -95.498702095964148, 29.878451739780097 ] ] ] } },
{ "type": "Feature", "properties": { "hex_id": "88446cadbdfffff", "price_mean": 1.0, "price_median": 1.0, "n": 1, "top_restaurants": "ChIJR63HTmfPQIYR_sxyuiLjujg|$", "z_r": -0.5, "qtile": 0.0 }, "geometry": { "type": "Polygon", "coordinates": [ [ [ -95.498024155410548, 29.86309637604494 ], [ -95.493114788720618, 29.865752992773359 ], [ -95.493340532315131, 29.870871409927918 ], [ -95.498476095692681, 29.873333355882867 ], [ -95.503385822325512, 29.87067667167716 ], [ -95.503159625628726, 29.865558109008312 ], [ -95.498024155410548, 29.86309637604494 ] ] ] } },
{ "type": "Feature", "properties": { "hex_id": "88446cadc1fffff", "price_mean": 1.0, "price_median": 1.0, "n": 3, "top_restaurants": "ChIJUXqcsaTFQIYR0wo_iUwrdH8|None;;ChIJ9c6fHG3FQIYRCY39yhuWeXo|None;;ChIJ_eVgu2HFQIYR48T1OJw6SSg|None", "z_r": -0.5, "qtile": 0.0 }, "geometry": { "type": "Polygon", "coordinates": [ [ [ -95.51139258233286, 29.824410253263274 ], [ -95.5064847334977, 29.827068367359708 ], [ -95.506711005892825, 29.832187530235714 ], [ -95.511845579971038, 29.83464872439572 ], [ -95.516753788310609, 29.831990542516241 ], [ -95.516527063058405, 29.826871234274321 ], [ -95.51139258233286, 29.824410253263274 ] ] ] } },
{ "type": "Feature", "properties": { "hex_id": "88446cadc5fffff", "price_mean": 1.24, "price_median": 1.0, "n": 10, "top_restaurants": "ChIJkRVAj6zFQIYR3P7ZnTt_I5k|$$;;ChIJIWpRzcTFQIYRSYMp05b_ekA|None;;ChIJ3xtvoLnFQIYRDMSjdx1URYg|None", "z_r": -0.26, "qtile": 0.0 }, "geometry": { "type": "Polygon", "coordinates": [ [ [ -95.501350775577109, 29.824607073134267 ], [ -95.496442996880944, 29.827264728606796 ], [ -95.496668816458154, 29.832383745978284 ], [ -95.501802867540306, 29.834845253396274 ], [ -95.506711005892825, 29.832187530235714 ], [ -95.5064847334977, 29.827068367359708 ], [ -95.501350775577109, 29.824607073134267 ] ] ] } },
{ "type": "Feature", "properties": { "hex_id": "88446cadc7fffff", "price_mean": 1.42, "price_median": 1.42, "n": 2, "top_restaurants": "ChIJDdoEoSbFQIYR8IJ6HFQG4d0|$10–20;;ChIJr0rHtRzFQIYRVyONbrsa1WU|None", "z_r": -0.08, "qtile": 1.0 }, "geometry": { "type": "Polygon", "coordinates": [ [ [ -95.506711005892825, 29.832187530235714 ], [ -95.501802867540306, 29.834845253396274 ], [ -95.502028943652647, 29.839964238405191 ], [ -95.507163611006675, 29.842425645691407 ], [ -95.51207210898167, 29.839767854827983 ], [ -95.511845579971038, 29.83464872439572 ], [ -95.506711005892825, 29.832187530235714 ] ] ] } },
{ "type": "Feature", "properties": { "hex_id": "88446cadcbfffff", "price_mean": 2.0285714285714285, "price_median": 1.0, "n": 7, "top_restaurants": "ChIJ2Q7SnKDFQIYRIHH4KhrdwPE|$$;;ChIJRVcnJqfFQIYR14t753kF0lA|$$;;ChIJXwkOmgvFQIYRQpKthZTGLhw|$$", "z_r": 0.52857142857142847, "qtile": 2.0 }, "geometry": { "type": "Polygon", "coordinates": [ [ [ -95.521434981730721, 29.824212661560047 ], [ -95.516527063058405, 29.826871234274321 ], [ -95.516753788310609, 29.831990542516241 ], [ -95.521888885122181, 29.834451423285678 ], [ -95.526797163146895, 29.831792782693359 ], [ -95.526569984998503, 29.826673329224178 ], [ -95.521434981730721, 29.824212661560047 ] ] ] } },
{ "type": "Feature", "properties": { "hex_id": "88446cadd1fffff", "price_mean": 1.84, "price_median": 1.84, "n": 1, "top_restaurants": "ChIJB3VZ3hvFQIYRFdwlq2SW9tU|$10–20", "z_r": 0.34, "qtile": 2.0 }, "geometry": { "type": "Polygon", "coordinates": [ [ [ -95.532160217353507, 29.839372770802768 ], [ -95.5272515800104, 29.842031479287943 ], [ -95.527478818730913, 29.847150722252263 ], [ -95.53261514784225, 29.84961140181079 ], [ -95.537524144469671, 29.846952625417927 ], [ -95.537296452692345, 29.841833237388769 ], [ -95.532160217353507, 29.839372770802768 ] ] ] } },
{ "type": "Feature", "properties": { "hex_id": "88446cadd3fffff", "price_mean": 3.4, "price_median": 3.4, "n": 1, "top_restaurants": "ChIJTV4qt2PFQIYRK1VnXefDsYk|$$", "z_r": 1.9, "qtile": 3.0 }, "geometry": { "type": "Polygon", "coordinates": [ [ [ -95.537524144469671, 29.846952625417927 ], [ -95.53261514784225, 29.84961140181079 ], [ -95.53284264341184, 29.854730611794693 ], [ -95.537979588736874, 29.857191190383869 ], [ -95.542888944614461, 29.854532346068453 ], [ -95.542660995907767, 29.849412991100962 ], [ -95.537524144469671, 29.846952625417927 ] ] ] } },
{ "type": "Feature", "properties": { "hex_id": "88446cadd7fffff", "price_mean": 1.105, "price_median": 1.0, "n": 8, "top_restaurants": "ChIJP_i1LgDFQIYRhZeQflzmyiM|$10–20;;ChIJp3KkCHvFQIYRayP7xYz0bXA|$;;ChIJdXRxrGTFQIYRb3zDtj0b24M|$", "z_r": -0.395, "qtile": 0.0 }, "geometry": { "type": "Polygon", "coordinates": [ [ [ -95.527478818730913, 29.847150722252263 ], [ -95.522569891484395, 29.849809039742333 ], [ -95.52279693395586, 29.85492810460395 ], [ -95.527933356762873, 29.857388997112331 ], [ -95.53284264341184, 29.854730611794693 ], [ -95.53261514784225, 29.84961140181079 ], [ -95.527478818730913, 29.847150722252263 ] ] ] } },
{ "type": "Feature", "properties": { "hex_id": "88446caddbfffff", "price_mean": 1.84, "price_median": 1.84, "n": 2, "top_restaurants": "ChIJ2adjpVzFQIYRzM-ewC1FR-k|$10–20;;ChIJKRWsolzFQIYRgUtqENtxQgo|$10–20", "z_r": 0.34, "qtile": 2.0 }, "geometry": { "type": "Polygon", "coordinates": [ [ [ -95.54220515926643, 29.839174070101976 ], [ -95.537296452692345, 29.841833237388769 ], [ -95.537524144469671, 29.846952625417927 ], [ -95.542660995907767, 29.849412991100962 ], [ -95.547570061613897, 29.846753755811513 ], [ -95.547341916740791, 29.841634222856236 ], [ -95.54220515926643, 29.839174070101976 ] ] ] } },
{ "type": "Feature", "properties": { "hex_id": "88446cadddfffff", "price_mean": 1.0, "price_median": 1.0, "n": 1, "top_restaurants": "ChIJRT_LWgzFQIYRPz-7VaqxH94|$", "z_r": -0.5, "qtile": 0.0 }, "geometry": { "type": "Polygon", "coordinates": [ [ [ -95.526797163146895, 29.831792782693359 ], [ -95.521888885122181, 29.834451423285678 ], [ -95.522115867070241, 29.839570699002671 ], [ -95.5272515800104, 29.842031479287943 ], [ -95.532160217353507, 29.839372770802768 ], [ -95.531932782428967, 29.834253349939715 ], [ -95.526797163146895, 29.831792782693359 ] ] ] } },
{ "type": "Feature", "properties": { "hex_id": "88446cade1fffff", "price_mean": 1.2615384615384615, "price_median": 1.0, "n": 13, "top_restaurants": "ChIJU4ops13FQIYRx8WYTnUwvxY|$$;;ChIJLdZaxdzFQIYRehpVirRIyKs|None;;ChIJKagQuWDFQIYRj07EyXDZhFQ|$", "z_r": -0.2384615384615385, "qtile": 0.0 }, "geometry": { "type": "Polygon", "coordinates": [ [ [ -95.486627220570995, 29.832579189870593 ], [ -95.481719223098025, 29.835235995575442 ], [ -95.481944393531563, 29.840354689321934 ], [ -95.487078014248652, 29.842816723078563 ], [ -95.491986371647826, 29.84015984986091 ], [ -95.491760748394512, 29.835041010413935 ], [ -95.486627220570995, 29.832579189870593 ] ] ] } },
{ "type": "Feature", "properties": { "hex_id": "88446cade3fffff", "price_mean": 2.025, "price_median": 1.5, "n": 8, "top_restaurants": "ChIJpyxt9-zFQIYRrOyW0nBT7_s|$$;;ChIJmdwNEezFQIYRu8O6K2EQrCo|$$;;ChIJm6uDLMTFQIYRfDYon7BtQzc|$$", "z_r": 0.525, "qtile": 2.0 }, "geometry": { "type": "Polygon", "coordinates": [ [ [ -95.491986371647826, 29.84015984986091 ], [ -95.487078014248652, 29.842816723078563 ], [ -95.487303441133065, 29.847935384397115 ], [ -95.492437678307667, 29.850397318131876 ], [ -95.497346395599251, 29.847740377386575 ], [ -95.497120515814629, 29.842621570448685 ], [ -95.491986371647826, 29.84015984986091 ] ] ] } },
{ "type": "Feature", "properties": { "hex_id": "88446cade5fffff", "price_mean": 1.0, "price_median": 1.0, "n": 10, "top_restaurants": "ChIJ1QhykAvGQIYR3mukk1HZ4BY|$;;ChIJn7OO_wzGQIYRFDFuaT8sbNA|$;;ChIJg3ILbwvGQIYR0azQXW3MYWM|None", "z_r": -0.5, "qtile": 0.0 }, "geometry": { "type": "Polygon", "coordinates": [ [ [ -95.476586218795561, 29.832773862039442 ], [ -95.471678292214946, 29.835430209007701 ], [ -95.471903009868129, 29.840548756915176 ], [ -95.477036106873072, 29.843011103707919 ], [ -95.481944393531563, 29.840354689321934 ], [ -95.481719223098025, 29.835235995575442 ], [ -95.476586218795561, 29.832773862039442 ] ] ] } },
{ "type": "Feature", "properties": { "hex_id": "88446cade7fffff", "price_mean": 1.5, "price_median": 1.5, "n": 2, "top_restaurants": "ChIJsWMPTADFQIYRaF6tNO3_2ZM|None;;ChIJK1MmKtzFQIYRHIeFI7GifHY|None", "z_r": 0.0, "qtile": 1.0 }, "geometry": { "type": "Polygon", "coordinates": [ [ [ -95.481944393531563, 29.840354689321934 ], [ -95.477036106873072, 29.843011103707919 ], [ -95.477261080896625, 29.848129619268622 ], [ -95.482394794430334, 29.850591866215698 ], [ -95.487303441133065, 29.847935384397115 ], [ -95.487078014248652, 29.842816723078563 ], [ -95.481944393531563, 29.840354689321934 ] ] ] } },
{ "type": "Feature", "properties": { "hex_id": "88446cade9fffff", "price_mean": 1.0, "price_median": 1.0, "n": 4, "top_restaurants": "ChIJ10eBN8rFQIYRG1UNHgVEr3E|None;;ChIJm5RKCMbFQIYR8YzDWOy6NfI|None;;ChIJtfoxkEzFQIYRhdR77MwseJE|None", "z_r": -0.5, "qtile": 0.0 }, "geometry": { "type": "Polygon", "coordinates": [ [ [ -95.49130956202788, 29.824803121299542 ], [ -95.486401853772421, 29.827460318142194 ], [ -95.486627220570995, 29.832579189870593 ], [ -95.491760748394512, 29.835041010413935 ], [ -95.496668816458154, 29.832383745978284 ], [ -95.496442996880944, 29.827264728606796 ], [ -95.49130956202788, 29.824803121299542 ] ] ] } },
{ "type": "Feature", "properties": { "hex_id": "88446cadedfffff", "price_mean": 2.6, "price_median": 3.4, "n": 3, "top_restaurants": "ChIJq1HfPNzFQIYREueaPhC_reQ|$$;;ChIJfzqznd7FQIYRDANRZcEAiwk|$$;;ChIJR9qpud7FQIYRsF8PxecKV80|$", "z_r": 1.1, "qtile": 3.0 }, "geometry": { "type": "Polygon", "coordinates": [ [ [ -95.481268942249358, 29.824998397885768 ], [ -95.476361304736272, 29.82765513609267 ], [ -95.476586218795561, 29.832773862039442 ], [ -95.481719223098025, 29.835235995575442 ], [ -95.486627220570995, 29.832579189870593 ], [ -95.486401853772421, 29.827460318142194 ], [ -95.481268942249358, 29.824998397885768 ] ] ] } },
{ "type": "Feature", "properties": { "hex_id": "88446cae01fffff", "price_mean": 2.0433872377622375, "price_median": 1.92, "n": 26, "top_restaurants": "ChIJ26G8ALrcQIYR2e9YQJhNVGY|$$;;ChIJg94Ib7LdQIYREgqZsr4JQpA|$$;;ChIJj_Ndc2LdQIYRjweMNtOyfL4|$$", "z_r": 0.54338723776223752, "qtile": 2.0 }, "geometry": { "type": "Polygon", "coordinates": [ [ [ -95.572896043147651, 29.738618550810198 ], [ -95.567991312909967, 29.741281410723115 ], [ -95.56822019385136, 29.746402661394125 ], [ -95.573354257463095, 29.748861196760124 ], [ -95.578259345755612, 29.746198268086637 ], [ -95.578030012372594, 29.74107687282228 ], [ -95.572896043147651, 29.738618550810198 ] ] ] } },
{ "type": "Feature", "properties": { "hex_id": "88446cae05fffff", "price_mean": 2.0291304347826085, "price_median": 1.3456521739130434, "n": 5, "top_restaurants": "ChIJ8-GcZUvDQIYRJJG4LCD82r8|$$;;ChIJPxpZZUvDQIYR-e2vkrekh1M|$$;;ChIJYfgvZ0vDQIYRi7isqor75h8|$$", "z_r": 0.52913043478260846, "qtile": 2.0 }, "geometry": { "type": "Polygon", "coordinates": [ [ [ -95.562857864127025, 29.738822775846558 ], [ -95.557953202080441, 29.741485178257612 ], [ -95.558181630618805, 29.746606284196417 ], [ -95.563315173597772, 29.749065132470918 ], [ -95.56822019385136, 29.746402661394125 ], [ -95.567991312909967, 29.741281410723115 ], [ -95.562857864127025, 29.738822775846558 ] ] ] } },
{ "type": "Feature", "properties": { "hex_id": "88446cae07fffff", "price_mean": 1.4733333333333334, "price_median": 1.42, "n": 6, "top_restaurants": "ChIJJV0PqsjdQIYRLbfL2L_ksvA|None;;ChIJfYoSbXvCQIYRGp94FAurgBc|None;;ChIJTZ-IkrDcQIYR19LN5evvHrg|$10–20", "z_r": -0.026666666666666616, "qtile": 1.0 }, "geometry": { "type": "Polygon", "coordinates": [ [ [ -95.56822019385136, 29.746402661394125 ], [ -95.563315173597772, 29.749065132470918 ], [ -95.563543858792201, 29.754186207579448 ], [ -95.568678016714259, 29.756644956276848 ], [ -95.57358339514056, 29.753982416519769 ], [ -95.573354257463095, 29.748861196760124 ], [ -95.56822019385136, 29.746402661394125 ] ] ] } },
{ "type": "Feature", "properties": { "hex_id": "88446cae09fffff", "price_mean": 1.9928571428571427, "price_median": 1.0, "n": 14, "top_restaurants": "ChIJg6UbWS7dQIYRVzNIYOqsBX0|$30–50;;ChIJ-6puJMbcQIYR_c2HP_LF7GE|$$$;;ChIJ-5rPUs_cQIYRumV7nQ61xis|$$", "z_r": 0.49285714285714266, "qtile": 2.0 }, "geometry": { "type": "Polygon", "coordinates": [ [ [ -95.577571406694545, 29.730833876214412 ], [ -95.572666966504272, 29.733497124781323 ], [ -95.572896043147651, 29.738618550810198 ], [ -95.578030012372594, 29.74107687282228 ], [ -95.582934810499836, 29.738413555414517 ], [ -95.582705281456214, 29.733291984850087 ], [ -95.577571406694545, 29.730833876214412 ] ] ] } },
{ "type": "Feature", "properties": { "hex_id": "88446cae0dfffff", "price_mean": 1.8836541193181817, "price_median": 1.13125, "n": 32, "top_restaurants": "ChIJ37705wbdQIYRQQ_oig_bQxs|$20–30;;ChIJG4vxXsvcQIYR-JGjXdGsoVQ|$$;;ChIJe0h9nvbdQIYR4gPnqslCKOE|$$", "z_r": 0.38365411931818172, "qtile": 2.0 }, "geometry": { "type": "Polygon", "coordinates": [ [ [ -95.567533611993852, 29.73103870332524 ], [ -95.562629239845307, 29.733701494492106 ], [ -95.562857864127025, 29.738822775846558 ], [ -95.567991312909967, 29.741281410723115 ], [ -95.572896043147651, 29.738618550810198 ], [ -95.572666966504272, 29.733497124781323 ], [ -95.567533611993852, 29.73103870332524 ] ] ] } },
{ "type": "Feature", "properties": { "hex_id": "88446cae13fffff", "price_mean": 1.0, "price_median": 1.0, "n": 2, "top_restaurants": "ChIJIQWi66vbQIYRbX1f-6NbCq0|$;;ChIJsTe-23jbQIYRyCnncGqGPT0|€", "z_r": -0.5, "qtile": 0.0 }, "geometry": { "type": "Polygon", "coordinates": [ [ [ -95.599030251159789, 29.761151808339591 ], [ -95.594124379428251, 29.763815332357197 ], [ -95.59435448348863, 29.768936633960216 ], [ -95.599490911991609, 29.771394555771185 ], [ -95.604397141522227, 29.768730962854494 ], [ -95.60416658474189, 29.7636095170405 ], [ -95.599030251159789, 29.761151808339591 ] ] ] } },
{ "type": "Feature", "properties": { "hex_id": "88446cae17fffff", "price_mean": 2.1675, "price_median": 1.84, "n": 3, "top_restaurants": "ChIJsTPeXGTbQIYRdIE2WkiQLS4|$50–100;;ChIJCypEqGTbQIYRCZ_s38vCgAU|$10–20;;ChIJexI2ZGTbQIYRO6CUe714ng4|$", "z_r": 0.6675, "qtile": 3.0 }, "geometry": { "type": "Polygon", "coordinates": [ [ [ -95.588988565807696, 29.761357310132137 ], [ -95.584082761508668, 29.764020376370439 ], [ -95.584312412887542, 29.769141533623529 ], [ -95.589448321238038, 29.771599769002805 ], [ -95.59435448348863, 29.768936633960216 ], [ -95.594124379428251, 29.763815332357197 ], [ -95.588988565807696, 29.761357310132137 ] ] ] } },
{ "type": "Feature", "properties": { "hex_id": "88446cae1bfffff", "price_mean": 1.0, "price_median": 1.0, "n": 2, "top_restaurants": "ChIJ8TPown3cQIYRx9et37DLfYQ|$;;ChIJX34_Un7cQIYRjb8QT2lwjNg|$", "z_r": -0.5, "qtile": 0.0 }, "geometry": { "type": "Polygon", "coordinates": [ [ [ -95.603705532609297, 29.753366418185564 ], [ -95.598799951428262, 29.756030330996008 ], [ -95.599030251159789, 29.761151808339591 ], [ -95.60416658474189, 29.7636095170405 ], [ -95.609072523604027, 29.760945535250766 ], [ -95.608841771194079, 29.755823913753993 ], [ -95.603705532609297, 29.753366418185564 ] ] ] } },
{ "type": "Feature", "properties": { "hex_id": "88446cae1dfffff", "price_mean": 1.0, "price_median": 1.0, "n": 2, "top_restaurants": "ChIJ2UJzeQDdQIYRkUjDC7Mkmmk|None;;ChIJOaB3vpbcQIYRc_04wYjVvzg|None", "z_r": -0.5, "qtile": 0.0 }, "geometry": { "type": "Polygon", "coordinates": [ [ [ -95.58829908576692, 29.745993104149079 ], [ -95.583393929737099, 29.748656490412223 ], [ -95.583623519936154, 29.75377785468411 ], [ -95.588758718716193, 29.756235977080696 ], [ -95.593664232614117, 29.753572521947607 ], [ -95.59343418985496, 29.748451013302425 ], [ -95.58829908576692, 29.745993104149079 ] ] ] } },
{ "type": "Feature", "properties": { "hex_id": "88446cae2bfffff", "price_mean": 1.0, "price_median": 1.0, "n": 1, "top_restaurants": "ChIJq3w3upjDQIYRuGke0UfXVyY|None", "z_r": -0.5, "qtile": 0.0 }, "geometry": { "type": "Polygon", "coordinates": [ [ [ -95.558181630618805, 29.746606284196417 ], [ -95.553276678705757, 29.749268297669584 ], [ -95.553504911455818, 29.754389227988153 ], [ -95.558638548554299, 29.75684828963805 ], [ -95.563543858792201, 29.754186207579448 ], [ -95.563315173597772, 29.749065132470918 ], [ -95.558181630618805, 29.746606284196417 ] ] ] } },
{ "type": "Feature", "properties": { "hex_id": "88446cae35fffff", "price_mean": 1.8, "price_median": 1.0, "n": 3, "top_restaurants": "ChIJjR87UarEQIYRQ3SEqKoKtOg|$$;;ChIJE2a1QKrEQIYRSpe3MhLWtWQ|$;;ChIJMc1zTKrEQIYRx0OOKr492IQ|None", "z_r": 0.3, "qtile": 2.0 }, "geometry": { "type": "Polygon", "coordinates": [ [ [ -95.55886703795683, 29.761969188979545 ], [ -95.553961437766191, 29.764630881837995 ], [ -95.554189731331874, 29.769751605207937 ], [ -95.559324077644959, 29.772210780500554 ], [ -95.564230036244112, 29.769549019122351 ], [ -95.564001290112685, 29.764428150985832 ], [ -95.55886703795683, 29.761969188979545 ] ] ] } },
{ "type": "Feature", "properties": { "hex_id": "88446cae37fffff", "price_mean": 2.7873333333333337, "price_median": 3.4, "n": 15, "top_restaurants": "ChIJZ0tcOk3bQIYRVLaWtLCP898|$$$$;;ChIJH0C7RU3bQIYRF2TPA00ZMYA|$$;;ChIJU7Iz0lLbQIYR_FcTNE_W--s|$$", "z_r": 1.2873333333333337, "qtile": 3.0 }, "geometry": { "type": "Polygon", "coordinates": [ [ [ -95.564230036244112, 29.769549019122351 ], [ -95.559324077644959, 29.772210780500554 ], [ -95.559552627935943, 29.77733147251876 ], [ -95.564687589462906, 29.779790547858745 ], [ -95.56959390643631, 29.777128717946148 ], [ -95.569364903499519, 29.772007881242509 ], [ -95.564230036244112, 29.769549019122351 ] ] ] } },
{ "type": "Feature", "properties": { "hex_id": "88446cae39fffff", "price_mean": 1.84, "price_median": 1.84, "n": 1, "top_restaurants": "ChIJNV9pXKTcQIYRClirsMVZFow|$10–20", "z_r": 0.34, "qtile": 2.0 }, "geometry": { "type": "Polygon", "coordinates": [ [ [ -95.57358339514056, 29.753982416519769 ], [ -95.568678016714259, 29.756644956276848 ], [ -95.568906958641193, 29.761766000327199 ], [ -95.574041731548462, 29.764224649205008 ], [ -95.578947468113128, 29.761562040753056 ], [ -95.578718073623179, 29.756440852132723 ], [ -95.57358339514056, 29.753982416519769 ] ] ] } },
{ "type": "Feature", "properties": { "hex_id": "88446cae43fffff", "price_mean": 1.0, "price_median": 1.0, "n": 1, "top_restaurants": "ChIJ2bKWlyjdQIYR5PophGL21MU|None", "z_r": -0.5, "qtile": 0.0 }, "geometry": { "type": "Polygon", "coordinates": [ [ [ -95.582246284505445, 29.723048637993628 ], [ -95.577342134394101, 29.725712275032322 ], [ -95.577571406694545, 29.730833876214412 ], [ -95.582705281456214, 29.733291984850087 ], [ -95.587609789386676, 29.730628278890237 ], [ -95.587380064727412, 29.725506533230416 ], [ -95.582246284505445, 29.723048637993628 ] ] ] } },
{ "type": "Feature", "properties": { "hex_id": "88446cae45fffff", "price_mean": 1.0, "price_median": 1.0, "n": 1, "top_restaurants": "ChIJDcMlNQDdQIYRLC075Ia6t4g|None", "z_r": -0.5, "qtile": 0.0 }, "geometry": { "type": "Polygon", "coordinates": [ [ [ -95.566847212995825, 29.715674128299341 ], [ -95.561943488782504, 29.718337239228038 ], [ -95.562172052175754, 29.723458726102141 ], [ -95.567304792013729, 29.725917246759767 ], [ -95.572208874232672, 29.723254067019216 ], [ -95.57197985859905, 29.718132435447426 ], [ -95.566847212995825, 29.715674128299341 ] ] ] } },
{ "type": "Feature", "properties": { "hex_id": "88446cae47fffff", "price_mean": 1.28, "price_median": 1.0, "n": 6, "top_restaurants": "ChIJ-eO8jBbdQIYRxgQqANucaoQ|$10–20;;ChIJEZhBtaXdQIYREijpnqKQH-s|$10–20;;ChIJ8-4NYQPdQIYRNrAypQmxHy0|None", "z_r": -0.22, "qtile": 0.0 }, "geometry": { "type": "Polygon", "coordinates": [ [ [ -95.572208874232672, 29.723254067019216 ], [ -95.567304792013729, 29.725917246759767 ], [ -95.567533611993852, 29.73103870332524 ], [ -95.572666966504272, 29.733497124781323 ], [ -95.577571406694545, 29.730833876214412 ], [ -95.577342134394101, 29.725712275032322 ], [ -95.572208874232672, 29.723254067019216 ] ] ] } },
{ "type": "Feature", "properties": { "hex_id": "88446cae49fffff", "price_mean": 1.0, "price_median": 1.0, "n": 2, "top_restaurants": "ChIJARfreKTdQIYR3NIM_xy8seQ|$;;ChIJM9i-pR_dQIYR38EnaXdVc18|None", "z_r": -0.5, "qtile": 0.0 }, "geometry": { "type": "Polygon", "coordinates": [ [ [ -95.581557941879936, 29.707683104600843 ], [ -95.5766544396147, 29.710347060942048 ], [ -95.576883650856885, 29.715468867315408 ], [ -95.582016816592898, 29.717926861863045 ], [ -95.586920676593834, 29.715262836534844 ], [ -95.586691013114091, 29.71014088566055 ], [ -95.581557941879936, 29.707683104600843 ] ] ] } },
{ "type": "Feature", "properties": { "hex_id": "88446cae4dfffff", "price_mean": 1.7714285714285716, "price_median": 2.0, "n": 7, "top_restaurants": "ChIJkVbcvy_dQIYRG6F22CVCvws|$$;;ChIJ3Rr3OcjdQIYRRUTNT87hTW4|$$;;ChIJkVqdXPXdQIYRXk3vSkUcmmE|None", "z_r": 0.27142857142857157, "qtile": 2.0 }, "geometry": { "type": "Polygon", "coordinates": [ [ [ -95.571521888322664, 29.707888967326003 ], [ -95.566618453952671, 29.710552466565826 ], [ -95.566847212995825, 29.715674128299341 ], [ -95.57197985859905, 29.718132435447426 ], [ -95.576883650856885, 29.715468867315408 ], [ -95.5766544396147, 29.710347060942048 ], [ -95.571521888322664, 29.707888967326003 ] ] ] } },
{ "type": "Feature", "properties": { "hex_id": "88446cae51fffff", "price_mean": 2.0147865853658535, "price_median": 1.84, "n": 41, "top_restaurants": "ChIJz-5sBPLcQIYRgBZXqEJ4JX4|$$$;;ChIJjbJdvbvdQIYRUKWGoJBDDFY|$$$;;ChIJn-B1U-jdQIYRHnzvX2A8aKg|$20–30", "z_r": 0.51478658536585353, "qtile": 2.0 }, "geometry": { "type": "Polygon", "coordinates": [ [ [ -95.597648759505546, 29.730421911228078 ], [ -95.592744184136521, 29.733086074573706 ], [ -95.592974165618855, 29.738207789534759 ], [ -95.5981091749385, 29.740665485422415 ], [ -95.603014107939856, 29.738001253046335 ], [ -95.602783673980369, 29.732879393827616 ], [ -95.597648759505546, 29.730421911228078 ] ] ] } },
{ "type": "Feature", "properties": { "hex_id": "88446cae53fffff", "price_mean": 2.1261538461538461, "price_median": 1.84, "n": 3, "top_restaurants": "ChIJXUm4_YncQIYR8alF1Konwnk|$20–30;;ChIJ52XLGNTdQIYR95PXUNGy6PY|$10–20;;ChIJ5-IGJd7dQIYRVgMXalolQXg|$1–10", "z_r": 0.62615384615384606, "qtile": 3.0 }, "geometry": { "type": "Polygon", "coordinates": [ [ [ -95.603014107939856, 29.738001253046335 ], [ -95.5981091749385, 29.740665485422415 ], [ -95.598339413320318, 29.745787169456705 ], [ -95.603475037251599, 29.748244765306026 ], [ -95.608380327850739, 29.745580463884981 ], [ -95.608149636911904, 29.740458635674155 ], [ -95.603014107939856, 29.738001253046335 ] ] ] } },
{ "type": "Feature", "properties": { "hex_id": "88446cae55fffff", "price_mean": 2.0609384164222875, "price_median": 1.84, "n": 31, "top_restaurants": "ChIJ6xgDKmHdQIYR-J5QPulFKZk|$30–50;;ChIJV6tHFercQIYRLPOg9r7RUos|$$;;ChIJiarfyevcQIYRy5-NG7rl6b4|$$", "z_r": 0.56093841642228748, "qtile": 2.0 }, "geometry": { "type": "Polygon", "coordinates": [ [ [ -95.587609789386676, 29.730628278890237 ], [ -95.582705281456214, 29.733291984850087 ], [ -95.582934810499836, 29.738413555414517 ], [ -95.588069299903708, 29.740871564430275 ], [ -95.592974165618855, 29.738207789534759 ], [ -95.592744184136521, 29.733086074573706 ], [ -95.587609789386676, 29.730628278890237 ] ] ] } },
{ "type": "Feature", "properties": { "hex_id": "88446cae59fffff", "price_mean": 2.3125, "price_median": 2.2, "n": 8, "top_restaurants": "ChIJnfzn367fQIYRY_G7IfhL7Ow|€€;;ChIJzVVUM3ndQIYRBnZE-QEfTjU|€€;;ChIJQcp_FVjcQIYRa7Ym1azcn94|€€", "z_r": 0.8125, "qtile": 3.0 }, "geometry": { "type": "Polygon", "coordinates": [ [ [ -95.602322867440535, 29.722635469616076 ], [ -95.597418582448995, 29.725300021229483 ], [ -95.597648759505546, 29.730421911228078 ], [ -95.602783673980369, 29.732879393827616 ], [ -95.607688316486332, 29.730214773103498 ], [ -95.607457686994138, 29.725092738905104 ], [ -95.602322867440535, 29.722635469616076 ] ] ] } },
{ "type": "Feature", "properties": { "hex_id": "88446cae5bfffff", "price_mean": 1.9836363636363636, "price_median": 1.3, "n": 22, "top_restaurants": "ChIJp_Sbzl_cQIYRcTKq1UOGRyQ|$$;;ChIJe0tWK17cQIYR-kkYgfxhP5I|$$;;ChIJVX4uyk3dQIYRH-ixz93gDko|$$", "z_r": 0.48363636363636364, "qtile": 2.0 }, "geometry": { "type": "Polygon", "coordinates": [ [ [ -95.607688316486332, 29.730214773103498 ], [ -95.602783673980369, 29.732879393827616 ], [ -95.603014107939856, 29.738001253046335 ], [ -95.608149636911904, 29.740458635674155 ], [ -95.613054636897729, 29.737793945824816 ], [ -95.612823750422763, 29.732671942487432 ], [ -95.607688316486332, 29.730214773103498 ] ] ] } },
{ "type": "Feature", "properties": { "hex_id": "88446cae5dfffff", "price_mean": 1.8466666666666667, "price_median": 1.84, "n": 6, "top_restaurants": "ChIJMaQ5G-_cQIYRYVX9DpcylNk|$$;;ChIJAQdhP0DdQIYRXQd-17iWqM4|None;;ChIJSwA5b-zdQIYR_QbNUR1UuXU|$10–20", "z_r": 0.34666666666666668, "qtile": 2.0 }, "geometry": { "type": "Polygon", "coordinates": [ [ [ -95.592284282429617, 29.722842438900745 ], [ -95.587380064727412, 29.725506533230416 ], [ -95.587609789386676, 29.730628278890237 ], [ -95.592744184136521, 29.733086074573706 ], [ -95.597648759505546, 29.730421911228078 ], [ -95.597418582448995, 29.725300021229483 ], [ -95.592284282429617, 29.722842438900745 ] ] ] } },
{ "type": "Feature", "properties": { "hex_id": "88446cae61fffff", "price_mean": 1.0, "price_median": 1.0, "n": 1, "top_restaurants": "ChIJdcBzs7TcQIYRVi0-pmoyLYc|$", "z_r": -0.5, "qtile": 0.0 }, "geometry": { "type": "Polygon", "coordinates": [ [ [ -95.552135818898876, 29.723662615367196 ], [ -95.547231873368958, 29.726324880490385 ], [ -95.547459788824369, 29.731446047406017 ], [ -95.552592102043704, 29.733905094107325 ], [ -95.557496405849037, 29.73124276034747 ], [ -95.557268038150625, 29.726121448537491 ], [ -95.552135818898876, 29.723662615367196 ] ] ] } },
{ "type": "Feature", "properties": { "hex_id": "88446cae63fffff", "price_mean": 1.6727941176470589, "price_median": 1.0, "n": 17, "top_restaurants": "ChIJXe41XeXDQIYRXZTICDLa55A|$$;;ChIJ2xcZbaDdQIYR0E3P7LUjUq8|$$;;ChIJQwQ3BYvDQIYR0cwAlquOVyo|$$", "z_r": 0.17279411764705888, "qtile": 1.0 }, "geometry": { "type": "Polygon", "coordinates": [ [ [ -95.557496405849037, 29.73124276034747 ], [ -95.552592102043704, 29.733905094107325 ], [ -95.552820274002386, 29.739026230648495 ], [ -95.557953202080441, 29.741485178257612 ], [ -95.562857864127025, 29.738822775846558 ], [ -95.562629239845307, 29.733701494492106 ], [ -95.557496405849037, 29.73124276034747 ] ] ] } },
{ "type": "Feature", "properties": { "hex_id": "88446cae65fffff", "price_mean": 1.3333333333333333, "price_median": 1.0, "n": 3, "top_restaurants": "ChIJhcaqDGnDQIYRj1UxJNeQgR4|None;;ChIJVWoaOAPDQIYRYAIwUcDLcVY|None;;ChIJ3UD9VyXDQIYRjO8nK-WBPEE|None", "z_r": -0.16666666666666674, "qtile": 0.0 }, "geometry": { "type": "Polygon", "coordinates": [ [ [ -95.542100174966095, 29.72386573493932 ], [ -95.537196298232701, 29.726527542743472 ], [ -95.537423761483851, 29.731648564625988 ], [ -95.542555553663618, 29.734107923751981 ], [ -95.547459788824369, 29.731446047406017 ], [ -95.547231873368958, 29.726324880490385 ], [ -95.542100174966095, 29.72386573493932 ] ] ] } },
{ "type": "Feature", "properties": { "hex_id": "88446cae67fffff", "price_mean": 2.0077767072142598, "price_median": 1.84, "n": 19, "top_restaurants": "ChIJA7KF4TvDQIYRVKY4KBwHU5I|$$;;ChIJyQuMGjrDQIYRfYzFA3ri99I|$$;;ChIJyQuMGjrDQIYRrmlNksvugwY|$$", "z_r": 0.50777670721425983, "qtile": 2.0 }, "geometry": { "type": "Polygon", "coordinates": [ [ [ -95.547459788824369, 29.731446047406017 ], [ -95.542555553663618, 29.734107923751981 ], [ -95.542783273338017, 29.739228915341045 ], [ -95.547915680448412, 29.741688175550781 ], [ -95.552820274002386, 29.739026230648495 ], [ -95.552592102043704, 29.733905094107325 ], [ -95.547459788824369, 29.731446047406017 ] ] ] } },
{ "type": "Feature", "properties": { "hex_id": "88446cae69fffff", "price_mean": 2.0, "price_median": 2.0, "n": 2, "top_restaurants": "ChIJrbX9USrDQIYRN9MXLiJ5D78|$$;;ChIJy2m6-CrDQIYRWKOHr4u8N00|None", "z_r": 0.5, "qtile": 2.0 }, "geometry": { "type": "Polygon", "coordinates": [ [ [ -95.556811363574852, 29.715878619611296 ], [ -95.551907707707372, 29.718541273329635 ], [ -95.552135818898876, 29.723662615367196 ], [ -95.557268038150625, 29.726121448537491 ], [ -95.562172052175754, 29.723458726102141 ], [ -95.561943488782504, 29.718337239228038 ], [ -95.556811363574852, 29.715878619611296 ] ] ] } },
{ "type": "Feature", "properties": { "hex_id": "88446cae6bfffff", "price_mean": 1.6857142857142857, "price_median": 1.0, "n": 7, "top_restaurants": "ChIJzW8HE4nDQIYRcQg00NTH-gc|$$;;ChIJz-FzpS3DQIYRj7NYP22aUak|$$;;ChIJK8S4Xg7DQIYRorTxmnHxt3g|$", "z_r": 0.18571428571428572, "qtile": 1.0 }, "geometry": { "type": "Polygon", "coordinates": [ [ [ -95.562172052175754, 29.723458726102141 ], [ -95.557268038150625, 29.726121448537491 ], [ -95.557496405849037, 29.73124276034747 ], [ -95.562629239845307, 29.733701494492106 ], [ -95.567533611993852, 29.73103870332524 ], [ -95.567304792013729, 29.725917246759767 ], [ -95.562172052175754, 29.723458726102141 ] ] ] } },
{ "type": "Feature", "properties": { "hex_id": "88446cae6dfffff", "price_mean": 1.42, "price_median": 1.42, "n": 2, "top_restaurants": "ChIJyTie9NjCQIYRxZxPTxO4ThY|$10–20;;ChIJCwIZ19jCQIYR28VrqgsIiYc|$", "z_r": -0.08, "qtile": 1.0 }, "geometry": { "type": "Polygon", "coordinates": [ [ [ -95.546776103157953, 29.716082341376097 ], [ -95.541872515937598, 29.718744537877118 ], [ -95.542100174966095, 29.72386573493932 ], [ -95.547231873368958, 29.726324880490385 ], [ -95.552135818898876, 29.723662615367196 ], [ -95.551907707707372, 29.718541273329635 ], [ -95.546776103157953, 29.716082341376097 ] ] ] } },
{ "type": "Feature", "properties": { "hex_id": "88446cae89fffff", "price_mean": 1.0, "price_median": 1.0, "n": 2, "top_restaurants": "ChIJvRL05b3bQIYRsBfHpt6Asew|None;;ChIJeTfYQQDbQIYRleS27b6m27Y|None", "z_r": -0.5, "qtile": 0.0 }, "geometry": { "type": "Polygon", "coordinates": [ [ [ -95.615133538170539, 29.783888874370682 ], [ -95.610226593145626, 29.786552605129366 ], [ -95.610457468571369, 29.791673811019272 ], [ -95.61559574197284, 29.794131430132353 ], [ -95.620503044692882, 29.791467630430706 ], [ -95.620271716307442, 29.786346280573518 ], [ -95.615133538170539, 29.783888874370682 ] ] ] } },
{ "type": "Feature", "properties": { "hex_id": "88446caea5fffff", "price_mean": 1.0, "price_median": 1.0, "n": 1, "top_restaurants": "ChIJO8YW4ynZQIYRWn3f9A398ic|$", "z_r": -0.5, "qtile": 0.0 }, "geometry": { "type": "Polygon", "coordinates": [ [ [ -95.575646550316634, 29.800070283375955 ], [ -95.570739226304752, 29.802731860698337 ], [ -95.570968351334258, 29.807852280531151 ], [ -95.576105253294131, 29.810311267555676 ], [ -95.581012935695185, 29.80764962173507 ], [ -95.580783357738227, 29.80252905740273 ], [ -95.575646550316634, 29.800070283375955 ] ] ] } },
{ "type": "Feature", "properties": { "hex_id": "88446caec1fffff", "price_mean": 1.0, "price_median": 1.0, "n": 2, "top_restaurants": "ChIJKVRMUITbQIYRSDd-R2iv-vY|$;;ChIJwzGUU4TbQIYRV1kZ4-oKn_Q|$", "z_r": -0.5, "qtile": 0.0 }, "geometry": { "type": "Polygon", "coordinates": [ [ [ -95.614440386422757, 29.768524520181717 ], [ -95.609534089914135, 29.771188570965322 ], [ -95.609764903819737, 29.776309985021733 ], [ -95.614902467063246, 29.778767492299874 ], [ -95.619809121183664, 29.776103372507801 ], [ -95.619577854439882, 29.770981814460633 ], [ -95.614440386422757, 29.768524520181717 ] ] ] } },
{ "type": "Feature", "properties": { "hex_id": "88446caec3fffff", "price_mean": 1.0, "price_median": 1.0, "n": 3, "top_restaurants": "ChIJj8arVZvbQIYRz_EgW8FL3V8|$;;ChIJoen5UZbbQIYRGWUNLkmv7Q0|$;;ChIJwX_gsA3bQIYR3vifZ_hyDTE|None", "z_r": -0.5, "qtile": 0.0 }, "geometry": { "type": "Polygon", "coordinates": [ [ [ -95.619809121183664, 29.776103372507801 ], [ -95.614902467063246, 29.778767492299874 ], [ -95.615133538170539, 29.783888874370682 ], [ -95.620271716307442, 29.786346280573518 ], [ -95.625178728004911, 29.783682091758362 ], [ -95.624947203979559, 29.778560565778044 ], [ -95.619809121183664, 29.776103372507801 ] ] ] } },
{ "type": "Feature", "properties": { "hex_id": "88446caec5fffff", "price_mean": 2.0087635281385281, "price_median": 1.6, "n": 21, "top_restaurants": "ChIJQ5JzV5zbQIYR8DOLC_esCGs|$$$;;ChIJ4ykiF4LbQIYRtZKGzveYbvs|$$;;ChIJD9Fy2JzbQIYRZwMp8yoH2Hw|$$", "z_r": 0.5087635281385281, "qtile": 2.0 }, "geometry": { "type": "Polygon", "coordinates": [ [ [ -95.604397141522227, 29.768730962854494 ], [ -95.599490911991609, 29.771394555771185 ], [ -95.59972127309733, 29.776515825697814 ], [ -95.604858316524641, 29.778973646852105 ], [ -95.609764903819737, 29.776309985021733 ], [ -95.609534089914135, 29.771188570965322 ], [ -95.604397141522227, 29.768730962854494 ] ] ] } },
{ "type": "Feature", "properties": { "hex_id": "88446caec7fffff", "price_mean": 1.8432142857142857, "price_median": 1.2625, "n": 7, "top_restaurants": "ChIJycOoUZzbQIYRUdVNsotfvZM|$$;;ChIJ389rrJ_bQIYRetNXWZDJxtY|$$;;ChIJ1ZBEh2jbQIYRnjNgRgD3FJ0|$10–20", "z_r": 0.34321428571428569, "qtile": 2.0 }, "geometry": { "type": "Polygon", "coordinates": [ [ [ -95.609764903819737, 29.776309985021733 ], [ -95.604858316524641, 29.778973646852105 ], [ -95.605088934752132, 29.784094884874367 ], [ -95.610226593145626, 29.786552605129366 ], [ -95.615133538170539, 29.783888874370682 ], [ -95.614902467063246, 29.778767492299874 ], [ -95.609764903819737, 29.776309985021733 ] ] ] } },
{ "type": "Feature", "properties": { "hex_id": "88446caec9fffff", "price_mean": 1.6857142857142857, "price_median": 1.0, "n": 7, "top_restaurants": "ChIJfcm5VYvbQIYR5BhM1I1HlZw|$$;;ChIJSb57Z4vbQIYRwBoMC9TuFxM|$$;;ChIJ-RZ2rYXbQIYRZc5HMCfSd74|$", "z_r": 0.18571428571428572, "qtile": 1.0 }, "geometry": { "type": "Polygon", "coordinates": [ [ [ -95.619115382574876, 29.760738490741126 ], [ -95.614209376884105, 29.763402930295737 ], [ -95.614440386422757, 29.768524520181717 ], [ -95.619577854439882, 29.770981814460633 ], [ -95.624484217624428, 29.768317305817391 ], [ -95.624252755289206, 29.763195571998448 ], [ -95.619115382574876, 29.760738490741126 ] ] ] } },
{ "type": "Feature", "properties": { "hex_id": "88446caecbfffff", "price_mean": 2.32, "price_median": 2.32, "n": 2, "top_restaurants": "ChIJ4bR-lq3bQIYRsxxkundM878|$20–30;;ChIJqaQUvOzbQIYRDVN7s7-wsNA|None", "z_r": 0.82, "qtile": 3.0 }, "geometry": { "type": "Polygon", "coordinates": [ [ [ -95.624484217624428, 29.768317305817391 ], [ -95.619577854439882, 29.770981814460633 ], [ -95.619809121183664, 29.776103372507801 ], [ -95.624947203979559, 29.778560565778044 ], [ -95.629853924623134, 29.775895988031564 ], [ -95.629622205002917, 29.770774286132674 ], [ -95.624484217624428, 29.768317305817391 ] ] ] } },
{ "type": "Feature", "properties": { "hex_id": "88446caecdfffff", "price_mean": 2.4722222222222223, "price_median": 3.4, "n": 9, "top_restaurants": "ChIJxS17xoPbQIYRRo2d4I_WE_Q|€€;;ChIJ2eXnWbTbQIYRGdXVxOSyWyI|$$;;ChIJ1aD5FITbQIYRHjxyY1ACXnc|$$", "z_r": 0.97222222222222232, "qtile": 3.0 }, "geometry": { "type": "Polygon", "coordinates": [ [ [ -95.609072523604027, 29.760945535250766 ], [ -95.60416658474189, 29.7636095170405 ], [ -95.604397141522227, 29.768730962854494 ], [ -95.609534089914135, 29.771188570965322 ], [ -95.614440386422757, 29.768524520181717 ], [ -95.614209376884105, 29.763402930295737 ], [ -95.609072523604027, 29.760945535250766 ] ] ] } },
{ "type": "Feature", "properties": { "hex_id": "88446caed9fffff", "price_mean": 2.542850241545894, "price_median": 3.4, "n": 9, "top_restaurants": "ChIJ93cBWxnbQIYRUbpuqpgm8JM|$20–30;;ChIJyXHml2DZQIYRl-knzdVeqDY|$$;;ChIJ1QM1D1DKQIYR1ulzknUIg_k|$$", "z_r": 1.042850241545894, "qtile": 3.0 }, "geometry": { "type": "Polygon", "coordinates": [ [ [ -95.639899313571917, 29.775687831468694 ], [ -95.634992526707407, 29.778352867162173 ], [ -95.635224503689045, 29.783474536912969 ], [ -95.640363720520753, 29.785931314616228 ], [ -95.645270864656496, 29.783266209710185 ], [ -95.645038434680473, 29.778144396328027 ], [ -95.639899313571917, 29.775687831468694 ] ] ] } },
{ "type": "Feature", "properties": { "hex_id": "88446caedbfffff", "price_mean": 2.5257142857142858, "price_median": 3.4, "n": 7, "top_restaurants": "ChIJVwy24r_ZQIYR9ew4BLudwWc|$20–30;;ChIJsY2xzf3ZQIYRKC-JyUIU3Tc|$$;;ChIJnyPDpN_bQIYR34jdicnu9Eo|$$", "z_r": 1.0257142857142858, "qtile": 3.0 }, "geometry": { "type": "Polygon", "coordinates": [ [ [ -95.645270864656496, 29.783266209710185 ], [ -95.640363720520753, 29.785931314616228 ], [ -95.640595954940267, 29.791052951990846 ], [ -95.645735786560934, 29.79350962802409 ], [ -95.650643287933008, 29.790844453890841 ], [ -95.650410600439287, 29.785722672966163 ], [ -95.645270864656496, 29.783266209710185 ] ] ] } },
{ "type": "Feature", "properties": { "hex_id": "88446caeddfffff", "price_mean": 3.64, "price_median": 3.64, "n": 1, "top_restaurants": "ChIJUzQXievbQIYRgMMo3_udDJA|$20–30", "z_r": 2.14, "qtile": 3.0 }, "geometry": { "type": "Polygon", "coordinates": [ [ [ -95.629853924623134, 29.775895988031564 ], [ -95.624947203979559, 29.778560565778044 ], [ -95.625178728004911, 29.783682091758362 ], [ -95.630317425621271, 29.786139183777276 ], [ -95.635224503689045, 29.783474536912969 ], [ -95.634992526707407, 29.778352867162173 ], [ -95.629853924623134, 29.775895988031564 ] ] ] } },
{ "type": "Feature", "properties": { "hex_id": "88446caee1fffff", "price_mean": 1.8285714285714287, "price_median": 1.0, "n": 7, "top_restaurants": "ChIJUdnMT__bQIYR1kW31KJ2pAQ|$$;;ChIJK_dOfWzbQIYRX-fisUQ3fyA|$$;;ChIJqSkNVmrbQIYRl_mBrD2FW0Q|None", "z_r": 0.32857142857142874, "qtile": 2.0 }, "geometry": { "type": "Polygon", "coordinates": [ [ [ -95.589678229582276, 29.776720894660695 ], [ -95.584771776844093, 29.779383640546197 ], [ -95.585001489427171, 29.784504590054446 ], [ -95.590138107542501, 29.786962938018242 ], [ -95.595044918315736, 29.784300123394033 ], [ -95.594814752929665, 29.779179029559309 ], [ -95.589678229582276, 29.776720894660695 ] ] ] } },
{ "type": "Feature", "properties": { "hex_id": "88446caee3fffff", "price_mean": 1.6133333333333333, "price_median": 1.84, "n": 3, "top_restaurants": "ChIJ5Q5jFQDbQIYRF5mREvyAxIg|None;;ChIJVSOfIO7bQIYRzxwiBPMoA3U|$10–20;;ChIJr7Te5_jbQIYRUrNp33z1VaA|$1–10", "z_r": 0.11333333333333329, "qtile": 1.0 }, "geometry": { "type": "Polygon", "coordinates": [ [ [ -95.595044918315736, 29.784300123394033 ], [ -95.590138107542501, 29.786962938018242 ], [ -95.590368077163902, 29.792083855556587 ], [ -95.595505310432571, 29.794542102730556 ], [ -95.600412479206355, 29.791879219352982 ], [ -95.600182056701996, 29.786758157569377 ], [ -95.595044918315736, 29.784300123394033 ] ] ] } },
{ "type": "Feature", "properties": { "hex_id": "88446caee5fffff", "price_mean": 2.1706793478260868, "price_median": 1.5928260869565216, "n": 12, "top_restaurants": "ChIJCUrHzkHbQIYRr_ASa9kyews|$30–50;;ChIJmeZvafvbQIYRHuAEKBthucY|$$;;ChIJC5ABSd-_XhQRMWPhGin2dIY|$$", "z_r": 0.67067934782608685, "qtile": 3.0 }, "geometry": { "type": "Polygon", "coordinates": [ [ [ -95.579635773840138, 29.776925192035165 ], [ -95.574729388833404, 29.779587479937661 ], [ -95.574958648652014, 29.784708284980518 ], [ -95.580094746232888, 29.787166946600827 ], [ -95.585001489427171, 29.784504590054446 ], [ -95.584771776844093, 29.779383640546197 ], [ -95.579635773840138, 29.776925192035165 ] ] ] } },
{ "type": "Feature", "properties": { "hex_id": "88446caee9fffff", "price_mean": 2.3119565217391305, "price_median": 2.0858695652173913, "n": 6, "top_restaurants": "ChIJ3UcFrLbbQIYR4AjIPBFvMLE|$30–50;;ChIJz1P0imTbQIYR7PBt1MM_mDM|€€;;ChIJw7dPmoHbQIYRbhgSA9fvb68|$10–20", "z_r": 0.81195652173913047, "qtile": 3.0 }, "geometry": { "type": "Polygon", "coordinates": [ [ [ -95.59435448348863, 29.768936633960216 ], [ -95.589448321238038, 29.771599769002805 ], [ -95.589678229582276, 29.776720894660695 ], [ -95.594814752929665, 29.779179029559309 ], [ -95.59972127309733, 29.776515825697814 ], [ -95.599490911991609, 29.771394555771185 ], [ -95.59435448348863, 29.768936633960216 ] ] ] } },
{ "type": "Feature", "properties": { "hex_id": "88446caeebfffff", "price_mean": 1.9518217627960277, "price_median": 1.84, "n": 14, "top_restaurants": "ChIJ33DP7nTbQIYRN17wPFECMKA|$$;;ChIJ24PLpcfbQIYRpUwGRwbngKY|$$;;ChIJMS6s2orbQIYRcA80fS1Bc0E|$$", "z_r": 0.4518217627960277, "qtile": 2.0 }, "geometry": { "type": "Polygon", "coordinates": [ [ [ -95.59972127309733, 29.776515825697814 ], [ -95.594814752929665, 29.779179029559309 ], [ -95.595044918315736, 29.784300123394033 ], [ -95.600182056701996, 29.786758157569377 ], [ -95.605088934752132, 29.784094884874367 ], [ -95.604858316524641, 29.778973646852105 ], [ -95.59972127309733, 29.776515825697814 ] ] ] } },
{ "type": "Feature", "properties": { "hex_id": "88446caeedfffff", "price_mean": 2.6690230334784975, "price_median": 2.6690230334784975, "n": 2, "top_restaurants": "ChIJ09ItBl3bQIYRXv-zhfXS-1c|$30–50;;ChIJGVBIhbHZQIYR8JfH8JGxWAk|$$", "z_r": 1.1690230334784975, "qtile": 3.0 }, "geometry": { "type": "Polygon", "coordinates": [ [ [ -95.584312412887542, 29.769141533623529 ], [ -95.579406318218915, 29.771804210784953 ], [ -95.579635773840138, 29.776925192035165 ], [ -95.584771776844093, 29.779383640546197 ], [ -95.589678229582276, 29.776720894660695 ], [ -95.589448321238038, 29.771599769002805 ], [ -95.584312412887542, 29.769141533623529 ] ] ] } },
{ "type": "Feature", "properties": { "hex_id": "88446caf01fffff", "price_mean": 2.201875, "price_median": 1.75375, "n": 4, "top_restaurants": "ChIJ2RxXc5XDQIYRyw9WjIXzFWg|$$$;;ChIJweOXb5XDQIYRk5rU3Ry1W10|$10–20;;ChIJoTu_b5XDQIYR_YEisp_ToR8|$$", "z_r": 0.701875, "qtile": 3.0 }, "geometry": { "type": "Polygon", "coordinates": [ [ [ -95.502641176560829, 29.740031955524078 ], [ -95.497736929990083, 29.742691612782291 ], [ -95.497962644925579, 29.747811847413665 ], [ -95.503093058592384, 29.750272570365965 ], [ -95.507997664281149, 29.747612845011464 ], [ -95.507771497175966, 29.742492464815442 ], [ -95.502641176560829, 29.740031955524078 ] ] ] } },
{ "type": "Feature", "properties": { "hex_id": "88446caf07fffff", "price_mean": 1.7768774703557313, "price_median": 1.0, "n": 11, "top_restaurants": "ChIJ_7IiUOvDQIYRkisUlxs_o_s|$$;;ChIJ_7IiUOvDQIYR2qrVNkxf1gc|$$;;ChIJKe-stJLDQIYRbMQAjucCHQE|$$", "z_r": 0.27687747035573129, "qtile": 2.0 }, "geometry": { "type": "Polygon", "coordinates": [ [ [ -95.497962644925579, 29.747811847413665 ], [ -95.49305810938553, 29.750471115125009 ], [ -95.493283628285624, 29.755591173790076 ], [ -95.498414134927415, 29.758052110380572 ], [ -95.503319029703263, 29.755392774653313 ], [ -95.503093058592384, 29.750272570365965 ], [ -95.497962644925579, 29.747811847413665 ] ] ] } },
{ "type": "Feature", "properties": { "hex_id": "88446caf09fffff", "price_mean": 2.078125, "price_median": 1.5, "n": 32, "top_restaurants": "ChIJeXwqXC3DQIYRFfIw7pw3xgg|$$$;;ChIJMf6Y1PHDQIYRO6QmgoJbEpc|$$;;ChIJafHtju7DQIYRCcXlUrynjMI|$$", "z_r": 0.578125, "qtile": 3.0 }, "geometry": { "type": "Polygon", "coordinates": [ [ [ -95.507319223204405, 29.732251498507416 ], [ -95.502415265634795, 29.734911545130807 ], [ -95.502641176560829, 29.740031955524078 ], [ -95.507771497175966, 29.742492464815442 ], [ -95.51267581374583, 29.739832350015366 ], [ -95.512449450691193, 29.734711794115107 ], [ -95.507319223204405, 29.732251498507416 ] ] ] } },
{ "type": "Feature", "properties": { "hex_id": "88446caf0dfffff", "price_mean": 1.9537622769193916, "price_median": 1.84, "n": 33, "top_restaurants": "ChIJg5hz0D7DQIYRhf_dMq9kBn0|$$;;ChIJuUmVvmHDQIYRdN6YYoMQuEI|$$;;ChIJ5xCCOMfDQIYR9Bzj1hrvHI4|$$", "z_r": 0.45376227691939164, "qtile": 2.0 }, "geometry": { "type": "Polygon", "coordinates": [ [ [ -95.497285560236634, 29.732450937626879 ], [ -95.492381672817658, 29.735110526803368 ], [ -95.492607131654211, 29.740230791551017 ], [ -95.497736929990083, 29.742691612782291 ], [ -95.502641176560829, 29.740031955524078 ], [ -95.502415265634795, 29.734911545130807 ], [ -95.497285560236634, 29.732450937626879 ] ] ] } },
{ "type": "Feature", "properties": { "hex_id": "88446caf21fffff", "price_mean": 1.7552941176470589, "price_median": 1.0, "n": 7, "top_restaurants": "ChIJJevfkyfDQIYRVaFjSNE8-bM|$20–30;;ChIJzQA7xNzDQIYRPx2Fuw2oSns|$$;;ChIJYamaKOzDQIYRUo0bB8q6w9I|$10–20", "z_r": 0.25529411764705889, "qtile": 2.0 }, "geometry": { "type": "Polygon", "coordinates": [ [ [ -95.477894384633345, 29.748207543464055 ], [ -95.472989990294039, 29.750865895870373 ], [ -95.473214604890302, 29.755985662875172 ], [ -95.478344065948974, 29.758447223387527 ], [ -95.483248819826969, 29.755788803155284 ], [ -95.483023753098422, 29.750668890251074 ], [ -95.477894384633345, 29.748207543464055 ] ] ] } },
{ "type": "Feature", "properties": { "hex_id": "88446caf23fffff", "price_mean": 2.2867857142857142, "price_median": 1.84, "n": 7, "top_restaurants": "ChIJE9kG1ZXDQIYRdQxQZ6a2K9M|$$;;ChIJfZsEDP7DQIYRvdzPQmCtZXY|$$;;ChIJ22jQE_7DQIYRJX-5rcqkbok|$$", "z_r": 0.7867857142857142, "qtile": 3.0 }, "geometry": { "type": "Polygon", "coordinates": [ [ [ -95.483248819826969, 29.755788803155284 ], [ -95.478344065948974, 29.758447223387527 ], [ -95.478568936556229, 29.763566960063486 ], [ -95.483699013244902, 29.766028422340124 ], [ -95.488604126627948, 29.763369934267324 ], [ -95.488378803808118, 29.758250051772926 ], [ -95.483248819826969, 29.755788803155284 ] ] ] } },
{ "type": "Feature", "properties": { "hex_id": "88446caf29fffff", "price_mean": 1.7533333333333332, "price_median": 1.0, "n": 12, "top_restaurants": "ChIJ4b1nWubDQIYRyaWtseeCF38|$$;;ChIJpZfZgunDQIYR_yHOF1TRRs0|$$;;ChIJsVgoYubDQIYRjXP7bk8MuuA|$$", "z_r": 0.25333333333333319, "qtile": 2.0 }, "geometry": { "type": "Polygon", "coordinates": [ [ [ -95.482573679588938, 29.74042885822217 ], [ -95.47766957391967, 29.743087600377756 ], [ -95.477894384633345, 29.748207543464055 ], [ -95.483023753098422, 29.750668890251074 ], [ -95.487928218188642, 29.748010080189164 ], [ -95.487702955383682, 29.742889991261034 ], [ -95.482573679588938, 29.74042885822217 ] ] ] } },
{ "type": "Feature", "properties": { "hex_id": "88446caf2bfffff", "price_mean": 1.9360085227272728, "price_median": 1.6720170454545455, "n": 4, "top_restaurants": "ChIJRft3kObDQIYRiL0dvb33tHU|$$;;ChIJB9sJkObDQIYRRZPYVjL34YI|$$;;ChIJ_5m_pf3DQIYRRUp6WZfSJgw|$", "z_r": 0.43600852272727275, "qtile": 2.0 }, "geometry": { "type": "Polygon", "coordinates": [ [ [ -95.487928218188642, 29.748010080189164 ], [ -95.483023753098422, 29.750668890251074 ], [ -95.483248819826969, 29.755788803155284 ], [ -95.488378803808118, 29.758250051772926 ], [ -95.493283628285624, 29.755591173790076 ], [ -95.49305810938553, 29.750471115125009 ], [ -95.487928218188642, 29.748010080189164 ] ] ] } },
{ "type": "Feature", "properties": { "hex_id": "88446caf2dfffff", "price_mean": 2.2, "price_median": 2.2, "n": 2, "top_restaurants": "ChIJSSCRB0PBQIYR4DP8fUBsJP8|$$;;ChIJsz4gDWfBQIYReIt-sm4UieM|$", "z_r": 0.7, "qtile": 3.0 }, "geometry": { "type": "Polygon", "coordinates": [ [ [ -95.472540820927819, 29.740626155663669 ], [ -95.467636786160753, 29.74328444025868 ], [ -95.467861144822464, 29.748404237364607 ], [ -95.472989990294039, 29.750865895870373 ], [ -95.477894384633345, 29.748207543464055 ], [ -95.47766957391967, 29.743087600377756 ], [ -95.472540820927819, 29.740626155663669 ] ] ] } },
{ "type": "Feature", "properties": { "hex_id": "88446caf41fffff", "price_mean": 2.1333333333333333, "price_median": 2.0, "n": 3, "top_restaurants": "ChIJT6RhPEvCQIYR-Rbq5o-WiiY|$$;;ChIJnU3sz2LDQIYRaEK49bARaZ0|None;;ChIJ_457EkXDQIYRA41ptkIKIbM|$", "z_r": 0.6333333333333333, "qtile": 3.0 }, "geometry": { "type": "Polygon", "coordinates": [ [ [ -95.50664096280407, 29.716889535465278 ], [ -95.501737653183739, 29.719549903029531 ], [ -95.501963503948915, 29.724670518802871 ], [ -95.507093116332683, 29.727130912556717 ], [ -95.511996784869353, 29.724470476749904 ], [ -95.511770482096807, 29.71934971544631 ], [ -95.50664096280407, 29.716889535465278 ] ] ] } },
{ "type": "Feature", "properties": { "hex_id": "88446caf43fffff", "price_mean": 1.7507692307692309, "price_median": 1.84, "n": 13, "top_restaurants": "ChIJ7Wd2uiHDQIYR7mQd4sahOUA|$$;;ChIJb_1bLKnDQIYR_huda_7HQUQ|$$;;ChIJoQgIHgDDQIYREkil1Mog2CE|None", "z_r": 0.25076923076923086, "qtile": 2.0 }, "geometry": { "type": "Polygon", "coordinates": [ [ [ -95.511996784869353, 29.724470476749904 ], [ -95.507093116332683, 29.727130912556717 ], [ -95.507319223204405, 29.732251498507416 ], [ -95.512449450691193, 29.734711794115107 ], [ -95.517353478110365, 29.732051290051221 ], [ -95.517126919151139, 29.726930558651219 ], [ -95.511996784869353, 29.724470476749904 ] ] ] } },
{ "type": "Feature", "properties": { "hex_id": "88446caf45fffff", "price_mean": 1.9370416666666666, "price_median": 1.57, "n": 30, "top_restaurants": "ChIJIyQxuzXCQIYR0hxhjaAl2xU|$20–30;;ChIJD4Rg3bLDQIYRnu7M93EPWJM|$$;;ChIJ_6akA-LDQIYRsbjG_mOAI4g|$$", "z_r": 0.43704166666666655, "qtile": 2.0 }, "geometry": { "type": "Polygon", "coordinates": [ [ [ -95.496608655860356, 29.717089411371848 ], [ -95.491705416392577, 29.719749321685502 ], [ -95.491930815189491, 29.724869791789953 ], [ -95.497059905413352, 29.727330497264131 ], [ -95.501963503948915, 29.724670518802871 ], [ -95.501737653183739, 29.719549903029531 ], [ -95.496608655860356, 29.717089411371848 ] ] ] } },
{ "type": "Feature", "properties": { "hex_id": "88446caf47fffff", "price_mean": 1.7212240075614367, "price_median": 1.14, "n": 23, "top_restaurants": "ChIJ0wZYi7bDQIYRpWlGfDDIqKE|$$;;ChIJd4Ko0rXDQIYRrTTjgzUnE_E|$$;;ChIJyUuvI1LDQIYR5YiZ0pfeNP0|$$", "z_r": 0.22122400756143668, "qtile": 2.0 }, "geometry": { "type": "Polygon", "coordinates": [ [ [ -95.501963503948915, 29.724670518802871 ], [ -95.497059905413352, 29.727330497264131 ], [ -95.497285560236634, 29.732450937626879 ], [ -95.502415265634795, 29.734911545130807 ], [ -95.507319223204405, 29.732251498507416 ], [ -95.507093116332683, 29.727130912556717 ], [ -95.501963503948915, 29.724670518802871 ] ] ] } },
{ "type": "Feature", "properties": { "hex_id": "88446caf49fffff", "price_mean": 2.45, "price_median": 2.7, "n": 4, "top_restaurants": "ChIJAe_TItfDQIYRmpsUHt2AKdY|$$;;ChIJp-Qnt1HCQIYRWlJRVRML8Js|$$;;ChIJj4v3PFHCQIYRARDTBDyD7bA|None", "z_r": 0.95, "qtile": 3.0 }, "geometry": { "type": "Polygon", "coordinates": [ [ [ -95.511317936815146, 29.709107988000486 ], [ -95.506414916141836, 29.711768744485884 ], [ -95.50664096280407, 29.716889535465278 ], [ -95.511770482096807, 29.71934971544631 ], [ -95.516673861568748, 29.716688890637926 ], [ -95.516447362940227, 29.711567954185995 ], [ -95.511317936815146, 29.709107988000486 ] ] ] } },
{ "type": "Feature", "properties": { "hex_id": "88446caf4bfffff", "price_mean": 1.2, "price_median": 1.0, "n": 5, "top_restaurants": "ChIJY7WkfYrDQIYRycS8kIrLJXE|None;;ChIJjYkudQDDQIYReUgj1MjNOaw|$;;ChIJadr_HeHDQIYR7Ne9kv0Teq0|None", "z_r": -0.3, "qtile": 0.0 }, "geometry": { "type": "Polygon", "coordinates": [ [ [ -95.516673861568748, 29.716688890637926 ], [ -95.511770482096807, 29.71934971544631 ], [ -95.511996784869353, 29.724470476749904 ], [ -95.517126919151139, 29.726930558651219 ], [ -95.522030657387859, 29.72426966550535 ], [ -95.521803902568919, 29.719148758810157 ], [ -95.516673861568748, 29.716688890637926 ] ] ] } },
{ "type": "Feature", "properties": { "hex_id": "88446caf4dfffff", "price_mean": 1.896, "price_median": 1.5, "n": 30, "top_restaurants": "ChIJBaH2oDfDQIYRFlrkKKw29Sw|$$;;ChIJZaQxO0rCQIYRuFZXsebZ7wo|$$;;ChIJFz5zMknCQIYRONmxInOqW4s|$$", "z_r": 0.396, "qtile": 2.0 }, "geometry": { "type": "Polygon", "coordinates": [ [ [ -95.501286011795585, 29.709308466667441 ], [ -95.496383061125343, 29.711968766003643 ], [ -95.496608655860356, 29.717089411371848 ], [ -95.501737653183739, 29.719549903029531 ], [ -95.50664096280407, 29.716889535465278 ], [ -95.506414916141836, 29.711768744485884 ], [ -95.501286011795585, 29.709308466667441 ] ] ] } },
{ "type": "Feature", "properties": { "hex_id": "88446caf51fffff", "price_mean": 1.5508333333333333, "price_median": 1.0, "n": 12, "top_restaurants": "ChIJrYNCNsLDQIYRu2Leathg-GA|$$;;ChIJLUkkmg7DQIYRszYG-NE_7N0|$$;;ChIJr3NFGwfDQIYR5dwh97U9EMs|$10–20", "z_r": 0.050833333333333286, "qtile": 1.0 }, "geometry": { "type": "Polygon", "coordinates": [ [ [ -95.527388324391296, 29.731850312132583 ], [ -95.522484227423718, 29.73451127363046 ], [ -95.522711042646009, 29.739631974899048 ], [ -95.527842407033418, 29.742091859913874 ], [ -95.532746862697934, 29.739430830049443 ], [ -95.532519595269036, 29.734309983551249 ], [ -95.527388324391296, 29.731850312132583 ] ] ] } },
{ "type": "Feature", "properties": { "hex_id": "88446caf55fffff", "price_mean": 1.8682550548769834, "price_median": 1.0, "n": 29, "top_restaurants": "ChIJi8v6JQjDQIYRuJoXmp9mDss|$$;;ChIJLZvqDm65QIYRqScF5ajYb-8|$$;;ChIJ3c4O8gnDQIYRZBqhAT9XgEU|$$", "z_r": 0.3682550548769834, "qtile": 2.0 }, "geometry": { "type": "Polygon", "coordinates": [ [ [ -95.517353478110365, 29.732051290051221 ], [ -95.512449450691193, 29.734711794115107 ], [ -95.51267581374583, 29.739832350015366 ], [ -95.517806656378198, 29.742292547234559 ], [ -95.522711042646009, 29.739631974899048 ], [ -95.522484227423718, 29.73451127363046 ], [ -95.517353478110365, 29.732051290051221 ] ] ] } },
{ "type": "Feature", "properties": { "hex_id": "88446caf59fffff", "price_mean": 2.0548235294117649, "price_median": 1.924, "n": 17, "top_restaurants": "ChIJtexZowDDQIYRPUM_oglKH8c|$20–30;;ChIJD4sY1xrDQIYROMA9v1nEx08|$20–30;;ChIJNbLOsVfDQIYRUccehDJSt5k|$$", "z_r": 0.55482352941176494, "qtile": 2.0 }, "geometry": { "type": "Polygon", "coordinates": [ [ [ -95.53206512094124, 29.724068084943628 ], [ -95.527161313305584, 29.726729435421969 ], [ -95.527388324391296, 29.731850312132583 ], [ -95.532519595269036, 29.734309983551249 ], [ -95.537423761483851, 29.731648564625988 ], [ -95.537196298232701, 29.726527542743472 ], [ -95.53206512094124, 29.724068084943628 ] ] ] } },
{ "type": "Feature", "properties": { "hex_id": "88446caf5bfffff", "price_mean": 1.7840170454545454, "price_median": 1.0, "n": 20, "top_restaurants": "ChIJmfu-kMvDQIYRbrPpGmGfXuA|$30–50;;ChIJN03qGxbDQIYRupIPeMV0Rr4|$$$;;ChIJEx8DgBHDQIYReQnAnzQlCks|$$", "z_r": 0.28401704545454542, "qtile": 2.0 }, "geometry": { "type": "Polygon", "coordinates": [ [ [ -95.537423761483851, 29.731648564625988 ], [ -95.532519595269036, 29.734309983551249 ], [ -95.532746862697934, 29.739430830049443 ], [ -95.53787874857808, 29.741890402727762 ], [ -95.542783273338017, 29.739228915341045 ], [ -95.542555553663618, 29.734107923751981 ], [ -95.537423761483851, 29.731648564625988 ] ] ] } },
{ "type": "Feature", "properties": { "hex_id": "88446caf5dfffff", "price_mean": 1.9138461538461538, "price_median": 1.0, "n": 13, "top_restaurants": "ChIJmdxPwwjDQIYRTt11swzXu_s|$30–50;;ChIJw-fqeQjDQIYRFNk2Y1vuDMk|$$;;ChIJHzjstCDDQIYR5yfvbiZC1RY|$$", "z_r": 0.41384615384615375, "qtile": 2.0 }, "geometry": { "type": "Polygon", "coordinates": [ [ [ -95.522030657387859, 29.72426966550535 ], [ -95.517126919151139, 29.726930558651219 ], [ -95.517353478110365, 29.732051290051221 ], [ -95.522484227423718, 29.73451127363046 ], [ -95.527388324391296, 29.731850312132583 ], [ -95.527161313305584, 29.726729435421969 ], [ -95.522030657387859, 29.72426966550535 ] ] ] } },
{ "type": "Feature", "properties": { "hex_id": "88446caf61fffff", "price_mean": 1.8558333333333332, "price_median": 1.0, "n": 48, "top_restaurants": "ChIJrZsp1jLDQIYR5tWKmoePkpw|$$$;;ChIJPwoQd9rDQIYR-DdXXu8WewQ|$20–30;;ChIJQ4ZIk9DDQIYReNdPQTnUQmk|$$", "z_r": 0.35583333333333322, "qtile": 2.0 }, "geometry": { "type": "Polygon", "coordinates": [ [ [ -95.481898719153861, 29.725068295837026 ], [ -95.476995261523356, 29.727727359588108 ], [ -95.477220012367312, 29.73284750835915 ], [ -95.482348672802672, 29.73530873925872 ], [ -95.487252489770015, 29.732649607535453 ], [ -95.487027286956007, 29.727529312899275 ], [ -95.481898719153861, 29.725068295837026 ] ] ] } },
{ "type": "Feature", "properties": { "hex_id": "88446caf63fffff", "price_mean": 2.580896798577498, "price_median": 3.1014705882352946, "n": 33, "top_restaurants": "ChIJ8xk4WLvDQIYRhqGguDbjNNM|$$$$;;ChIJwW-0zcTDQIYRxkrH5etAkuI|$$$;;ChIJ5cbacsTDQIYRUeDc5xtC7NU|$$", "z_r": 1.080896798577498, "qtile": 3.0 }, "geometry": { "type": "Polygon", "coordinates": [ [ [ -95.487252489770015, 29.732649607535453 ], [ -95.482348672802672, 29.73530873925872 ], [ -95.482573679588938, 29.74042885822217 ], [ -95.487702955383682, 29.742889991261034 ], [ -95.492607131654211, 29.740230791551017 ], [ -95.492381672817658, 29.735110526803368 ], [ -95.487252489770015, 29.732649607535453 ] ] ] } },
{ "type": "Feature", "properties": { "hex_id": "88446caf65fffff", "price_mean": 1.8072727272727271, "price_median": 1.0, "n": 11, "top_restaurants": "ChIJ8Q-WBX3BQIYRcuBO0cGTS7I|$$;;ChIJDdM_jXrBQIYRw6KU1BuxAqM|$$;;ChIJwc0b_nzBQIYRzzSOIrzTsp0|$$", "z_r": 0.30727272727272714, "qtile": 2.0 }, "geometry": { "type": "Polygon", "coordinates": [ [ [ -95.471867216404533, 29.725266031070113 ], [ -95.466963829677852, 29.727924637456763 ], [ -95.46718812859109, 29.733044640224129 ], [ -95.472316266152561, 29.735506182622984 ], [ -95.477220012367312, 29.73284750835915 ], [ -95.476995261523356, 29.727727359588108 ], [ -95.471867216404533, 29.725266031070113 ] ] ] } },
{ "type": "Feature", "properties": { "hex_id": "88446caf67fffff", "price_mean": 2.1917241379310344, "price_median": 1.84, "n": 29, "top_restaurants": "ChIJw9jsuGPBQIYRI1Eqwr5DUzs|$$;;ChIJsWa2g4PDQIYRD6DYPTpVzU8|$$;;ChIJnZ35WzjBQIYRY3YFspAwHYs|$$", "z_r": 0.69172413793103438, "qtile": 3.0 }, "geometry": { "type": "Polygon", "coordinates": [ [ [ -95.477220012367312, 29.73284750835915 ], [ -95.472316266152561, 29.735506182622984 ], [ -95.472540820927819, 29.740626155663669 ], [ -95.47766957391967, 29.743087600377756 ], [ -95.482573679588938, 29.74042885822217 ], [ -95.482348672802672, 29.73530873925872 ], [ -95.477220012367312, 29.73284750835915 ] ] ] } },
{ "type": "Feature", "properties": { "hex_id": "88446caf69fffff", "price_mean": 1.6, "price_median": 1.0, "n": 8, "top_restaurants": "ChIJx5YpfzLCQIYRtcwBG0lkpeg|$$;;ChIJNWs8lzLCQIYRluEdCS0aPpI|$$;;ChIJdYqLjO3DQIYRu4-VLp3s1Dg|None", "z_r": 0.1, "qtile": 1.0 }, "geometry": { "type": "Polygon", "coordinates": [ [ [ -95.486576941300356, 29.717288518483379 ], [ -95.481673772285987, 29.719947971540059 ], [ -95.481898719153861, 29.725068295837026 ], [ -95.487027286956007, 29.727529312899275 ], [ -95.491930815189491, 29.724869791789953 ], [ -95.491705416392577, 29.719749321685502 ], [ -95.486576941300356, 29.717288518483379 ] ] ] } },
{ "type": "Feature", "properties": { "hex_id": "88446caf6bfffff", "price_mean": 1.7090909090909092, "price_median": 1.0, "n": 11, "top_restaurants": "ChIJS3hHl8jDQIYR51bxef7ZslM|$$;;ChIJ7-P2GtDDQIYRwiZhe3SVt_8|$$;;ChIJvxDteEHDQIYRe2SwW4M6p5Q|None", "z_r": 0.20909090909090922, "qtile": 1.0 }, "geometry": { "type": "Polygon", "coordinates": [ [ [ -95.491930815189491, 29.724869791789953 ], [ -95.487027286956007, 29.727529312899275 ], [ -95.487252489770015, 29.732649607535453 ], [ -95.492381672817658, 29.735110526803368 ], [ -95.497285560236634, 29.732450937626879 ], [ -95.497059905413352, 29.727330497264131 ], [ -95.491930815189491, 29.724869791789953 ] ] ] } },
{ "type": "Feature", "properties": { "hex_id": "88446caf6dfffff", "price_mean": 1.34, "price_median": 1.0, "n": 10, "top_restaurants": "ChIJg2SHPArDQIYRl1Pd7CZ7Vbg|$$;;ChIJRabiYIDBQIYRToo_QLm84OQ|None;;ChIJFXEXYIDBQIYRSF9YxN4VyUE|$", "z_r": -0.16, "qtile": 0.0 }, "geometry": { "type": "Polygon", "coordinates": [ [ [ -95.476545819686578, 29.717486856925753 ], [ -95.471642721426463, 29.720145852719199 ], [ -95.471867216404533, 29.725266031070113 ], [ -95.476995261523356, 29.727727359588108 ], [ -95.481898719153861, 29.725068295837026 ], [ -95.481673772285987, 29.719947971540059 ], [ -95.476545819686578, 29.717486856925753 ] ] ] } },
{ "type": "Feature", "properties": { "hex_id": "88446cb881fffff", "price_mean": 1.0, "price_median": 1.0, "n": 2, "top_restaurants": "ChIJB9459BjtQIYRuF9BH6nEE5I|None;;ChIJuzGHI37tQIYRtW9E4XMZ1ro|$2.74/Regular", "z_r": -0.5, "qtile": 0.0 }, "geometry": { "type": "Polygon", "coordinates": [ [ [ -95.460467811700084, 29.579415134019694 ], [ -95.455570608465109, 29.582076553289923 ], [ -95.45579411557712, 29.587198400458991 ], [ -95.460915276676758, 29.589658974663287 ], [ -95.46581283867684, 29.586997486933864 ], [ -95.465588880803011, 29.581875493473774 ], [ -95.460467811700084, 29.579415134019694 ] ] ] } },
{ "type": "Feature", "properties": { "hex_id": "88446cb883fffff", "price_mean": 1.3566176470588236, "price_median": 1.0, "n": 17, "top_restaurants": "ChIJC2TnhnLrQIYRdQAz5n7TaWk|$$;;ChIJV_4p5O_rQIYRjIDd4OUvMnc|$$;;ChIJKZdNEVzrQIYRTZ-_MgiToEk|None", "z_r": -0.14338235294117641, "qtile": 1.0 }, "geometry": { "type": "Polygon", "coordinates": [ [ [ -95.46581283867684, 29.586997486933864 ], [ -95.460915276676758, 29.589658974663287 ], [ -95.461139038923221, 29.594780795705965 ], [ -95.466260814002467, 29.597241275244087 ], [ -95.471158734734345, 29.59457971904131 ], [ -95.470934521646043, 29.589457751788196 ], [ -95.46581283867684, 29.586997486933864 ] ] ] } },
{ "type": "Feature", "properties": { "hex_id": "88446cb885fffff", "price_mean": 1.0, "price_median": 1.0, "n": 2, "top_restaurants": "ChIJP0nMj2LtQIYR9c4AITZ2vk8|$1–10;;ChIJsRdp7IBaR4YRo4wRdJAqX2E|None", "z_r": -0.5, "qtile": 0.0 }, "geometry": { "type": "Polygon", "coordinates": [ [ [ -95.450450061302249, 29.579615884661422 ], [ -95.445552929435351, 29.58227684842262 ], [ -95.445775985824909, 29.587398549162149 ], [ -95.450896624794623, 29.589859432584444 ], [ -95.45579411557712, 29.587198400458991 ], [ -95.455570608465109, 29.582076553289923 ], [ -95.450450061302249, 29.579615884661422 ] ] ] } },
{ "type": "Feature", "properties": { "hex_id": "88446cb88bfffff", "price_mean": 1.5, "price_median": 1.5, "n": 2, "top_restaurants": "ChIJe3S2haDtQIYRYLlh2UpDMtM|None;;ChIJUdNOu8ftQIYRUnIF-hbaskk|$10–20", "z_r": 0.0, "qtile": 1.0 }, "geometry": { "type": "Polygon", "coordinates": [ [ [ -95.470486155106499, 29.579213618701111 ], [ -95.465588880803011, 29.581875493473774 ], [ -95.46581283867684, 29.586997486933864 ], [ -95.470934521646043, 29.589457751788196 ], [ -95.47583215456406, 29.586795808461417 ], [ -95.475607745889178, 29.581673668848861 ], [ -95.470486155106499, 29.579213618701111 ] ] ] } },
{ "type": "Feature", "properties": { "hex_id": "88446cb88dfffff", "price_mean": 1.84, "price_median": 1.84, "n": 1, "top_restaurants": "ChIJ79J-GjftQIYRwpo4p9kcR-Y|$10–20", "z_r": 0.34, "qtile": 2.0 }, "geometry": { "type": "Polygon", "coordinates": [ [ [ -95.455123653685149, 29.571832660768539 ], [ -95.450226809248591, 29.574494011593721 ], [ -95.450450061302249, 29.579615884661422 ], [ -95.455570608465109, 29.582076553289923 ], [ -95.460467811700084, 29.579415134019694 ], [ -95.460244108964616, 29.574293114580421 ], [ -95.455123653685149, 29.571832660768539 ] ] ] } },
{ "type": "Feature", "properties": { "hex_id": "88446cb891fffff", "price_mean": 1.0, "price_median": 1.0, "n": 2, "top_restaurants": "ChIJ_ahbEV_pQIYRSr-HXXA7TSM|None;;ChIJs8sA8VvpQIYR87Gmn7GyBM4|$1–10", "z_r": -0.5, "qtile": 0.0 }, "geometry": { "type": "Polygon", "coordinates": [ [ [ -95.481179023111721, 29.59437787715888 ], [ -95.476281031612572, 29.597039889053942 ], [ -95.476505499991475, 29.602161829872273 ], [ -95.481628410821443, 29.604621904801213 ], [ -95.486526760868244, 29.601959824323682 ], [ -95.486301841528331, 29.596837737514129 ], [ -95.481179023111721, 29.59437787715888 ] ] ] } },
{ "type": "Feature", "properties": { "hex_id": "88446cb897fffff", "price_mean": 1.0, "price_median": 1.0, "n": 2, "top_restaurants": "ChIJFQNyUCvrQIYRsyCpmlQfyIw|$;;ChIJh9E6slbrQIYRgbTMTQ7_aAg|None", "z_r": -0.5, "qtile": 0.0 }, "geometry": { "type": "Polygon", "coordinates": [ [ [ -95.476505499991475, 29.602161829872273 ], [ -95.471607220561182, 29.604823454562595 ], [ -95.471831493305004, 29.609945222669172 ], [ -95.476954496471819, 29.612405512149017 ], [ -95.481853134567089, 29.609743818956947 ], [ -95.481628410821443, 29.604621904801213 ], [ -95.476505499991475, 29.602161829872273 ] ] ] } },
{ "type": "Feature", "properties": { "hex_id": "88446cb89bfffff", "price_mean": 1.0, "price_median": 1.0, "n": 1, "top_restaurants": "ChIJBzaybETpQIYR6NDjy7_4LnQ|$", "z_r": -0.5, "qtile": 0.0 }, "geometry": { "type": "Polygon", "coordinates": [ [ [ -95.491199903494902, 29.594175269933515 ], [ -95.486301841528331, 29.596837737514129 ], [ -95.486526760868244, 29.601959824323682 ], [ -95.491650193165782, 29.604419589419678 ], [ -95.496548613529214, 29.601757053161705 ], [ -95.496323243189153, 29.596634820499542 ], [ -95.491199903494902, 29.594175269933515 ] ] ] } },
{ "type": "Feature", "properties": { "hex_id": "88446cb8b3fffff", "price_mean": 1.4857142857142858, "price_median": 1.0, "n": 7, "top_restaurants": "ChIJNXs2-sTrQIYRbtcMzpfWxn8|$$;;ChIJc6xRy8brQIYRZLx6JmKtsJA|None;;ChIJc8SWjMTrQIYRuNPsBGgtls8|$", "z_r": -0.014285714285714235, "qtile": 1.0 }, "geometry": { "type": "Polygon", "coordinates": [ [ [ -95.461810444726837, 29.610145860747913 ], [ -95.456911948462789, 29.612806642155821 ], [ -95.457135574523448, 29.61792809109993 ], [ -95.462258147842377, 29.620388904896199 ], [ -95.467157003039432, 29.617728055162186 ], [ -95.466932925975385, 29.612606459972444 ], [ -95.461810444726837, 29.610145860747913 ] ] ] } },
{ "type": "Feature", "properties": { "hex_id": "88446cb8b5fffff", "price_mean": 2.47, "price_median": 2.47, "n": 2, "top_restaurants": "ChIJv22HbgDrQIYRpGlYj6AD45I|$10–20;;ChIJI6XRtLzrQIYRafvFG8moZhE|$10–20", "z_r": 0.97, "qtile": 3.0 }, "geometry": { "type": "Polygon", "coordinates": [ [ [ -95.446445273671756, 29.602763254089851 ], [ -95.441547207889968, 29.605423511379012 ], [ -95.441770127863933, 29.610544840506833 ], [ -95.446891564494393, 29.613006058824663 ], [ -95.451789989393063, 29.610345733318596 ], [ -95.451566618535168, 29.605224257726036 ], [ -95.446445273671756, 29.602763254089851 ] ] ] } },
{ "type": "Feature", "properties": { "hex_id": "88446cb8b7fffff", "price_mean": 1.0, "price_median": 1.0, "n": 1, "top_restaurants": "ChIJh5OcnnbrQIYRkihvrMENqIg|None", "z_r": -0.5, "qtile": 0.0 }, "geometry": { "type": "Polygon", "coordinates": [ [ [ -95.451789989393063, 29.610345733318596 ], [ -95.446891564494393, 29.613006058824663 ], [ -95.447114739591029, 29.618127361384637 ], [ -95.45223679054115, 29.620588484837121 ], [ -95.457135574523448, 29.61792809109993 ], [ -95.456911948462789, 29.612806642155821 ], [ -95.451789989393063, 29.610345733318596 ] ] ] } },
{ "type": "Feature", "properties": { "hex_id": "88446cb8b9fffff", "price_mean": 1.971111111111111, "price_median": 1.84, "n": 9, "top_restaurants": "ChIJc34NBf7rQIYRlKic1UnY5pc|$$;;ChIJIbnDBu_rQIYRklf8LHWIHas|$$;;ChIJRxBlLe_rQIYRAnZVO0dcoYQ|$10–20", "z_r": 0.47111111111111104, "qtile": 2.0 }, "geometry": { "type": "Polygon", "coordinates": [ [ [ -95.461139038923221, 29.594780795705965 ], [ -95.456241189258378, 29.597441896209823 ], [ -95.456464755832883, 29.602563544629987 ], [ -95.461586622945632, 29.605024238829074 ], [ -95.466484831459539, 29.602363069932608 ], [ -95.466260814002467, 29.597241275244087 ], [ -95.461139038923221, 29.594780795705965 ] ] ] } },
{ "type": "Feature", "properties": { "hex_id": "88446cb8bbfffff", "price_mean": 1.0, "price_median": 1.0, "n": 1, "top_restaurants": "ChIJVwzIs-nrQIYRy41Rkuk5VB8|None", "z_r": -0.5, "qtile": 0.0 }, "geometry": { "type": "Polygon", "coordinates": [ [ [ -95.466484831459539, 29.602363069932608 ], [ -95.461586622945632, 29.605024238829074 ], [ -95.461810444726837, 29.610145860747913 ], [ -95.466932925975385, 29.612606459972444 ], [ -95.471831493305004, 29.609945222669172 ], [ -95.471607220561182, 29.604823454562595 ], [ -95.466484831459539, 29.602363069932608 ] ] ] } },
{ "type": "Feature", "properties": { "hex_id": "88446cb993fffff", "price_mean": 1.0, "price_median": 1.0, "n": 2, "top_restaurants": "ChIJA8hXLS_rQIYRnYqfuebqaS0|None;;ChIJJRI64FvrQIYRAiOqSSl5V5E|None", "z_r": -0.5, "qtile": 0.0 }, "geometry": { "type": "Polygon", "coordinates": [ [ [ -95.416390393580684, 29.6033577923011 ], [ -95.41149254414438, 29.60601668213177 ], [ -95.411714111703674, 29.611137571034746 ], [ -95.416833979455305, 29.61359971700147 ], [ -95.421732188459515, 29.61094075923894 ], [ -95.421510170134923, 29.605819723455962 ], [ -95.416390393580684, 29.6033577923011 ] ] ] } },
{ "type": "Feature", "properties": { "hex_id": "88446cb997fffff", "price_mean": 1.0, "price_median": 1.0, "n": 1, "top_restaurants": "ChIJ_x44CTnrQIYRL7H_EIORmik|None", "z_r": -0.5, "qtile": 0.0 }, "geometry": { "type": "Polygon", "coordinates": [ [ [ -95.406373290879785, 29.603554442068429 ], [ -95.401475514157639, 29.606212876067286 ], [ -95.401696630991353, 29.611333617951921 ], [ -95.406815975263484, 29.613796072870432 ], [ -95.411714111703674, 29.611137571034746 ], [ -95.41149254414438, 29.60601668213177 ], [ -95.406373290879785, 29.603554442068429 ] ] ] } },
{ "type": "Feature", "properties": { "hex_id": "88446cb9a5fffff", "price_mean": 2.62, "price_median": 2.62, "n": 2, "top_restaurants": "ChIJaVBbGoCXQIYRcu5xtnck7uE|$$;;ChIJr5KmvMebQIYRyW46oifCxPk|$10–20", "z_r": 1.12, "qtile": 3.0 }, "geometry": { "type": "Polygon", "coordinates": [ [ [ -95.355639610988376, 29.58916549125745 ], [ -95.350742848849308, 29.59182196700003 ], [ -95.350961654446593, 29.596942170593088 ], [ -95.35607767257882, 29.599406046190143 ], [ -95.36097479510066, 29.59674950301962 ], [ -95.360755539098122, 29.591629151694338 ], [ -95.355639610988376, 29.58916549125745 ] ] ] } },
{ "type": "Feature", "properties": { "hex_id": "88446cb9b1fffff", "price_mean": 1.0, "price_median": 1.0, "n": 4, "top_restaurants": "ChIJH2hXjsmUQIYRxBQsYLPNvbU|None;;ChIJH2hXjsmUQIYR5DgHz7zgK5s|$;;ChIJH2hXjsmUQIYReJ9_bCawyG0|None", "z_r": -0.5, "qtile": 0.0 }, "geometry": { "type": "Polygon", "coordinates": [ [ [ -95.386340874827525, 29.60394544790546 ], [ -95.381443244431864, 29.606602970222845 ], [ -95.381663459933776, 29.611723417655902 ], [ -95.386781756467983, 29.614186490080879 ], [ -95.391679746881721, 29.611528900116809 ], [ -95.391459080733839, 29.606408305388833 ], [ -95.386340874827525, 29.60394544790546 ] ] ] } },
{ "type": "Feature", "properties": { "hex_id": "88446cb9b5fffff", "price_mean": 2.0, "price_median": 2.0, "n": 1, "top_restaurants": "ChIJV5JPLWOVQIYRnVdRxtcSIb8|None", "z_r": 0.5, "qtile": 2.0 }, "geometry": { "type": "Polygon", "coordinates": [ [ [ -95.376325562593891, 29.604139804228044 ], [ -95.371428005810401, 29.606796870695945 ], [ -95.371647770706275, 29.611917170695854 ], [ -95.376765542982326, 29.614380551675385 ], [ -95.381663459933776, 29.611723417655902 ], [ -95.381443244431864, 29.606602970222845 ], [ -95.376325562593891, 29.604139804228044 ] ] ] } },
{ "type": "Feature", "properties": { "hex_id": "88446cb9b7fffff", "price_mean": 1.6, "price_median": 1.0, "n": 4, "top_restaurants": "ChIJz6oAZcmUQIYRcLI9yoFdV30|$$;;ChIJVbSCqg6VQIYRksPt17gtdRg|$;;ChIJKasAZcmUQIYROplQHWHgf3E|$", "z_r": 0.1, "qtile": 1.0 }, "geometry": { "type": "Polygon", "coordinates": [ [ [ -95.381663459933776, 29.611723417655902 ], [ -95.376765542982326, 29.614380551675385 ], [ -95.376985562439145, 29.619500825671288 ], [ -95.382103949524435, 29.621964113014752 ], [ -95.387002226611173, 29.619306911429437 ], [ -95.386781756467983, 29.614186490080879 ], [ -95.381663459933776, 29.611723417655902 ] ] ] } },
{ "type": "Feature", "properties": { "hex_id": "88446dc16bfffff", "price_mean": 1.76, "price_median": 1.84, "n": 3, "top_restaurants": "ChIJjWMFWJfVQIYR3yVvQmUDnnc|$10–20;;ChIJA0pDD_MrQYYRoTYAI61TlqA|$10–20;;ChIJy8zUKLQrQYYRe1QAG-wSQyU|$20–30", "z_r": 0.26, "qtile": 2.0 }, "geometry": { "type": "Polygon", "coordinates": [ [ [ -95.750345864662791, 29.9886776542583 ], [ -95.745429337034949, 29.991342791054169 ], [ -95.745666730688967, 29.996462901263726 ], [ -95.750821107041062, 29.998918016595898 ], [ -95.755737991563151, 29.996252810549539 ], [ -95.755500142830229, 29.991132558436234 ], [ -95.750345864662791, 29.9886776542583 ] ] ] } },
{ "type": "Feature", "properties": { "hex_id": "88446dda65fffff", "price_mean": 1.0, "price_median": 1.0, "n": 1, "top_restaurants": "ChIJUcHfeS7ZQIYRYETjY24ZIBo|None", "z_r": -0.5, "qtile": 0.0 }, "geometry": { "type": "Polygon", "coordinates": [ [ [ -95.687571267893333, 29.828523516849138 ], [ -95.682661916019853, 29.831189495940688 ], [ -95.682896150226128, 29.836311077330347 ], [ -95.688040189887928, 29.838766822565599 ], [ -95.692949898633415, 29.836100774064075 ], [ -95.69271521083634, 29.830979049751921 ], [ -95.687571267893333, 29.828523516849138 ] ] ] } },
{ "type": "Feature", "properties": { "hex_id": "88446dda6bfffff", "price_mean": 1.249375, "price_median": 1.0, "n": 4, "top_restaurants": "ChIJmwhrZoMnQYYRKKykv5ktWws|$10–20;;ChIJGWyzDujZQIYRLWjqt7k_zWs|None;;ChIJr114hWXZQIYRRjlhjPSa9K8|None", "z_r": -0.250625, "qtile": 0.0 }, "geometry": { "type": "Polygon", "coordinates": [ [ [ -95.707678568830715, 29.828100932928621 ], [ -95.702769088175145, 29.83076782920168 ], [ -95.703004229600751, 29.835889696297038 ], [ -95.70814930533939, 29.838344809777897 ], [ -95.713059142559487, 29.835677843905582 ], [ -95.712823547467707, 29.830555834166322 ], [ -95.707678568830715, 29.828100932928621 ] ] ] } },
{ "type": "Feature", "properties": { "hex_id": "88446ddb43fffff", "price_mean": 1.0, "price_median": 1.0, "n": 1, "top_restaurants": "ChIJ3-_zaZbZQIYRZBaAG1vU0Zs|None", "z_r": -0.5, "qtile": 0.0 }, "geometry": { "type": "Polygon", "coordinates": [ [ [ -95.657414688814583, 29.829151586315106 ], [ -95.652505532386812, 29.83181618957672 ], [ -95.652738406047789, 29.836937341363566 ], [ -95.657880889604883, 29.839394033243554 ], [ -95.662790403365207, 29.83672936085604 ], [ -95.662557076227074, 29.831608065729061 ], [ -95.657414688814583, 29.829151586315106 ] ] ] } },
{ "type": "Feature", "properties": { "hex_id": "88446ddb5dfffff", "price_mean": 3.4, "price_median": 3.4, "n": 1, "top_restaurants": "ChIJJ2io9MDZQIYRor7U9qY-c6A|$$", "z_r": 1.9, "qtile": 3.0 }, "geometry": { "type": "Polygon", "coordinates": [ [ [ -95.667466298106319, 29.828943003849911 ], [ -95.662557076227074, 29.831608065729061 ], [ -95.662790403365207, 29.83672936085604 ], [ -95.667933405888931, 29.83918573731944 ], [ -95.672842984947323, 29.836520606219675 ], [ -95.672609204294048, 29.831399167891757 ], [ -95.667466298106319, 29.828943003849911 ] ] ] } }
]
}
