{
"type": "FeatureCollection",
"name": "restaurantCompetition_withinWhiteHouston_hasDriveThrough",
"crs": { "type": "name", "properties": { "name": "urn:ogc:def:crs:EPSG::3857" } },
"features": [
{ "type": "Feature", "properties": { "title": "Chick-fil-A", "price": "$", "categoryName": "Chicken restaurant", "address": "195 Northpark Dr, Kingwood, TX 77339", "neighborhood": "Kingwood", "street": "195 Northpark Dr", "city": "Kingwood", "postalCode": "77339", "state": "Texas", "countryCode": "US", "website": "https://www.chick-fil-a.com/locations/tx/northpark-drive?utm_source=yext&utm_medium=link", "phone": "(281) 577-1025", "phoneUnformatted": "+12815771025", "claimThisBusiness": false, "totalScore": 4.4, "permanentlyClosed": false, "temporarilyClosed": false, "placeId": "ChIJZXsL9UZNR4YRBCK_goXFJnQ", "categories": [ "Chicken restaurant", "Caterer", "Fast food restaurant" ], "fid": "0x86474d46f50b7b65:0x7426c58582bf2204", "cid": "8369594134729531908", "reviewsCount": 2585, "imagesCount": 346.0, "scrapedAt": "2025-07-04T15:38:32.381Z", "price_category": "Low ($1-15)", "service_options": [ "Outdoor seating", "No-contact delivery", "Delivery", "Drive-through", "Takeout", "Dine-in" ], "has_drive_through": true }, "geometry": { "type": "Point", "coordinates": [ -10602523.444021431729198, 3512531.869085059035569 ] } },
{ "type": "Feature", "properties": { "title": "McDonald's", "price": "$", "categoryName": "Fast food restaurant", "address": "25669 US-59, Kingwood, TX 77339", "neighborhood": "Kingwood", "street": "25669 US-59", "city": "Kingwood", "postalCode": "77339", "state": "Texas", "countryCode": "US", "website": "https://www.mcdonalds.com/us/en-us/location/TX/KINGWOOD/25669-HWY-59/36869.html?cid=RF:YXT:GMB::Clicks", "phone": "(281) 577-9049", "phoneUnformatted": "+12815779049", "claimThisBusiness": false, "totalScore": 3.8, "permanentlyClosed": false, "temporarilyClosed": false, "placeId": "ChIJ2yuTskZNR4YRDjytDnTkGtg", "categories": [ "Fast food restaurant", "Breakfast restaurant", "Coffee shop", "Hamburger restaurant", "Restaurant", "Sandwich shop" ], "fid": "0x86474d46b2932bdb:0xd81ae4740ead3c0e", "cid": "15572009848700484622", "reviewsCount": 1572, "imagesCount": 274.0, "scrapedAt": "2025-07-04T15:38:34.368Z", "price_category": "Low ($1-15)", "service_options": [ "Curbside pickup", "No-contact delivery", "Delivery", "Drive-through", "Onsite services", "Takeout", "Dine-in" ], "has_drive_through": true }, "geometry": { "type": "Point", "coordinates": [ -10602567.648991225287318, 3512615.492575850803405 ] } },
{ "type": "Feature", "properties": { "title": "Taco Bell", "price": "$", "categoryName": "Fast food restaurant", "address": "24300 Eastex Fwy, Kingwood, TX 77339", "neighborhood": "Kingwood", "street": "24300 Eastex Fwy", "city": "Kingwood", "postalCode": "77339", "state": "Texas", "countryCode": "US", "website": "https://locations.tacobell.com/tx/kingwood/24300-eastex-frwy-.html?utm_source=yext&utm_campaign=googlelistings&utm_medium=referral&utm_term=035725&utm_content=website&y_source=1_MzkxNjkxMi03MTUtbG9jYXRpb24ud2Vic2l0ZQ%3D%3D", "phone": "(281) 358-0334", "phoneUnformatted": "+12813580334", "claimThisBusiness": false, "totalScore": 4.0, "permanentlyClosed": false, "temporarilyClosed": false, "placeId": "ChIJx8wIbVFNR4YRAKHjoab7Lrc", "categories": [ "Fast food restaurant", "Burrito restaurant", "Lunch restaurant", "Takeout Restaurant", "Mexican restaurant", "Restaurant", "Taco restaurant" ], "fid": "0x86474d516d08ccc7:0xb72efba6a1e3a100", "cid": "13199764250968695040", "reviewsCount": 905, "imagesCount": 249.0, "scrapedAt": "2025-07-04T15:38:35.402Z", "price_category": "Low ($1-15)", "service_options": [ "No-contact delivery", "Delivery", "Drive-through", "Takeout", "Dine-in" ], "has_drive_through": true }, "geometry": { "type": "Point", "coordinates": [ -10602828.169995529577136, 3512150.508682869374752 ] } },
{ "type": "Feature", "properties": { "title": "Taco Bell", "price": "$", "categoryName": "Fast food restaurant", "address": "1710 Kingwood Dr, Kingwood, TX 77339", "neighborhood": "Kingwood", "street": "1710 Kingwood Dr", "city": "Kingwood", "postalCode": "77339", "state": "Texas", "countryCode": "US", "website": "https://locations.tacobell.com/tx/kingwood/1710-kingwood-drive.html?utm_source=yext&utm_campaign=googlelistings&utm_medium=referral&utm_term=035697&utm_content=website&y_source=1_MzkxNjc5OC03MTUtbG9jYXRpb24ud2Vic2l0ZQ%3D%3D", "phone": "(281) 358-0268", "phoneUnformatted": "+12813580268", "claimThisBusiness": false, "totalScore": 3.7, "permanentlyClosed": false, "temporarilyClosed": false, "placeId": "ChIJxRugwquyQIYRd2l0c-ugKi8", "categories": [ "Fast food restaurant", "Breakfast restaurant", "Lunch restaurant", "Takeout Restaurant", "Mexican restaurant", "Restaurant", "Tex-Mex restaurant", "Vegetarian restaurant" ], "fid": "0x8640b2abc2a01bc5:0x2f2aa0eb73746977", "cid": "3398705801919228279", "reviewsCount": 729, "imagesCount": 248.0, "scrapedAt": "2025-07-04T15:38:38.012Z", "price_category": "Low ($1-15)", "service_options": [ "Delivery", "Drive-through", "Takeout", "Dine-in" ], "has_drive_through": true }, "geometry": { "type": "Point", "coordinates": [ -10601033.388109367340803, 3509933.383001846261322 ] } },
{ "type": "Feature", "properties": { "title": "Saigon Hustle | Garden Oaks", "price": "$", "categoryName": "Vietnamese restaurant", "address": "3323 Ella Blvd, Houston, TX 77018", "neighborhood": "Central Northwest", "street": "3323 Ella Blvd", "city": "Houston", "postalCode": "77018", "state": "Texas", "countryCode": "US", "website": "http://saigonhustle.com/", "phone": "(713) 565-1414", "phoneUnformatted": "+17135651414", "claimThisBusiness": false, "totalScore": 4.1, "permanentlyClosed": false, "temporarilyClosed": false, "placeId": "ChIJufejoB7HQIYR7HifS2TkmX4", "categories": [ "Vietnamese restaurant", "Asian restaurant", "Coffee shop", "Health food restaurant", "Noodle shop", "Rice restaurant" ], "fid": "0x8640c71ea0a3f7b9:0x7e99e4644b9f78ec", "cid": "9122573639632255212", "reviewsCount": 374, "imagesCount": 380.0, "scrapedAt": "2025-07-04T15:38:40.774Z", "price_category": "Low ($1-15)", "service_options": [ "Outdoor seating", "Curbside pickup", "Delivery", "Drive-through", "Onsite services", "Takeout", "Dine-in" ], "has_drive_through": true }, "geometry": { "type": "Point", "coordinates": [ -10623184.864714270457625, 3480046.738340659998357 ] } },
{ "type": "Feature", "properties": { "title": "Layne's Chicken Fingers- Houston", "price": "$", "categoryName": "Chicken restaurant", "address": "3008 Ella Blvd Suite C, Houston, TX 77018", "neighborhood": "Central Northwest", "street": "3008 Ella Blvd Suite C", "city": "Houston", "postalCode": "77018", "state": "Texas", "countryCode": "US", "website": "https://www.layneschickenfingers.com/houston-tx-ella/", "phone": "(713) 244-5299", "phoneUnformatted": "+17132445299", "claimThisBusiness": false, "totalScore": 4.4, "permanentlyClosed": false, "temporarilyClosed": false, "placeId": "ChIJPbs2Tx3HQIYRwiH8af2Ln9w", "categories": [ "Chicken restaurant", "Caterer", "Chicken shop", "Delivery service", "Family restaurant", "Fast food restaurant", "Halal restaurant", "Lunch restaurant", "Takeout Restaurant" ], "fid": "0x8640c71d4f36bb3d:0xdc9f8bfd69fc21c2", "cid": "15897579130162258370", "reviewsCount": 440, "imagesCount": 174.0, "scrapedAt": "2025-07-04T15:38:41.803Z", "price_category": "Low ($1-15)", "service_options": [ "Outdoor seating", "Curbside pickup", "No-contact delivery", "Delivery", "Drive-through", "Onsite services", "Takeout" ], "has_drive_through": true }, "geometry": { "type": "Point", "coordinates": [ -10623118.796596484258771, 3479636.310952967498451 ] } },
{ "type": "Feature", "properties": { "title": "Tony's Mexican Restaurant", "price": "$$", "categoryName": "Mexican restaurant", "address": "2222 Ella Blvd, Houston, TX 77008", "neighborhood": "Greater Heights", "street": "2222 Ella Blvd", "city": "Houston", "postalCode": "77008", "state": "Texas", "countryCode": "US", "website": "http://tonysmexicanrest.com/", "phone": "(713) 862-6516", "phoneUnformatted": "+17138626516", "claimThisBusiness": false, "totalScore": 4.4, "permanentlyClosed": false, "temporarilyClosed": false, "placeId": "ChIJm-pz5B7ZQIYR7ftrmTqSmv0", "categories": [ "Mexican restaurant", "Restaurant", "Tex-Mex restaurant" ], "fid": "0x8640d91ee473ea9b:0xfd9a923a996bfbed", "cid": "18274079218388958189", "reviewsCount": 2120, "imagesCount": 700.0, "scrapedAt": "2025-07-04T15:38:43.792Z", "price_category": "Medium ($16-35)", "service_options": [ "Outdoor seating", "Curbside pickup", "No-contact delivery", "Delivery", "Drive-through", "Takeout", "Dine-in" ], "has_drive_through": true }, "geometry": { "type": "Point", "coordinates": [ -10623087.426763979718089, 3478695.50424423115328 ] } },
{ "type": "Feature", "properties": { "title": "Taco Bell", "price": "$", "categoryName": "Fast food restaurant", "address": "10 E Crosstimbers St, Houston, TX 77022", "neighborhood": "Northside / Northline", "street": "10 E Crosstimbers St", "city": "Houston", "postalCode": "77022", "state": "Texas", "countryCode": "US", "website": "https://locations.tacobell.com/tx/houston/10-e-crosstimbers-st-.html?utm_source=yext&utm_campaign=googlelistings&utm_medium=referral&utm_term=035696&utm_content=website&y_source=1_MzkxNjYzNy03MTUtbG9jYXRpb24ud2Vic2l0ZQ%3D%3D", "phone": "(713) 694-0189", "phoneUnformatted": "+17136940189", "claimThisBusiness": false, "totalScore": 3.9, "permanentlyClosed": false, "temporarilyClosed": false, "placeId": "ChIJ1yWvwGW4QIYRRawypq6lqRs", "categories": [ "Fast food restaurant", "Breakfast restaurant", "Burrito restaurant", "Lunch restaurant", "Takeout Restaurant", "Mexican restaurant", "Restaurant", "Taco restaurant", "Tex-Mex restaurant", "Vegetarian restaurant" ], "fid": "0x8640b865c0af25d7:0x1ba9a5aea632ac45", "cid": "1993306479619386437", "reviewsCount": 974, "imagesCount": 266.0, "scrapedAt": "2025-07-04T15:38:44.912Z", "price_category": "Low ($1-15)", "service_options": [ "Delivery", "Drive-through", "Takeout", "Dine-in" ], "has_drive_through": true }, "geometry": { "type": "Point", "coordinates": [ -10617606.478051383048296, 3481492.852494716178626 ] } },
{ "type": "Feature", "properties": { "title": "Paul's Restaurant and Bar", "price": "$$", "categoryName": "Seafood restaurant", "address": "1704 Hwy 6, Houston, TX 77077", "neighborhood": "Westside", "street": "1704 Hwy 6", "city": "Houston", "postalCode": "77077", "state": "Texas", "countryCode": "US", "website": null, "phone": "(281) 556-5086", "phoneUnformatted": "+12815565086", "claimThisBusiness": false, "totalScore": 3.9, "permanentlyClosed": false, "temporarilyClosed": false, "placeId": "ChIJ8T6bYwLcQIYRPDLy6UkTzqk", "categories": [ "Seafood restaurant", "American restaurant", "Cajun restaurant" ], "fid": "0x8640dc02639b3ef1:0xa9ce1349e9f2323c", "cid": "12235738445790720572", "reviewsCount": 661, "imagesCount": 613.0, "scrapedAt": "2025-07-04T15:38:47.091Z", "price_category": "Medium ($16-35)", "service_options": [ "Outdoor seating", "Curbside pickup", "Drive-through", "Takeout", "Dine-in" ], "has_drive_through": true }, "geometry": { "type": "Point", "coordinates": [ -10647137.156721735373139, 3471844.106513190083206 ] } },
{ "type": "Feature", "properties": { "title": "Jack in the Box", "price": "$", "categoryName": "Fast food restaurant", "address": "13351 Briar Forest Dr, Houston, TX 77077", "neighborhood": "Westside", "street": "13351 Briar Forest Dr", "city": "Houston", "postalCode": "77077", "state": "Texas", "countryCode": "US", "website": "https://locations.jackinthebox.com/us/tx/houston/13351-briar-forest-dr?utm_source=google&utm_medium=local&utm_campaign=google-local", "phone": "(832) 930-1070", "phoneUnformatted": "+18329301070", "claimThisBusiness": false, "totalScore": 3.2, "permanentlyClosed": false, "temporarilyClosed": false, "placeId": "ChIJk8n2JXPcQIYRTNjpilSVOeI", "categories": [ "Fast food restaurant", "American restaurant", "Breakfast restaurant", "Chicken restaurant", "Dessert restaurant", "Hamburger restaurant", "Delivery Restaurant", "Mexican restaurant" ], "fid": "0x8640dc7325f6c993:0xe23995548ae9d84c", "cid": "16301224516584593484", "reviewsCount": 847, "imagesCount": 235.0, "scrapedAt": "2025-07-04T15:38:49.359Z", "price_category": "Low ($1-15)", "service_options": [ "No-contact delivery", "Delivery", "Drive-through", "Takeout", "Dine-in" ], "has_drive_through": true }, "geometry": { "type": "Point", "coordinates": [ -10644814.642525570467114, 3471977.63840453280136 ] } },
{ "type": "Feature", "properties": { "title": "Taco Bell", "price": "$", "categoryName": "Fast food restaurant", "address": "18327 Gulf Fwy, Webster, TX 77598", "neighborhood": "Clear Lake", "street": "18327 Gulf Fwy", "city": "Webster", "postalCode": "77598", "state": "Texas", "countryCode": "US", "website": "https://locations.tacobell.com/tx/webster/18327-gulf-freeway.html?utm_source=yext&utm_campaign=googlelistings&utm_medium=referral&utm_term=027109&utm_content=website&y_source=1_MzkxNjgyMy03MTUtbG9jYXRpb24ud2Vic2l0ZQ%3D%3D", "phone": "(281) 990-8031", "phoneUnformatted": "+12819908031", "claimThisBusiness": false, "totalScore": 3.8, "permanentlyClosed": false, "temporarilyClosed": false, "placeId": "ChIJoXtbmpybQIYR5XoafVKj9a8", "categories": [ "Fast food restaurant", "Burrito restaurant", "Takeout Restaurant", "Mexican restaurant", "Restaurant", "Taco restaurant", "Tex-Mex restaurant" ], "fid": "0x86409b9c9a5b7ba1:0xaff5a3527d1a7ae5", "cid": "12679219900613032677", "reviewsCount": 1225, "imagesCount": 243.0, "scrapedAt": "2025-07-04T15:38:52.207Z", "price_category": "Low ($1-15)", "service_options": [ "Delivery", "Drive-through", "Takeout", "Dine-in" ], "has_drive_through": true }, "geometry": { "type": "Point", "coordinates": [ -10592398.602375311776996, 3446564.323973168618977 ] } },
{ "type": "Feature", "properties": { "title": "McDonald's", "price": "$", "categoryName": "Fast food restaurant", "address": "2727 Bay Area Blvd, Houston, TX 77058", "neighborhood": "Clear Lake", "street": "2727 Bay Area Blvd", "city": "Houston", "postalCode": "77058", "state": "Texas", "countryCode": "US", "website": "https://www.mcdonalds.com/us/en-us/location/TX/HOUSTON/2727-BAY-AREA-BLVD/19884.html?cid=RF:YXT:GMB::Clicks", "phone": "(281) 461-1585", "phoneUnformatted": "+12814611585", "claimThisBusiness": false, "totalScore": 3.4, "permanentlyClosed": false, "temporarilyClosed": false, "placeId": "ChIJY66B1jWcQIYRudQL10MZTgU", "categories": [ "Fast food restaurant", "Breakfast restaurant", "Coffee shop", "Hamburger restaurant", "Restaurant", "Sandwich shop" ], "fid": "0x86409c35d681ae63:0x54e1943d70bd4b9", "cid": "382270797534450873", "reviewsCount": 1334, "imagesCount": 182.0, "scrapedAt": "2025-07-04T15:38:52.207Z", "price_category": "Low ($1-15)", "service_options": [ "Curbside pickup", "No-contact delivery", "Delivery", "Drive-through", "Onsite services", "Takeout", "Dine-in" ], "has_drive_through": true }, "geometry": { "type": "Point", "coordinates": [ -10587303.386830262839794, 3449369.893282563425601 ] } },
{ "type": "Feature", "properties": { "title": "Taco Bell", "price": "$", "categoryName": "Fast food restaurant", "address": "1033 1/2 Bay Area Blvd, Houston, TX 77058", "neighborhood": "Clear Lake", "street": "1033 1/2 Bay Area Blvd", "city": "Houston", "postalCode": "77058", "state": "Texas", "countryCode": "US", "website": "https://locations.tacobell.com/tx/houston/1033-1/2-bay-area-blvd.html?utm_source=yext&utm_campaign=googlelistings&utm_medium=referral&utm_term=001372&utm_content=website&y_source=1_MzkxNjY1MC03MTUtbG9jYXRpb24ud2Vic2l0ZQ%3D%3D", "phone": "(281) 488-4760", "phoneUnformatted": "+12814884760", "claimThisBusiness": false, "totalScore": 3.8, "permanentlyClosed": false, "temporarilyClosed": false, "placeId": "ChIJT6PoUV6cQIYRsKwJovfG8t4", "categories": [ "Fast food restaurant", "Burrito restaurant", "Takeout Restaurant", "Mexican restaurant", "Restaurant", "Taco restaurant", "Tex-Mex restaurant" ], "fid": "0x86409c5e51e8a34f:0xdef2c6f7a209acb0", "cid": "16065121587661745328", "reviewsCount": 1228, "imagesCount": 304.0, "scrapedAt": "2025-07-04T15:38:53.172Z", "price_category": "Low ($1-15)", "service_options": [ "Delivery", "Drive-through", "Takeout", "Dine-in" ], "has_drive_through": true }, "geometry": { "type": "Point", "coordinates": [ -10588618.058884583413601, 3446625.494530648458749 ] } },
{ "type": "Feature", "properties": { "title": "Jack in the Box", "price": "$", "categoryName": "Fast food restaurant", "address": "11912 Galveston Rd Ste A, Houston, TX 77034", "neighborhood": "South Belt / Ellington", "street": "11912 Galveston Rd Ste A", "city": "Houston", "postalCode": "77034", "state": "Texas", "countryCode": "US", "website": "https://locations.jackinthebox.com/us/tx/houston/11912-galveston-rd-ste-a?utm_source=google&utm_medium=local&utm_campaign=google-local", "phone": "(281) 484-7985", "phoneUnformatted": "+12814847985", "claimThisBusiness": false, "totalScore": 3.6, "permanentlyClosed": false, "temporarilyClosed": false, "placeId": "ChIJ2zVkiHyZQIYRGfJKqhPGYNw", "categories": [ "Fast food restaurant", "American restaurant", "Breakfast restaurant", "Chicken restaurant", "Dessert restaurant", "Hamburger restaurant", "Delivery Restaurant", "Mexican restaurant" ], "fid": "0x8640997c886435db:0xdc60c613aa4af219", "cid": "15879910073872085529", "reviewsCount": 755, "imagesCount": 126.0, "scrapedAt": "2025-07-04T15:38:53.173Z", "price_category": "Low ($1-15)", "service_options": [ "Delivery", "Drive-through", "Takeout", "Dine-in" ], "has_drive_through": true }, "geometry": { "type": "Point", "coordinates": [ -10595062.789484567940235, 3452201.049999248236418 ] } },
{ "type": "Feature", "properties": { "title": "McDonald's", "price": "$", "categoryName": "Fast food restaurant", "address": "2001 Genoa Red Bluff Rd, Pasadena, TX 77505", "neighborhood": null, "street": "2001 Genoa Red Bluff Rd", "city": "Pasadena", "postalCode": "77505", "state": "Texas", "countryCode": "US", "website": "https://www.mcdonalds.com/us/en-us/location/TX/PASADENA/2001-GENOA-RED-BLUFF-ROAD/32284.html?cid=RF:YXT:GMB::Clicks", "phone": "(281) 487-4572", "phoneUnformatted": "+12814874572", "claimThisBusiness": false, "totalScore": 3.7, "permanentlyClosed": false, "temporarilyClosed": false, "placeId": "ChIJ8Xzx5BmZQIYRdagZuXUq6bc", "categories": [ "Fast food restaurant", "Breakfast restaurant", "Coffee shop", "Hamburger restaurant", "Restaurant", "Sandwich shop" ], "fid": "0x86409919e4f17cf1:0xb7e92a75b919a875", "cid": "13252170063619401845", "reviewsCount": 1001, "imagesCount": 164.0, "scrapedAt": "2025-07-04T15:38:53.173Z", "price_category": "Low ($1-15)", "service_options": [ "Curbside pickup", "No-contact delivery", "Delivery", "Drive-through", "Onsite services", "Takeout", "Dine-in" ], "has_drive_through": true }, "geometry": { "type": "Point", "coordinates": [ -10594100.710785388946533, 3456233.1092025982216 ] } },
{ "type": "Feature", "properties": { "title": "Jack in the Box", "price": "$", "categoryName": "Fast food restaurant", "address": "418 El Dorado Blvd, Webster, TX 77598", "neighborhood": "Clear Lake", "street": "418 El Dorado Blvd", "city": "Webster", "postalCode": "77598", "state": "Texas", "countryCode": "US", "website": "https://locations.jackinthebox.com/us/tx/webster/418-el-dorado-blvd?utm_source=google&utm_medium=local&utm_campaign=google-local", "phone": "(281) 286-4816", "phoneUnformatted": "+12812864816", "claimThisBusiness": false, "totalScore": 3.4, "permanentlyClosed": false, "temporarilyClosed": false, "placeId": "ChIJ0zTsdIebQIYR53hRg1wISGc", "categories": [ "Fast food restaurant", "American restaurant", "Breakfast restaurant", "Chicken restaurant", "Dessert restaurant", "Hamburger restaurant", "Delivery Restaurant", "Mexican restaurant" ], "fid": "0x86409b8774ec34d3:0x6748085c835178e7", "cid": "7442207577662912743", "reviewsCount": 1023, "imagesCount": 123.0, "scrapedAt": "2025-07-04T15:38:53.173Z", "price_category": "Low ($1-15)", "service_options": [ "Curbside pickup", "No-contact delivery", "Delivery", "Drive-through", "Takeout", "Dine-in" ], "has_drive_through": true }, "geometry": { "type": "Point", "coordinates": [ -10591413.814500007778406, 3447002.736426881048828 ] } },
{ "type": "Feature", "properties": { "title": "Popeyes Louisiana Kitchen", "price": "$10–20", "categoryName": "Chicken restaurant", "address": "11111 Farm to Market 1960 Rd E, Huffman, TX 77336, United States", "neighborhood": "Lake Houston", "street": "11111 Farm to Market 1960 Rd E", "city": "Huffman", "postalCode": "77336", "state": "Texas", "countryCode": "US", "website": "https://www.popeyes.com/store-locator/store/restaurant_238101?utm_source=yext&utm_medium=referral&utm_campaign=organic-local-listings", "phone": "+1 281-764-5242", "phoneUnformatted": "+12817645242", "claimThisBusiness": false, "totalScore": 3.6, "permanentlyClosed": false, "temporarilyClosed": false, "placeId": "ChIJUWWqjy2rQIYRQQ6IW0YDGio", "categories": [ "Chicken restaurant", "Cajun restaurant", "Fast food restaurant", "Restaurant", "Seafood restaurant" ], "fid": "0x8640ab2d8faa6551:0x2a1a03465b880e41", "cid": "3033740899705687617", "reviewsCount": 287, "imagesCount": 110.0, "scrapedAt": "2025-07-04T15:38:53.774Z", "price_category": "Low ($1-15)", "service_options": [ "Outdoor seating", "No-contact delivery", "Delivery", "Drive-through", "On-site services", "Takeaway", "Dine-in" ], "has_drive_through": true }, "geometry": { "type": "Point", "coordinates": [ -10587357.454706942662597, 3506010.529362746048719 ] } },
{ "type": "Feature", "properties": { "title": "Slim Chickens", "price": "$", "categoryName": "Chicken restaurant", "address": "9599 S Main St, Houston, TX 77025", "neighborhood": "South Main", "street": "9599 S Main St", "city": "Houston", "postalCode": "77025", "state": "Texas", "countryCode": "US", "website": "https://slimchickens.com/location/houston-tx-9599-s-main-st-77025/", "phone": "(346) 396-1899", "phoneUnformatted": "+13463961899", "claimThisBusiness": false, "totalScore": 4.1, "permanentlyClosed": false, "temporarilyClosed": false, "placeId": "ChIJCZKhDpLBQIYRTGwypl4VcGs", "categories": [ "Chicken restaurant", "Chicken shop", "Chicken wings restaurant", "Family restaurant", "Fast food restaurant", "Fried chicken takeaway", "Lunch restaurant", "Takeout Restaurant", "Southern restaurant (US)" ], "fid": "0x8640c1920ea19209:0x6b70155ea6326c4c", "cid": "7741711255709314124", "reviewsCount": 497, "imagesCount": 136.0, "scrapedAt": "2025-07-04T15:38:56.760Z", "price_category": "Low ($1-15)", "service_options": [ "Outdoor seating", "No-contact delivery", "Delivery", "Drive-through", "Onsite services", "Takeout", "Dine-in" ], "has_drive_through": true }, "geometry": { "type": "Point", "coordinates": [ -10622701.515485245734453, 3462471.116770908236504 ] } },
{ "type": "Feature", "properties": { "title": "Jollibee", "price": "$", "categoryName": "Chicken restaurant", "address": "8001 S Main St #100, Houston, TX 77025", "neighborhood": "Astrodome Area", "street": "8001 S Main St #100", "city": "Houston", "postalCode": "77025", "state": "Texas", "countryCode": "US", "website": "https://locations.jollibeefoods.com/usa/tx/houston/8001-s-main-st?utm_medium=organic&utm_source=local&utm_campaign=googlelistings&utm_content=website&utm_term=3034", "phone": "(713) 665-8914", "phoneUnformatted": "+17136658914", "claimThisBusiness": false, "totalScore": 4.2, "permanentlyClosed": false, "temporarilyClosed": false, "placeId": "ChIJicrszzm_QIYRs1vXNrPlnQA", "categories": [ "Chicken restaurant", "Family restaurant", "Fast food restaurant", "Filipino restaurant", "Hamburger restaurant", "Takeout Restaurant" ], "fid": "0x8640bf39cfecca89:0x9de5b336d75bb3", "cid": "44444129225563059", "reviewsCount": 3917, "imagesCount": 2287.0, "scrapedAt": "2025-07-04T15:38:56.760Z", "price_category": "Low ($1-15)", "service_options": [ "Curbside pickup", "No-contact delivery", "Delivery", "Drive-through", "Onsite services", "Takeout", "Dine-in" ], "has_drive_through": true }, "geometry": { "type": "Point", "coordinates": [ -10621509.038835970684886, 3464210.847165275830775 ] } },
{ "type": "Feature", "properties": { "title": "Jack in the Box", "price": "$", "categoryName": "Fast food restaurant", "address": "8767 S Main St, Houston, TX 77025", "neighborhood": "South Main", "street": "8767 S Main St", "city": "Houston", "postalCode": "77025", "state": "Texas", "countryCode": "US", "website": "https://locations.jackinthebox.com/us/tx/houston/8767-s-main-st?utm_source=google&utm_medium=local&utm_campaign=google-local", "phone": "(281) 819-1672", "phoneUnformatted": "+12818191672", "claimThisBusiness": false, "totalScore": 3.4, "permanentlyClosed": false, "temporarilyClosed": false, "placeId": "ChIJNXjVLj3AQIYReQQYNZG46Zc", "categories": [ "Fast food restaurant", "American restaurant", "Breakfast restaurant", "Chicken restaurant", "Dessert restaurant", "Hamburger restaurant", "Delivery Restaurant", "Mexican restaurant" ], "fid": "0x8640c03d2ed57835:0x97e9b89135180479", "cid": "10946483303101236345", "reviewsCount": 1201, "imagesCount": 135.0, "scrapedAt": "2025-07-04T15:38:59.695Z", "price_category": "Low ($1-15)", "service_options": [ "No-contact delivery", "Delivery", "Drive-through", "Takeout", "Dine-in" ], "has_drive_through": true }, "geometry": { "type": "Point", "coordinates": [ -10621751.258915988728404, 3463822.171237640082836 ] } },
{ "type": "Feature", "properties": { "title": "Taco Bell", "price": "$", "categoryName": "Fast food restaurant", "address": "1817 S Shepherd Dr, Houston, TX 77019", "neighborhood": "Montrose", "street": "1817 S Shepherd Dr", "city": "Houston", "postalCode": "77019", "state": "Texas", "countryCode": "US", "website": "https://locations.tacobell.com/tx/houston/1817-s--shepherd-dr-.html?utm_source=yext&utm_campaign=googlelistings&utm_medium=referral&utm_term=035738&utm_content=website&y_source=1_MzkxNjgxOS03MTUtbG9jYXRpb24ud2Vic2l0ZQ%3D%3D", "phone": "(713) 528-0054", "phoneUnformatted": "+17135280054", "claimThisBusiness": false, "totalScore": 3.9, "permanentlyClosed": false, "temporarilyClosed": false, "placeId": "ChIJn6UIDb7AQIYRkk4exQQVILk", "categories": [ "Fast food restaurant", "Breakfast restaurant", "Lunch restaurant", "Takeout Restaurant", "Mexican restaurant", "Restaurant", "Tex-Mex restaurant", "Vegetarian restaurant" ], "fid": "0x8640c0be0d08a59f:0xb9201504c51e4e92", "cid": "13339685206502559378", "reviewsCount": 1413, "imagesCount": 393.0, "scrapedAt": "2025-07-04T15:39:00.709Z", "price_category": "Low ($1-15)", "service_options": [ "Delivery", "Drive-through", "Takeout", "Dine-in" ], "has_drive_through": true }, "geometry": { "type": "Point", "coordinates": [ -10621034.78440934419632, 3471368.844763212371618 ] } },
{ "type": "Feature", "properties": { "title": "Taco Bell", "price": "$", "categoryName": "Fast food restaurant", "address": "2245 W Holcombe Blvd, Houston, TX 77030", "neighborhood": "University Place", "street": "2245 W Holcombe Blvd", "city": "Houston", "postalCode": "77030", "state": "Texas", "countryCode": "US", "website": "https://locations.tacobell.com/tx/houston/2245-west-holcombe-blvd.html?utm_source=yext&utm_campaign=googlelistings&utm_medium=referral&utm_term=035709&utm_content=website&y_source=1_MzkxNjg4MS03MTUtbG9jYXRpb24ud2Vic2l0ZQ%3D%3D", "phone": "(713) 661-8122", "phoneUnformatted": "+17136618122", "claimThisBusiness": false, "totalScore": 3.7, "permanentlyClosed": false, "temporarilyClosed": false, "placeId": "ChIJU27vu2vAQIYR-stvWGfZEFE", "categories": [ "Fast food restaurant", "Breakfast restaurant", "Burrito restaurant", "Lunch restaurant", "Takeout Restaurant", "Mexican restaurant", "Restaurant", "Taco restaurant", "Tex-Mex restaurant", "Vegetarian restaurant" ], "fid": "0x8640c06bbbef6e53:0x5110d967586fcbfa", "cid": "5841407754588113914", "reviewsCount": 929, "imagesCount": 396.0, "scrapedAt": "2025-07-04T15:39:00.709Z", "price_category": "Low ($1-15)", "service_options": [ "Delivery", "Drive-through", "Takeout", "Dine-in" ], "has_drive_through": true }, "geometry": { "type": "Point", "coordinates": [ -10621136.764194859191775, 3465792.133745123166591 ] } },
{ "type": "Feature", "properties": { "title": "Taqueria Cancun", "price": "$", "categoryName": "Mexican restaurant", "address": "2227 Gessner Rd, Houston, TX 77080", "neighborhood": "Spring Branch North", "street": "2227 Gessner Rd", "city": "Houston", "postalCode": "77080", "state": "Texas", "countryCode": "US", "website": "https://taqueriacancuntx.com/", "phone": "(713) 932-9566", "phoneUnformatted": "+17139329566", "claimThisBusiness": false, "totalScore": 4.2, "permanentlyClosed": false, "temporarilyClosed": false, "placeId": "ChIJkeC4KSHFQIYR1K0AkX5rDDE", "categories": [ "Mexican restaurant" ], "fid": "0x8640c52129b8e091:0x310c6b7e9100add4", "cid": "3534317998921788884", "reviewsCount": 2706, "imagesCount": 630.0, "scrapedAt": "2025-07-04T15:39:01.957Z", "price_category": "Low ($1-15)", "service_options": [ "Curbside pickup", "Delivery", "Drive-through", "Takeout", "Dine-in" ], "has_drive_through": true }, "geometry": { "type": "Point", "coordinates": [ -10636109.825699856504798, 3479742.929203131701797 ] } },
{ "type": "Feature", "properties": { "title": "Tortilleria La Fe", "price": null, "categoryName": "Mexican restaurant", "address": "17105 Clay Rd suite E, Houston, TX 77084", "neighborhood": null, "street": "17105 Clay Rd suite E", "city": "Houston", "postalCode": "77084", "state": "Texas", "countryCode": "US", "website": "http://www.tortillerialafe.com/", "phone": "(832) 427-5246", "phoneUnformatted": "+18324275246", "claimThisBusiness": false, "totalScore": 4.4, "permanentlyClosed": false, "temporarilyClosed": false, "placeId": "ChIJ3-_zaZbZQIYRZBaAG1vU0Zs", "categories": [ "Mexican restaurant" ], "fid": "0x8640d99669f3efdf:0x9bd1d45b1b801664", "cid": "11227988833779848804", "reviewsCount": 100, "imagesCount": 141.0, "scrapedAt": "2025-07-04T15:39:05.779Z", "price_category": null, "service_options": [ "Delivery", "Drive-through", "Takeout", "Dine-in" ], "has_drive_through": true }, "geometry": { "type": "Point", "coordinates": [ -10648709.221702666953206, 3481975.072220955509692 ] } },
{ "type": "Feature", "properties": { "title": "Topol Restaurants", "price": null, "categoryName": "Fast food restaurant", "address": "1531 Gessner Rd, Houston, TX 77080", "neighborhood": "Northwest Houston", "street": "1531 Gessner Rd", "city": "Houston", "postalCode": "77080", "state": "Texas", "countryCode": "US", "website": null, "phone": "(346) 204-2567", "phoneUnformatted": "+13462042567", "claimThisBusiness": false, "totalScore": 5.0, "permanentlyClosed": false, "temporarilyClosed": false, "placeId": "ChIJORpSQsPEQIYRZfgFPwSMDE0", "categories": [ "Fast food restaurant" ], "fid": "0x8640c4c342521a39:0x4d0c8c043f05f865", "cid": "5551966390506092645", "reviewsCount": 7, "imagesCount": 5.0, "scrapedAt": "2025-07-04T15:39:07.017Z", "price_category": null, "service_options": [ "Delivery", "Drive-through", "Takeout", "Dine-in" ], "has_drive_through": true }, "geometry": { "type": "Point", "coordinates": [ -10636033.961466880515218, 3477744.439830286428332 ] } },
{ "type": "Feature", "properties": { "title": "Taco Bell", "price": "$", "categoryName": "Fast food restaurant", "address": "1223 Gessner Rd, Houston, TX 77055", "neighborhood": "Northwest Houston", "street": "1223 Gessner Rd", "city": "Houston", "postalCode": "77055", "state": "Texas", "countryCode": "US", "website": "https://locations.tacobell.com/tx/houston/1223-gessner-drive.html?utm_source=yext&utm_campaign=googlelistings&utm_medium=referral&utm_term=035710&utm_content=website&y_source=1_MzkxNjcxMi03MTUtbG9jYXRpb24ud2Vic2l0ZQ%3D%3D", "phone": "(713) 468-5311", "phoneUnformatted": "+17134685311", "claimThisBusiness": false, "totalScore": 3.9, "permanentlyClosed": false, "temporarilyClosed": false, "placeId": "ChIJh3ofx8DEQIYRyCSnnBMAAR8", "categories": [ "Fast food restaurant", "Breakfast restaurant", "Lunch restaurant", "Takeout Restaurant", "Mexican restaurant", "Restaurant", "Tex-Mex restaurant", "Vegetarian restaurant" ], "fid": "0x8640c4c0c71f7a87:0x1f0100139ca724c8", "cid": "2234066974385054920", "reviewsCount": 1120, "imagesCount": 264.0, "scrapedAt": "2025-07-04T15:39:10.035Z", "price_category": "Low ($1-15)", "service_options": [ "Delivery", "Drive-through", "Takeout", "Dine-in" ], "has_drive_through": true }, "geometry": { "type": "Point", "coordinates": [ -10636026.46966515108943, 3476607.452558478806168 ] } },
{ "type": "Feature", "properties": { "title": "Jack in the Box", "price": "$", "categoryName": "Fast food restaurant", "address": "1419 Gessner Rd, Houston, TX 77080", "neighborhood": "Northwest Houston", "street": "1419 Gessner Rd", "city": "Houston", "postalCode": "77080", "state": "Texas", "countryCode": "US", "website": "https://locations.jackinthebox.com/us/tx/houston/1419-gessner-dr?utm_source=google&utm_medium=local&utm_campaign=google-local", "phone": "(346) 440-2042", "phoneUnformatted": "+13464402042", "claimThisBusiness": false, "totalScore": 3.3, "permanentlyClosed": false, "temporarilyClosed": false, "placeId": "ChIJ74LS7MPEQIYRXTFEsfEAouk", "categories": [ "Fast food restaurant", "American restaurant", "Breakfast restaurant", "Chicken restaurant", "Dessert restaurant", "Hamburger restaurant", "Delivery Restaurant", "Mexican restaurant" ], "fid": "0x8640c4c3ecd282ef:0xe9a200f1b144315d", "cid": "16835019395125490013", "reviewsCount": 876, "imagesCount": 176.0, "scrapedAt": "2025-07-04T15:39:10.035Z", "price_category": "Low ($1-15)", "service_options": [ "Curbside pickup", "No-contact delivery", "Delivery", "Drive-through", "Takeout", "Dine-in" ], "has_drive_through": true }, "geometry": { "type": "Point", "coordinates": [ -10636026.770227774977684, 3477364.513557591475546 ] } },
{ "type": "Feature", "properties": { "title": "Taco Bell / KFC", "price": "$", "categoryName": "Fast food restaurant", "address": "7904 Long Point Rd, Houston, TX 77055", "neighborhood": "Spring Branch East", "street": "7904 Long Point Rd", "city": "Houston", "postalCode": "77055", "state": "Texas", "countryCode": "US", "website": "https://locations.tacobell.com/tx/houston/7904-long-point-road.html?utm_source=yext&utm_campaign=googlelistings&utm_medium=referral&utm_term=C521024&utm_content=website&y_source=1_ODI4NDAwOC03MTUtbG9jYXRpb24ud2Vic2l0ZQ%3D%3D", "phone": "(713) 464-6067", "phoneUnformatted": "+17134646067", "claimThisBusiness": false, "totalScore": 3.3, "permanentlyClosed": false, "temporarilyClosed": false, "placeId": "ChIJlX97gi_EQIYR-qycxnsb38Q", "categories": [ "Fast food restaurant", "Burrito restaurant", "Lunch restaurant", "Takeout Restaurant", "Mexican restaurant", "Restaurant", "Taco restaurant" ], "fid": "0x8640c42f827b7f95:0xc4df1b7bc69cacfa", "cid": "14186087569667435770", "reviewsCount": 482, "imagesCount": 242.0, "scrapedAt": "2025-07-04T15:39:10.035Z", "price_category": "Low ($1-15)", "service_options": [ "Drive-through", "Takeout", "Dine-in" ], "has_drive_through": true }, "geometry": { "type": "Point", "coordinates": [ -10629426.5040352512151, 3478276.281101013999432 ] } },
{ "type": "Feature", "properties": { "title": "Chick-fil-A", "price": "$", "categoryName": "Chicken restaurant", "address": "4594 Kingwood Dr, Kingwood, TX 77345", "neighborhood": "Kingwood", "street": "4594 Kingwood Dr", "city": "Kingwood", "postalCode": "77345", "state": "Texas", "countryCode": "US", "website": "https://www.chick-fil-a.com/locations/tx/kingwood?utm_source=yext&utm_medium=link", "phone": "(281) 359-2012", "phoneUnformatted": "+12813592012", "claimThisBusiness": false, "totalScore": 4.4, "permanentlyClosed": false, "temporarilyClosed": false, "placeId": "ChIJ4YfputasQIYRufDWUYRoYZ8", "categories": [ "Chicken restaurant", "Caterer", "Fast food restaurant" ], "fid": "0x8640acd6bae987e1:0x9f61688451d6f0b9", "cid": "11484575442289488057", "reviewsCount": 1271, "imagesCount": 185.0, "scrapedAt": "2025-07-04T15:39:18.933Z", "price_category": "Low ($1-15)", "service_options": [ "Outdoor seating", "Curbside pickup", "No-contact delivery", "Delivery", "Drive-through", "Onsite services", "Takeout", "Dine-in" ], "has_drive_through": true }, "geometry": { "type": "Point", "coordinates": [ -10595443.646858418360353, 3510030.840293037239462 ] } },
{ "type": "Feature", "properties": { "title": "Potbelly Sandwich Shop", "price": "$", "categoryName": "Sandwich shop", "address": "4537 Kingwood Dr Ste 150, Kingwood, TX 77345", "neighborhood": "Kingwood", "street": "4537 Kingwood Dr Ste 150", "city": "Kingwood", "postalCode": "77345", "state": "Texas", "countryCode": "US", "website": "https://www.potbelly.com/locations/texas/kingwood-drive-thru", "phone": "(281) 312-4638", "phoneUnformatted": "+12813124638", "claimThisBusiness": false, "totalScore": 3.5, "permanentlyClosed": false, "temporarilyClosed": false, "placeId": "ChIJbyeZfdasQIYReGcMnTNrsmE", "categories": [ "Sandwich shop", "Beverage distributor", "Catering food and drink supplier", "Caterer", "Deli", "Fast food restaurant", "Lunch restaurant", "Restaurant supply store" ], "fid": "0x8640acd67d99276f:0x61b26b339d0c6778", "cid": "7039807036955846520", "reviewsCount": 196, "imagesCount": 614.0, "scrapedAt": "2025-07-04T15:39:20.018Z", "price_category": "Low ($1-15)", "service_options": [ "No-contact delivery", "Delivery", "Drive-through", "Takeout", "Dine-in" ], "has_drive_through": true }, "geometry": { "type": "Point", "coordinates": [ -10595398.773971680551767, 3510196.524543788749725 ] } },
{ "type": "Feature", "properties": { "title": "Raising Cane's Chicken Fingers", "price": "$", "categoryName": "Fast food restaurant", "address": "4509 Kingwood Dr, Kingwood, TX 77345", "neighborhood": "Kingwood", "street": "4509 Kingwood Dr", "city": "Kingwood", "postalCode": "77345", "state": "Texas", "countryCode": "US", "website": "https://www.raisingcanes.com/", "phone": "(713) 369-2630", "phoneUnformatted": "+17133692630", "claimThisBusiness": false, "totalScore": 4.5, "permanentlyClosed": false, "temporarilyClosed": false, "placeId": "ChIJZ9uLEdasQIYRuD8sRaZMVuU", "categories": [ "Fast food restaurant", "American restaurant", "Chicken restaurant", "Southern restaurant (US)" ], "fid": "0x8640acd6118bdb67:0xe5564ca6452c3fb8", "cid": "16525480159691423672", "reviewsCount": 1439, "imagesCount": 136.0, "scrapedAt": "2025-07-04T15:39:20.019Z", "price_category": "Low ($1-15)", "service_options": [ "Curbside pickup", "Drive-through", "Takeout", "Dine-in" ], "has_drive_through": true }, "geometry": { "type": "Point", "coordinates": [ -10595732.376221690326929, 3510125.931960747111589 ] } },
{ "type": "Feature", "properties": { "title": "Freebirds World Burrito", "price": "$", "categoryName": "Mexican restaurant", "address": "3112 W Lake Houston Pkwy, Kingwood, TX 77345", "neighborhood": "Kingwood", "street": "3112 W Lake Houston Pkwy", "city": "Kingwood", "postalCode": "77345", "state": "Texas", "countryCode": "US", "website": "https://www.freebirds.com/locations/kingwood-main-street-3112-w-lake-houston-pkwy-kingwood-tx-77345", "phone": "(281) 721-0143", "phoneUnformatted": "+12817210143", "claimThisBusiness": false, "totalScore": 4.1, "permanentlyClosed": false, "temporarilyClosed": false, "placeId": "ChIJUzoT2sutQIYRxlyYAcJwtv8", "categories": [ "Mexican restaurant", "Burrito restaurant", "Caterer", "Taco restaurant", "Tex-Mex restaurant" ], "fid": "0x8640adcbda133a53:0xffb670c201985cc6", "cid": "18426038903985691846", "reviewsCount": 190, "imagesCount": 80.0, "scrapedAt": "2025-07-04T15:39:20.019Z", "price_category": "Low ($1-15)", "service_options": [ "No-contact delivery", "Delivery", "Drive-through", "Takeout", "Dine-in" ], "has_drive_through": true }, "geometry": { "type": "Point", "coordinates": [ -10595932.495270289480686, 3510361.825121731963009 ] } },
{ "type": "Feature", "properties": { "title": "Taqueria Los Jaliscienses", "price": "$", "categoryName": "Mexican restaurant", "address": "10599 Telephone Rd, Houston, TX 77075", "neighborhood": "Greater Hobby Area", "street": "10599 Telephone Rd", "city": "Houston", "postalCode": "77075", "state": "Texas", "countryCode": "US", "website": null, "phone": "(713) 991-0615", "phoneUnformatted": "+17139910615", "claimThisBusiness": true, "totalScore": 4.1, "permanentlyClosed": false, "temporarilyClosed": false, "placeId": "ChIJkdvzkuSXQIYRcoDw4it1BlQ", "categories": [ "Mexican restaurant" ], "fid": "0x864097e492f3db91:0x5406752be2f08072", "cid": "6054655580397666418", "reviewsCount": 520, "imagesCount": 135.0, "scrapedAt": "2025-07-04T15:39:22.037Z", "price_category": "Low ($1-15)", "service_options": [ "Drive-through", "Takeout", "Dine-in" ], "has_drive_through": true }, "geometry": { "type": "Point", "coordinates": [ -10607101.758642932400107, 3453796.421320043969899 ] } },
{ "type": "Feature", "properties": { "title": "Taqueria El Alazan (Food Truck)", "price": "$", "categoryName": "Mexican restaurant", "address": "10841 Telephone Rd, Houston, TX 77075", "neighborhood": "Greater Hobby Area", "street": "10841 Telephone Rd", "city": "Houston", "postalCode": "77075", "state": "Texas", "countryCode": "US", "website": null, "phone": "(832) 641-2094", "phoneUnformatted": "+18326412094", "claimThisBusiness": true, "totalScore": 4.6, "permanentlyClosed": false, "temporarilyClosed": false, "placeId": "ChIJ7Wnzx8aWQIYRffAllPetEYg", "categories": [ "Mexican restaurant", "Breakfast restaurant" ], "fid": "0x864096c6c7f369ed:0x8811adf79425f07d", "cid": "9804809142616322173", "reviewsCount": 1378, "imagesCount": 145.0, "scrapedAt": "2025-07-04T15:39:23.500Z", "price_category": "Low ($1-15)", "service_options": [ "Drive-through", "Takeout", "Dine-in" ], "has_drive_through": true }, "geometry": { "type": "Point", "coordinates": [ -10607130.768502231687307, 3453240.82807917939499 ] } },
{ "type": "Feature", "properties": { "title": "El Rey Taqueria", "price": "$", "categoryName": "Mexican restaurant", "address": "9742 Katy Fwy #100, Houston, TX 77055", "neighborhood": "Memorial City", "street": "9742 Katy Fwy #100", "city": "Houston", "postalCode": "77055", "state": "Texas", "countryCode": "US", "website": "http://www.elreytaqueria.com/", "phone": "(832) 358-8100", "phoneUnformatted": "+18323588100", "claimThisBusiness": false, "totalScore": 4.2, "permanentlyClosed": false, "temporarilyClosed": false, "placeId": "ChIJAcxgwJPEQIYR7PP_-UrNNHo", "categories": [ "Mexican restaurant", "Cuban restaurant" ], "fid": "0x8640c493c060cc01:0x7a34cd4af9fff3ec", "cid": "8805888893321737196", "reviewsCount": 1344, "imagesCount": 578.0, "scrapedAt": "2025-07-04T15:39:24.285Z", "price_category": "Low ($1-15)", "service_options": [ "Outdoor seating", "Delivery", "Drive-through", "Takeout", "Dine-in" ], "has_drive_through": true }, "geometry": { "type": "Point", "coordinates": [ -10634847.952480020001531, 3476107.336272947955877 ] } },
{ "type": "Feature", "properties": { "title": "Taqueria De La Luz (Food Truck)", "price": null, "categoryName": "Mexican restaurant", "address": "12950 S Post Oak Rd, Houston, TX 77045", "neighborhood": "Central Southwest", "street": "12950 S Post Oak Rd", "city": "Houston", "postalCode": "77045", "state": "Texas", "countryCode": "US", "website": null, "phone": "(346) 394-1071", "phoneUnformatted": "+13463941071", "claimThisBusiness": false, "totalScore": 4.8, "permanentlyClosed": false, "temporarilyClosed": false, "placeId": "ChIJw-OOsGPpQIYR1znTBpV2uFE", "categories": [ "Mexican restaurant", "Taco restaurant" ], "fid": "0x8640e963b08ee3c3:0x51b8769506d339d7", "cid": "5888586895223634391", "reviewsCount": 25, "imagesCount": 35.0, "scrapedAt": "2025-07-04T15:39:24.639Z", "price_category": null, "service_options": [ "Drive-through", "Takeout", "Dine-in" ], "has_drive_through": true }, "geometry": { "type": "Point", "coordinates": [ -10627034.849303355440497, 3457196.417031700257212 ] } },
{ "type": "Feature", "properties": { "title": "Golden Chick", "price": "$", "categoryName": "Fast food restaurant", "address": "14191 Fayridge Dr, Houston, TX 77048", "neighborhood": "Minnetex", "street": "14191 Fayridge Dr", "city": "Houston", "postalCode": "77048", "state": "Texas", "countryCode": "US", "website": "http://locations.goldenchick.com/tx/houston/1322/?utm_source=Google&utm_medium=Organic&utm_campaign=Maps", "phone": "(832) 925-8569", "phoneUnformatted": "+18329258569", "claimThisBusiness": false, "totalScore": 4.4, "permanentlyClosed": false, "temporarilyClosed": false, "placeId": "ChIJi3T9dhGVQIYRhu3FuV2miX4", "categories": [ "Fast food restaurant", "American restaurant", "Caterer", "Fried chicken takeaway", "Takeout Restaurant" ], "fid": "0x8640951176fd748b:0x7e89a65db9c5ed86", "cid": "9118001842067205510", "reviewsCount": 913, "imagesCount": 168.0, "scrapedAt": "2025-07-04T15:39:24.838Z", "price_category": "Low ($1-15)", "service_options": [ "Curbside pickup", "No-contact delivery", "Delivery", "Drive-through", "Takeout", "Dine-in" ], "has_drive_through": true }, "geometry": { "type": "Point", "coordinates": [ -10609925.099228175356984, 3452454.82842822605744 ] } },
{ "type": "Feature", "properties": { "title": "Chick-fil-A", "price": "$", "categoryName": "Chicken restaurant", "address": "11520 Pearland Pkwy, Houston, TX 77089", "neighborhood": "Greater Hobby Area", "street": "11520 Pearland Pkwy", "city": "Houston", "postalCode": "77089", "state": "Texas", "countryCode": "US", "website": "https://www.chick-fil-a.com/", "phone": "(281) 528-1944", "phoneUnformatted": "+12815281944", "claimThisBusiness": false, "totalScore": 3.7, "permanentlyClosed": false, "temporarilyClosed": false, "placeId": "ChIJLTNd2J6XQIYR5QRfzHCTmsU", "categories": [ "Chicken restaurant", "Caterer", "Fast food restaurant" ], "fid": "0x8640979ed85d332d:0xc59a9370cc5f04e5", "cid": "14238855284559643877", "reviewsCount": 309, "imagesCount": 164.0, "scrapedAt": "2025-07-04T15:39:26.298Z", "price_category": "Low ($1-15)", "service_options": [ "Outdoor seating", "Curbside pickup", "No-contact delivery", "Delivery", "Drive-through", "Takeout", "Dine-in" ], "has_drive_through": true }, "geometry": { "type": "Point", "coordinates": [ -10605012.302932690829039, 3451926.562146243173629 ] } },
{ "type": "Feature", "properties": { "title": "Popeyes Louisiana Kitchen", "price": "$", "categoryName": "Chicken restaurant", "address": "4862 Willowbend Blvd, Houston, TX 77035", "neighborhood": "Willow Meadows/ Willowbend Area", "street": "4862 Willowbend Blvd", "city": "Houston", "postalCode": "77035", "state": "Texas", "countryCode": "US", "website": "https://www.popeyes.com/store-locator/store/restaurant_82068?utm_source=yext&utm_medium=referral&utm_campaign=organic-local-listings", "phone": "(713) 721-3228", "phoneUnformatted": "+17137213228", "claimThisBusiness": false, "totalScore": 3.6, "permanentlyClosed": false, "temporarilyClosed": false, "placeId": "ChIJ31Dg5hHqQIYRiM9vGaldWcs", "categories": [ "Chicken restaurant", "Cajun restaurant", "Fast food restaurant", "Restaurant", "Seafood restaurant" ], "fid": "0x8640ea11e6e050df:0xcb595da9196fcf88", "cid": "14652845843484233608", "reviewsCount": 893, "imagesCount": 132.0, "scrapedAt": "2025-07-04T15:39:26.326Z", "price_category": "Low ($1-15)", "service_options": [ "Outdoor seating", "No-contact delivery", "Delivery", "Drive-through", "Takeout", "Dine-in" ], "has_drive_through": true }, "geometry": { "type": "Point", "coordinates": [ -10626912.442391280084848, 3460521.224522102158517 ] } },
{ "type": "Feature", "properties": { "title": "Jack in the Box", "price": "$", "categoryName": "Fast food restaurant", "address": "5248 Allum Rd, Houston, TX 77045", "neighborhood": "Central Southwest", "street": "5248 Allum Rd", "city": "Houston", "postalCode": "77045", "state": "Texas", "countryCode": "US", "website": "https://locations.jackinthebox.com/us/tx/houston/5248-allum-rd?utm_source=google&utm_medium=local&utm_campaign=google-local", "phone": "(713) 721-7808", "phoneUnformatted": "+17137217808", "claimThisBusiness": false, "totalScore": 3.7, "permanentlyClosed": false, "temporarilyClosed": false, "placeId": "ChIJVRJUuzDqQIYRTFrT3UQhZyU", "categories": [ "Fast food restaurant", "American restaurant", "Breakfast restaurant", "Chicken restaurant", "Dessert restaurant", "Hamburger restaurant", "Delivery Restaurant", "Mexican restaurant" ], "fid": "0x8640ea30bb541255:0x25672144ddd35a4c", "cid": "2695159481667639884", "reviewsCount": 549, "imagesCount": 139.0, "scrapedAt": "2025-07-04T15:39:27.259Z", "price_category": "Low ($1-15)", "service_options": [ "No-contact delivery", "Delivery", "Drive-through", "Takeout", "Dine-in" ], "has_drive_through": true }, "geometry": { "type": "Point", "coordinates": [ -10626886.126463655382395, 3457529.690443685278296 ] } },
{ "type": "Feature", "properties": { "title": "El Rey Taqueria y Pupuseria (Food Truck)", "price": null, "categoryName": "Fast food restaurant", "address": "11221 S Post Oak Rd, Houston, TX 77035", "neighborhood": "Willow Meadows/ Willowbend Area", "street": "11221 S Post Oak Rd", "city": "Houston", "postalCode": "77035", "state": "Texas", "countryCode": "US", "website": null, "phone": "(832) 436-8579", "phoneUnformatted": "+18324368579", "claimThisBusiness": false, "totalScore": 3.7, "permanentlyClosed": false, "temporarilyClosed": false, "placeId": "ChIJDTHJr9vrQIYRqfTovRPhhyc", "categories": [ "Fast food restaurant" ], "fid": "0x8640ebdbafc9310d:0x2787e113bde8f4a9", "cid": "2848492764241917097", "reviewsCount": 3, "imagesCount": 13.0, "scrapedAt": "2025-07-04T15:39:27.259Z", "price_category": null, "service_options": [ "Curbside pickup", "Delivery", "Drive-through", "Takeout", "Dine-in" ], "has_drive_through": true }, "geometry": { "type": "Point", "coordinates": [ -10626976.762793060392141, 3459329.984566032420844 ] } },
{ "type": "Feature", "properties": { "title": "Popeyes Louisiana Kitchen", "price": "$", "categoryName": "Chicken restaurant", "address": "7635 S Sam Houston Pkwy E, Houston, TX 77075", "neighborhood": "Greater Hobby Area", "street": "7635 S Sam Houston Pkwy E", "city": "Houston", "postalCode": "77075", "state": "Texas", "countryCode": "US", "website": "https://www.popeyes.com/store-locator/store/restaurant_86476?utm_source=yext&utm_medium=referral&utm_campaign=organic-local-listings", "phone": "(346) 388-6602", "phoneUnformatted": "+13463886602", "claimThisBusiness": false, "totalScore": 3.7, "permanentlyClosed": false, "temporarilyClosed": false, "placeId": "ChIJ3QMdC3mXQIYRIrZfQU1WrSI", "categories": [ "Chicken restaurant", "Cajun restaurant", "Fast food restaurant", "Restaurant", "Seafood restaurant" ], "fid": "0x864097790b1d03dd:0x22ad564d415fb622", "cid": "2498748258069755426", "reviewsCount": 347, "imagesCount": 78.0, "scrapedAt": "2025-07-04T15:39:27.751Z", "price_category": "Low ($1-15)", "service_options": [ "Outdoor seating", "No-contact delivery", "Delivery", "Drive-through", "Takeout", "Dine-in" ], "has_drive_through": true }, "geometry": { "type": "Point", "coordinates": [ -10607401.50863578915596, 3452368.58775686705485 ] } },
{ "type": "Feature", "properties": { "title": "Jack in the Box", "price": "$", "categoryName": "Fast food restaurant", "address": "7101 Will Clayton Pkwy, Humble, TX 77338", "neighborhood": "Iah / Airport Area", "street": "7101 Will Clayton Pkwy", "city": "Humble", "postalCode": "77338", "state": "Texas", "countryCode": "US", "website": "https://locations.jackinthebox.com/us/tx/humble/7101-will-clayton-pkwy?utm_source=google&utm_medium=local&utm_campaign=google-local", "phone": "(281) 540-1578", "phoneUnformatted": "+12815401578", "claimThisBusiness": false, "totalScore": 3.9, "permanentlyClosed": false, "temporarilyClosed": false, "placeId": "ChIJjUSGhsezQIYRo3Q9bhsbJ9g", "categories": [ "Fast food restaurant", "American restaurant", "Breakfast restaurant", "Chicken restaurant", "Dessert restaurant", "Hamburger restaurant", "Delivery Restaurant", "Mexican restaurant" ], "fid": "0x8640b3c78686448d:0xd8271b1b6e3d74a3", "cid": "15575447640911738019", "reviewsCount": 1419, "imagesCount": 183.0, "scrapedAt": "2025-07-04T15:39:28.080Z", "price_category": "Low ($1-15)", "service_options": [ "Curbside pickup", "No-contact delivery", "Delivery", "Drive-through", "Takeout", "Dine-in" ], "has_drive_through": true }, "geometry": { "type": "Point", "coordinates": [ -10606649.868302004411817, 3501464.120180598460138 ] } },
{ "type": "Feature", "properties": { "title": "Burger King", "price": "$", "categoryName": "Fast food restaurant", "address": "6355 Will Clayton Pkwy C, Humble, TX 77338", "neighborhood": "Iah / Airport Area", "street": "6355 Will Clayton Pkwy C", "city": "Humble", "postalCode": "77338", "state": "Texas", "countryCode": "US", "website": "https://burgerking.com/store-locator/store/restaurant_10342", "phone": "(281) 810-9764", "phoneUnformatted": "+12818109764", "claimThisBusiness": false, "totalScore": 3.6, "permanentlyClosed": false, "temporarilyClosed": false, "placeId": "ChIJr-zhMJOzQIYRlADqoVx8Zr0", "categories": [ "Fast food restaurant", "Breakfast restaurant", "Delivery service", "Family restaurant" ], "fid": "0x8640b39330e1ecaf:0xbd667c5ca1ea0094", "cid": "13647732458088169620", "reviewsCount": 601, "imagesCount": 208.0, "scrapedAt": "2025-07-04T15:39:28.080Z", "price_category": "Low ($1-15)", "service_options": [ "Delivery", "Drive-through", "Takeout", "Dine-in" ], "has_drive_through": true }, "geometry": { "type": "Point", "coordinates": [ -10608343.427375188097358, 3501504.424011399038136 ] } },
{ "type": "Feature", "properties": { "title": "Jack in the Box", "price": "$", "categoryName": "Fast food restaurant", "address": "11630 Hempstead Hwy, Houston, TX 77092", "neighborhood": "Spring Branch East", "street": "11630 Hempstead Hwy", "city": "Houston", "postalCode": "77092", "state": "Texas", "countryCode": "US", "website": "https://locations.jackinthebox.com/us/tx/houston/11630-hempstead-hwy?utm_source=google&utm_medium=local&utm_campaign=google-local", "phone": "(832) 930-6013", "phoneUnformatted": "+18329306013", "claimThisBusiness": false, "totalScore": 3.6, "permanentlyClosed": false, "temporarilyClosed": false, "placeId": "ChIJHR-vYdTFQIYRc0QE6mZSkVI", "categories": [ "Fast food restaurant", "American restaurant", "Breakfast restaurant", "Chicken restaurant", "Dessert restaurant", "Hamburger restaurant", "Delivery Restaurant", "Mexican restaurant" ], "fid": "0x8640c5d461af1f1d:0x52915266ea044473", "cid": "5949627184699425907", "reviewsCount": 1134, "imagesCount": 164.0, "scrapedAt": "2025-07-04T15:39:28.282Z", "price_category": "Low ($1-15)", "service_options": [ "Curbside pickup", "No-contact delivery", "Delivery", "Drive-through", "Takeout", "Dine-in" ], "has_drive_through": true }, "geometry": { "type": "Point", "coordinates": [ -10629084.975837498903275, 3480229.304419211577624 ] } },
{ "type": "Feature", "properties": { "title": "Sonic Drive-In", "price": "$", "categoryName": "Fast food restaurant", "address": "5314 W Bellfort Ave, Houston, TX 77035", "neighborhood": "Westbury", "street": "5314 W Bellfort Ave", "city": "Houston", "postalCode": "77035", "state": "Texas", "countryCode": "US", "website": "https://www.sonicdrivein.com/locations/us/tx/houston/", "phone": "(713) 721-7861", "phoneUnformatted": "+17137217861", "claimThisBusiness": false, "totalScore": 3.3, "permanentlyClosed": false, "temporarilyClosed": false, "placeId": "ChIJj2c0lWrrQIYRbVWXbSn85BY", "categories": [ "Fast food restaurant" ], "fid": "0x8640eb6a9534678f:0x16e4fc296d97556d", "cid": "1649720618386937197", "reviewsCount": 172, "imagesCount": 91.0, "scrapedAt": "2025-07-04T15:39:29.145Z", "price_category": "Low ($1-15)", "service_options": [ "Curbside pickup", "Delivery", "Drive-through", "Takeout", "Dine-in" ], "has_drive_through": true }, "geometry": { "type": "Point", "coordinates": [ -10628269.159817272797227, 3459993.204299019183964 ] } },
{ "type": "Feature", "properties": { "title": "Jack in the Box", "price": "$", "categoryName": "Fast food restaurant", "address": "8497 S Sam Houston Pkwy E, Houston, TX 77075", "neighborhood": "Greater Hobby Area", "street": "8497 S Sam Houston Pkwy E", "city": "Houston", "postalCode": "77075", "state": "Texas", "countryCode": "US", "website": "https://locations.jackinthebox.com/us/tx/houston/8497-s-sam-houston-pkwy-e?utm_source=google&utm_medium=local&utm_campaign=google-local", "phone": "(713) 987-9111", "phoneUnformatted": "+17139879111", "claimThisBusiness": false, "totalScore": 3.5, "permanentlyClosed": false, "temporarilyClosed": false, "placeId": "ChIJadglOMiWQIYR_jhRqYuJ918", "categories": [ "Fast food restaurant", "American restaurant", "Breakfast restaurant", "Chicken restaurant", "Dessert restaurant", "Hamburger restaurant", "Delivery Restaurant", "Mexican restaurant" ], "fid": "0x864096c83825d869:0x5ff7898ba95138fe", "cid": "6915146985784817918", "reviewsCount": 800, "imagesCount": 162.0, "scrapedAt": "2025-07-04T15:39:29.217Z", "price_category": "Low ($1-15)", "service_options": [ "No-contact delivery", "Delivery", "Drive-through", "Takeout", "Dine-in" ], "has_drive_through": true }, "geometry": { "type": "Point", "coordinates": [ -10605164.721579484641552, 3452377.216919249389321 ] } },
{ "type": "Feature", "properties": { "title": "Little Caesars Pizza", "price": "$", "categoryName": "Pizza restaurant", "address": "9855 Blackhawk Blvd A, Houston, TX 77075", "neighborhood": "South Belt / Ellington", "street": "9855 Blackhawk Blvd A", "city": "Houston", "postalCode": "77075", "state": "Texas", "countryCode": "US", "website": null, "phone": "(713) 987-1701", "phoneUnformatted": "+17139871701", "claimThisBusiness": false, "totalScore": 2.9, "permanentlyClosed": false, "temporarilyClosed": false, "placeId": "ChIJx9GwkjeXQIYRJMevMl8bwXA", "categories": [ "Pizza restaurant", "Fast food restaurant", "Pizza delivery", "Pizza Takeout" ], "fid": "0x8640973792b0d1c7:0x70c11b5f32afc724", "cid": "8124805298439309092", "reviewsCount": 1043, "imagesCount": 118.0, "scrapedAt": "2025-07-04T15:39:29.218Z", "price_category": "Low ($1-15)", "service_options": [ "Delivery", "Drive-through", "Takeout" ], "has_drive_through": true }, "geometry": { "type": "Point", "coordinates": [ -10602979.007905554026365, 3452638.130176953505725 ] } },
{ "type": "Feature", "properties": { "title": "Dairy Queen", "price": "$", "categoryName": "Fast food restaurant", "address": "6707 Westview Dr, Houston, TX 77055", "neighborhood": "Spring Branch East", "street": "6707 Westview Dr", "city": "Houston", "postalCode": "77055", "state": "Texas", "countryCode": "US", "website": "https://dqtexas.com/?y_source=1_MjkzMzkyNzItNzE1LWxvY2F0aW9uLndlYnNpdGU%3D", "phone": "(713) 681-5574", "phoneUnformatted": "+17136815574", "claimThisBusiness": false, "totalScore": 4.0, "permanentlyClosed": false, "temporarilyClosed": false, "placeId": "ChIJETTnU5jGQIYRvj1SaX34RCM", "categories": [ "Fast food restaurant", "Ice cream shop" ], "fid": "0x8640c69853e73411:0x2344f87d69523dbe", "cid": "2541429307265400254", "reviewsCount": 781, "imagesCount": 121.0, "scrapedAt": "2025-07-04T15:39:29.850Z", "price_category": "Low ($1-15)", "service_options": [ "Curbside pickup", "Delivery", "Drive-through", "Takeout", "Dine-in" ], "has_drive_through": true }, "geometry": { "type": "Point", "coordinates": [ -10627617.918532233685255, 3477131.819560318719596 ] } },
{ "type": "Feature", "properties": { "title": "Frenchy's Chicken", "price": "$$", "categoryName": "Chicken restaurant", "address": "3602 Scott St, Houston, TX 77004", "neighborhood": "South Side", "street": "3602 Scott St", "city": "Houston", "postalCode": "77004", "state": "Texas", "countryCode": "US", "website": "http://www.frenchyschicken.com/", "phone": "(713) 748-2233", "phoneUnformatted": "+17137482233", "claimThisBusiness": false, "totalScore": 4.1, "permanentlyClosed": false, "temporarilyClosed": false, "placeId": "ChIJ5-Hm2ay_QIYRV9ZSFoRCc3Y", "categories": [ "Chicken restaurant", "Creole restaurant", "Fast food restaurant", "Restaurant" ], "fid": "0x8640bfacd9e6e1e7:0x767342841652d657", "cid": "8535238853874865751", "reviewsCount": 4120, "imagesCount": 468.0, "scrapedAt": "2025-07-04T15:39:35.399Z", "price_category": "Medium ($16-35)", "service_options": [ "No-contact delivery", "Delivery", "Drive-through", "Takeout", "Dine-in" ], "has_drive_through": true }, "geometry": { "type": "Point", "coordinates": [ -10614457.116073451936245, 3468055.950941723771393 ] } },
{ "type": "Feature", "properties": { "title": "Popeyes Louisiana Kitchen", "price": "$", "categoryName": "Chicken restaurant", "address": "2420 Scott St, Houston, TX 77004", "neighborhood": "South Side", "street": "2420 Scott St", "city": "Houston", "postalCode": "77004", "state": "Texas", "countryCode": "US", "website": "https://www.popeyes.com/store-locator/store/restaurant_86595?utm_source=yext&utm_medium=referral&utm_campaign=organic-local-listings", "phone": "(713) 655-0660", "phoneUnformatted": "+17136550660", "claimThisBusiness": false, "totalScore": 3.5, "permanentlyClosed": false, "temporarilyClosed": false, "placeId": "ChIJiepz62G_QIYRZ0NUOh755Ro", "categories": [ "Chicken restaurant", "Cajun restaurant", "Fast food restaurant", "Restaurant", "Seafood restaurant" ], "fid": "0x8640bf61eb73ea89:0x1ae5f91e3a544367", "cid": "1938229122875802471", "reviewsCount": 1098, "imagesCount": 107.0, "scrapedAt": "2025-07-04T15:39:37.148Z", "price_category": "Low ($1-15)", "service_options": [ "Outdoor seating", "No-contact delivery", "Delivery", "Drive-through", "Onsite services", "Takeout", "Dine-in" ], "has_drive_through": true }, "geometry": { "type": "Point", "coordinates": [ -10614154.6387530695647, 3469364.786425333470106 ] } },
{ "type": "Feature", "properties": { "title": "Wendy's", "price": "$", "categoryName": "Fast food restaurant", "address": "3710 Scott St, Houston, TX 77004", "neighborhood": "South Side", "street": "3710 Scott St", "city": "Houston", "postalCode": "77004", "state": "Texas", "countryCode": "US", "website": "https://locations.wendys.com/united-states/tx/houston/3710-scott-street?utm_source=Yext&utm_medium=Google_My_Business&utm_campaign=Local_Search&utm_content=EN_US", "phone": "(832) 509-4395", "phoneUnformatted": "+18325094395", "claimThisBusiness": false, "totalScore": 3.6, "permanentlyClosed": false, "temporarilyClosed": false, "placeId": "ChIJ-3qgrVS-QIYRQLG3tupH8PA", "categories": [ "Fast food restaurant", "Hamburger restaurant", "Restaurant" ], "fid": "0x8640be54ada07afb:0xf0f047eab6b7b140", "cid": "17361455636926673216", "reviewsCount": 883, "imagesCount": 271.0, "scrapedAt": "2025-07-04T15:39:37.148Z", "price_category": "Low ($1-15)", "service_options": [ "Delivery", "Drive-through", "Takeout", "Dine-in" ], "has_drive_through": true }, "geometry": { "type": "Point", "coordinates": [ -10614541.986053233966231, 3467888.286048520822078 ] } },
{ "type": "Feature", "properties": { "title": "Jack in the Box", "price": "$", "categoryName": "Fast food restaurant", "address": "801 Telephone Rd, Houston, TX 77023", "neighborhood": "Greater Eastwood", "street": "801 Telephone Rd", "city": "Houston", "postalCode": "77023", "state": "Texas", "countryCode": "US", "website": "https://locations.jackinthebox.com/us/tx/houston/801-telephone-rd?utm_source=google&utm_medium=local&utm_campaign=google-local", "phone": "(713) 926-6437", "phoneUnformatted": "+17139266437", "claimThisBusiness": false, "totalScore": 4.0, "permanentlyClosed": false, "temporarilyClosed": false, "placeId": "ChIJEfRZm4y-QIYRcZqiX6IOAQs", "categories": [ "Fast food restaurant", "American restaurant", "Breakfast restaurant", "Chicken restaurant", "Dessert restaurant", "Hamburger restaurant", "Delivery Restaurant", "Mexican restaurant" ], "fid": "0x8640be8c9b59f411:0xb010ea25fa29a71", "cid": "792931099945900657", "reviewsCount": 1201, "imagesCount": 237.0, "scrapedAt": "2025-07-04T15:39:38.130Z", "price_category": "Low ($1-15)", "service_options": [ "No-contact delivery", "Delivery", "Drive-through", "Takeout", "Dine-in" ], "has_drive_through": true }, "geometry": { "type": "Point", "coordinates": [ -10612009.122547265142202, 3469470.293852697592229 ] } },
{ "type": "Feature", "properties": { "title": "Burger King", "price": "$", "categoryName": "Fast food restaurant", "address": "3730 Scott St, Houston, TX 77004", "neighborhood": "South Side", "street": "3730 Scott St", "city": "Houston", "postalCode": "77004", "state": "Texas", "countryCode": "US", "website": "https://burgerking.com/store-locator/store/restaurant_3306", "phone": "(713) 747-3446", "phoneUnformatted": "+17137473446", "claimThisBusiness": false, "totalScore": 3.5, "permanentlyClosed": false, "temporarilyClosed": false, "placeId": "ChIJcTH7qqy_QIYRKPAF_kemuxY", "categories": [ "Fast food restaurant", "Breakfast restaurant", "Delivery service", "Family restaurant" ], "fid": "0x8640bfacaafb3171:0x16bba647fe05f028", "cid": "1638085717613998120", "reviewsCount": 978, "imagesCount": 158.0, "scrapedAt": "2025-07-04T15:39:38.130Z", "price_category": "Low ($1-15)", "service_options": [ "Delivery", "Drive-through", "Takeout", "Dine-in" ], "has_drive_through": true }, "geometry": { "type": "Point", "coordinates": [ -10614574.480212597176433, 3467807.928167548961937 ] } },
{ "type": "Feature", "properties": { "title": "Taco Cabana", "price": "$", "categoryName": "Taco restaurant", "address": "3874 Holman St, Houston, TX 77004", "neighborhood": "South Side", "street": "3874 Holman St", "city": "Houston", "postalCode": "77004", "state": "Texas", "countryCode": "US", "website": "https://www.tacocabana.com/?utm_source=google-business-profile&utm_medium=organic&utm_campaign=business-listing&utm_id=20582", "phone": "(832) 842-5404", "phoneUnformatted": "+18328425404", "claimThisBusiness": false, "totalScore": 3.5, "permanentlyClosed": false, "temporarilyClosed": false, "placeId": "ChIJk_-cOlS-QIYRDWGJ17_2glk", "categories": [ "Taco restaurant", "Mexican restaurant", "Tex-Mex restaurant" ], "fid": "0x8640be543a9cff93:0x5982f6bfd789610d", "cid": "6449988920163262733", "reviewsCount": 198, "imagesCount": 54.0, "scrapedAt": "2025-07-04T15:39:38.130Z", "price_category": "Low ($1-15)", "service_options": [ "Outdoor seating", "Curbside pickup", "No-contact delivery", "Delivery", "Drive-through", "Takeout", "Dine-in" ], "has_drive_through": true }, "geometry": { "type": "Point", "coordinates": [ -10614315.139194894582033, 3468104.507513057440519 ] } },
{ "type": "Feature", "properties": { "title": "Taco Bell", "price": "$", "categoryName": "Fast food restaurant", "address": "3356 Scott St, Houston, TX 77004", "neighborhood": "South Side", "street": "3356 Scott St", "city": "Houston", "postalCode": "77004", "state": "Texas", "countryCode": "US", "website": "https://locations.tacobell.com/tx/houston/3356-scott-st.html?utm_source=yext&utm_campaign=googlelistings&utm_medium=referral&utm_term=028399&utm_content=website&y_source=1_MzkxNzAyMy03MTUtbG9jYXRpb24ud2Vic2l0ZQ%3D%3D", "phone": "(713) 658-9030", "phoneUnformatted": "+17136589030", "claimThisBusiness": false, "totalScore": 3.2, "permanentlyClosed": false, "temporarilyClosed": false, "placeId": "ChIJC2eccVW-QIYR53UEFIbbbwQ", "categories": [ "Fast food restaurant", "Breakfast restaurant", "Burrito restaurant", "Lunch restaurant", "Takeout Restaurant", "Mexican restaurant", "Restaurant", "Taco restaurant", "Tex-Mex restaurant", "Vegetarian restaurant" ], "fid": "0x8640be55719c670b:0x46fdb86140475e7", "cid": "319715467474531815", "reviewsCount": 883, "imagesCount": 269.0, "scrapedAt": "2025-07-04T15:39:38.976Z", "price_category": "Low ($1-15)", "service_options": [ "Delivery", "Drive-through", "Takeout", "Dine-in" ], "has_drive_through": true }, "geometry": { "type": "Point", "coordinates": [ -10614356.60570521466434, 3468391.902588317170739 ] } },
{ "type": "Feature", "properties": { "title": "Jack in the Box", "price": "$", "categoryName": "Fast food restaurant", "address": "3415 Navigation Blvd, Houston, TX 77003", "neighborhood": "Second Ward", "street": "3415 Navigation Blvd", "city": "Houston", "postalCode": "77003", "state": "Texas", "countryCode": "US", "website": "https://locations.jackinthebox.com/us/tx/houston/3415-navigation-blvd?utm_source=google&utm_medium=local&utm_campaign=google-local", "phone": "(713) 224-5006", "phoneUnformatted": "+17132245006", "claimThisBusiness": false, "totalScore": 3.5, "permanentlyClosed": false, "temporarilyClosed": false, "placeId": "ChIJU7vNa8G-QIYRz8lXUUYxpGw", "categories": [ "Fast food restaurant", "American restaurant", "Breakfast restaurant", "Chicken restaurant", "Dessert restaurant", "Hamburger restaurant", "Delivery Restaurant", "Mexican restaurant" ], "fid": "0x8640bec16bcdbb53:0x6ca431465157c9cf", "cid": "7828436230358944207", "reviewsCount": 1207, "imagesCount": 239.0, "scrapedAt": "2025-07-04T15:39:39.815Z", "price_category": "Low ($1-15)", "service_options": [ "Curbside pickup", "No-contact delivery", "Delivery", "Drive-through", "Takeout", "Dine-in" ], "has_drive_through": true }, "geometry": { "type": "Point", "coordinates": [ -10612687.792954836040735, 3472170.07858510594815 ] } },
{ "type": "Feature", "properties": { "title": "Jack in the Box", "price": "$", "categoryName": "Fast food restaurant", "address": "2800 N Terminal Rd, Houston, TX 77032", "neighborhood": "Iah / Airport Area", "street": "2800 N Terminal Rd", "city": "Houston", "postalCode": "77032", "state": "Texas", "countryCode": "US", "website": "https://locations.jackinthebox.com/us/tx/houston/2800-n-terminal-rd?utm_source=google&utm_medium=local&utm_campaign=google-local", "phone": "(281) 821-6553", "phoneUnformatted": "+12818216553", "claimThisBusiness": false, "totalScore": 3.2, "permanentlyClosed": false, "temporarilyClosed": false, "placeId": "ChIJA94OMUS0QIYRYXjqlpFPFxg", "categories": [ "Fast food restaurant", "American restaurant", "Breakfast restaurant", "Chicken restaurant", "Dessert restaurant", "Hamburger restaurant", "Delivery Restaurant", "Mexican restaurant" ], "fid": "0x8640b444310ede03:0x18174f9196ea7861", "cid": "1735943668095416417", "reviewsCount": 242, "imagesCount": 129.0, "scrapedAt": "2025-07-04T15:39:44.946Z", "price_category": "Low ($1-15)", "service_options": [ "Drive-through", "Takeout", "Dine-in" ], "has_drive_through": true }, "geometry": { "type": "Point", "coordinates": [ -10614268.87481452152133, 3501963.23606225522235 ] } },
{ "type": "Feature", "properties": { "title": "Wendy's", "price": "$", "categoryName": "Fast food restaurant", "address": "590 Kingwood Dr, Kingwood, TX 77339", "neighborhood": "Kingwood", "street": "590 Kingwood Dr", "city": "Kingwood", "postalCode": "77339", "state": "Texas", "countryCode": "US", "website": "https://locations.wendys.com/united-states/tx/kingwood/590-kingwood-dr?utm_source=Yext&utm_medium=Google_My_Business&utm_campaign=Local_Search&utm_content=EN_US", "phone": "(281) 623-5149", "phoneUnformatted": "+12816235149", "claimThisBusiness": false, "totalScore": 3.9, "permanentlyClosed": false, "temporarilyClosed": false, "placeId": "ChIJ4RMjo7WyQIYRgTR5nDK7mSc", "categories": [ "Fast food restaurant", "Hamburger restaurant", "Restaurant" ], "fid": "0x8640b2b5a32313e1:0x2799bb329c793481", "cid": "2853517664963867777", "reviewsCount": 1134, "imagesCount": 300.0, "scrapedAt": "2025-07-04T15:39:45.913Z", "price_category": "Low ($1-15)", "service_options": [ "Delivery", "Drive-through", "Takeout", "Dine-in" ], "has_drive_through": true }, "geometry": { "type": "Point", "coordinates": [ -10602742.320404229685664, 3510107.168211909011006 ] } },
{ "type": "Feature", "properties": { "title": "McDonald's", "price": "$", "categoryName": "Fast food restaurant", "address": "2162 Northpark Dr, Kingwood, TX 77339", "neighborhood": "Kingwood", "street": "2162 Northpark Dr", "city": "Kingwood", "postalCode": "77339", "state": "Texas", "countryCode": "US", "website": "https://www.mcdonalds.com/us/en-us/location/TX/KINGWOOD/2162-N-PARK-DR/6915.html?cid=RF:YXT:GMB::Clicks", "phone": "(281) 359-1899", "phoneUnformatted": "+12813591899", "claimThisBusiness": false, "totalScore": 3.8, "permanentlyClosed": false, "temporarilyClosed": false, "placeId": "ChIJfR7WorpSR4YRTvYFGJ6dD4E", "categories": [ "Fast food restaurant", "Breakfast restaurant", "Coffee shop", "Hamburger restaurant", "Restaurant", "Sandwich shop" ], "fid": "0x864752baa2d61e7d:0x810f9d9e1805f64e", "cid": "9299825057876801102", "reviewsCount": 986, "imagesCount": 218.0, "scrapedAt": "2025-07-04T15:39:47.035Z", "price_category": "Low ($1-15)", "service_options": [ "Curbside pickup", "No-contact delivery", "Delivery", "Drive-through", "Onsite services", "Takeout", "Dine-in" ], "has_drive_through": true }, "geometry": { "type": "Point", "coordinates": [ -10599290.414314221590757, 3512304.463819291442633 ] } },
{ "type": "Feature", "properties": { "title": "Chipotle Mexican Grill", "price": "$", "categoryName": "Mexican restaurant", "address": "4554 Kingwood Dr, Kingwood, TX 77345", "neighborhood": "Kingwood", "street": "4554 Kingwood Dr", "city": "Kingwood", "postalCode": "77345", "state": "Texas", "countryCode": "US", "website": "https://locations.chipotle.com/tx/kingwood/4554-kingwood-dr?utm_source=google&utm_medium=yext&utm_campaign=yext_listings", "phone": "(281) 973-4076", "phoneUnformatted": "+12819734076", "claimThisBusiness": false, "totalScore": 3.8, "permanentlyClosed": false, "temporarilyClosed": false, "placeId": "ChIJM6OrbgKtQIYRajZr9DPkxcU", "categories": [ "Mexican restaurant", "Caterer", "Fast food restaurant" ], "fid": "0x8640ad026eaba333:0xc5c5e433f46b366a", "cid": "14251047507678934634", "reviewsCount": 298, "imagesCount": 42.0, "scrapedAt": "2025-07-04T15:39:47.036Z", "price_category": "Low ($1-15)", "service_options": [ "No-contact delivery", "Delivery", "Drive-through", "Takeout", "Dine-in" ], "has_drive_through": true }, "geometry": { "type": "Point", "coordinates": [ -10595736.22787607088685, 3509979.333674499299377 ] } },
{ "type": "Feature", "properties": { "title": "McDonald's", "price": "$", "categoryName": "Fast food restaurant", "address": "4406 Kingwood Dr, Kingwood, TX 77339", "neighborhood": "Kingwood", "street": "4406 Kingwood Dr", "city": "Kingwood", "postalCode": "77339", "state": "Texas", "countryCode": "US", "website": "https://www.mcdonalds.com/us/en-us/location/TX/KINGWOOD/4406-KINGWOOD-DR/15212.html?cid=RF:YXT:GMB::Clicks", "phone": "(281) 360-9469", "phoneUnformatted": "+12813609469", "claimThisBusiness": false, "totalScore": 3.8, "permanentlyClosed": false, "temporarilyClosed": false, "placeId": "ChIJPZyh3CmtQIYRrJeAe-gmGzQ", "categories": [ "Fast food restaurant", "Breakfast restaurant", "Coffee shop", "Hamburger restaurant", "Restaurant", "Sandwich shop" ], "fid": "0x8640ad29dca19c3d:0x341b26e87b8097ac", "cid": "3754637494289733548", "reviewsCount": 767, "imagesCount": 167.0, "scrapedAt": "2025-07-04T15:39:47.036Z", "price_category": "Low ($1-15)", "service_options": [ "Curbside pickup", "No-contact delivery", "Delivery", "Drive-through", "Onsite services", "Takeout", "Dine-in" ], "has_drive_through": true }, "geometry": { "type": "Point", "coordinates": [ -10595999.876958066597581, 3509849.494194120168686 ] } },
{ "type": "Feature", "properties": { "title": "Burger King", "price": "$", "categoryName": "Fast food restaurant", "address": "2915 W Lake Houston Pkwy, Kingwood, TX 77339", "neighborhood": "Kingwood", "street": "2915 W Lake Houston Pkwy", "city": "Kingwood", "postalCode": "77339", "state": "Texas", "countryCode": "US", "website": "https://burgerking.com/store-locator/store/restaurant_4527", "phone": "(281) 360-4424", "phoneUnformatted": "+12813604424", "claimThisBusiness": false, "totalScore": 3.7, "permanentlyClosed": false, "temporarilyClosed": false, "placeId": "ChIJZ0LqLdasQIYRjliEKESlLwo", "categories": [ "Fast food restaurant", "Breakfast restaurant", "Delivery service", "Family restaurant", "Restaurant" ], "fid": "0x8640acd62dea4267:0xa2fa5442884588e", "cid": "733986976440801422", "reviewsCount": 449, "imagesCount": 162.0, "scrapedAt": "2025-07-04T15:39:47.036Z", "price_category": "Low ($1-15)", "service_options": [ "Delivery", "Drive-through", "Takeout", "Dine-in" ], "has_drive_through": true }, "geometry": { "type": "Point", "coordinates": [ -10595878.894935473799706, 3509790.825084931682795 ] } },
{ "type": "Feature", "properties": { "title": "Antone's", "price": "$", "categoryName": "Sandwich shop", "address": "2724 W T C Jester Blvd, Houston, TX 77092", "neighborhood": "Lazybrook / Timbergrove", "street": "2724 W T C Jester Blvd", "city": "Houston", "postalCode": "77092", "state": "Texas", "countryCode": "US", "website": "http://www.antonestexas.com/", "phone": "(713) 686-4338", "phoneUnformatted": "+17136864338", "claimThisBusiness": false, "totalScore": 4.3, "permanentlyClosed": false, "temporarilyClosed": false, "placeId": "ChIJ12Yy3fvGQIYRGUKZZqpghgI", "categories": [ "Sandwich shop", "Deli", "Fast food restaurant", "Takeout Restaurant", "Po’ boys restaurant", "Restaurant" ], "fid": "0x8640c6fbdd3266d7:0x28660aa66994219", "cid": "181939119937110553", "reviewsCount": 1115, "imagesCount": 450.0, "scrapedAt": "2025-07-04T15:39:47.242Z", "price_category": "Low ($1-15)", "service_options": [ "Outdoor seating", "Delivery", "Drive-through", "Onsite services", "Takeout", "Dine-in" ], "has_drive_through": true }, "geometry": { "type": "Point", "coordinates": [ -10624613.004725554957986, 3479100.974996158853173 ] } },
{ "type": "Feature", "properties": { "title": "Pollo Campero", "price": "$$", "categoryName": "Chicken restaurant", "address": "4701 Washington Ave, Houston, TX 77007", "neighborhood": "Washington Avenue Coalition / Memorial Park", "street": "4701 Washington Ave", "city": "Houston", "postalCode": "77007", "state": "Texas", "countryCode": "US", "website": "http://www.campero.com/", "phone": "(833) 226-7376", "phoneUnformatted": "+18332267376", "claimThisBusiness": false, "totalScore": 4.4, "permanentlyClosed": false, "temporarilyClosed": false, "placeId": "ChIJl1yWRrPAQIYR71hduqSsDCA", "categories": [ "Chicken restaurant", "Chicken shop", "Fast food restaurant", "Fried chicken takeaway", "Restaurant" ], "fid": "0x8640c0b346965c97:0x200caca4ba5d58ef", "cid": "2309410532435515631", "reviewsCount": 1874, "imagesCount": 458.0, "scrapedAt": "2025-07-04T15:39:47.243Z", "price_category": "Medium ($16-35)", "service_options": [ "Curbside pickup", "No-contact delivery", "Delivery", "Drive-through", "Takeout", "Dine-in" ], "has_drive_through": true }, "geometry": { "type": "Point", "coordinates": [ -10620837.748910639435053, 3474048.380947454832494 ] } },
{ "type": "Feature", "properties": { "title": "Tepatitlan Mexican Grill", "price": "$", "categoryName": "Mexican restaurant", "address": "4720 N Main St, Houston, TX 77009", "neighborhood": "Greater Heights", "street": "4720 N Main St", "city": "Houston", "postalCode": "77009", "state": "Texas", "countryCode": "US", "website": "http://www.tepatitlanmexicangrill.com/", "phone": "(713) 862-4124", "phoneUnformatted": "+17138624124", "claimThisBusiness": true, "totalScore": 4.0, "permanentlyClosed": false, "temporarilyClosed": false, "placeId": "ChIJ3yxwdpe4QIYRfTd3pYsEznE", "categories": [ "Mexican restaurant", "Breakfast restaurant", "Latin American restaurant" ], "fid": "0x8640b89776702cdf:0x71ce048ba577377d", "cid": "8200496969311270781", "reviewsCount": 1589, "imagesCount": 540.0, "scrapedAt": "2025-07-04T15:39:48.182Z", "price_category": "Low ($1-15)", "service_options": [ "Outdoor seating", "Delivery", "Drive-through", "Takeout", "Dine-in" ], "has_drive_through": true }, "geometry": { "type": "Point", "coordinates": [ -10617936.907695904374123, 3477627.639878503978252 ] } },
{ "type": "Feature", "properties": { "title": "Sonic Drive-In", "price": "$", "categoryName": "Fast food restaurant", "address": "4211 W Lake Houston Pkwy, Kingwood, TX 77339", "neighborhood": "Kingwood", "street": "4211 W Lake Houston Pkwy", "city": "Kingwood", "postalCode": "77339", "state": "Texas", "countryCode": "US", "website": "https://www.sonicdrivein.com/locations/us/tx/kingwood/4211-west-lake-houston-parkway/store-2317/?utm_source=google%20my%20business&utm_medium=organic&utm_campaign=website%20link", "phone": "(281) 360-4334", "phoneUnformatted": "+12813604334", "claimThisBusiness": false, "totalScore": 3.9, "permanentlyClosed": false, "temporarilyClosed": false, "placeId": "ChIJj0ctPtdSR4YR-6u70CeDGiw", "categories": [ "Fast food restaurant" ], "fid": "0x864752d73e2d478f:0x2c1a8327d0bbabfb", "cid": "3177996694092229627", "reviewsCount": 886, "imagesCount": 168.0, "scrapedAt": "2025-07-04T15:39:48.231Z", "price_category": "Low ($1-15)", "service_options": [ "Outdoor seating", "No-contact delivery", "Delivery", "Drive-through", "Takeout" ], "has_drive_through": true }, "geometry": { "type": "Point", "coordinates": [ -10596383.305812153965235, 3512136.423983917571604 ] } },
{ "type": "Feature", "properties": { "title": "Taco Cabana", "price": "$", "categoryName": "Taco restaurant", "address": "167 Yale St, Houston, TX 77007", "neighborhood": "Washington Avenue Coalition / Memorial Park", "street": "167 Yale St", "city": "Houston", "postalCode": "77007", "state": "Texas", "countryCode": "US", "website": "https://www.tacocabana.com/?utm_source=google-business-profile&utm_medium=organic&utm_campaign=business-listing&utm_id=20343", "phone": "(713) 864-2314", "phoneUnformatted": "+17138642314", "claimThisBusiness": false, "totalScore": 3.5, "permanentlyClosed": false, "temporarilyClosed": false, "placeId": "ChIJ6yTYnVTHQIYRmZdO5u_TPFA", "categories": [ "Taco restaurant", "Mexican restaurant", "Tex-Mex restaurant" ], "fid": "0x8640c7549dd824eb:0x503cd3efe64e9799", "cid": "5781729048951429017", "reviewsCount": 1316, "imagesCount": 323.0, "scrapedAt": "2025-07-04T15:39:49.011Z", "price_category": "Low ($1-15)", "service_options": [ "Outdoor seating", "Curbside pickup", "No-contact delivery", "Delivery", "Drive-through", "Takeout", "Dine-in" ], "has_drive_through": true }, "geometry": { "type": "Point", "coordinates": [ -10619775.671912878751755, 3474461.207507493440062 ] } },
{ "type": "Feature", "properties": { "title": "Raising Cane's Chicken Fingers", "price": "$", "categoryName": "Fast food restaurant", "address": "2015 Shepherd Dr, Houston, TX 77007", "neighborhood": "Washington Avenue Coalition / Memorial Park", "street": "2015 Shepherd Dr", "city": "Houston", "postalCode": "77007", "state": "Texas", "countryCode": "US", "website": "https://locations.raisingcanes.com/tx/houston/2015-shepherd-dr.", "phone": "(713) 861-6403", "phoneUnformatted": "+17138616403", "claimThisBusiness": false, "totalScore": 4.3, "permanentlyClosed": false, "temporarilyClosed": false, "placeId": "ChIJE5GSSUnHQIYR274atd-DZwI", "categories": [ "Fast food restaurant", "American restaurant", "Chicken restaurant", "Southern restaurant (US)" ], "fid": "0x8640c74949929113:0x26783dfb51abedb", "cid": "173252107516427995", "reviewsCount": 1641, "imagesCount": 206.0, "scrapedAt": "2025-07-04T15:39:51.161Z", "price_category": "Low ($1-15)", "service_options": [ "Curbside pickup", "Drive-through", "Takeout", "Dine-in" ], "has_drive_through": true }, "geometry": { "type": "Point", "coordinates": [ -10621005.429459622129798, 3475079.779650143347681 ] } },
{ "type": "Feature", "properties": { "title": "Chick-fil-A", "price": "$", "categoryName": "Chicken restaurant", "address": "4410 North Fwy, Houston, TX 77022", "neighborhood": "Northside / Northline", "street": "4410 North Fwy", "city": "Houston", "postalCode": "77022", "state": "Texas", "countryCode": "US", "website": "https://www.chick-fil-a.com/", "phone": "(713) 695-8888", "phoneUnformatted": "+17136958888", "claimThisBusiness": false, "totalScore": 4.4, "permanentlyClosed": false, "temporarilyClosed": false, "placeId": "ChIJC9Dwb2W4QIYRJ4_u6AMqu4M", "categories": [ "Chicken restaurant", "Caterer", "Fast food restaurant" ], "fid": "0x8640b8656ff0d00b:0x83bb2a03e8ee8f27", "cid": "9492226835894669095", "reviewsCount": 3225, "imagesCount": 466.0, "scrapedAt": "2025-07-04T15:39:51.904Z", "price_category": "Low ($1-15)", "service_options": [ "Outdoor seating", "Curbside pickup", "No-contact delivery", "Delivery", "Drive-through", "Takeout", "Dine-in" ], "has_drive_through": true }, "geometry": { "type": "Point", "coordinates": [ -10617700.85471567697823, 3481580.058508202433586 ] } },
{ "type": "Feature", "properties": { "title": "Chick-fil-A", "price": "$", "categoryName": "Chicken restaurant", "address": "925 N Loop W, Houston, TX 77008", "neighborhood": "Greater Heights", "street": "925 N Loop W", "city": "Houston", "postalCode": "77008", "state": "Texas", "countryCode": "US", "website": "https://www.chick-fil-a.com/locations/tx/n-loop-610-shepherd?utm_source=yext&utm_medium=link", "phone": "(713) 861-6701", "phoneUnformatted": "+17138616701", "claimThisBusiness": false, "totalScore": 4.5, "permanentlyClosed": false, "temporarilyClosed": false, "placeId": "ChIJsxwyTwvHQIYRqZUjPfi2V4o", "categories": [ "Chicken restaurant", "Caterer", "Fast food restaurant" ], "fid": "0x8640c70b4f321cb3:0x8a57b6f83d2395a9", "cid": "9968637477501769129", "reviewsCount": 2870, "imagesCount": 422.0, "scrapedAt": "2025-07-04T15:39:51.904Z", "price_category": "Low ($1-15)", "service_options": [ "Outdoor seating", "Curbside pickup", "No-contact delivery", "Delivery", "Drive-through", "Onsite services", "Takeout", "Dine-in" ], "has_drive_through": true }, "geometry": { "type": "Point", "coordinates": [ -10621699.272713787853718, 3479387.346034610643983 ] } },
{ "type": "Feature", "properties": { "title": "Popeyes Louisiana Kitchen", "price": "$", "categoryName": "Chicken restaurant", "address": "3019 Ella Blvd, Houston, TX 77018", "neighborhood": "Central Northwest", "street": "3019 Ella Blvd", "city": "Houston", "postalCode": "77018", "state": "Texas", "countryCode": "US", "website": "https://www.popeyes.com/store-locator/store/restaurant_81783?utm_source=yext&utm_medium=referral&utm_campaign=organic-local-listings", "phone": "(713) 868-9057", "phoneUnformatted": "+17138689057", "claimThisBusiness": false, "totalScore": 3.2, "permanentlyClosed": false, "temporarilyClosed": false, "placeId": "ChIJOxjVOAfHQIYRSOWe5xqb-ts", "categories": [ "Chicken restaurant", "Cajun restaurant", "Fast food restaurant", "Restaurant", "Seafood restaurant" ], "fid": "0x8640c70738d5183b:0xdbfa9b1ae79ee548", "cid": "15851152378341287240", "reviewsCount": 1181, "imagesCount": 190.0, "scrapedAt": "2025-07-04T15:39:51.904Z", "price_category": "Low ($1-15)", "service_options": [ "Outdoor seating", "No-contact delivery", "Delivery", "Drive-through", "Onsite services", "Takeout", "Dine-in" ], "has_drive_through": true }, "geometry": { "type": "Point", "coordinates": [ -10623198.122865624725819, 3479767.717110991477966 ] } },
{ "type": "Feature", "properties": { "title": "Raising Cane's Chicken Fingers", "price": "$", "categoryName": "Fast food restaurant", "address": "3007 Ella Blvd, Houston, TX 77018", "neighborhood": "Central Northwest", "street": "3007 Ella Blvd", "city": "Houston", "postalCode": "77018", "state": "Texas", "countryCode": "US", "website": "https://locations.raisingcanes.com/tx/houston/3007-ella-blvd.", "phone": "(713) 880-8799", "phoneUnformatted": "+17138808799", "claimThisBusiness": false, "totalScore": 4.5, "permanentlyClosed": false, "temporarilyClosed": false, "placeId": "ChIJMxen3wbHQIYROKWLcMLiOms", "categories": [ "Fast food restaurant", "American restaurant", "Chicken restaurant", "Southern restaurant (US)" ], "fid": "0x8640c706dfa71733:0x6b3ae2c2708ba538", "cid": "7726737435447239992", "reviewsCount": 2759, "imagesCount": 287.0, "scrapedAt": "2025-07-04T15:39:51.905Z", "price_category": "Low ($1-15)", "service_options": [ "Curbside pickup", "Drive-through", "Takeout", "Dine-in" ], "has_drive_through": true }, "geometry": { "type": "Point", "coordinates": [ -10623202.653568899258971, 3479630.960818636231124 ] } },
{ "type": "Feature", "properties": { "title": "Burger King", "price": "$", "categoryName": "Fast food restaurant", "address": "3040 Ella Blvd, Houston, TX 77018", "neighborhood": "Central Northwest", "street": "3040 Ella Blvd", "city": "Houston", "postalCode": "77018", "state": "Texas", "countryCode": "US", "website": "https://burgerking.com/store-locator/store/restaurant_293", "phone": "(713) 880-1748", "phoneUnformatted": "+17138801748", "claimThisBusiness": false, "totalScore": 4.6, "permanentlyClosed": false, "temporarilyClosed": false, "placeId": "ChIJ19OtEwfHQIYRoere1bKY6jU", "categories": [ "Fast food restaurant", "Breakfast restaurant", "Delivery service", "Family restaurant" ], "fid": "0x8640c70713add3d7:0x35ea98b2d5deeaa1", "cid": "3885085522420230817", "reviewsCount": 1724, "imagesCount": 183.0, "scrapedAt": "2025-07-04T15:39:51.905Z", "price_category": "Low ($1-15)", "service_options": [ "Delivery", "Drive-through", "Takeout", "Dine-in" ], "has_drive_through": true }, "geometry": { "type": "Point", "coordinates": [ -10623094.317440459504724, 3479773.18277413956821 ] } },
{ "type": "Feature", "properties": { "title": "El De La Barbacoa", "price": "$$", "categoryName": "Mexican restaurant", "address": "227 Tarver St, Houston, TX 77009", "neighborhood": "Northside", "street": "227 Tarver St", "city": "Houston", "postalCode": "77009", "state": "Texas", "countryCode": "US", "website": "https://cashdrop.biz/eldelabarbacoa", "phone": "(956) 484-7159", "phoneUnformatted": "+19564847159", "claimThisBusiness": false, "totalScore": 3.6, "permanentlyClosed": false, "temporarilyClosed": false, "placeId": "ChIJ6w_L357JQIYRy88zKhKvrrU", "categories": [ "Mexican restaurant", "Grill", "Barbecue area", "Takeout Restaurant", "Taco restaurant" ], "fid": "0x8640c99edfcb0feb:0xb5aeaf122a33cfcb", "cid": "13091593659364921291", "reviewsCount": 136, "imagesCount": 122.0, "scrapedAt": "2025-07-04T15:39:51.905Z", "price_category": "Medium ($16-35)", "service_options": [ "No-contact delivery", "Delivery", "Drive-through", "Takeout", "Dine-in" ], "has_drive_through": true }, "geometry": { "type": "Point", "coordinates": [ -10616732.386277725920081, 3478510.67643998702988 ] } },
{ "type": "Feature", "properties": { "title": "McDonald's", "price": "$", "categoryName": "Fast food restaurant", "address": "3025 Ella Blvd, Houston, TX 77018", "neighborhood": "Central Northwest", "street": "3025 Ella Blvd", "city": "Houston", "postalCode": "77018", "state": "Texas", "countryCode": "US", "website": "https://www.mcdonalds.com/us/en-us/location/TX/HOUSTON/3025-ELLA-BLVD/2001.html?cid=RF:YXT:GMB::Clicks", "phone": "(713) 861-1341", "phoneUnformatted": "+17138611341", "claimThisBusiness": false, "totalScore": 3.4, "permanentlyClosed": false, "temporarilyClosed": false, "placeId": "ChIJH_GAPAfHQIYRA-Npqrh4-0k", "categories": [ "Fast food restaurant", "Breakfast restaurant", "Coffee shop", "Hamburger restaurant", "Restaurant", "Sandwich shop" ], "fid": "0x8640c7073c80f11f:0x49fb78b8aa69e303", "cid": "5330987318451495683", "reviewsCount": 2079, "imagesCount": 356.0, "scrapedAt": "2025-07-04T15:39:52.964Z", "price_category": "Low ($1-15)", "service_options": [ "Curbside pickup", "No-contact delivery", "Delivery", "Drive-through", "Onsite services", "Takeout", "Dine-in" ], "has_drive_through": true }, "geometry": { "type": "Point", "coordinates": [ -10623213.818913826718926, 3479734.26884288713336 ] } },
{ "type": "Feature", "properties": { "title": "McDonald's", "price": "$", "categoryName": "Fast food restaurant", "address": "100 E Crosstimbers St, Houston, TX 77022", "neighborhood": "Northside / Northline", "street": "100 E Crosstimbers St", "city": "Houston", "postalCode": "77022", "state": "Texas", "countryCode": "US", "website": "https://www.mcdonalds.com/us/en-us/location/TX/HOUSTON/100-E-CROSSTIMBERS/2413.html?cid=RF:YXT:GMB::Clicks", "phone": "(713) 742-8868", "phoneUnformatted": "+17137428868", "claimThisBusiness": false, "totalScore": 3.5, "permanentlyClosed": false, "temporarilyClosed": false, "placeId": "ChIJm32UTWa4QIYRVwmSU-E4PKE", "categories": [ "Fast food restaurant", "Breakfast restaurant", "Coffee shop", "Hamburger restaurant", "Restaurant", "Sandwich shop" ], "fid": "0x8640b8664d947d9b:0xa13c38e153920957", "cid": "11618223679129913687", "reviewsCount": 1683, "imagesCount": 216.0, "scrapedAt": "2025-07-04T15:39:52.964Z", "price_category": "Low ($1-15)", "service_options": [ "Curbside pickup", "No-contact delivery", "Delivery", "Drive-through", "Onsite services", "Takeout", "Dine-in" ], "has_drive_through": true }, "geometry": { "type": "Point", "coordinates": [ -10617169.348674934357405, 3481462.646194553002715 ] } },
{ "type": "Feature", "properties": { "title": "Los Cucos Mexican Cafe", "price": "$$", "categoryName": "Mexican restaurant", "address": "10690 Northwest Fwy, Houston, TX 77092", "neighborhood": "Central Northwest", "street": "10690 Northwest Fwy", "city": "Houston", "postalCode": "77092", "state": "Texas", "countryCode": "US", "website": "http://www.loscucos.com/", "phone": "(832) 487-0260", "phoneUnformatted": "+18324870260", "claimThisBusiness": false, "totalScore": 4.2, "permanentlyClosed": false, "temporarilyClosed": false, "placeId": "ChIJW2gY9InGQIYRzOmpk-wY6zY", "categories": [ "Mexican restaurant", "Bar", "Catering food and drink supplier", "Caterer", "Latin American restaurant", "Restaurant", "Tex-Mex restaurant" ], "fid": "0x8640c689f418685b:0x36eb18ec93a9e9cc", "cid": "3957284101943847372", "reviewsCount": 2083, "imagesCount": 992.0, "scrapedAt": "2025-07-04T15:39:59.176Z", "price_category": "Medium ($16-35)", "service_options": [ "Outdoor seating", "Delivery", "Drive-through", "Onsite services", "Takeout", "Dine-in" ], "has_drive_through": true }, "geometry": { "type": "Point", "coordinates": [ -10626744.127321200445294, 3479649.359131664969027 ] } },
{ "type": "Feature", "properties": { "title": "Little Caesars Pizza", "price": "$", "categoryName": "Pizza restaurant", "address": "2603 Fulton St Suite A, Houston, TX 77009", "neighborhood": "Northside", "street": "2603 Fulton St Suite A", "city": "Houston", "postalCode": "77009", "state": "Texas", "countryCode": "US", "website": null, "phone": "(713) 222-2212", "phoneUnformatted": "+17132222212", "claimThisBusiness": false, "totalScore": 3.4, "permanentlyClosed": false, "temporarilyClosed": false, "placeId": "ChIJdbpUktq4QIYRbIJFMLu6EB0", "categories": [ "Pizza restaurant", "Fast food restaurant", "Pizza delivery", "Pizza Takeout" ], "fid": "0x8640b8da9254ba75:0x1d10babb3045826c", "cid": "2094379139858793068", "reviewsCount": 786, "imagesCount": 112.0, "scrapedAt": "2025-07-04T15:40:01.904Z", "price_category": "Low ($1-15)", "service_options": [ "Delivery", "Drive-through", "Takeout" ], "has_drive_through": true }, "geometry": { "type": "Point", "coordinates": [ -10615531.727645875886083, 3476037.829475514125079 ] } },
{ "type": "Feature", "properties": { "title": "Wendy's", "price": "$", "categoryName": "Fast food restaurant", "address": "1829 Mangum Rd, Houston, TX 77092", "neighborhood": "Spring Branch East", "street": "1829 Mangum Rd", "city": "Houston", "postalCode": "77092", "state": "Texas", "countryCode": "US", "website": "https://locations.wendys.com/united-states/tx/houston/1829-mangum-road?utm_source=Yext&utm_medium=Google_My_Business&utm_campaign=Local_Search&utm_content=EN_US", "phone": "(832) 509-3855", "phoneUnformatted": "+18325093855", "claimThisBusiness": false, "totalScore": 3.8, "permanentlyClosed": false, "temporarilyClosed": false, "placeId": "ChIJY6LwiZLGQIYRSJDrxt8QAIk", "categories": [ "Fast food restaurant", "Hamburger restaurant", "Restaurant" ], "fid": "0x8640c69289f0a263:0x890010dfc6eb9048", "cid": "9871908936497205320", "reviewsCount": 728, "imagesCount": 305.0, "scrapedAt": "2025-07-04T15:40:02.115Z", "price_category": "Low ($1-15)", "service_options": [ "Delivery", "Drive-through", "Takeout", "Dine-in" ], "has_drive_through": true }, "geometry": { "type": "Point", "coordinates": [ -10626461.498266026377678, 3478214.934398861601949 ] } },
{ "type": "Feature", "properties": { "title": "Pizza Inn", "price": "$", "categoryName": "Pizza restaurant", "address": "1801 Mangum Rd, Houston, TX 77092", "neighborhood": "Spring Branch East", "street": "1801 Mangum Rd", "city": "Houston", "postalCode": "77092", "state": "Texas", "countryCode": "US", "website": "https://www.pizzainn.com/locations/houston-tx/", "phone": "(713) 861-2389", "phoneUnformatted": "+17138612389", "claimThisBusiness": false, "totalScore": 4.4, "permanentlyClosed": false, "temporarilyClosed": false, "placeId": "ChIJ2RNh9JLGQIYRuL-m90Ro-sM", "categories": [ "Pizza restaurant", "American restaurant", "Buffet restaurant", "Chicken wings restaurant", "Family restaurant", "Pasta shop", "Pizza delivery", "Pizza Takeout", "Salad shop" ], "fid": "0x8640c692f46113d9:0xc3fa6844f7a6bfb8", "cid": "14121714226995576760", "reviewsCount": 1493, "imagesCount": 386.0, "scrapedAt": "2025-07-04T15:40:02.115Z", "price_category": "Low ($1-15)", "service_options": [ "Curbside pickup", "No-contact delivery", "Delivery", "Drive-through", "Onsite services", "Takeout", "Dine-in" ], "has_drive_through": true }, "geometry": { "type": "Point", "coordinates": [ -10626453.527790484949946, 3478103.094804433640093 ] } },
{ "type": "Feature", "properties": { "title": "El Charro", "price": "$10–20", "categoryName": "Mexican restaurant", "address": "3801 Harrisburg Blvd, Houston, TX 77003", "neighborhood": "Second Ward", "street": "3801 Harrisburg Blvd", "city": "Houston", "postalCode": "77003", "state": "Texas", "countryCode": "US", "website": "https://www.elcharrobargrill.com/", "phone": "(713) 229-9585", "phoneUnformatted": "+17132299585", "claimThisBusiness": false, "totalScore": 4.2, "permanentlyClosed": false, "temporarilyClosed": false, "placeId": "ChIJpdH8Fem-QIYRGEFl0AWopGU", "categories": [ "Mexican restaurant", "Breakfast restaurant" ], "fid": "0x8640bee915fcd1a5:0x65a4a805d0654118", "cid": "7324163636935868696", "reviewsCount": 1443, "imagesCount": 454.0, "scrapedAt": "2025-07-04T15:40:02.178Z", "price_category": "Low ($1-15)", "service_options": [ "No-contact delivery", "Delivery", "Drive-through", "Takeout", "Dine-in" ], "has_drive_through": true }, "geometry": { "type": "Point", "coordinates": [ -10612975.175352267920971, 3471021.378588342573494 ] } },
{ "type": "Feature", "properties": { "title": "El Rey Taqueria", "price": "$", "categoryName": "Mexican restaurant", "address": "233 N Loop W, Houston, TX 77008", "neighborhood": "Greater Heights", "street": "233 N Loop W", "city": "Houston", "postalCode": "77008", "state": "Texas", "countryCode": "US", "website": "http://www.elreytaqueria.com/", "phone": "(713) 861-6342", "phoneUnformatted": "+17138616342", "claimThisBusiness": false, "totalScore": 4.2, "permanentlyClosed": false, "temporarilyClosed": false, "placeId": "ChIJH1sXXHnHQIYR5co_786J8J4", "categories": [ "Mexican restaurant", "Cuban restaurant", "Fast food restaurant" ], "fid": "0x8640c7795c175b1f:0x9ef089ceef3fcae5", "cid": "11452805374273374949", "reviewsCount": 1396, "imagesCount": 405.0, "scrapedAt": "2025-07-04T15:40:05.371Z", "price_category": "Low ($1-15)", "service_options": [ "Outdoor seating", "Delivery", "Drive-through", "Takeout", "Dine-in" ], "has_drive_through": true }, "geometry": { "type": "Point", "coordinates": [ -10619928.658289074897766, 3479450.006989634595811 ] } },
{ "type": "Feature", "properties": { "title": "Rancho Bello Grill", "price": null, "categoryName": "Chicken restaurant", "address": "5801 Antoine Dr, Houston, TX 77091", "neighborhood": "Greater Inwood", "street": "5801 Antoine Dr", "city": "Houston", "postalCode": "77091", "state": "Texas", "countryCode": "US", "website": null, "phone": "(346) 424-9217", "phoneUnformatted": "+13464249217", "claimThisBusiness": false, "totalScore": 4.5, "permanentlyClosed": false, "temporarilyClosed": false, "placeId": "ChIJ4W4yF43RQIYR2bQcsq4i950", "categories": [ "Chicken restaurant", "Carvery" ], "fid": "0x8640d18d17326ee1:0x9df722aeb21cb4d9", "cid": "11382604716910097625", "reviewsCount": 28, "imagesCount": 21.0, "scrapedAt": "2025-07-04T15:40:05.699Z", "price_category": null, "service_options": [ "Curbside pickup", "Delivery", "Drive-through", "Takeout", "Dine-in" ], "has_drive_through": true }, "geometry": { "type": "Point", "coordinates": [ -10628087.007734486833215, 3484187.658901395276189 ] } },
{ "type": "Feature", "properties": { "title": "Jack in the Box", "price": "$", "categoryName": "Fast food restaurant", "address": "2901 Airline Dr, Houston, TX 77009", "neighborhood": "Greater Heights", "street": "2901 Airline Dr", "city": "Houston", "postalCode": "77009", "state": "Texas", "countryCode": "US", "website": "https://locations.jackinthebox.com/us/tx/houston/2901-airline-dr?utm_source=google&utm_medium=local&utm_campaign=google-local", "phone": "(346) 200-9623", "phoneUnformatted": "+13462009623", "claimThisBusiness": false, "totalScore": 3.6, "permanentlyClosed": false, "temporarilyClosed": false, "placeId": "ChIJIR9Epoi4QIYRUtDFTqJpd4o", "categories": [ "Fast food restaurant", "American restaurant", "Breakfast restaurant", "Chicken restaurant", "Dessert restaurant", "Hamburger restaurant", "Delivery Restaurant", "Mexican restaurant" ], "fid": "0x8640b888a6441f21:0x8a7769a24ec5d052", "cid": "9977559645289828434", "reviewsCount": 1459, "imagesCount": 255.0, "scrapedAt": "2025-07-04T15:40:09.057Z", "price_category": "Low ($1-15)", "service_options": [ "Curbside pickup", "No-contact delivery", "Delivery", "Drive-through", "Takeout", "Dine-in" ], "has_drive_through": true }, "geometry": { "type": "Point", "coordinates": [ -10618015.243221577256918, 3479591.931848649401218 ] } },
{ "type": "Feature", "properties": { "title": "Church's Texas Chicken", "price": "$", "categoryName": "Chicken restaurant", "address": "425 Crosstimbers St, Houston, TX 77022", "neighborhood": "Independence Heights", "street": "425 Crosstimbers St", "city": "Houston", "postalCode": "77022", "state": "Texas", "countryCode": "US", "website": "https://locations.churchs.com/tx/houston/425-crosstimbers-street", "phone": "(713) 695-4372", "phoneUnformatted": "+17136954372", "claimThisBusiness": false, "totalScore": 3.7, "permanentlyClosed": false, "temporarilyClosed": false, "placeId": "ChIJLW8s9ofHQIYROsuR1d6LWzE", "categories": [ "Chicken restaurant", "Family restaurant", "Fast food restaurant" ], "fid": "0x8640c787f62c6f2d:0x315b8bded591cb3a", "cid": "3556590119921240890", "reviewsCount": 559, "imagesCount": 173.0, "scrapedAt": "2025-07-04T15:40:09.057Z", "price_category": "Low ($1-15)", "service_options": [ "Delivery", "Drive-through", "Onsite services", "Takeout", "Dine-in" ], "has_drive_through": true }, "geometry": { "type": "Point", "coordinates": [ -10619222.781397957354784, 3481551.76396708143875 ] } },
{ "type": "Feature", "properties": { "title": "Fadi's Mediterranean Grill", "price": "$$", "categoryName": "Mediterranean restaurant", "address": "12360 Westheimer Rd Suite A, Houston, TX 77077", "neighborhood": "Westside", "street": "12360 Westheimer Rd Suite A", "city": "Houston", "postalCode": "77077", "state": "Texas", "countryCode": "US", "website": "https://www.fadiscuisine.com/", "phone": "(281) 556-8390", "phoneUnformatted": "+12815568390", "claimThisBusiness": false, "totalScore": 4.5, "permanentlyClosed": false, "temporarilyClosed": false, "placeId": "ChIJQc6XWvTcQIYRxF4zmk7Pfm8", "categories": [ "Mediterranean restaurant", "Caterer", "Event venue", "Greek restaurant", "Middle Eastern restaurant", "Restaurant", "Vegetarian restaurant" ], "fid": "0x8640dcf45a97ce41:0x6f7ecf4e9a335ec4", "cid": "8034086721777000132", "reviewsCount": 3522, "imagesCount": 1579.0, "scrapedAt": "2025-07-04T15:40:09.758Z", "price_category": "Medium ($16-35)", "service_options": [ "Outdoor seating", "Curbside pickup", "No-contact delivery", "Delivery", "Drive-through", "Onsite services", "Takeout", "Dine-in" ], "has_drive_through": true }, "geometry": { "type": "Point", "coordinates": [ -10642201.239368012174964, 3469746.168457477819175 ] } },
{ "type": "Feature", "properties": { "title": "Dave's Hot Chicken", "price": "$$", "categoryName": "Chicken restaurant", "address": "12161 Westheimer Rd #100, Houston, TX 77077", "neighborhood": "Westside", "street": "12161 Westheimer Rd #100", "city": "Houston", "postalCode": "77077", "state": "Texas", "countryCode": "US", "website": "https://restaurants.daveshotchicken.com/tx/houston/hot-chicken-westheimer-rd/?utm_source=google&utm_medium=wiideman&utm_campaign=pageleap", "phone": "(832) 975-0244", "phoneUnformatted": "+18329750244", "claimThisBusiness": false, "totalScore": 4.6, "permanentlyClosed": false, "temporarilyClosed": false, "placeId": "ChIJjySI2qPdQIYRMgKB-yJvmSk", "categories": [ "Chicken restaurant", "Halal restaurant" ], "fid": "0x8640dda3da88248f:0x29996f22fb810232", "cid": "2997549223030882866", "reviewsCount": 3169, "imagesCount": 757.0, "scrapedAt": "2025-07-04T15:40:10.039Z", "price_category": "Medium ($16-35)", "service_options": [ "Outdoor seating", "Curbside pickup", "Delivery", "Drive-through", "Takeout", "Dine-in" ], "has_drive_through": true }, "geometry": { "type": "Point", "coordinates": [ -10641586.577667649835348, 3469635.415354993660003 ] } },
{ "type": "Feature", "properties": { "title": "Arpi's Phoenicia Deli", "price": "$$", "categoryName": "Mediterranean restaurant", "address": "12151 Westheimer Rd suite p, Houston, TX 77077", "neighborhood": "Westside", "street": "12151 Westheimer Rd suite p", "city": "Houston", "postalCode": "77077", "state": "Texas", "countryCode": "US", "website": "https://arpisdeli.com/", "phone": "(281) 558-0416", "phoneUnformatted": "+12815580416", "claimThisBusiness": false, "totalScore": 4.4, "permanentlyClosed": false, "temporarilyClosed": false, "placeId": "ChIJO4DKR_LcQIYRAuOyPKv8NUA", "categories": [ "Mediterranean restaurant", "Caterer", "Health food restaurant", "Lebanese restaurant", "Takeout Restaurant" ], "fid": "0x8640dcf247ca803b:0x4035fcab3cb2e302", "cid": "4626882004581016322", "reviewsCount": 1814, "imagesCount": 975.0, "scrapedAt": "2025-07-04T15:40:11.005Z", "price_category": "Medium ($16-35)", "service_options": [ "Outdoor seating", "No-contact delivery", "Delivery", "Drive-through", "Onsite services", "Takeout", "Dine-in" ], "has_drive_through": true }, "geometry": { "type": "Point", "coordinates": [ -10641611.435309944674373, 3469561.841156635899097 ] } },
{ "type": "Feature", "properties": { "title": "Chick-fil-A", "price": "$", "categoryName": "Chicken restaurant", "address": "2222 Shearn St, Houston, TX 77007", "neighborhood": "Washington Avenue Coalition / Memorial Park", "street": "2222 Shearn St", "city": "Houston", "postalCode": "77007", "state": "Texas", "countryCode": "US", "website": "https://www.chick-fil-a.com/locations/tx/sawyer-heights?utm_source=yext&utm_medium=link", "phone": "(713) 862-4311", "phoneUnformatted": "+17138624311", "claimThisBusiness": false, "totalScore": 4.4, "permanentlyClosed": false, "temporarilyClosed": false, "placeId": "ChIJ_6W2VLK4QIYRNpL-0-6X0H0", "categories": [ "Chicken restaurant", "Breakfast restaurant", "Caterer", "Delivery service", "Family restaurant" ], "fid": "0x8640b8b254b6a5ff:0x7dd097eed3fe9236", "cid": "9065913101911495222", "reviewsCount": 3911, "imagesCount": 443.0, "scrapedAt": "2025-07-04T15:40:11.692Z", "price_category": "Low ($1-15)", "service_options": [ "Outdoor seating", "Delivery", "Drive-through", "Onsite services", "Takeout", "Dine-in" ], "has_drive_through": true }, "geometry": { "type": "Point", "coordinates": [ -10617763.227026369422674, 3474637.332923047244549 ] } },
{ "type": "Feature", "properties": { "title": "Dairy Land", "price": "$", "categoryName": "Fast food restaurant", "address": "310 Cavalcade St, Houston, TX 77009", "neighborhood": "Northside", "street": "310 Cavalcade St", "city": "Houston", "postalCode": "77009", "state": "Texas", "countryCode": "US", "website": null, "phone": "(713) 695-6507", "phoneUnformatted": "+17136956507", "claimThisBusiness": false, "totalScore": 4.0, "permanentlyClosed": false, "temporarilyClosed": false, "placeId": "ChIJdxzZHuy4QIYRBupemdPjfYs", "categories": [ "Fast food restaurant", "American restaurant", "Dessert shop", "Ice cream shop" ], "fid": "0x8640b8ec1ed91c77:0x8b7de3d3995eea06", "cid": "10051440441311554054", "reviewsCount": 668, "imagesCount": 146.0, "scrapedAt": "2025-07-04T15:40:11.693Z", "price_category": "Low ($1-15)", "service_options": [ "Drive-through", "Takeout", "Dine-in" ], "has_drive_through": true }, "geometry": { "type": "Point", "coordinates": [ -10616301.045514799654484, 3478240.707162098027766 ] } },
{ "type": "Feature", "properties": { "title": "Fish Skillet Seafood", "price": "$", "categoryName": "Seafood restaurant", "address": "12289 A W Houston Center Blvd, Houston, TX 77082", "neighborhood": "Westside", "street": "12289 A W Houston Center Blvd", "city": "Houston", "postalCode": "77082", "state": "Texas", "countryCode": "US", "website": "https://order.online/business/fish-skillet-seafood-19678", "phone": "(281) 741-7165", "phoneUnformatted": "+12817417165", "claimThisBusiness": false, "totalScore": 4.0, "permanentlyClosed": false, "temporarilyClosed": false, "placeId": "ChIJszG97-3cQIYRAv7JdFEOgAU", "categories": [ "Seafood restaurant", "Cajun restaurant", "Chicken restaurant", "Chicken wings restaurant", "Creole restaurant", "Fish and chips takeaway", "Halal restaurant" ], "fid": "0x8640dcedefbd31b3:0x5800e5174c9fe02", "cid": "396332510223138306", "reviewsCount": 493, "imagesCount": 193.0, "scrapedAt": "2025-07-04T15:40:12.885Z", "price_category": "Low ($1-15)", "service_options": [ "No-contact delivery", "Delivery", "Drive-through", "Takeout", "Dine-in" ], "has_drive_through": true }, "geometry": { "type": "Point", "coordinates": [ -10641244.314761256799102, 3469048.346253710333258 ] } },
{ "type": "Feature", "properties": { "title": "Big Madre Tacos y Tortas - One Run", "price": null, "categoryName": "Mexican restaurant", "address": "2347 S Kirkwood Rd B, Houston, TX 77077", "neighborhood": "Westside", "street": "2347 S Kirkwood Rd B", "city": "Houston", "postalCode": "77077", "state": "Texas", "countryCode": "US", "website": "https://www.bigmadre.com/", "phone": "(346) 219-2639", "phoneUnformatted": "+13462192639", "claimThisBusiness": true, "totalScore": 4.3, "permanentlyClosed": false, "temporarilyClosed": false, "placeId": "ChIJ_X7TNALdQIYRYgZv06tZ1cw", "categories": [ "Mexican restaurant", "Fast food restaurant", "Takeout Restaurant", "Taco restaurant" ], "fid": "0x8640dd0234d37efd:0xccd559abd36f0662", "cid": "14759801948298217058", "reviewsCount": 34, "imagesCount": 38.0, "scrapedAt": "2025-07-04T15:40:13.891Z", "price_category": null, "service_options": [ "Drive-through", "Takeout", "Dine-in" ], "has_drive_through": true }, "geometry": { "type": "Point", "coordinates": [ -10640843.887420924380422, 3470075.754001017194241 ] } },
{ "type": "Feature", "properties": { "title": "Popeyes Louisiana Kitchen", "price": "$", "categoryName": "Chicken restaurant", "address": "11318 Westheimer Rd, Houston, TX 77077", "neighborhood": "Westside", "street": "11318 Westheimer Rd", "city": "Houston", "postalCode": "77077", "state": "Texas", "countryCode": "US", "website": "https://www.popeyes.com/store-locator/store/restaurant_84818?utm_source=yext&utm_medium=referral&utm_campaign=organic-local-listings", "phone": "(281) 741-5106", "phoneUnformatted": "+12817415106", "claimThisBusiness": false, "totalScore": 3.6, "permanentlyClosed": false, "temporarilyClosed": false, "placeId": "ChIJl6bVMMHcQIYREfgB4y5o1GI", "categories": [ "Chicken restaurant", "Cajun restaurant", "Fast food restaurant", "Restaurant", "Seafood restaurant" ], "fid": "0x8640dcc130d5a697:0x62d4682ee301f811", "cid": "7121431461365938193", "reviewsCount": 1930, "imagesCount": 257.0, "scrapedAt": "2025-07-04T15:40:13.891Z", "price_category": "Low ($1-15)", "service_options": [ "Outdoor seating", "No-contact delivery", "Delivery", "Drive-through", "Takeout", "Dine-in" ], "has_drive_through": true }, "geometry": { "type": "Point", "coordinates": [ -10639691.062774268910289, 3469797.974929997697473 ] } },
{ "type": "Feature", "properties": { "title": "Taco Bell", "price": "$", "categoryName": "Fast food restaurant", "address": "12543 Westheimer Rd, Houston, TX 77077", "neighborhood": "Westside", "street": "12543 Westheimer Rd", "city": "Houston", "postalCode": "77077", "state": "Texas", "countryCode": "US", "website": "https://locations.tacobell.com/tx/houston/12543-westheimer.html?utm_source=yext&utm_campaign=googlelistings&utm_medium=referral&utm_term=035698&utm_content=website&y_source=1_MzkxNjcyMC03MTUtbG9jYXRpb24ud2Vic2l0ZQ%3D%3D", "phone": "(281) 679-1899", "phoneUnformatted": "+12816791899", "claimThisBusiness": false, "totalScore": 4.0, "permanentlyClosed": false, "temporarilyClosed": false, "placeId": "ChIJCW5xZ1_cQIYRVuwZ8vcTIC8", "categories": [ "Fast food restaurant", "Burrito restaurant", "Lunch restaurant", "Takeout Restaurant", "Mexican restaurant", "Restaurant", "Taco restaurant" ], "fid": "0x8640dc5f67716e09:0x2f2013f7f219ec56", "cid": "3395736074676989014", "reviewsCount": 1038, "imagesCount": 364.0, "scrapedAt": "2025-07-04T15:40:13.891Z", "price_category": "Low ($1-15)", "service_options": [ "Delivery", "Drive-through", "Takeout", "Dine-in" ], "has_drive_through": true }, "geometry": { "type": "Point", "coordinates": [ -10642597.959769301116467, 3469624.813157568220049 ] } },
{ "type": "Feature", "properties": { "title": "Raising Cane's Chicken Fingers", "price": "$", "categoryName": "Fast food restaurant", "address": "12201 Westheimer Rd, Houston, TX 77077", "neighborhood": "Westside", "street": "12201 Westheimer Rd", "city": "Houston", "postalCode": "77077", "state": "Texas", "countryCode": "US", "website": "https://www.raisingcanes.com/", "phone": "(281) 497-7907", "phoneUnformatted": "+12814977907", "claimThisBusiness": false, "totalScore": 4.4, "permanentlyClosed": false, "temporarilyClosed": false, "placeId": "ChIJmffpy_PcQIYRmDoTTO0ia-4", "categories": [ "Fast food restaurant", "American restaurant", "Chicken restaurant", "Southern restaurant (US)" ], "fid": "0x8640dcf3cbe9f799:0xee6b22ed4c133a98", "cid": "17179863606113811096", "reviewsCount": 2508, "imagesCount": 289.0, "scrapedAt": "2025-07-04T15:40:13.892Z", "price_category": "Low ($1-15)", "service_options": [ "Curbside pickup", "Drive-through", "Takeout", "Dine-in" ], "has_drive_through": true }, "geometry": { "type": "Point", "coordinates": [ -10641720.628598460927606, 3469632.825700160115957 ] } },
{ "type": "Feature", "properties": { "title": "Jack in the Box", "price": "$", "categoryName": "Fast food restaurant", "address": "94 E Crosstimbers St, Houston, TX 77022", "neighborhood": "Northside / Northline", "street": "94 E Crosstimbers St", "city": "Houston", "postalCode": "77022", "state": "Texas", "countryCode": "US", "website": "https://locations.jackinthebox.com/us/tx/houston/94-e-crosstimbers-st?utm_source=google&utm_medium=local&utm_campaign=google-local", "phone": "(713) 694-4956", "phoneUnformatted": "+17136944956", "claimThisBusiness": false, "totalScore": 3.8, "permanentlyClosed": false, "temporarilyClosed": false, "placeId": "ChIJK6pmQ2a4QIYRI9CQeCRCkpg", "categories": [ "Fast food restaurant", "American restaurant", "Breakfast restaurant", "Chicken restaurant", "Dessert restaurant", "Hamburger restaurant", "Delivery Restaurant", "Mexican restaurant" ], "fid": "0x8640b8664366aa2b:0x989242247890d023", "cid": "10993922364773814307", "reviewsCount": 1331, "imagesCount": 157.0, "scrapedAt": "2025-07-04T15:40:14.003Z", "price_category": "Low ($1-15)", "service_options": [ "No-contact delivery", "Delivery", "Drive-through", "Takeout", "Dine-in" ], "has_drive_through": true }, "geometry": { "type": "Point", "coordinates": [ -10617277.005754483863711, 3481453.586884755175561 ] } },
{ "type": "Feature", "properties": { "title": "Taco Bell", "price": "$", "categoryName": "Fast food restaurant", "address": "2093 Taylor St, Houston, TX 77007", "neighborhood": "Washington Avenue Coalition / Memorial Park", "street": "2093 Taylor St", "city": "Houston", "postalCode": "77007", "state": "Texas", "countryCode": "US", "website": "https://locations.tacobell.com/tx/houston/2093-taylor-street.html?utm_source=yext&utm_campaign=googlelistings&utm_medium=referral&utm_term=027807&utm_content=website&y_source=1_MzkxNjg1Mi03MTUtbG9jYXRpb24ud2Vic2l0ZQ%3D%3D", "phone": "(832) 618-1406", "phoneUnformatted": "+18326181406", "claimThisBusiness": false, "totalScore": 3.2, "permanentlyClosed": false, "temporarilyClosed": false, "placeId": "ChIJSeI6ULK4QIYROlTfwVII3SY", "categories": [ "Fast food restaurant", "Breakfast restaurant", "Lunch restaurant", "Takeout Restaurant", "Mexican restaurant", "Restaurant", "Tex-Mex restaurant", "Vegetarian restaurant" ], "fid": "0x8640b8b2503ae249:0x26dd0852c1df543a", "cid": "2800403694827295802", "reviewsCount": 876, "imagesCount": 291.0, "scrapedAt": "2025-07-04T15:40:14.003Z", "price_category": "Low ($1-15)", "service_options": [ "No-contact delivery", "Delivery", "Drive-through", "Takeout", "Dine-in" ], "has_drive_through": true }, "geometry": { "type": "Point", "coordinates": [ -10617867.388673905283213, 3474754.836709743831307 ] } },
{ "type": "Feature", "properties": { "title": "Popeyes Louisiana Kitchen", "price": "$", "categoryName": "Chicken restaurant", "address": "5026 Antoine Dr, Houston, TX 77092", "neighborhood": "Central Northwest", "street": "5026 Antoine Dr", "city": "Houston", "postalCode": "77092", "state": "Texas", "countryCode": "US", "website": "https://www.popeyes.com/store-locator/store/restaurant_81779?utm_source=yext&utm_medium=referral&utm_campaign=organic-local-listings", "phone": "(713) 682-2888", "phoneUnformatted": "+17136822888", "claimThisBusiness": false, "totalScore": 3.3, "permanentlyClosed": false, "temporarilyClosed": false, "placeId": "ChIJd8MhVAvGQIYRhTHpws9ve88", "categories": [ "Chicken restaurant", "Cajun restaurant", "Fast food restaurant", "Restaurant", "Seafood restaurant" ], "fid": "0x8640c60b5421c377:0xcf7b6fcfc2e93185", "cid": "14950666326105469317", "reviewsCount": 1472, "imagesCount": 171.0, "scrapedAt": "2025-07-04T15:40:14.631Z", "price_category": "Low ($1-15)", "service_options": [ "Outdoor seating", "No-contact delivery", "Delivery", "Drive-through", "Takeout", "Dine-in" ], "has_drive_through": true }, "geometry": { "type": "Point", "coordinates": [ -10627989.692235635593534, 3482773.439236983191222 ] } },
{ "type": "Feature", "properties": { "title": "Jack in the Box", "price": "$", "categoryName": "Fast food restaurant", "address": "5316 Antoine Dr, Houston, TX 77091", "neighborhood": "Central Northwest", "street": "5316 Antoine Dr", "city": "Houston", "postalCode": "77091", "state": "Texas", "countryCode": "US", "website": "https://locations.jackinthebox.com/us/tx/houston/5316-antoine-dr?utm_source=google&utm_medium=local&utm_campaign=google-local", "phone": "(832) 699-1096", "phoneUnformatted": "+18326991096", "claimThisBusiness": false, "totalScore": 3.3, "permanentlyClosed": false, "temporarilyClosed": false, "placeId": "ChIJf8C_hQvGQIYRZhPTxA5Iiw0", "categories": [ "Fast food restaurant", "American restaurant", "Breakfast restaurant", "Chicken restaurant", "Dessert restaurant", "Hamburger restaurant", "Delivery Restaurant", "Mexican restaurant" ], "fid": "0x8640c60b85bfc07f:0xd8b480ec4d31366", "cid": "975952972524753766", "reviewsCount": 937, "imagesCount": 133.0, "scrapedAt": "2025-07-04T15:40:14.632Z", "price_category": "Low ($1-15)", "service_options": [ "Outdoor seating", "No-contact delivery", "Delivery", "Drive-through", "Takeout", "Dine-in" ], "has_drive_through": true }, "geometry": { "type": "Point", "coordinates": [ -10627992.664466040208936, 3483168.194549481850117 ] } },
{ "type": "Feature", "properties": { "title": "Phoenicia Coffee House", "price": null, "categoryName": "Coffee shop", "address": "12151 Westheimer Rd suite p, Houston, TX 77077", "neighborhood": "Westside", "street": "12151 Westheimer Rd suite p", "city": "Houston", "postalCode": "77077", "state": "Texas", "countryCode": "US", "website": "https://arpisdeli.com/locations/phoenicia-coffee-house/", "phone": "(281) 558-0416", "phoneUnformatted": "+12815580416", "claimThisBusiness": false, "totalScore": 4.4, "permanentlyClosed": false, "temporarilyClosed": false, "placeId": "ChIJiSGkL_LcQIYRaGXz2AUyDCw", "categories": [ "Coffee shop", "Armenian restaurant" ], "fid": "0x8640dcf22fa42189:0x2c0c3205d8f36568", "cid": "3173966838085412200", "reviewsCount": 221, "imagesCount": 76.0, "scrapedAt": "2025-07-04T15:40:14.737Z", "price_category": null, "service_options": [ "Outdoor seating", "Delivery", "Drive-through", "Takeout", "Dine-in" ], "has_drive_through": true }, "geometry": { "type": "Point", "coordinates": [ -10641622.378015886992216, 3469566.276877876836807 ] } },
{ "type": "Feature", "properties": { "title": "Taco Bell", "price": "$", "categoryName": "Fast food restaurant", "address": "14601 Memorial Dr, Houston, TX 77079", "neighborhood": "Westside", "street": "14601 Memorial Dr", "city": "Houston", "postalCode": "77079", "state": "Texas", "countryCode": "US", "website": "https://locations.tacobell.com/tx/houston/14601-memorial.html?utm_source=yext&utm_campaign=googlelistings&utm_medium=referral&utm_term=035689&utm_content=website&y_source=1_MzkxNjc1Mi03MTUtbG9jYXRpb24ud2Vic2l0ZQ%3D%3D", "phone": "(281) 496-4840", "phoneUnformatted": "+12814964840", "claimThisBusiness": false, "totalScore": 3.6, "permanentlyClosed": false, "temporarilyClosed": false, "placeId": "ChIJk1vzyoPbQIYR0ysrPEuS9jM", "categories": [ "Fast food restaurant", "Burrito restaurant", "Lunch restaurant", "Takeout Restaurant", "Mexican restaurant", "Restaurant", "Taco restaurant" ], "fid": "0x8640db83caf35b93:0x33f6924b3c2b2bd3", "cid": "3744340992034810835", "reviewsCount": 819, "imagesCount": 336.0, "scrapedAt": "2025-07-04T15:40:14.828Z", "price_category": "Low ($1-15)", "service_options": [ "Delivery", "Drive-through", "Takeout", "Dine-in" ], "has_drive_through": true }, "geometry": { "type": "Point", "coordinates": [ -10642884.162180131301284, 3473971.806221364531666 ] } },
{ "type": "Feature", "properties": { "title": "Popeyes Louisiana Kitchen", "price": "$", "categoryName": "Chicken restaurant", "address": "2406 Bay Area Blvd, Houston, TX 77058", "neighborhood": "Clear Lake", "street": "2406 Bay Area Blvd", "city": "Houston", "postalCode": "77058", "state": "Texas", "countryCode": "US", "website": "https://www.popeyes.com/store-locator/store/restaurant_83076?utm_source=yext&utm_medium=referral&utm_campaign=organic-local-listings", "phone": "(281) 488-6102", "phoneUnformatted": "+12814886102", "claimThisBusiness": false, "totalScore": 3.4, "permanentlyClosed": false, "temporarilyClosed": false, "placeId": "ChIJj0iCr0mcQIYRhIh3tfpYQ-w", "categories": [ "Chicken restaurant", "Cajun restaurant", "Fast food restaurant", "Restaurant", "Seafood restaurant" ], "fid": "0x86409c49af82488f:0xec4358fab5778884", "cid": "17024548850200184964", "reviewsCount": 907, "imagesCount": 120.0, "scrapedAt": "2025-07-04T15:40:17.268Z", "price_category": "Low ($1-15)", "service_options": [ "Outdoor seating", "No-contact delivery", "Delivery", "Drive-through", "Takeout", "Dine-in" ], "has_drive_through": true }, "geometry": { "type": "Point", "coordinates": [ -10587445.330312974750996, 3448751.210415840148926 ] } },
{ "type": "Feature", "properties": { "title": "Raising Cane's Chicken Fingers", "price": "$", "categoryName": "Fast food restaurant", "address": "2473 Bay Area Blvd, Houston, TX 77058", "neighborhood": "Clear Lake", "street": "2473 Bay Area Blvd", "city": "Houston", "postalCode": "77058", "state": "Texas", "countryCode": "US", "website": "https://locations.raisingcanes.com/tx/houston/2473-bay-area-blvd", "phone": "(281) 716-9892", "phoneUnformatted": "+12817169892", "claimThisBusiness": false, "totalScore": 4.3, "permanentlyClosed": false, "temporarilyClosed": false, "placeId": "ChIJdWYcdT-dQIYRoPvLThkpHgA", "categories": [ "Fast food restaurant", "American restaurant", "Chicken restaurant", "Southern restaurant (US)" ], "fid": "0x86409d3f751c6675:0x1e29194ecbfba0", "cid": "8489437974231968", "reviewsCount": 309, "imagesCount": 43.0, "scrapedAt": "2025-07-04T15:40:17.268Z", "price_category": "Low ($1-15)", "service_options": [ "Outdoor seating", "Curbside pickup", "Drive-through", "Takeout", "Dine-in" ], "has_drive_through": true }, "geometry": { "type": "Point", "coordinates": [ -10587457.786963993683457, 3449042.167892540805042 ] } },
{ "type": "Feature", "properties": { "title": "Arby's", "price": "$", "categoryName": "Fast food restaurant", "address": "2415 Bay Area Blvd, Houston, TX 77259", "neighborhood": "Clear Lake", "street": "2415 Bay Area Blvd", "city": "Houston", "postalCode": "77259", "state": "Texas", "countryCode": "US", "website": "https://locations.arbys.com/tx/houston/2415-bay-area-blvd.html?utm_source=google%20my%20business&utm_medium=organic&utm_campaign=website%20link", "phone": "(281) 486-9865", "phoneUnformatted": "+12814869865", "claimThisBusiness": false, "totalScore": 4.1, "permanentlyClosed": false, "temporarilyClosed": false, "placeId": "ChIJRyPwyEmcQIYRFF062lUUSEg", "categories": [ "Fast food restaurant", "American restaurant", "Deli", "Takeout Restaurant", "Sandwich shop" ], "fid": "0x86409c49c8f02347:0x48481455da3a5d14", "cid": "5208435328020012308", "reviewsCount": 1030, "imagesCount": 131.0, "scrapedAt": "2025-07-04T15:40:17.269Z", "price_category": "Low ($1-15)", "service_options": [ "Curbside pickup", "Delivery", "Drive-through", "Onsite services", "Takeout", "Dine-in" ], "has_drive_through": true }, "geometry": { "type": "Point", "coordinates": [ -10587512.611813209950924, 3448880.241031120996922 ] } },
{ "type": "Feature", "properties": { "title": "McDonald's", "price": "$", "categoryName": "Fast food restaurant", "address": "534 1/2, El Dorado Blvd, Webster, TX 77598", "neighborhood": "Clear Lake", "street": "534 1/2, El Dorado Blvd", "city": "Webster", "postalCode": "77598", "state": "Texas", "countryCode": "US", "website": "https://www.mcdonalds.com/us/en-us/location/TX/WEBSTER/534-12-ELDORADO-BLVD/11327.html?cid=RF:YXT:GMB::Clicks", "phone": "(281) 488-3326", "phoneUnformatted": "+12814883326", "claimThisBusiness": false, "totalScore": 3.7, "permanentlyClosed": false, "temporarilyClosed": false, "placeId": "ChIJA30zhIebQIYRXIXd0qexUn4", "categories": [ "Fast food restaurant", "Breakfast restaurant", "Coffee shop", "Hamburger restaurant", "Restaurant", "Sandwich shop" ], "fid": "0x86409b8784337d03:0x7e52b1a7d2dd855c", "cid": "9102533131224581468", "reviewsCount": 1259, "imagesCount": 287.0, "scrapedAt": "2025-07-04T15:40:17.269Z", "price_category": "Low ($1-15)", "service_options": [ "Curbside pickup", "No-contact delivery", "Delivery", "Drive-through", "Onsite services", "Takeout", "Dine-in" ], "has_drive_through": true }, "geometry": { "type": "Point", "coordinates": [ -10591181.61317416280508, 3447156.231649473309517 ] } },
{ "type": "Feature", "properties": { "title": "Starbucks", "price": "$$", "categoryName": "Coffee shop", "address": "500 Baybrook Mall, Friendswood, TX 77546", "neighborhood": "Clear Lake", "street": "500 Baybrook Mall", "city": "Friendswood", "postalCode": "77546", "state": "Texas", "countryCode": "US", "website": "https://www.starbucks.com/store-locator/store/13756/", "phone": "(281) 286-5155", "phoneUnformatted": "+12812865155", "claimThisBusiness": false, "totalScore": 4.1, "permanentlyClosed": false, "temporarilyClosed": false, "placeId": "ChIJpxkhkXubQIYRgvHN_imo9Ak", "categories": [ "Coffee shop", "Breakfast restaurant", "Cafe", "Coffee store", "Espresso bar", "Internet cafe" ], "fid": "0x86409b7b912119a7:0x9f4a829fecdf182", "cid": "717383138980786562", "reviewsCount": 392, "imagesCount": 41.0, "scrapedAt": "2025-07-04T15:40:18.217Z", "price_category": "Medium ($16-35)", "service_options": [ "Delivery", "Drive-through", "Takeout", "Dine-in" ], "has_drive_through": true }, "geometry": { "type": "Point", "coordinates": [ -10591920.41837066039443, 3444763.505388482939452 ] } },
{ "type": "Feature", "properties": { "title": "Picachos Grill House {Pasadena}", "price": "$", "categoryName": "Mexican restaurant", "address": "3407 Genoa Red Bluff Rd, Pasadena, TX 77505", "neighborhood": null, "street": "3407 Genoa Red Bluff Rd", "city": "Pasadena", "postalCode": "77505", "state": "Texas", "countryCode": "US", "website": "http://www.picachosgrill.com/", "phone": "(713) 875-9430", "phoneUnformatted": "+17138759430", "claimThisBusiness": false, "totalScore": 5.0, "permanentlyClosed": false, "temporarilyClosed": false, "placeId": "ChIJByVlGwCfQIYRzl0HPihqWc8", "categories": [ "Mexican restaurant", "Steak house", "Tex-Mex restaurant" ], "fid": "0x86409f001b652507:0xcf596a283e075dce", "cid": "14941089959850237390", "reviewsCount": 11, "imagesCount": 40.0, "scrapedAt": "2025-07-04T15:40:18.917Z", "price_category": "Low ($1-15)", "service_options": [ "Curbside pickup", "Drive-through", "Takeout", "Dine-in" ], "has_drive_through": true }, "geometry": { "type": "Point", "coordinates": [ -10591210.155491601675749, 3456293.352254780940711 ] } },
{ "type": "Feature", "properties": { "title": "Taqueria la Poblanita (Food Truck)", "price": null, "categoryName": "Mexican restaurant", "address": "550 FM1959, Houston, TX 77034", "neighborhood": "South Belt / Ellington", "street": "550 FM1959", "city": "Houston", "postalCode": "77034", "state": "Texas", "countryCode": "US", "website": "https://m.facebook.com/pages/category/Grocery-Store/Taqueria-La-Poblanita-674223152681902/", "phone": "(832) 706-5688", "phoneUnformatted": "+18327065688", "claimThisBusiness": true, "totalScore": 4.7, "permanentlyClosed": false, "temporarilyClosed": false, "placeId": "ChIJFzy7AASbQIYRbi2RB57tPDA", "categories": [ "Mexican restaurant" ], "fid": "0x86409b0400bb3c17:0x303ced9e07912d6e", "cid": "3475914275410750830", "reviewsCount": 56, "imagesCount": 20.0, "scrapedAt": "2025-07-04T15:40:22.388Z", "price_category": null, "service_options": [ "Drive-through", "Takeout", "Dine-in" ], "has_drive_through": true }, "geometry": { "type": "Point", "coordinates": [ -10595354.80277281627059, 3451616.874133986420929 ] } },
{ "type": "Feature", "properties": { "title": "Jack in the Box", "price": "$", "categoryName": "Fast food restaurant", "address": "2420 Bay Area Blvd, Houston, TX 77058", "neighborhood": "Clear Lake", "street": "2420 Bay Area Blvd", "city": "Houston", "postalCode": "77058", "state": "Texas", "countryCode": "US", "website": "https://locations.jackinthebox.com/us/tx/houston/2420-bay-area-blvd?utm_source=google&utm_medium=local&utm_campaign=google-local", "phone": "(346) 553-8105", "phoneUnformatted": "+13465538105", "claimThisBusiness": false, "totalScore": 3.1, "permanentlyClosed": false, "temporarilyClosed": false, "placeId": "ChIJO493lkmcQIYRWz8ulv3AcZM", "categories": [ "Fast food restaurant", "American restaurant", "Breakfast restaurant", "Chicken restaurant", "Dessert restaurant", "Hamburger restaurant", "Delivery Restaurant", "Mexican restaurant" ], "fid": "0x86409c4996778f3b:0x9371c0fd962e3f5b", "cid": "10624485191322582875", "reviewsCount": 415, "imagesCount": 147.0, "scrapedAt": "2025-07-04T15:40:23.315Z", "price_category": "Low ($1-15)", "service_options": [ "No-contact delivery", "Delivery", "Drive-through", "Takeout", "Dine-in" ], "has_drive_through": true }, "geometry": { "type": "Point", "coordinates": [ -10587360.115242771804333, 3448932.47569374460727 ] } },
{ "type": "Feature", "properties": { "title": "Starbucks", "price": "$$", "categoryName": "Coffee shop", "address": "13914 Galveston Rd, Webster, TX 77598", "neighborhood": "Clear Lake", "street": "13914 Galveston Rd", "city": "Webster", "postalCode": "77598", "state": "Texas", "countryCode": "US", "website": "https://www.starbucks.com/store-locator/store/18649/", "phone": "(281) 461-6281", "phoneUnformatted": "+12814616281", "claimThisBusiness": false, "totalScore": 4.1, "permanentlyClosed": false, "temporarilyClosed": false, "placeId": "ChIJ3UwBnO6bQIYR5eDybGf_j9Q", "categories": [ "Coffee shop", "Breakfast restaurant", "Cafe", "Coffee store", "Espresso bar", "Internet cafe" ], "fid": "0x86409bee9c014cdd:0xd48fff676cf2e0e5", "cid": "15316741677384917221", "reviewsCount": 665, "imagesCount": 88.0, "scrapedAt": "2025-07-04T15:40:24.161Z", "price_category": "Medium ($16-35)", "service_options": [ "Outdoor seating", "Curbside pickup", "No-contact delivery", "Delivery", "Drive-through", "Takeout", "Dine-in" ], "has_drive_through": true }, "geometry": { "type": "Point", "coordinates": [ -10592839.817177070304751, 3449465.841954538132995 ] } },
{ "type": "Feature", "properties": { "title": "Clutch City Cluckers", "price": "$10–20", "categoryName": "Chicken restaurant", "address": "9598 S Main St, Houston, TX 77025", "neighborhood": "Braeswood", "street": "9598 S Main St", "city": "Houston", "postalCode": "77025", "state": "Texas", "countryCode": "US", "website": "https://clutchcitycluckers.com/", "phone": "(832) 374-1019", "phoneUnformatted": "+18323741019", "claimThisBusiness": false, "totalScore": 4.8, "permanentlyClosed": false, "temporarilyClosed": false, "placeId": "ChIJ6ZIQW-7BQIYRO-cPERwO6_0", "categories": [ "Chicken restaurant", "Chicken wings restaurant", "Fried chicken takeaway", "Halal restaurant", "Restaurant" ], "fid": "0x8640c1ee5b1092e9:0xfdeb0e1c110fe73b", "cid": "18296733424830900027", "reviewsCount": 1332, "imagesCount": 391.0, "scrapedAt": "2025-07-04T15:40:25.027Z", "price_category": "Low ($1-15)", "service_options": [ "Outdoor seating", "No-contact delivery", "Delivery", "Drive-through", "Onsite services", "Takeout", "Dine-in" ], "has_drive_through": true }, "geometry": { "type": "Point", "coordinates": [ -10622777.747072542086244, 3462507.133996328338981 ] } },
{ "type": "Feature", "properties": { "title": "The Catch: S Post Oak", "price": "$10–20", "categoryName": "Seafood restaurant", "address": "10105 S Post Oak Rd, Houston, TX 77096", "neighborhood": "Willow Meadows/ Willowbend Area", "street": "10105 S Post Oak Rd", "city": "Houston", "postalCode": "77096", "state": "Texas", "countryCode": "US", "website": "https://thecatchhouston.com/", "phone": "(713) 360-6862", "phoneUnformatted": "+17133606862", "claimThisBusiness": false, "totalScore": 4.2, "permanentlyClosed": false, "temporarilyClosed": false, "placeId": "ChIJVa5fd0rrQIYRV4ozhbuNecM", "categories": [ "Seafood restaurant", "Cajun restaurant", "Creole restaurant", "Po’ boys restaurant" ], "fid": "0x8640eb4a775fae55:0xc3798dbb85338a57", "cid": "14085445146111085143", "reviewsCount": 1670, "imagesCount": 694.0, "scrapedAt": "2025-07-04T15:40:25.029Z", "price_category": "Low ($1-15)", "service_options": [ "Curbside pickup", "No-contact delivery", "Delivery", "Drive-through", "Onsite services", "Takeout", "Dine-in" ], "has_drive_through": true }, "geometry": { "type": "Point", "coordinates": [ -10626587.200235029682517, 3461567.400542719755322 ] } },
{ "type": "Feature", "properties": { "title": "Slammin' Salmon (Food Truck)", "price": "$$", "categoryName": "Seafood restaurant", "address": "4501 Almeda Rd, Houston, TX 77004", "neighborhood": "Houston Museum District", "street": "4501 Almeda Rd", "city": "Houston", "postalCode": "77004", "state": "Texas", "countryCode": "US", "website": "http://slamminsalmonhtx.com/", "phone": "(832) 365-3668", "phoneUnformatted": "+18323653668", "claimThisBusiness": false, "totalScore": 5.0, "permanentlyClosed": false, "temporarilyClosed": false, "placeId": "ChIJh7liqdshQYYRV0Gu5qbCyOE", "categories": [ "Seafood restaurant" ], "fid": "0x864121dba962b987:0xe1c8c2a6e6ae4157", "cid": "16269467675966456151", "reviewsCount": 49, "imagesCount": 32.0, "scrapedAt": "2025-07-04T15:40:26.278Z", "price_category": "Medium ($16-35)", "service_options": [ "Curbside pickup", "No-contact delivery", "Delivery", "Drive-through", "Takeout", "Dine-in" ], "has_drive_through": true }, "geometry": { "type": "Point", "coordinates": [ -10617239.925232099369168, 3468754.71919877268374 ] } },
{ "type": "Feature", "properties": { "title": "Taco Bell", "price": "$", "categoryName": "Fast food restaurant", "address": "5818 Richmond Ave., Houston, TX 77057", "neighborhood": "Westside", "street": "5818 Richmond Ave.", "city": "Houston", "postalCode": "77057", "state": "Texas", "countryCode": "US", "website": "https://locations.tacobell.com/tx/houston/5818-richmond-avenue.html?utm_source=yext&utm_campaign=googlelistings&utm_medium=referral&utm_term=035701&utm_content=website&y_source=1_MzkxNzE3MS03MTUtbG9jYXRpb24ud2Vic2l0ZQ%3D%3D", "phone": "(713) 952-8581", "phoneUnformatted": "+17139528581", "claimThisBusiness": false, "totalScore": 4.0, "permanentlyClosed": false, "temporarilyClosed": false, "placeId": "ChIJbwz6PdfDQIYRQdYdNzsRscA", "categories": [ "Fast food restaurant", "Breakfast restaurant", "Burrito restaurant", "Lunch restaurant", "Takeout Restaurant", "Mexican restaurant", "Restaurant", "Taco restaurant", "Tex-Mex restaurant", "Vegetarian restaurant" ], "fid": "0x8640c3d73dfa0c6f:0xc0b1113b371dd641", "cid": "13884898072185394753", "reviewsCount": 898, "imagesCount": 322.0, "scrapedAt": "2025-07-04T15:40:27.037Z", "price_category": "Low ($1-15)", "service_options": [ "Delivery", "Drive-through", "Takeout", "Dine-in" ], "has_drive_through": true }, "geometry": { "type": "Point", "coordinates": [ -10628978.298369472846389, 3469137.749684164300561 ] } },
{ "type": "Feature", "properties": { "title": "Popeyes Louisiana Kitchen", "price": "$", "categoryName": "Chicken restaurant", "address": "5721 Bellaire Blvd, Houston, TX 77081", "neighborhood": "Gulfton", "street": "5721 Bellaire Blvd", "city": "Houston", "postalCode": "77081", "state": "Texas", "countryCode": "US", "website": "https://www.popeyes.com/store-locator/store/restaurant_82382?utm_source=yext&utm_medium=referral&utm_campaign=organic-local-listings", "phone": "(713) 666-4422", "phoneUnformatted": "+17136664422", "claimThisBusiness": false, "totalScore": 3.6, "permanentlyClosed": false, "temporarilyClosed": false, "placeId": "ChIJkUAWySbCQIYR7D8kZ3mTdDQ", "categories": [ "Chicken restaurant", "Cajun restaurant", "Fast food restaurant", "Restaurant", "Seafood restaurant" ], "fid": "0x8640c226c9164091:0x3474937967243fec", "cid": "3779808136901443564", "reviewsCount": 826, "imagesCount": 158.0, "scrapedAt": "2025-07-04T15:40:35.715Z", "price_category": "Low ($1-15)", "service_options": [ "Outdoor seating", "No-contact delivery", "Delivery", "Drive-through", "Takeout", "Dine-in" ], "has_drive_through": true }, "geometry": { "type": "Point", "coordinates": [ -10628917.874149870127439, 3465698.088479700032622 ] } },
{ "type": "Feature", "properties": { "title": "Jack in the Box", "price": "$", "categoryName": "Fast food restaurant", "address": "5550 Gulfton St, Houston, TX 77081", "neighborhood": "Gulfton", "street": "5550 Gulfton St", "city": "Houston", "postalCode": "77081", "state": "Texas", "countryCode": "US", "website": "https://locations.jackinthebox.com/us/tx/houston/5550-gulfton-st?utm_source=google&utm_medium=local&utm_campaign=google-local", "phone": "(713) 218-9671", "phoneUnformatted": "+17132189671", "claimThisBusiness": false, "totalScore": 3.7, "permanentlyClosed": false, "temporarilyClosed": false, "placeId": "ChIJwfh6q4DBQIYRmcAl6GzTNWY", "categories": [ "Fast food restaurant", "American restaurant", "Breakfast restaurant", "Chicken restaurant", "Dessert restaurant", "Hamburger restaurant", "Delivery Restaurant", "Mexican restaurant" ], "fid": "0x8640c180ab7af8c1:0x6635d36ce825c099", "cid": "7365025230339031193", "reviewsCount": 824, "imagesCount": 207.0, "scrapedAt": "2025-07-04T15:40:35.715Z", "price_category": "Low ($1-15)", "service_options": [ "No-contact delivery", "Delivery", "Drive-through", "Takeout", "Dine-in" ], "has_drive_through": true }, "geometry": { "type": "Point", "coordinates": [ -10628441.582576561719179, 3467209.137399156577885 ] } },
{ "type": "Feature", "properties": { "title": "McDonald's", "price": "$", "categoryName": "Fast food restaurant", "address": "2249 W Holcombe Blvd, Houston, TX 77030", "neighborhood": "University Place", "street": "2249 W Holcombe Blvd", "city": "Houston", "postalCode": "77030", "state": "Texas", "countryCode": "US", "website": "https://www.mcdonalds.com/us/en-us/location/TX/HOUSTON/2249-W-HOLCOMBE-BLVD/10379.html?cid=RF:YXT:GMB::Clicks", "phone": "(800) 244-6227", "phoneUnformatted": "+18002446227", "claimThisBusiness": false, "totalScore": 3.7, "permanentlyClosed": false, "temporarilyClosed": false, "placeId": "ChIJW9Ztt2vAQIYR9mdQYmrzLnI", "categories": [ "Fast food restaurant", "Breakfast restaurant", "Coffee shop", "Hamburger restaurant", "Restaurant", "Sandwich shop" ], "fid": "0x8640c06bb76dd65b:0x722ef36a625067f6", "cid": "8227781207493994486", "reviewsCount": 1552, "imagesCount": 332.0, "scrapedAt": "2025-07-04T15:40:35.716Z", "price_category": "Low ($1-15)", "service_options": [ "Curbside pickup", "No-contact delivery", "Delivery", "Drive-through", "Takeout", "Dine-in" ], "has_drive_through": true }, "geometry": { "type": "Point", "coordinates": [ -10621176.026579260826111, 3465793.492267210502177 ] } },
{ "type": "Feature", "properties": { "title": "Raising Cane's Chicken Fingers", "price": "$", "categoryName": "Fast food restaurant", "address": "5326 S Rice Ave, Houston, TX 77081", "neighborhood": "Gulfton", "street": "5326 S Rice Ave", "city": "Houston", "postalCode": "77081", "state": "Texas", "countryCode": "US", "website": "https://www.raisingcanes.com/", "phone": "(713) 667-7532", "phoneUnformatted": "+17136677532", "claimThisBusiness": false, "totalScore": 4.5, "permanentlyClosed": false, "temporarilyClosed": false, "placeId": "ChIJi1NfMXjBQIYRCfX-4NtBwsc", "categories": [ "Fast food restaurant", "American restaurant", "Chicken restaurant", "Southern restaurant (US)" ], "fid": "0x8640c178315f538b:0xc7c241dbe0fef509", "cid": "14394139771657975049", "reviewsCount": 1711, "imagesCount": 273.0, "scrapedAt": "2025-07-04T15:40:35.716Z", "price_category": "Low ($1-15)", "service_options": [ "Outdoor seating", "Curbside pickup", "Drive-through", "Takeout", "Dine-in" ], "has_drive_through": true }, "geometry": { "type": "Point", "coordinates": [ -10627526.447306649759412, 3468119.941055109258741 ] } },
{ "type": "Feature", "properties": { "title": "Jack in the Box", "price": "$", "categoryName": "Fast food restaurant", "address": "4920 W Bellfort Ave, Houston, TX 77035", "neighborhood": "Meyerland Area", "street": "4920 W Bellfort Ave", "city": "Houston", "postalCode": "77035", "state": "Texas", "countryCode": "US", "website": "https://locations.jackinthebox.com/us/tx/houston/4920-w-bellfort-st?utm_source=google&utm_medium=local&utm_campaign=google-local", "phone": "(713) 728-5856", "phoneUnformatted": "+17137285856", "claimThisBusiness": false, "totalScore": 3.8, "permanentlyClosed": false, "temporarilyClosed": false, "placeId": "ChIJOdoRAAzqQIYRqiqwqK5G9UE", "categories": [ "Fast food restaurant", "American restaurant", "Breakfast restaurant", "Chicken restaurant", "Dessert restaurant", "Hamburger restaurant", "Delivery Restaurant", "Mexican restaurant" ], "fid": "0x8640ea0c0011da39:0x41f546aea8b02aaa", "cid": "4752782697727797930", "reviewsCount": 997, "imagesCount": 181.0, "scrapedAt": "2025-07-04T15:40:35.716Z", "price_category": "Low ($1-15)", "service_options": [ "Curbside pickup", "No-contact delivery", "Delivery", "Drive-through", "Takeout", "Dine-in" ], "has_drive_through": true }, "geometry": { "type": "Point", "coordinates": [ -10626868.805150888860226, 3461325.87020114203915 ] } },
{ "type": "Feature", "properties": { "title": "Jack in the Box", "price": "$", "categoryName": "Fast food restaurant", "address": "5415 S Rice Ave, Houston, TX 77081", "neighborhood": "Gulfton", "street": "5415 S Rice Ave", "city": "Houston", "postalCode": "77081", "state": "Texas", "countryCode": "US", "website": "https://locations.jackinthebox.com/us/tx/houston/5415-s-rice-ave?utm_source=google&utm_medium=local&utm_campaign=google-local", "phone": "(713) 667-7803", "phoneUnformatted": "+17136677803", "claimThisBusiness": false, "totalScore": 3.8, "permanentlyClosed": false, "temporarilyClosed": false, "placeId": "ChIJX2rNAHjBQIYRmREKJGhxCoA", "categories": [ "Fast food restaurant", "American restaurant", "Breakfast restaurant", "Chicken restaurant", "Dessert restaurant", "Hamburger restaurant", "Delivery Restaurant", "Mexican restaurant" ], "fid": "0x8640c17800cd6a5f:0x800a7168240a1199", "cid": "9226311478717059481", "reviewsCount": 816, "imagesCount": 217.0, "scrapedAt": "2025-07-04T15:40:35.716Z", "price_category": "Low ($1-15)", "service_options": [ "Curbside pickup", "Delivery", "Drive-through", "Takeout", "Dine-in" ], "has_drive_through": true }, "geometry": { "type": "Point", "coordinates": [ -10627420.28190827742219, 3467920.357558611780405 ] } },
{ "type": "Feature", "properties": { "title": "Raising Cane's Chicken Fingers", "price": "$", "categoryName": "Fast food restaurant", "address": "9530 S Main St, Houston, TX 77025", "neighborhood": "Braeswood", "street": "9530 S Main St", "city": "Houston", "postalCode": "77025", "state": "Texas", "countryCode": "US", "website": "https://locations.raisingcanes.com/tx/houston/9530-s-main-street", "phone": "(713) 666-7718", "phoneUnformatted": "+17136667718", "claimThisBusiness": false, "totalScore": 4.4, "permanentlyClosed": false, "temporarilyClosed": false, "placeId": "ChIJhQA9KibAQIYRnNhvO1mJMK4", "categories": [ "Fast food restaurant", "American restaurant", "Chicken restaurant", "Southern restaurant (US)" ], "fid": "0x8640c0262a3d0085:0xae3089593b6fd89c", "cid": "12551683177823852700", "reviewsCount": 2687, "imagesCount": 205.0, "scrapedAt": "2025-07-04T15:40:35.716Z", "price_category": "Low ($1-15)", "service_options": [ "Outdoor seating", "Curbside pickup", "Drive-through", "Takeout", "Dine-in" ], "has_drive_through": true }, "geometry": { "type": "Point", "coordinates": [ -10622707.348626565188169, 3462665.183025977108628 ] } },
{ "type": "Feature", "properties": { "title": "Taco Bell", "price": "$", "categoryName": "Fast food restaurant", "address": "3155 S Loop W, Houston, TX 77054", "neighborhood": "South Main", "street": "3155 S Loop W", "city": "Houston", "postalCode": "77054", "state": "Texas", "countryCode": "US", "website": "https://locations.tacobell.com/tx/houston/3155-s-loop-west.html?utm_source=yext&utm_campaign=googlelistings&utm_medium=referral&utm_term=035747&utm_content=website&y_source=1_MzkxNjk5MS03MTUtbG9jYXRpb24ud2Vic2l0ZQ%3D%3D", "phone": "(713) 592-6777", "phoneUnformatted": "+17135926777", "claimThisBusiness": false, "totalScore": 3.8, "permanentlyClosed": false, "temporarilyClosed": false, "placeId": "ChIJlxv9koLqQIYRRcTaXYnSzHQ", "categories": [ "Fast food restaurant", "Burrito restaurant", "Lunch restaurant", "Takeout Restaurant", "Mexican restaurant", "Restaurant", "Taco restaurant" ], "fid": "0x8640ea8292fd1b97:0x74ccd2895ddac445", "cid": "8416333291075585093", "reviewsCount": 1193, "imagesCount": 311.0, "scrapedAt": "2025-07-04T15:40:35.716Z", "price_category": "Low ($1-15)", "service_options": [ "Delivery", "Drive-through", "Takeout", "Dine-in" ], "has_drive_through": true }, "geometry": { "type": "Point", "coordinates": [ -10622879.904969243332744, 3462074.703311880584806 ] } },
{ "type": "Feature", "properties": { "title": "Jack in the Box", "price": "$", "categoryName": "Fast food restaurant", "address": "4403 Fannin St, Houston, TX 77004", "neighborhood": "Midtown", "street": "4403 Fannin St", "city": "Houston", "postalCode": "77004", "state": "Texas", "countryCode": "US", "website": "https://locations.jackinthebox.com/us/tx/houston/4403-fannin-st?utm_source=google&utm_medium=local&utm_campaign=google-local", "phone": "(713) 527-9065", "phoneUnformatted": "+17135279065", "claimThisBusiness": false, "totalScore": 3.3, "permanentlyClosed": false, "temporarilyClosed": false, "placeId": "ChIJ2-lk6nC_QIYRoBZXgGmfo2A", "categories": [ "Fast food restaurant", "American restaurant", "Breakfast restaurant", "Chicken restaurant", "Dessert restaurant", "Hamburger restaurant", "Delivery Restaurant", "Mexican restaurant" ], "fid": "0x8640bf70ea64e9db:0x60a39f69805716a0", "cid": "6963584724318492320", "reviewsCount": 2019, "imagesCount": 295.0, "scrapedAt": "2025-07-04T15:40:36.259Z", "price_category": "Low ($1-15)", "service_options": [ "Curbside pickup", "No-contact delivery", "Delivery", "Drive-through", "Takeout", "Dine-in" ], "has_drive_through": true }, "geometry": { "type": "Point", "coordinates": [ -10617874.001051658764482, 3469312.238152298144996 ] } },
{ "type": "Feature", "properties": { "title": "Jack in the Box", "price": "$", "categoryName": "Fast food restaurant", "address": "3601 Old Spanish Trl, Houston, TX 77021", "neighborhood": "South Side", "street": "3601 Old Spanish Trl", "city": "Houston", "postalCode": "77021", "state": "Texas", "countryCode": "US", "website": "https://locations.jackinthebox.com/us/tx/houston/3601-old-spanish-trail?utm_source=google&utm_medium=local&utm_campaign=google-local", "phone": "(713) 747-1046", "phoneUnformatted": "+17137471046", "claimThisBusiness": false, "totalScore": 3.7, "permanentlyClosed": false, "temporarilyClosed": false, "placeId": "ChIJa6MNmMe_QIYRUaae314_uow", "categories": [ "Fast food restaurant", "American restaurant", "Breakfast restaurant", "Chicken restaurant", "Dessert restaurant", "Hamburger restaurant", "Delivery Restaurant", "Mexican restaurant" ], "fid": "0x8640bfc7980da36b:0x8cba3f5edf9ea651", "cid": "10140487187689285201", "reviewsCount": 1388, "imagesCount": 177.0, "scrapedAt": "2025-07-04T15:40:36.260Z", "price_category": "Low ($1-15)", "service_options": [ "Curbside pickup", "No-contact delivery", "Delivery", "Drive-through", "Takeout", "Dine-in" ], "has_drive_through": true }, "geometry": { "type": "Point", "coordinates": [ -10615935.772869659587741, 3465340.907285158056766 ] } },
{ "type": "Feature", "properties": { "title": "Taco Bell", "price": "$", "categoryName": "Fast food restaurant", "address": "7506 Westheimer Rd, Houston, TX 77063", "neighborhood": "Westside", "street": "7506 Westheimer Rd", "city": "Houston", "postalCode": "77063", "state": "Texas", "countryCode": "US", "website": "https://locations.tacobell.com/tx/houston/7506-westheimer-rd-.html?utm_source=yext&utm_campaign=googlelistings&utm_medium=referral&utm_term=035744&utm_content=website&y_source=1_MzkxNzIyOC03MTUtbG9jYXRpb24ud2Vic2l0ZQ%3D%3D", "phone": "(713) 789-1972", "phoneUnformatted": "+17137891972", "claimThisBusiness": false, "totalScore": 3.8, "permanentlyClosed": false, "temporarilyClosed": false, "placeId": "ChIJY6QdLrnDQIYROk_Gc69Ea30", "categories": [ "Fast food restaurant", "Breakfast restaurant", "Burrito restaurant", "Lunch restaurant", "Takeout Restaurant", "Mexican restaurant", "Restaurant", "Taco restaurant", "Tex-Mex restaurant", "Vegetarian restaurant" ], "fid": "0x8640c3b92e1da463:0x7d6b44af73c64f3a", "cid": "9037392597601374010", "reviewsCount": 1095, "imagesCount": 373.0, "scrapedAt": "2025-07-04T15:40:37.871Z", "price_category": "Low ($1-15)", "service_options": [ "Delivery", "Drive-through", "Takeout", "Dine-in" ], "has_drive_through": true }, "geometry": { "type": "Point", "coordinates": [ -10631247.657508784905076, 3469921.152355095371604 ] } },
{ "type": "Feature", "properties": { "title": "7taco", "price": "$", "categoryName": "Taco restaurant", "address": "9101 Long Point Rd, Houston, TX 77055", "neighborhood": "Spring Branch Central", "street": "9101 Long Point Rd", "city": "Houston", "postalCode": "77055", "state": "Texas", "countryCode": "US", "website": "https://www.7taco.com/", "phone": "(713) 984-2000", "phoneUnformatted": "+17139842000", "claimThisBusiness": false, "totalScore": 4.3, "permanentlyClosed": false, "temporarilyClosed": false, "placeId": "ChIJrT-dkVnEQIYRd0US5Rod9Fo", "categories": [ "Taco restaurant", "Hamburger restaurant" ], "fid": "0x8640c459919d3fad:0x5af41d1ae5124577", "cid": "6553895359080449399", "reviewsCount": 885, "imagesCount": 213.0, "scrapedAt": "2025-07-04T15:40:50.684Z", "price_category": "Low ($1-15)", "service_options": [ "Outdoor seating", "Curbside pickup", "Drive-through", "Takeout", "Dine-in" ], "has_drive_through": true }, "geometry": { "type": "Point", "coordinates": [ -10632590.382074782624841, 3477839.843281413894147 ] } },
{ "type": "Feature", "properties": { "title": "Chick-fil-A", "price": "$", "categoryName": "Chicken restaurant", "address": "13412 Briar Forest Dr, Houston, TX 77077", "neighborhood": "Westside", "street": "13412 Briar Forest Dr", "city": "Houston", "postalCode": "77077", "state": "Texas", "countryCode": "US", "website": "https://www.chick-fil-a.com/locations/tx/parkway-village?utm_source=yext&utm_medium=link", "phone": "(281) 531-5503", "phoneUnformatted": "+12815315503", "claimThisBusiness": false, "totalScore": 4.3, "permanentlyClosed": false, "temporarilyClosed": false, "placeId": "ChIJXxd1mwzcQIYRxeZKAkll-VE", "categories": [ "Chicken restaurant", "Caterer", "Fast food restaurant" ], "fid": "0x8640dc0c9b75175f:0x51f96549024ae6c5", "cid": "5906863750518597317", "reviewsCount": 1998, "imagesCount": 274.0, "scrapedAt": "2025-07-04T15:40:52.604Z", "price_category": "Low ($1-15)", "service_options": [ "Outdoor seating", "Curbside pickup", "No-contact delivery", "Delivery", "Drive-through", "Takeout", "Dine-in" ], "has_drive_through": true }, "geometry": { "type": "Point", "coordinates": [ -10645100.555505722761154, 3472207.777092351112515 ] } },
{ "type": "Feature", "properties": { "title": "Chick-fil-A", "price": "$", "categoryName": "Chicken restaurant", "address": "753 Dairy Ashford Rd, Houston, TX 77079", "neighborhood": "Westside", "street": "753 Dairy Ashford Rd", "city": "Houston", "postalCode": "77079", "state": "Texas", "countryCode": "US", "website": "https://www.chick-fil-a.com/northdairyashfordroad", "phone": "(832) 770-4576", "phoneUnformatted": "+18327704576", "claimThisBusiness": false, "totalScore": 4.4, "permanentlyClosed": false, "temporarilyClosed": false, "placeId": "ChIJJcuxIYPbQIYRIIxPgg96oaU", "categories": [ "Chicken restaurant", "Caterer", "Fast food restaurant" ], "fid": "0x8640db8321b1cb25:0xa5a17a0f824f8c20", "cid": "11934954694537874464", "reviewsCount": 2229, "imagesCount": 286.0, "scrapedAt": "2025-07-04T15:40:52.604Z", "price_category": "Low ($1-15)", "service_options": [ "Outdoor seating", "Delivery", "Drive-through", "Takeout", "Dine-in" ], "has_drive_through": true }, "geometry": { "type": "Point", "coordinates": [ -10642916.032950345426798, 3474428.722103379201144 ] } },
{ "type": "Feature", "properties": { "title": "Via 313 Pizza", "price": "$$", "categoryName": "Pizza restaurant", "address": "10201 Katy Fwy Ste 350, Houston, TX 77024", "neighborhood": "Westside", "street": "10201 Katy Fwy Ste 350", "city": "Houston", "postalCode": "77024", "state": "Texas", "countryCode": "US", "website": "https://locations.via313.com/locations/10201-katy-freeway/", "phone": "(346) 501-4313", "phoneUnformatted": "+13465014313", "claimThisBusiness": false, "totalScore": 4.6, "permanentlyClosed": false, "temporarilyClosed": false, "placeId": "ChIJZ5kNep_FQIYR2KzoZJWY83k", "categories": [ "Pizza restaurant", "Bar", "Gluten-free restaurant", "Lunch restaurant", "Takeout Restaurant", "Pizza delivery", "Pizza Takeout", "Restaurant", "Salad shop", "Wine bar" ], "fid": "0x8640c59f7a0d9967:0x79f3989564e8acd8", "cid": "8787535065340488920", "reviewsCount": 604, "imagesCount": 511.0, "scrapedAt": "2025-07-04T15:40:52.634Z", "price_category": "Medium ($16-35)", "service_options": [ "Outdoor seating", "Curbside pickup", "Delivery", "Drive-through", "Onsite services", "Takeout", "Dine-in" ], "has_drive_through": true }, "geometry": { "type": "Point", "coordinates": [ -10636365.927320374175906, 3475739.976779496762902 ] } },
{ "type": "Feature", "properties": { "title": "Wendy's", "price": "$", "categoryName": "Fast food restaurant", "address": "14602 Perthshire Rd, Houston, TX 77079", "neighborhood": "Westside", "street": "14602 Perthshire Rd", "city": "Houston", "postalCode": "77079", "state": "Texas", "countryCode": "US", "website": "https://locations.wendys.com/united-states/tx/houston/14602-perthshire?utm_source=Yext&utm_medium=Google_My_Business&utm_campaign=Local_Search&utm_content=EN_US", "phone": "(346) 395-7624", "phoneUnformatted": "+13463957624", "claimThisBusiness": false, "totalScore": 4.0, "permanentlyClosed": false, "temporarilyClosed": false, "placeId": "ChIJO_uIKIPbQIYRWsu46hdk2jY", "categories": [ "Fast food restaurant", "Hamburger restaurant", "Restaurant" ], "fid": "0x8640db832888fb3b:0x36da6417eab8cb5a", "cid": "3952581676856036186", "reviewsCount": 902, "imagesCount": 307.0, "scrapedAt": "2025-07-04T15:40:53.551Z", "price_category": "Low ($1-15)", "service_options": [ "Delivery", "Drive-through", "Takeout", "Dine-in" ], "has_drive_through": true }, "geometry": { "type": "Point", "coordinates": [ -10642898.043720632791519, 3474526.037487709429115 ] } },
{ "type": "Feature", "properties": { "title": "McDonald's", "price": "$", "categoryName": "Fast food restaurant", "address": "1504 Eldridge Pkwy, Houston, TX 77077", "neighborhood": "Westside", "street": "1504 Eldridge Pkwy", "city": "Houston", "postalCode": "77077", "state": "Texas", "countryCode": "US", "website": "https://www.mcdonalds.com/us/en-us/location/TX/HOUSTON/1504-ELDRIDGE-PKY/26315.html?cid=RF:YXT:GMB::Clicks", "phone": "(346) 557-5116", "phoneUnformatted": "+13465575116", "claimThisBusiness": false, "totalScore": 3.6, "permanentlyClosed": false, "temporarilyClosed": false, "placeId": "ChIJzW35QwvcQIYR8-A1An28sYA", "categories": [ "Fast food restaurant", "Breakfast restaurant", "Coffee shop", "Hamburger restaurant", "Restaurant", "Sandwich shop" ], "fid": "0x8640dc0b43f96dcd:0x80b1bc7d0235e0f3", "cid": "9273400352826581235", "reviewsCount": 1668, "imagesCount": 318.0, "scrapedAt": "2025-07-04T15:40:53.551Z", "price_category": "Low ($1-15)", "service_options": [ "Curbside pickup", "No-contact delivery", "Delivery", "Drive-through", "Onsite services", "Takeout", "Dine-in" ], "has_drive_through": true }, "geometry": { "type": "Point", "coordinates": [ -10645010.052759708836675, 3472408.042649275623262 ] } },
{ "type": "Feature", "properties": { "title": "McDonald's", "price": "$", "categoryName": "Fast food restaurant", "address": "14450 Memorial Dr, Houston, TX 77079", "neighborhood": "Westside", "street": "14450 Memorial Dr", "city": "Houston", "postalCode": "77079", "state": "Texas", "countryCode": "US", "website": "https://www.mcdonalds.com/us/en-us/location/TX/HOUSTON/14450-MEMORIAL-DR/2134.html?cid=RF:YXT:GMB::Clicks", "phone": "(346) 605-7424", "phoneUnformatted": "+13466057424", "claimThisBusiness": false, "totalScore": 3.9, "permanentlyClosed": false, "temporarilyClosed": false, "placeId": "ChIJ2UAD53jbQIYRCvQ9MyTazLk", "categories": [ "Fast food restaurant", "Breakfast restaurant", "Coffee shop", "Hamburger restaurant", "Restaurant", "Sandwich shop" ], "fid": "0x8640db78e70340d9:0xb9ccda24333df40a", "cid": "13388315641279017994", "reviewsCount": 964, "imagesCount": 224.0, "scrapedAt": "2025-07-04T15:40:53.551Z", "price_category": "Low ($1-15)", "service_options": [ "Curbside pickup", "No-contact delivery", "Delivery", "Drive-through", "Onsite services", "Takeout", "Dine-in" ], "has_drive_through": true }, "geometry": { "type": "Point", "coordinates": [ -10642323.568356446921825, 3474086.226035897620022 ] } },
{ "type": "Feature", "properties": { "title": "Taco Cabana", "price": "$", "categoryName": "Taco restaurant", "address": "11441 Katy Fwy, Houston, TX 77079", "neighborhood": "Westside", "street": "11441 Katy Fwy", "city": "Houston", "postalCode": "77079", "state": "Texas", "countryCode": "US", "website": "https://www.tacocabana.com/?utm_source=google-business-profile&utm_medium=organic&utm_campaign=business-listing&utm_id=20148", "phone": "(713) 935-9076", "phoneUnformatted": "+17139359076", "claimThisBusiness": false, "totalScore": 3.8, "permanentlyClosed": false, "temporarilyClosed": false, "placeId": "ChIJQ-P4-2rbQIYRRn-Sv5QRpK0", "categories": [ "Taco restaurant", "Mexican restaurant", "Tex-Mex restaurant" ], "fid": "0x8640db6afbf8e343:0xada41194bf927f46", "cid": "12512144995308961606", "reviewsCount": 1593, "imagesCount": 482.0, "scrapedAt": "2025-07-04T15:40:53.551Z", "price_category": "Low ($1-15)", "service_options": [ "Outdoor seating", "Curbside pickup", "No-contact delivery", "Delivery", "Drive-through", "Takeout", "Dine-in" ], "has_drive_through": true }, "geometry": { "type": "Point", "coordinates": [ -10640408.004822773858905, 3475792.769389858469367 ] } },
{ "type": "Feature", "properties": { "title": "Raising Cane's Chicken Fingers", "price": "$", "categoryName": "Fast food restaurant", "address": "1105 Dairy Ashford Rd, Houston, TX 77079", "neighborhood": "Westside", "street": "1105 Dairy Ashford Rd", "city": "Houston", "postalCode": "77079", "state": "Texas", "countryCode": "US", "website": "https://www.raisingcanes.com/", "phone": "(281) 589-8191", "phoneUnformatted": "+12815898191", "claimThisBusiness": false, "totalScore": 4.4, "permanentlyClosed": false, "temporarilyClosed": false, "placeId": "ChIJX50DK5zbQIYRzRQulfF17dQ", "categories": [ "Fast food restaurant", "American restaurant", "Chicken restaurant", "Southern restaurant (US)" ], "fid": "0x8640db9c2b039d5f:0xd4ed75f1952e14cd", "cid": "15343049185971541197", "reviewsCount": 1677, "imagesCount": 212.0, "scrapedAt": "2025-07-04T15:40:53.552Z", "price_category": "Low ($1-15)", "service_options": [ "Curbside pickup", "Drive-through", "Takeout", "Dine-in" ], "has_drive_through": true }, "geometry": { "type": "Point", "coordinates": [ -10642912.87147680670023, 3475337.04907664610073 ] } },
{ "type": "Feature", "properties": { "title": "Hartz Krispy Chicken \"N\" Rolls 218", "price": "€", "categoryName": "Fast food restaurant", "address": "11121 Fondren Rd, Houston, TX 77096, United States", "neighborhood": "Brays Oaks", "street": "11121 Fondren Rd", "city": "Houston", "postalCode": "77096", "state": "Texas", "countryCode": "US", "website": "https://hartzchicken218.com/", "phone": "+1 832-285-4553", "phoneUnformatted": "+18322854553", "claimThisBusiness": false, "totalScore": 4.1, "permanentlyClosed": false, "temporarilyClosed": false, "placeId": "ChIJPfdWG7bpQIYR2BqNJDObd-4", "categories": [ "Fast food restaurant", "American restaurant", "Chicken restaurant", "Family restaurant", "Fried chicken takeaway", "Restaurant" ], "fid": "0x8640e9b61b56f73d:0xee779b33248d1ad8", "cid": "17183373547214281432", "reviewsCount": 69, "imagesCount": 47.0, "scrapedAt": "2025-07-04T15:41:03.119Z", "price_category": "Low ($1-15)", "service_options": [ "Kerbside pickup", "Delivery", "Drive-through", "Takeaway", "Dine-in" ], "has_drive_through": true }, "geometry": { "type": "Point", "coordinates": [ -10631911.221861453726888, 3459702.435384862590581 ] } },
{ "type": "Feature", "properties": { "title": "McDonald's", "price": "€", "categoryName": "Fast food restaurant", "address": "11311 Fondren Rd, Houston, TX 77035, United States", "neighborhood": "Brays Oaks", "street": "11311 Fondren Rd", "city": "Houston", "postalCode": "77035", "state": "Texas", "countryCode": "US", "website": "https://www.mcdonalds.com/us/en-us/location/TX/HOUSTON/11311-FONDREN-RD/33225.html?cid=RF:YXT:GMB::Clicks", "phone": "+1 713-723-9100", "phoneUnformatted": "+17137239100", "claimThisBusiness": false, "totalScore": 3.6, "permanentlyClosed": false, "temporarilyClosed": false, "placeId": "ChIJlwx2QMnpQIYRD9wvggWc_8o", "categories": [ "Fast food restaurant", "Breakfast restaurant", "Coffee shop", "Hamburger restaurant", "Restaurant", "Sandwich shop" ], "fid": "0x8640e9c940760c97:0xcaff9c05822fdc0f", "cid": "14627581662195604495", "reviewsCount": 1815, "imagesCount": 172.0, "scrapedAt": "2025-07-04T15:41:04.476Z", "price_category": "Low ($1-15)", "service_options": [ "Kerbside pickup", "No-contact delivery", "Delivery", "Drive-through", "On-site services", "Takeaway", "Dine-in" ], "has_drive_through": true }, "geometry": { "type": "Point", "coordinates": [ -10631893.945076482370496, 3459257.801447613164783 ] } },
{ "type": "Feature", "properties": { "title": "Chick-fil-A", "price": "$", "categoryName": "Chicken restaurant", "address": "Tract 27 of Meyer Park Center, 9799 S Post Oak Rd, Houston, TX 77096", "neighborhood": "Willow Meadows/ Willowbend Area", "street": "Tract 27 of Meyer Park Center, 9799 S Post Oak Rd", "city": "Houston", "postalCode": "77096", "state": "Texas", "countryCode": "US", "website": "https://www.chick-fil-a.com/locations/tx/meyer-park-center?utm_source=yext&utm_medium=link", "phone": "(713) 965-7444", "phoneUnformatted": "+17139657444", "claimThisBusiness": false, "totalScore": 3.9, "permanentlyClosed": false, "temporarilyClosed": false, "placeId": "ChIJn0ScY2HrQIYRBtM23gdUhhw", "categories": [ "Chicken restaurant", "Caterer", "Fast food restaurant" ], "fid": "0x8640eb61639c449f:0x1c865407de36d306", "cid": "2055422672710849286", "reviewsCount": 519, "imagesCount": 173.0, "scrapedAt": "2025-07-04T15:41:06.696Z", "price_category": "Low ($1-15)", "service_options": [ "Curbside pickup", "Delivery", "Drive-through", "Takeout", "Dine-in" ], "has_drive_through": true }, "geometry": { "type": "Point", "coordinates": [ -10626478.552412016317248, 3461787.19298866065219 ] } },
{ "type": "Feature", "properties": { "title": "McDonald's", "price": "$", "categoryName": "Fast food restaurant", "address": "10315 S Post Oak Rd, Houston, TX 77035", "neighborhood": "Willow Meadows/ Willowbend Area", "street": "10315 S Post Oak Rd", "city": "Houston", "postalCode": "77035", "state": "Texas", "countryCode": "US", "website": "https://www.mcdonalds.com/us/en-us/location/TX/HOUSTON/10315-S-POST-OAK/37125.html?cid=RF:YXT:GMB::Clicks", "phone": "(713) 726-8467", "phoneUnformatted": "+17137268467", "claimThisBusiness": false, "totalScore": 3.9, "permanentlyClosed": false, "temporarilyClosed": false, "placeId": "ChIJxwRHCAzqQIYRUbf1S6Fc8pI", "categories": [ "Fast food restaurant", "Breakfast restaurant", "Coffee shop", "Hamburger restaurant", "Restaurant", "Sandwich shop" ], "fid": "0x8640ea0c084704c7:0x92f25ca14bf5b751", "cid": "10588627521735341905", "reviewsCount": 1682, "imagesCount": 283.0, "scrapedAt": "2025-07-04T15:41:06.697Z", "price_category": "Low ($1-15)", "service_options": [ "Curbside pickup", "No-contact delivery", "Delivery", "Drive-through", "Onsite services", "Takeout", "Dine-in" ], "has_drive_through": true }, "geometry": { "type": "Point", "coordinates": [ -10626718.189879845827818, 3461197.611896886490285 ] } },
{ "type": "Feature", "properties": { "title": "McDonald's", "price": "$", "categoryName": "Fast food restaurant", "address": "5911 S Braeswood Blvd, Houston, TX 77096", "neighborhood": "Meyerland Area", "street": "5911 S Braeswood Blvd", "city": "Houston", "postalCode": "77096", "state": "Texas", "countryCode": "US", "website": "https://www.mcdonalds.com/us/en-us/location/TX/HOUSTON/5911-S-BRAESWOOD-BLVD/3336.html?cid=RF:YXT:GMB::Clicks", "phone": "(713) 721-4925", "phoneUnformatted": "+17137214925", "claimThisBusiness": false, "totalScore": 3.9, "permanentlyClosed": false, "temporarilyClosed": false, "placeId": "ChIJqefELgrCQIYRUdAmyEoYW-I", "categories": [ "Fast food restaurant", "Breakfast restaurant", "Coffee shop", "Hamburger restaurant", "Restaurant", "Sandwich shop" ], "fid": "0x8640c20a2ec4e7a9:0xe25b184ac826d051", "cid": "16310657184917016657", "reviewsCount": 2001, "imagesCount": 339.0, "scrapedAt": "2025-07-04T15:41:06.697Z", "price_category": "Low ($1-15)", "service_options": [ "Curbside pickup", "No-contact delivery", "Delivery", "Drive-through", "Onsite services", "Takeout", "Dine-in" ], "has_drive_through": true }, "geometry": { "type": "Point", "coordinates": [ -10630345.546619294211268, 3462148.760040441993624 ] } },
{ "type": "Feature", "properties": { "title": "Taco Cabana", "price": "$", "categoryName": "Taco restaurant", "address": "4903 W Bellfort Ave, Houston, TX 77035", "neighborhood": "Meyerland Area", "street": "4903 W Bellfort Ave", "city": "Houston", "postalCode": "77035", "state": "Texas", "countryCode": "US", "website": "https://www.tacocabana.com/?utm_source=google-business-profile&utm_medium=organic&utm_campaign=business-listing&utm_id=20172", "phone": "(713) 721-0293", "phoneUnformatted": "+17137210293", "claimThisBusiness": false, "totalScore": 3.9, "permanentlyClosed": false, "temporarilyClosed": false, "placeId": "ChIJ9UWSrw7qQIYRaSddpbucq5I", "categories": [ "Taco restaurant", "Mexican restaurant", "Tex-Mex restaurant" ], "fid": "0x8640ea0eaf9245f5:0x92ab9cbba55d2769", "cid": "10568713280302163817", "reviewsCount": 1985, "imagesCount": 334.0, "scrapedAt": "2025-07-04T15:41:06.697Z", "price_category": "Low ($1-15)", "service_options": [ "Outdoor seating", "Curbside pickup", "No-contact delivery", "Delivery", "Drive-through", "Takeout", "Dine-in" ], "has_drive_through": true }, "geometry": { "type": "Point", "coordinates": [ -10626840.485472431406379, 3461236.790054775308818 ] } },
{ "type": "Feature", "properties": { "title": "Little Caesars Pizza", "price": "€", "categoryName": "Pizza restaurant", "address": "11101 Fondren Rd, Houston, TX 77096, United States", "neighborhood": "Brays Oaks", "street": "11101 Fondren Rd", "city": "Houston", "postalCode": "77096", "state": "Texas", "countryCode": "US", "website": null, "phone": "+1 713-776-9200", "phoneUnformatted": "+17137769200", "claimThisBusiness": false, "totalScore": 2.8, "permanentlyClosed": false, "temporarilyClosed": false, "placeId": "ChIJz1bZk8XpQIYR8y_f2Ro71rs", "categories": [ "Pizza restaurant", "Fast food restaurant", "Pizza delivery", "Pizza takeaway" ], "fid": "0x8640e9c593d956cf:0xbbd63b1ad9df2ff3", "cid": "13535070716619075571", "reviewsCount": 904, "imagesCount": 122.0, "scrapedAt": "2025-07-04T15:41:07.365Z", "price_category": "Low ($1-15)", "service_options": [ "Delivery", "Drive-through", "Takeaway" ], "has_drive_through": true }, "geometry": { "type": "Point", "coordinates": [ -10631911.455632383003831, 3459792.696281584445387 ] } },
{ "type": "Feature", "properties": { "title": "McDonald's", "price": "$", "categoryName": "Fast food restaurant", "address": "9805 S Main St, Houston, TX 77025", "neighborhood": "South Main", "street": "9805 S Main St", "city": "Houston", "postalCode": "77025", "state": "Texas", "countryCode": "US", "website": "https://www.mcdonalds.com/us/en-us/location/TX/HOUSTON/9805-S-MAIN/23673.html?cid=RF:YXT:GMB::Clicks", "phone": "(713) 569-7622", "phoneUnformatted": "+17135697622", "claimThisBusiness": false, "totalScore": 3.3, "permanentlyClosed": false, "temporarilyClosed": false, "placeId": "ChIJP4y8HCjAQIYR7gdfTCAw_lw", "categories": [ "Fast food restaurant", "Breakfast restaurant", "Coffee shop", "Hamburger restaurant", "Restaurant", "Sandwich shop" ], "fid": "0x8640c0281cbc8c3f:0x5cfe30204c5f07ee", "cid": "6700846210852259822", "reviewsCount": 2488, "imagesCount": 247.0, "scrapedAt": "2025-07-04T15:41:07.534Z", "price_category": "Low ($1-15)", "service_options": [ "Curbside pickup", "Delivery", "Drive-through", "Onsite services", "Takeout", "Dine-in" ], "has_drive_through": true }, "geometry": { "type": "Point", "coordinates": [ -10622771.513181058689952, 3462277.002188596408814 ] } },
{ "type": "Feature", "properties": { "title": "Arby's", "price": "$", "categoryName": "Fast food restaurant", "address": "3055 S Loop W, Houston, TX 77054", "neighborhood": "South Main", "street": "3055 S Loop W", "city": "Houston", "postalCode": "77054", "state": "Texas", "countryCode": "US", "website": "https://locations.arbys.com/tx/houston/3055-south-loop-west.html?utm_source=google%20my%20business&utm_medium=organic&utm_campaign=website%20link", "phone": "(346) 237-9520", "phoneUnformatted": "+13462379520", "claimThisBusiness": false, "totalScore": 3.9, "permanentlyClosed": false, "temporarilyClosed": false, "placeId": "ChIJaXEBceO_QIYR_Wtbs-DV5R0", "categories": [ "Fast food restaurant", "American restaurant", "Deli", "Takeout Restaurant", "Sandwich shop" ], "fid": "0x8640bfe371017169:0x1de5d5e0b35b6bfd", "cid": "2154363157825154045", "reviewsCount": 1086, "imagesCount": 191.0, "scrapedAt": "2025-07-04T15:41:07.534Z", "price_category": "Low ($1-15)", "service_options": [ "Delivery", "Drive-through", "Takeout", "Dine-in" ], "has_drive_through": true }, "geometry": { "type": "Point", "coordinates": [ -10622847.165907, 3462070.347046987619251 ] } },
{ "type": "Feature", "properties": { "title": "Jack in the Box", "price": "€", "categoryName": "Fast food restaurant", "address": "15819 John F Kennedy Blvd, Houston, TX 77032, United States", "neighborhood": "Iah / Airport Area", "street": "15819 John F Kennedy Blvd", "city": "Houston", "postalCode": "77032", "state": "Texas", "countryCode": "US", "website": "https://locations.jackinthebox.com/us/tx/houston/15819-john-f-kennedy-blvd?utm_source=google&utm_medium=local&utm_campaign=google-local", "phone": "+1 281-987-8316", "phoneUnformatted": "+12819878316", "claimThisBusiness": false, "totalScore": 3.6, "permanentlyClosed": false, "temporarilyClosed": false, "placeId": "ChIJI4xAFpi2QIYRI52BnGpeTMw", "categories": [ "Fast food restaurant", "American restaurant", "Breakfast restaurant", "Chicken restaurant", "Dessert restaurant", "Hamburger restaurant", "Meal delivery", "Mexican restaurant" ], "fid": "0x8640b69816408c23:0xcc4c5e6a9c819d23", "cid": "14721245093952593187", "reviewsCount": 2031, "imagesCount": 286.0, "scrapedAt": "2025-07-04T15:41:07.524Z", "price_category": "Low ($1-15)", "service_options": [ "No-contact delivery", "Delivery", "Drive-through", "Takeaway", "Dine-in" ], "has_drive_through": true }, "geometry": { "type": "Point", "coordinates": [ -10612342.936304306611419, 3496906.559690678492188 ] } },
{ "type": "Feature", "properties": { "title": "McDonald's", "price": "$", "categoryName": "Fast food restaurant", "address": "4121 S Sam Houston Pkwy E, Houston, TX 77048", "neighborhood": "Minnetex", "street": "4121 S Sam Houston Pkwy E", "city": "Houston", "postalCode": "77048", "state": "Texas", "countryCode": "US", "website": "http://www.mcdonalds.com/?cid=RF:YXT:GMB::Clicks", "phone": "(713) 264-8031", "phoneUnformatted": "+17132648031", "claimThisBusiness": false, "totalScore": 3.6, "permanentlyClosed": false, "temporarilyClosed": false, "placeId": "ChIJv7onwtqVQIYRVHB9ULT0wMc", "categories": [ "Fast food restaurant", "Breakfast restaurant", "Coffee shop", "Hamburger restaurant", "Ice cream shop", "Restaurant", "Sandwich shop" ], "fid": "0x864095dac227babf:0xc7c0f4b4507d7054", "cid": "14393773464357793876", "reviewsCount": 520, "imagesCount": 83.0, "scrapedAt": "2025-07-04T15:41:10.063Z", "price_category": "Low ($1-15)", "service_options": [ "No-contact delivery", "Delivery", "Drive-through", "Takeout", "Dine-in" ], "has_drive_through": true }, "geometry": { "type": "Point", "coordinates": [ -10614584.677077952772379, 3452219.025060341693461 ] } },
{ "type": "Feature", "properties": { "title": "Hughie's Tavern & Viet Grill", "price": "$10–20", "categoryName": "Vietnamese restaurant", "address": "1802 W 18th St, Houston, TX 77008", "neighborhood": "Lazybrook / Timbergrove", "street": "1802 W 18th St", "city": "Houston", "postalCode": "77008", "state": "Texas", "countryCode": "US", "website": "http://www.hughiesgrille.com/", "phone": "(713) 869-1830", "phoneUnformatted": "+17138691830", "claimThisBusiness": false, "totalScore": 4.6, "permanentlyClosed": false, "temporarilyClosed": false, "placeId": "ChIJPUHehBvHQIYRPikYjqxjvE0", "categories": [ "Vietnamese restaurant", "American restaurant", "Gastropub" ], "fid": "0x8640c71b84de413d:0x4dbc63ac8e18293e", "cid": "5601461629311527230", "reviewsCount": 2336, "imagesCount": 1475.0, "scrapedAt": "2025-07-04T15:41:16.256Z", "price_category": "Low ($1-15)", "service_options": [ "Outdoor seating", "Curbside pickup", "Delivery", "Drive-through", "Takeout", "Dine-in" ], "has_drive_through": true }, "geometry": { "type": "Point", "coordinates": [ -10623405.277306040748954, 3478035.296213053632528 ] } },
{ "type": "Feature", "properties": { "title": "Chick-fil-A", "price": "$", "categoryName": "Chicken restaurant", "address": "13240 Northwest Fwy, Houston, TX 77040", "neighborhood": "Fairbanks / Northwest Crossing", "street": "13240 Northwest Fwy", "city": "Houston", "postalCode": "77040", "state": "Texas", "countryCode": "US", "website": "https://www.chick-fil-a.com/locations/tx/northwest-crossing?utm_source=yext&utm_medium=link", "phone": "(713) 462-7698", "phoneUnformatted": "+17134627698", "claimThisBusiness": false, "totalScore": 4.5, "permanentlyClosed": false, "temporarilyClosed": false, "placeId": "ChIJ_3Hsf43FQIYRL-RzpPU6qf8", "categories": [ "Chicken restaurant", "Caterer", "Fast food restaurant" ], "fid": "0x8640c58d7fec71ff:0xffa93af5a473e42f", "cid": "18422320577436181551", "reviewsCount": 2966, "imagesCount": 381.0, "scrapedAt": "2025-07-04T15:41:19.599Z", "price_category": "Low ($1-15)", "service_options": [ "Outdoor seating", "No-contact delivery", "Delivery", "Drive-through", "Onsite services", "Takeout", "Dine-in" ], "has_drive_through": true }, "geometry": { "type": "Point", "coordinates": [ -10631231.282411688938737, 3484015.201324320398271 ] } },
{ "type": "Feature", "properties": { "title": "Hartz Chicken Buffet", "price": "$", "categoryName": "Fast food restaurant", "address": "1215 Pinemont Dr, Houston, TX 77018", "neighborhood": "Central Northwest", "street": "1215 Pinemont Dr", "city": "Houston", "postalCode": "77018", "state": "Texas", "countryCode": "US", "website": "http://www.hartz-chicken.com/", "phone": "(713) 681-8050", "phoneUnformatted": "+17136818050", "claimThisBusiness": false, "totalScore": 4.0, "permanentlyClosed": false, "temporarilyClosed": false, "placeId": "ChIJ4414NbPHQIYRXOipHYqzqCU", "categories": [ "Fast food restaurant", "Buffet restaurant", "Chicken restaurant" ], "fid": "0x8640c7b335788de3:0x25a8b38a1da9e85c", "cid": "2713616181275256924", "reviewsCount": 370, "imagesCount": 65.0, "scrapedAt": "2025-07-04T15:41:20.686Z", "price_category": "Low ($1-15)", "service_options": [ "Drive-through", "Takeout", "Dine-in" ], "has_drive_through": true }, "geometry": { "type": "Point", "coordinates": [ -10622813.758927812799811, 3483089.473517710808665 ] } },
{ "type": "Feature", "properties": { "title": "Jack in the Box", "price": "$", "categoryName": "Fast food restaurant", "address": "9310 Clay Rd, Houston, TX 77080", "neighborhood": "Fairbanks / Northwest Crossing", "street": "9310 Clay Rd", "city": "Houston", "postalCode": "77080", "state": "Texas", "countryCode": "US", "website": "https://locations.jackinthebox.com/us/tx/houston/9310-clay-rd?utm_source=google&utm_medium=local&utm_campaign=google-local", "phone": "(713) 462-6308", "phoneUnformatted": "+17134626308", "claimThisBusiness": false, "totalScore": 3.7, "permanentlyClosed": false, "temporarilyClosed": false, "placeId": "ChIJE40JoAvFQIYRZFPwiq13EdM", "categories": [ "Fast food restaurant", "American restaurant", "Breakfast restaurant", "Chicken restaurant", "Dessert restaurant", "Hamburger restaurant", "Delivery Restaurant", "Mexican restaurant" ], "fid": "0x8640c50ba0098d13:0xd31177ad8af05364", "cid": "15209069003850928996", "reviewsCount": 1433, "imagesCount": 241.0, "scrapedAt": "2025-07-04T15:41:20.686Z", "price_category": "Low ($1-15)", "service_options": [ "No-contact delivery", "Delivery", "Drive-through", "Takeout", "Dine-in" ], "has_drive_through": true }, "geometry": { "type": "Point", "coordinates": [ -10633615.712508631870151, 3482099.572779176291078 ] } },
{ "type": "Feature", "properties": { "title": "McDonald's", "price": "$", "categoryName": "Fast food restaurant", "address": "12020 Northwest Fwy, Houston, TX 77092", "neighborhood": "Central Northwest", "street": "12020 Northwest Fwy", "city": "Houston", "postalCode": "77092", "state": "Texas", "countryCode": "US", "website": "https://www.mcdonalds.com/us/en-us/location/TX/HOUSTON/12020-NORTHWEST-FWY/2856.html?cid=RF:YXT:GMB::Clicks", "phone": "(713) 681-9460", "phoneUnformatted": "+17136819460", "claimThisBusiness": false, "totalScore": 3.7, "permanentlyClosed": false, "temporarilyClosed": false, "placeId": "ChIJR9qpud7FQIYRsF8PxecKV80", "categories": [ "Fast food restaurant", "Breakfast restaurant", "Coffee shop", "Hamburger restaurant", "Restaurant", "Sandwich shop" ], "fid": "0x8640c5deb9a9da47:0xcd570ae7c50f5fb0", "cid": "14796307091308896176", "reviewsCount": 2578, "imagesCount": 377.0, "scrapedAt": "2025-07-04T15:41:21.767Z", "price_category": "Low ($1-15)", "service_options": [ "Curbside pickup", "No-contact delivery", "Delivery", "Drive-through", "Onsite services", "Takeout", "Dine-in" ], "has_drive_through": true }, "geometry": { "type": "Point", "coordinates": [ -10629001.129997031763196, 3482051.797375636640936 ] } },
{ "type": "Feature", "properties": { "title": "Jack in the Box", "price": "$", "categoryName": "Fast food restaurant", "address": "5757 Hollister St, Houston, TX 77040", "neighborhood": "Fairbanks / Northwest Crossing", "street": "5757 Hollister St", "city": "Houston", "postalCode": "77040", "state": "Texas", "countryCode": "US", "website": "https://locations.jackinthebox.com/us/tx/houston/5757-hollister-st?utm_source=google&utm_medium=local&utm_campaign=google-local", "phone": "(713) 690-2329", "phoneUnformatted": "+17136902329", "claimThisBusiness": false, "totalScore": 3.6, "permanentlyClosed": false, "temporarilyClosed": false, "placeId": "ChIJB06uWY7FQIYRXli26nG0cPI", "categories": [ "Fast food restaurant", "American restaurant", "Breakfast restaurant", "Chicken restaurant", "Dessert restaurant", "Hamburger restaurant", "Delivery Restaurant", "Mexican restaurant" ], "fid": "0x8640c58e59ae4e07:0xf270b471eab6585e", "cid": "17469661355932276830", "reviewsCount": 1083, "imagesCount": 164.0, "scrapedAt": "2025-07-04T15:41:21.767Z", "price_category": "Low ($1-15)", "service_options": [ "No-contact delivery", "Delivery", "Drive-through", "Takeout", "Dine-in" ], "has_drive_through": true }, "geometry": { "type": "Point", "coordinates": [ -10631621.780053442344069, 3484299.975119730923325 ] } },
{ "type": "Feature", "properties": { "title": "Taco Bell", "price": "$", "categoryName": "Fast food restaurant", "address": "5772 Hollister St, Houston, TX 77040", "neighborhood": "Fairbanks / Northwest Crossing", "street": "5772 Hollister St", "city": "Houston", "postalCode": "77040", "state": "Texas", "countryCode": "US", "website": "https://locations.tacobell.com/tx/houston/5772-hollister-st-.html?utm_source=yext&utm_campaign=googlelistings&utm_medium=referral&utm_term=005736&utm_content=website&y_source=1_MzkxNzE2OS03MTUtbG9jYXRpb24ud2Vic2l0ZQ%3D%3D", "phone": "(713) 939-8414", "phoneUnformatted": "+17139398414", "claimThisBusiness": false, "totalScore": 3.7, "permanentlyClosed": false, "temporarilyClosed": false, "placeId": "ChIJzY5hm47FQIYR1bYI52EyPw4", "categories": [ "Fast food restaurant", "Breakfast restaurant", "Burrito restaurant", "Lunch restaurant", "Takeout Restaurant", "Mexican restaurant", "Restaurant", "Taco restaurant", "Tex-Mex restaurant", "Vegetarian restaurant" ], "fid": "0x8640c58e9b618ecd:0xe3f3261e708b6d5", "cid": "1026594636133086933", "reviewsCount": 1272, "imagesCount": 298.0, "scrapedAt": "2025-07-04T15:41:21.767Z", "price_category": "Low ($1-15)", "service_options": [ "Delivery", "Drive-through", "Takeout", "Dine-in" ], "has_drive_through": true }, "geometry": { "type": "Point", "coordinates": [ -10631488.964768975973129, 3484542.001883795950562 ] } },
{ "type": "Feature", "properties": { "title": "Dairy Queen", "price": "$", "categoryName": "Fast food restaurant", "address": "5425 Antoine Dr, Houston, TX 77091", "neighborhood": "Central Northwest", "street": "5425 Antoine Dr", "city": "Houston", "postalCode": "77091", "state": "Texas", "countryCode": "US", "website": "https://dqtexas.com/?y_source=1_MjkzMzkyMzgtNzE1LWxvY2F0aW9uLndlYnNpdGU%3D", "phone": "(713) 682-7078", "phoneUnformatted": "+17136827078", "claimThisBusiness": false, "totalScore": 3.6, "permanentlyClosed": false, "temporarilyClosed": false, "placeId": "ChIJy1NoXAnGQIYRESN1pJ7m9Fs", "categories": [ "Fast food restaurant", "Ice cream shop" ], "fid": "0x8640c6095c6853cb:0x5bf4e69ea4752311", "cid": "6626174520807203601", "reviewsCount": 496, "imagesCount": 99.0, "scrapedAt": "2025-07-04T15:41:21.767Z", "price_category": "Low ($1-15)", "service_options": [ "Delivery", "Drive-through", "Takeout", "Dine-in" ], "has_drive_through": true }, "geometry": { "type": "Point", "coordinates": [ -10628074.506555670872331, 3483528.836484304629266 ] } },
{ "type": "Feature", "properties": { "title": "Starbucks", "price": "$$", "categoryName": "Coffee shop", "address": "10501 Pearland Pkwy, Houston, TX 77075", "neighborhood": "South Belt / Ellington", "street": "10501 Pearland Pkwy", "city": "Houston", "postalCode": "77075", "state": "Texas", "countryCode": "US", "website": "https://www.starbucks.com/store-locator/store/1005890", "phone": "(713) 987-9130", "phoneUnformatted": "+17139879130", "claimThisBusiness": false, "totalScore": 4.0, "permanentlyClosed": false, "temporarilyClosed": false, "placeId": "ChIJW1r3dSmXQIYR7bY1eeCBlwc", "categories": [ "Coffee shop", "Breakfast restaurant", "Cafe", "Coffee store", "Espresso bar", "Internet cafe" ], "fid": "0x8640972975f75a5b:0x79781e07935b6ed", "cid": "547048680855025389", "reviewsCount": 988, "imagesCount": 137.0, "scrapedAt": "2025-07-04T15:41:23.091Z", "price_category": "Medium ($16-35)", "service_options": [ "Outdoor seating", "No-contact delivery", "Delivery", "Drive-through", "Takeout", "Dine-in" ], "has_drive_through": true }, "geometry": { "type": "Point", "coordinates": [ -10604952.368518846109509, 3452131.134419079869986 ] } },
{ "type": "Feature", "properties": { "title": "Taco Bell", "price": "€", "categoryName": "Fast food restaurant", "address": "15797 John F Kennedy Blvd, Houston, TX 77032, United States", "neighborhood": "Iah / Airport Area", "street": "15797 John F Kennedy Blvd", "city": "Houston", "postalCode": "77032", "state": "Texas", "countryCode": "US", "website": "https://locations.tacobell.com/tx/houston/15797-jfk-blvd.html?utm_source=yext&utm_campaign=googlelistings&utm_medium=referral&utm_term=035705&utm_content=website&y_source=1_MzkxNjc3Ny03MTUtbG9jYXRpb24ud2Vic2l0ZQ%3D%3D", "phone": "+1 281-590-5601", "phoneUnformatted": "+12815905601", "claimThisBusiness": false, "totalScore": 4.0, "permanentlyClosed": false, "temporarilyClosed": false, "placeId": "ChIJM9--IZi2QIYR4-HbgLBzfTk", "categories": [ "Fast food restaurant", "Breakfast restaurant", "Lunch restaurant", "Takeout restaurant", "Mexican restaurant", "Restaurant", "Tex-Mex restaurant", "Vegetarian restaurant" ], "fid": "0x8640b69821bedf33:0x397d73b080dbe1e3", "cid": "4142594434164056547", "reviewsCount": 1163, "imagesCount": 277.0, "scrapedAt": "2025-07-04T15:41:26.367Z", "price_category": "Low ($1-15)", "service_options": [ "Delivery", "Drive-through", "Takeaway", "Dine-in" ], "has_drive_through": true }, "geometry": { "type": "Point", "coordinates": [ -10612332.639251407235861, 3496806.530378827825189 ] } },
{ "type": "Feature", "properties": { "title": "JJ Fish & Chicken", "price": "$$", "categoryName": "Seafood restaurant", "address": "3602 Old Spanish Trl Suite C, Houston, TX 77021", "neighborhood": "South Side", "street": "3602 Old Spanish Trl Suite C", "city": "Houston", "postalCode": "77021", "state": "Texas", "countryCode": "US", "website": "http://jjfishandchickenhouston.com/", "phone": "(832) 582-5628", "phoneUnformatted": "+18325825628", "claimThisBusiness": false, "totalScore": 4.0, "permanentlyClosed": false, "temporarilyClosed": false, "placeId": "ChIJcU4rH_O_QIYRCGXWaNpvTVw", "categories": [ "Seafood restaurant" ], "fid": "0x8640bff31f2b4e71:0x5c4d6fda68d66508", "cid": "6651095208548525320", "reviewsCount": 525, "imagesCount": 261.0, "scrapedAt": "2025-07-04T15:41:41.602Z", "price_category": "Medium ($16-35)", "service_options": [ "Curbside pickup", "No-contact delivery", "Delivery", "Drive-through", "Takeout", "Dine-in" ], "has_drive_through": true }, "geometry": { "type": "Point", "coordinates": [ -10615935.950980845838785, 3465251.9915985125117 ] } },
{ "type": "Feature", "properties": { "title": "Wendy's", "price": "$", "categoryName": "Fast food restaurant", "address": "3910 Old Spanish Trl, Houston, TX 77021", "neighborhood": "South Side", "street": "3910 Old Spanish Trl", "city": "Houston", "postalCode": "77021", "state": "Texas", "countryCode": "US", "website": "https://locations.wendys.com/united-states/tx/houston/3910-old-spanish-trl?utm_source=Yext&utm_medium=Google_My_Business&utm_campaign=Local_Search&utm_content=EN_US", "phone": "(832) 652-3773", "phoneUnformatted": "+18326523773", "claimThisBusiness": false, "totalScore": 3.5, "permanentlyClosed": false, "temporarilyClosed": false, "placeId": "ChIJqe0A9Mm_QIYRPUWrqF3z0ZI", "categories": [ "Fast food restaurant", "Hamburger restaurant", "Restaurant" ], "fid": "0x8640bfc9f400eda9:0x92d1f35da8ab453d", "cid": "10579504583257310525", "reviewsCount": 919, "imagesCount": 255.0, "scrapedAt": "2025-07-04T15:41:42.584Z", "price_category": "Low ($1-15)", "service_options": [ "Delivery", "Drive-through", "Takeout", "Dine-in" ], "has_drive_through": true }, "geometry": { "type": "Point", "coordinates": [ -10615153.007606249302626, 3465422.608244941569865 ] } },
{ "type": "Feature", "properties": { "title": "McDonald's", "price": "$", "categoryName": "Fast food restaurant", "address": "3820 Old Spanish Trl, Houston, TX 77021", "neighborhood": "South Side", "street": "3820 Old Spanish Trl", "city": "Houston", "postalCode": "77021", "state": "Texas", "countryCode": "US", "website": "https://www.mcdonalds.com/us/en-us/location/TX/HOUSTON/3820-OLD-SPANISH-TRL/7174.html?cid=RF:YXT:GMB::Clicks", "phone": "(713) 748-1375", "phoneUnformatted": "+17137481375", "claimThisBusiness": false, "totalScore": 3.7, "permanentlyClosed": false, "temporarilyClosed": false, "placeId": "ChIJ1aC6ssm_QIYR0Tsew1L4J9Y", "categories": [ "Fast food restaurant", "Breakfast restaurant", "Coffee shop", "Hamburger restaurant", "Restaurant", "Sandwich shop" ], "fid": "0x8640bfc9b2baa0d5:0xd627f852c31e3bd1", "cid": "15431575682552839121", "reviewsCount": 2594, "imagesCount": 291.0, "scrapedAt": "2025-07-04T15:41:42.584Z", "price_category": "Low ($1-15)", "service_options": [ "Curbside pickup", "No-contact delivery", "Delivery", "Drive-through", "Onsite services", "Takeout", "Dine-in" ], "has_drive_through": true }, "geometry": { "type": "Point", "coordinates": [ -10615409.966386847198009, 3465283.723329721949995 ] } },
{ "type": "Feature", "properties": { "title": "Taco Bell", "price": "$", "categoryName": "Fast food restaurant", "address": "3720 Old Spanish Trl, Houston, TX 77021", "neighborhood": "South Side", "street": "3720 Old Spanish Trl", "city": "Houston", "postalCode": "77021", "state": "Texas", "countryCode": "US", "website": "https://locations.tacobell.com/tx/houston/3720-old-spanish-trail.html?utm_source=yext&utm_campaign=googlelistings&utm_medium=referral&utm_term=035713&utm_content=website&y_source=1_MzkxNzA0Ni03MTUtbG9jYXRpb24ud2Vic2l0ZQ%3D%3D", "phone": "(713) 842-2137", "phoneUnformatted": "+17138422137", "claimThisBusiness": false, "totalScore": 3.7, "permanentlyClosed": false, "temporarilyClosed": false, "placeId": "ChIJ8X0438e_QIYROWi_H81dbEM", "categories": [ "Fast food restaurant", "Breakfast restaurant", "Lunch restaurant", "Takeout Restaurant", "Mexican restaurant", "Restaurant", "Tex-Mex restaurant", "Vegetarian restaurant" ], "fid": "0x8640bfc7df387df1:0x436c5dcd1fbf6839", "cid": "4858361233608239161", "reviewsCount": 1075, "imagesCount": 220.0, "scrapedAt": "2025-07-04T15:41:42.585Z", "price_category": "Low ($1-15)", "service_options": [ "Delivery", "Drive-through", "Takeout", "Dine-in" ], "has_drive_through": true }, "geometry": { "type": "Point", "coordinates": [ -10615481.322180444374681, 3465284.607615758199245 ] } },
{ "type": "Feature", "properties": { "title": "McDonald's", "price": "$", "categoryName": "Fast food restaurant", "address": "4005 Elgin St, Houston, TX 77004", "neighborhood": "South Side", "street": "4005 Elgin St", "city": "Houston", "postalCode": "77004", "state": "Texas", "countryCode": "US", "website": "https://www.mcdonalds.com/us/en-us/location/TX/HOUSTON/4005-ELGIN-ST/2536.html?cid=RF:YXT:GMB::Clicks", "phone": "(713) 747-1715", "phoneUnformatted": "+17137471715", "claimThisBusiness": false, "totalScore": 3.5, "permanentlyClosed": false, "temporarilyClosed": false, "placeId": "ChIJZSqbm_i-QIYRVr8ak0M7r7I", "categories": [ "Fast food restaurant", "Breakfast restaurant", "Coffee shop", "Hamburger restaurant", "Restaurant", "Sandwich shop" ], "fid": "0x8640bef89b9b2a65:0xb2af3b43931abf56", "cid": "12875575021092388694", "reviewsCount": 1816, "imagesCount": 337.0, "scrapedAt": "2025-07-04T15:41:43.223Z", "price_category": "Low ($1-15)", "service_options": [ "Curbside pickup", "No-contact delivery", "Delivery", "Drive-through", "Takeout", "Dine-in" ], "has_drive_through": true }, "geometry": { "type": "Point", "coordinates": [ -10613765.365625714883208, 3468633.962931574787945 ] } },
{ "type": "Feature", "properties": { "title": "Church's Texas Chicken", "price": "$", "categoryName": "Chicken restaurant", "address": "3207 Old Spanish Trl, Houston, TX 77021", "neighborhood": "South Side", "street": "3207 Old Spanish Trl", "city": "Houston", "postalCode": "77021", "state": "Texas", "countryCode": "US", "website": "https://locations.churchs.com/tx/houston/3207-old-spanish-trail", "phone": "(713) 748-8779", "phoneUnformatted": "+17137488779", "claimThisBusiness": false, "totalScore": 3.5, "permanentlyClosed": false, "temporarilyClosed": false, "placeId": "ChIJC_r2Deu_QIYRRd79gnuTjjY", "categories": [ "Chicken restaurant", "Family restaurant", "Fast food restaurant" ], "fid": "0x8640bfeb0df6fa0b:0x368e937b82fdde45", "cid": "3931241683428957765", "reviewsCount": 1069, "imagesCount": 212.0, "scrapedAt": "2025-07-04T15:41:44.294Z", "price_category": "Low ($1-15)", "service_options": [ "Delivery", "Drive-through", "Onsite services", "Takeout", "Dine-in" ], "has_drive_through": true }, "geometry": { "type": "Point", "coordinates": [ -10617280.423262851312757, 3465182.91511970711872 ] } },
{ "type": "Feature", "properties": { "title": "Burger King", "price": "$", "categoryName": "Fast food restaurant", "address": "3211 Holcombe Blvd, Houston, TX 77021", "neighborhood": "South Side", "street": "3211 Holcombe Blvd", "city": "Houston", "postalCode": "77021", "state": "Texas", "countryCode": "US", "website": "https://burgerking.com/store-locator/store/restaurant_3808", "phone": "(713) 747-0500", "phoneUnformatted": "+17137470500", "claimThisBusiness": false, "totalScore": 3.4, "permanentlyClosed": false, "temporarilyClosed": false, "placeId": "ChIJx0COOuu_QIYR3wJofbafUq8", "categories": [ "Fast food restaurant", "Breakfast restaurant", "Delivery service", "Family restaurant" ], "fid": "0x8640bfeb3a8e40c7:0xaf529fb67d6802df", "cid": "12633335510864495327", "reviewsCount": 917, "imagesCount": 133.0, "scrapedAt": "2025-07-04T15:41:44.941Z", "price_category": "Low ($1-15)", "service_options": [ "Delivery", "Drive-through", "Takeout", "Dine-in" ], "has_drive_through": true }, "geometry": { "type": "Point", "coordinates": [ -10617224.585406268015504, 3465362.873578514903784 ] } },
{ "type": "Feature", "properties": { "title": "Dave's Hot Chicken", "price": "$$", "categoryName": "Chicken restaurant", "address": "614 Dennis St, Houston, TX 77006", "neighborhood": "Midtown", "street": "614 Dennis St", "city": "Houston", "postalCode": "77006", "state": "Texas", "countryCode": "US", "website": "https://restaurants.daveshotchicken.com/tx/houston/hot-chicken-dennis-st/?utm_source=google&utm_medium=wiideman&utm_campaign=pageleap", "phone": "(281) 584-3733", "phoneUnformatted": "+12815843733", "claimThisBusiness": false, "totalScore": 4.8, "permanentlyClosed": false, "temporarilyClosed": false, "placeId": "ChIJn46Dpbm_QIYRkod9MOVgGQs", "categories": [ "Chicken restaurant", "Halal restaurant" ], "fid": "0x8640bfb9a5838e9f:0xb1960e5307d8792", "cid": "799776946312284050", "reviewsCount": 4323, "imagesCount": 873.0, "scrapedAt": "2025-07-04T15:41:47.418Z", "price_category": "Medium ($16-35)", "service_options": [ "Outdoor seating", "Delivery", "Drive-through", "Takeout", "Dine-in" ], "has_drive_through": true }, "geometry": { "type": "Point", "coordinates": [ -10617395.605539973825216, 3470958.604889207985252 ] } },
{ "type": "Feature", "properties": { "title": "Starbucks", "price": "€€", "categoryName": "Coffee shop", "address": "2515 Green Oak Dr, Kingwood, TX 77339, United States", "neighborhood": "Kingwood", "street": "2515 Green Oak Dr", "city": "Kingwood", "postalCode": "77339", "state": "Texas", "countryCode": "US", "website": "https://www.starbucks.com/store-locator/store/8214/", "phone": "+1 281-359-8974", "phoneUnformatted": "+12813598974", "claimThisBusiness": false, "totalScore": 4.3, "permanentlyClosed": false, "temporarilyClosed": false, "placeId": "ChIJfSBJOqyyQIYRBpj3lJ7VpX8", "categories": [ "Coffee shop", "Breakfast restaurant", "Cafe", "Coffee store", "Espresso bar", "Internet cafe" ], "fid": "0x8640b2ac3a49207d:0x7fa5d59e94f79806", "cid": "9197992691054909446", "reviewsCount": 748, "imagesCount": 99.0, "scrapedAt": "2025-07-04T15:41:53.366Z", "price_category": "Medium ($16-35)", "service_options": [ "Outdoor seating", "Kerbside pickup", "No-contact delivery", "Delivery", "Drive-through", "Takeaway", "Dine-in" ], "has_drive_through": true }, "geometry": { "type": "Point", "coordinates": [ -10601368.660151738673449, 3510013.555651760660112 ] } },
{ "type": "Feature", "properties": { "title": "BOIL HOUSE", "price": "$$", "categoryName": "Seafood restaurant", "address": "606 E 11th St, Houston, TX 77008", "neighborhood": "Greater Heights", "street": "606 E 11th St", "city": "Houston", "postalCode": "77008", "state": "Texas", "countryCode": "US", "website": "http://theboilhouse.com/", "phone": "(713) 880-3999", "phoneUnformatted": "+17138803999", "claimThisBusiness": false, "totalScore": 4.6, "permanentlyClosed": false, "temporarilyClosed": false, "placeId": "ChIJCyZ63qC4QIYR9_sTWPuCPLE", "categories": [ "Seafood restaurant", "Cajun restaurant", "Restaurant" ], "fid": "0x8640b8a0de7a260b:0xb13c82fb5813fbf7", "cid": "12771226659341990903", "reviewsCount": 638, "imagesCount": 226.0, "scrapedAt": "2025-07-04T15:41:55.001Z", "price_category": "Medium ($16-35)", "service_options": [ "Outdoor seating", "Delivery", "Drive-through", "Takeout", "Dine-in" ], "has_drive_through": true }, "geometry": { "type": "Point", "coordinates": [ -10618954.601612687110901, 3476653.514517538715154 ] } },
{ "type": "Feature", "properties": { "title": "Burger King", "price": "$", "categoryName": "Fast food restaurant", "address": "19401 Aldine Westfield Rd, Houston, TX 77073", "neighborhood": null, "street": "19401 Aldine Westfield Rd", "city": "Houston", "postalCode": "77073", "state": "Texas", "countryCode": "US", "website": "https://burgerking.com/store-locator/store/restaurant_64956", "phone": "(281) 645-4168", "phoneUnformatted": "+12816454168", "claimThisBusiness": false, "totalScore": 3.8, "permanentlyClosed": false, "temporarilyClosed": false, "placeId": "ChIJfbClkKG1QIYRNWJTIeXMEGQ", "categories": [ "Fast food restaurant", "Breakfast restaurant", "Delivery service", "Family restaurant" ], "fid": "0x8640b5a190a5b07d:0x6410cce521536235", "cid": "7210488287898853941", "reviewsCount": 476, "imagesCount": 138.0, "scrapedAt": "2025-07-04T15:41:56.120Z", "price_category": "Low ($1-15)", "service_options": [ "Delivery", "Drive-through", "Takeout", "Dine-in" ], "has_drive_through": true }, "geometry": { "type": "Point", "coordinates": [ -10616677.772935541346669, 3503357.008239835035056 ] } },
{ "type": "Feature", "properties": { "title": "Kolache Shoppe - Heights", "price": "$", "categoryName": "Bakery", "address": "1031 Heights Blvd, Houston, TX 77008", "neighborhood": "Greater Heights", "street": "1031 Heights Blvd", "city": "Houston", "postalCode": "77008", "state": "Texas", "countryCode": "US", "website": "http://www.kolacheshoppe.com/", "phone": "(281) 846-6499", "phoneUnformatted": "+12818466499", "claimThisBusiness": false, "totalScore": 4.7, "permanentlyClosed": false, "temporarilyClosed": false, "placeId": "ChIJI2sbzj3HQIYRpKzxnn0FhN4", "categories": [ "Bakery", "Breakfast restaurant", "Coffee shop", "Czech restaurant" ], "fid": "0x8640c73dce1b6b23:0xde84057d9ef1aca4", "cid": "16033946610441497764", "reviewsCount": 658, "imagesCount": 154.0, "scrapedAt": "2025-07-04T15:41:57.116Z", "price_category": "Low ($1-15)", "service_options": [ "Delivery", "Drive-through", "In-store pickup", "Onsite services", "Takeout" ], "has_drive_through": true }, "geometry": { "type": "Point", "coordinates": [ -10619657.851363822817802, 3476617.803978491108865 ] } },
{ "type": "Feature", "properties": { "title": "Nana's", "price": "$10–20", "categoryName": "Mexican restaurant", "address": "4620 W 34th St, Houston, TX 77092", "neighborhood": "Central Northwest", "street": "4620 W 34th St", "city": "Houston", "postalCode": "77092", "state": "Texas", "countryCode": "US", "website": null, "phone": "(713) 993-6450", "phoneUnformatted": "+17139936450", "claimThisBusiness": false, "totalScore": 4.5, "permanentlyClosed": false, "temporarilyClosed": false, "placeId": "ChIJsTdW31zHQIYRzVP0wzJQXuY", "categories": [ "Mexican restaurant" ], "fid": "0x8640c75cdf5637b1:0xe65e5032c3f453cd", "cid": "16599793455500383181", "reviewsCount": 490, "imagesCount": 193.0, "scrapedAt": "2025-07-04T15:41:58.055Z", "price_category": "Low ($1-15)", "service_options": [ "Curbside pickup", "Delivery", "Drive-through", "Onsite services", "Takeout", "Dine-in" ], "has_drive_through": true }, "geometry": { "type": "Point", "coordinates": [ -10626411.794113386422396, 3480426.564412822015584 ] } },
{ "type": "Feature", "properties": { "title": "El Rey Taqueria", "price": "$", "categoryName": "Mexican restaurant", "address": "910 Shepherd Dr, Houston, TX 77007", "neighborhood": "Washington Avenue Coalition / Memorial Park", "street": "910 Shepherd Dr", "city": "Houston", "postalCode": "77007", "state": "Texas", "countryCode": "US", "website": "http://elreytaqueria.com/", "phone": "(713) 802-9145", "phoneUnformatted": "+17138029145", "claimThisBusiness": true, "totalScore": 4.3, "permanentlyClosed": false, "temporarilyClosed": false, "placeId": "ChIJE2Y8XrPAQIYRUsy9CSmWGoY", "categories": [ "Mexican restaurant", "Cuban restaurant", "Fast food restaurant" ], "fid": "0x8640c0b35e3c6613:0x861a962909bdcc52", "cid": "9663201053478079570", "reviewsCount": 2293, "imagesCount": 700.0, "scrapedAt": "2025-07-04T15:41:59.031Z", "price_category": "Low ($1-15)", "service_options": [ "Outdoor seating", "Delivery", "Drive-through", "Onsite services", "Takeout", "Dine-in" ], "has_drive_through": true }, "geometry": { "type": "Point", "coordinates": [ -10620914.069553526118398, 3474060.577031215187162 ] } },
{ "type": "Feature", "properties": { "title": "El Pollo Loco", "price": "$", "categoryName": "Mexican restaurant", "address": "3102 Ella Blvd, Houston, TX 77018", "neighborhood": "Central Northwest", "street": "3102 Ella Blvd", "city": "Houston", "postalCode": "77018", "state": "Texas", "countryCode": "US", "website": "https://restaurants.elpolloloco.com/tx/houston/3102-ella-blvd-3944?utm_source=gmb&utm_medium=yext", "phone": "(713) 868-8934", "phoneUnformatted": "+17138688934", "claimThisBusiness": false, "totalScore": 4.1, "permanentlyClosed": false, "temporarilyClosed": false, "placeId": "ChIJ90rHawfHQIYRF6Atyy5f840", "categories": [ "Mexican restaurant", "Caterer", "Chicken restaurant", "Fast food restaurant" ], "fid": "0x8640c7076bc74af7:0x8df35f2ecb2da017", "cid": "10228623833270427671", "reviewsCount": 1214, "imagesCount": 241.0, "scrapedAt": "2025-07-04T15:42:00.694Z", "price_category": "Low ($1-15)", "service_options": [ "No-contact delivery", "Delivery", "Drive-through", "Onsite services", "Takeout", "Dine-in" ], "has_drive_through": true }, "geometry": { "type": "Point", "coordinates": [ -10623104.469778019934893, 3479845.891711777541786 ] } },
{ "type": "Feature", "properties": { "title": "Taco Bell", "price": "$", "categoryName": "Fast food restaurant", "address": "2701 Yale St, Houston, TX 77008", "neighborhood": "Greater Heights", "street": "2701 Yale St", "city": "Houston", "postalCode": "77008", "state": "Texas", "countryCode": "US", "website": "https://locations.tacobell.com/tx/houston/2701-yale-street.html?utm_source=yext&utm_campaign=googlelistings&utm_medium=referral&utm_term=041076&utm_content=website&y_source=1_ODI4Mzk5OS03MTUtbG9jYXRpb24ud2Vic2l0ZQ%3D%3D", "phone": "(713) 862-0289", "phoneUnformatted": "+17138620289", "claimThisBusiness": false, "totalScore": 3.7, "permanentlyClosed": false, "temporarilyClosed": false, "placeId": "ChIJr-Gq-nvHQIYRPCk_Sv4xvIE", "categories": [ "Fast food restaurant", "Breakfast restaurant", "Lunch restaurant", "Takeout Restaurant", "Mexican restaurant", "Restaurant", "Tex-Mex restaurant", "Vegetarian restaurant" ], "fid": "0x8640c77bfaaae1af:0x81bc31fe4a3f293c", "cid": "9348401894751414588", "reviewsCount": 462, "imagesCount": 236.0, "scrapedAt": "2025-07-04T15:42:00.694Z", "price_category": "Low ($1-15)", "service_options": [ "Delivery", "Drive-through", "Takeout", "Dine-in" ], "has_drive_through": true }, "geometry": { "type": "Point", "coordinates": [ -10619861.532636128365993, 3479311.111517970915884 ] } },
{ "type": "Feature", "properties": { "title": "Jack in the Box", "price": "$", "categoryName": "Fast food restaurant", "address": "1812 Ella Blvd, Houston, TX 77008", "neighborhood": "Lazybrook / Timbergrove", "street": "1812 Ella Blvd", "city": "Houston", "postalCode": "77008", "state": "Texas", "countryCode": "US", "website": "https://locations.jackinthebox.com/us/tx/houston/1812-ella-blvd?utm_source=google&utm_medium=local&utm_campaign=google-local", "phone": "(281) 901-1763", "phoneUnformatted": "+12819011763", "claimThisBusiness": false, "totalScore": 3.4, "permanentlyClosed": false, "temporarilyClosed": false, "placeId": "ChIJlYdvnhvHQIYRBxa_KO3T6G4", "categories": [ "Fast food restaurant", "American restaurant", "Breakfast restaurant", "Chicken restaurant", "Dessert restaurant", "Hamburger restaurant", "Delivery Restaurant", "Mexican restaurant" ], "fid": "0x8640c71b9e6f8795:0x6ee8d3ed28bf1607", "cid": "7991870554313266695", "reviewsCount": 722, "imagesCount": 149.0, "scrapedAt": "2025-07-04T15:42:00.694Z", "price_category": "Low ($1-15)", "service_options": [ "No-contact delivery", "Delivery", "Drive-through", "Takeout", "Dine-in" ], "has_drive_through": true }, "geometry": { "type": "Point", "coordinates": [ -10623177.729134909808636, 3478109.021585738752037 ] } },
{ "type": "Feature", "properties": { "title": "McDonald's", "price": "$", "categoryName": "Fast food restaurant", "address": "1510 Studemont St, Houston, TX 77007", "neighborhood": "Washington Avenue Coalition / Memorial Park", "street": "1510 Studemont St", "city": "Houston", "postalCode": "77007", "state": "Texas", "countryCode": "US", "website": "https://www.mcdonalds.com/us/en-us/location/TX/HOUSTON/1510-STUDEMONT/36333.html?cid=RF:YXT:GMB::Clicks", "phone": "(713) 426-1015", "phoneUnformatted": "+17134261015", "claimThisBusiness": false, "totalScore": 3.5, "permanentlyClosed": false, "temporarilyClosed": false, "placeId": "ChIJR-rznKu4QIYR4Aim-1AEgf8", "categories": [ "Fast food restaurant", "Breakfast restaurant", "Coffee shop", "Hamburger restaurant", "Restaurant", "Sandwich shop" ], "fid": "0x8640b8ab9cf3ea47:0xff810450fba608e0", "cid": "18411001497533155552", "reviewsCount": 1911, "imagesCount": 319.0, "scrapedAt": "2025-07-04T15:42:01.701Z", "price_category": "Low ($1-15)", "service_options": [ "Curbside pickup", "No-contact delivery", "Delivery", "Drive-through", "Takeout", "Dine-in" ], "has_drive_through": true }, "geometry": { "type": "Point", "coordinates": [ -10618730.649061108008027, 3474661.597969704307616 ] } },
{ "type": "Feature", "properties": { "title": "Wendy's", "price": "$", "categoryName": "Fast food restaurant", "address": "210 Patton St, Houston, TX 77009", "neighborhood": "Northside", "street": "210 Patton St", "city": "Houston", "postalCode": "77009", "state": "Texas", "countryCode": "US", "website": "https://locations.wendys.com/united-states/tx/houston/210-patton-street?utm_source=Yext&utm_medium=Google_My_Business&utm_campaign=Local_Search&utm_content=EN_US", "phone": "(713) 695-5160", "phoneUnformatted": "+17136955160", "claimThisBusiness": false, "totalScore": 3.8, "permanentlyClosed": false, "temporarilyClosed": false, "placeId": "ChIJHelsV-q4QIYRQcwyp51GNuQ", "categories": [ "Fast food restaurant", "Hamburger restaurant", "Restaurant" ], "fid": "0x8640b8ea576ce91d:0xe436469da732cc41", "cid": "16444408732318878785", "reviewsCount": 1950, "imagesCount": 331.0, "scrapedAt": "2025-07-04T15:42:01.937Z", "price_category": "Low ($1-15)", "service_options": [ "Delivery", "Drive-through", "Onsite services", "Takeout", "Dine-in" ], "has_drive_through": true }, "geometry": { "type": "Point", "coordinates": [ -10616535.272855376824737, 3477545.437979696784168 ] } },
{ "type": "Feature", "properties": { "title": "McDonald's", "price": "$", "categoryName": "Fast food restaurant", "address": "3611 N Main St, Houston, TX 77009", "neighborhood": "Woodland Heights", "street": "3611 N Main St", "city": "Houston", "postalCode": "77009", "state": "Texas", "countryCode": "US", "website": "https://www.mcdonalds.com/us/en-us/location/TX/HOUSTON/3611-N-MAIN/4802.html?cid=RF:YXT:GMB::Clicks", "phone": "(713) 861-9263", "phoneUnformatted": "+17138619263", "claimThisBusiness": true, "totalScore": 3.8, "permanentlyClosed": false, "temporarilyClosed": false, "placeId": "ChIJOzlXrMC4QIYRrhaWei-jXfo", "categories": [ "Fast food restaurant", "Breakfast restaurant", "Coffee shop", "Hamburger restaurant", "Restaurant", "Sandwich shop" ], "fid": "0x8640b8c0ac57393b:0xfa5da32f7a9616ae", "cid": "18040755106631521966", "reviewsCount": 2887, "imagesCount": 264.0, "scrapedAt": "2025-07-04T15:42:01.937Z", "price_category": "Low ($1-15)", "service_options": [ "Curbside pickup", "No-contact delivery", "Delivery", "Drive-through", "Takeout", "Dine-in" ], "has_drive_through": true }, "geometry": { "type": "Point", "coordinates": [ -10616824.514288306236267, 3476582.875986283645034 ] } },
{ "type": "Feature", "properties": { "title": "Burger King", "price": "$", "categoryName": "Fast food restaurant", "address": "4639 Irvington Blvd, Houston, TX 77009", "neighborhood": "Northside", "street": "4639 Irvington Blvd", "city": "Houston", "postalCode": "77009", "state": "Texas", "countryCode": "US", "website": "https://burgerking.com/store-locator/store/restaurant_433", "phone": "(818) 703-1419", "phoneUnformatted": "+18187031419", "claimThisBusiness": false, "totalScore": 3.7, "permanentlyClosed": false, "temporarilyClosed": false, "placeId": "ChIJlXMc6OW4QIYRDsg5_T_xwpo", "categories": [ "Fast food restaurant", "Breakfast restaurant", "Delivery service", "Family restaurant" ], "fid": "0x8640b8e5e81c7395:0x9ac2f13ffd39c80e", "cid": "11151740884456425486", "reviewsCount": 1125, "imagesCount": 275.0, "scrapedAt": "2025-07-04T15:42:01.937Z", "price_category": "Low ($1-15)", "service_options": [ "Delivery", "Drive-through", "Takeout", "Dine-in" ], "has_drive_through": true }, "geometry": { "type": "Point", "coordinates": [ -10615590.593392606824636, 3478183.92761392518878 ] } },
{ "type": "Feature", "properties": { "title": "Jack in the Box", "price": "$", "categoryName": "Fast food restaurant", "address": "3110 W Dallas St, Houston, TX 77019", "neighborhood": "Montrose", "street": "3110 W Dallas St", "city": "Houston", "postalCode": "77019", "state": "Texas", "countryCode": "US", "website": "https://locations.jackinthebox.com/us/tx/houston/3110-w-dallas-st?utm_source=google&utm_medium=local&utm_campaign=google-local", "phone": "(713) 942-9524", "phoneUnformatted": "+17139429524", "claimThisBusiness": false, "totalScore": 3.4, "permanentlyClosed": false, "temporarilyClosed": false, "placeId": "ChIJnzlHZabAQIYRBRZOn4FbFTw", "categories": [ "Fast food restaurant", "American restaurant", "Breakfast restaurant", "Chicken restaurant", "Dessert restaurant", "Hamburger restaurant", "Delivery Restaurant", "Mexican restaurant" ], "fid": "0x8640c0a66547399f:0x3c155b819f4e1605", "cid": "4329467229068203525", "reviewsCount": 1350, "imagesCount": 305.0, "scrapedAt": "2025-07-04T15:42:04.351Z", "price_category": "Low ($1-15)", "service_options": [ "Curbside pickup", "No-contact delivery", "Delivery", "Drive-through", "Takeout", "Dine-in" ], "has_drive_through": true }, "geometry": { "type": "Point", "coordinates": [ -10619715.67070734128356, 3472446.85744501510635 ] } },
{ "type": "Feature", "properties": { "title": "McDonald's", "price": "$", "categoryName": "Fast food restaurant", "address": "2515 Fulton St, Houston, TX 77009", "neighborhood": "Northside", "street": "2515 Fulton St", "city": "Houston", "postalCode": "77009", "state": "Texas", "countryCode": "US", "website": "https://www.mcdonalds.com/us/en-us/location/TX/HOUSTON/2515-FULTON-STREET/26298.html?cid=RF:YXT:GMB::Clicks", "phone": "(713) 224-6964", "phoneUnformatted": "+17132246964", "claimThisBusiness": false, "totalScore": 3.6, "permanentlyClosed": false, "temporarilyClosed": false, "placeId": "ChIJTRscn9q4QIYRNfJzOK_y1KM", "categories": [ "Fast food restaurant", "Breakfast restaurant", "Coffee shop", "Hamburger restaurant", "Restaurant", "Sandwich shop" ], "fid": "0x8640b8da9f1c1b4d:0xa3d4f2af3873f235", "cid": "11805327357625233973", "reviewsCount": 1746, "imagesCount": 312.0, "scrapedAt": "2025-07-04T15:42:04.882Z", "price_category": "Low ($1-15)", "service_options": [ "Curbside pickup", "No-contact delivery", "Delivery", "Drive-through", "Onsite services", "Takeout", "Dine-in" ], "has_drive_through": true }, "geometry": { "type": "Point", "coordinates": [ -10615566.97139666043222, 3475951.32809258857742 ] } },
{ "type": "Feature", "properties": { "title": "Mi Rico Sazon", "price": null, "categoryName": "Mexican restaurant", "address": "302 E Tidwell Rd, Houston, TX 77022", "neighborhood": "Independence Heights", "street": "302 E Tidwell Rd", "city": "Houston", "postalCode": "77022", "state": "Texas", "countryCode": "US", "website": "https://www.facebook.com/profile.php?id=100095510017981&mibextid=LQQJ4d", "phone": "(386) 334-7316", "phoneUnformatted": "+13863347316", "claimThisBusiness": true, "totalScore": 5.0, "permanentlyClosed": false, "temporarilyClosed": false, "placeId": "ChIJAxHPGUTHQIYRGhNojaXRUrs", "categories": [ "Mexican restaurant" ], "fid": "0x8640c74419cf1103:0xbb52d1a58d68131a", "cid": "13498081542155014938", "reviewsCount": 2, "imagesCount": 1.0, "scrapedAt": "2025-07-04T15:42:06.614Z", "price_category": null, "service_options": [ "Curbside pickup", "No-contact delivery", "Delivery", "Drive-through", "Takeout", "Dine-in" ], "has_drive_through": true }, "geometry": { "type": "Point", "coordinates": [ -10619603.193493844941258, 3483657.189524917863309 ] } },
{ "type": "Feature", "properties": { "title": "AMA Curbside Cravings", "price": "$", "categoryName": "Fast food restaurant", "address": "4300 Yale St, Houston, TX 77018", "neighborhood": "Independence Heights", "street": "4300 Yale St", "city": "Houston", "postalCode": "77018", "state": "Texas", "countryCode": "US", "website": "http://amacurbsidecraving.com/", "phone": "(832) 533-3312", "phoneUnformatted": "+18325333312", "claimThisBusiness": true, "totalScore": 5.0, "permanentlyClosed": false, "temporarilyClosed": false, "placeId": "ChIJ_d1kWkTZQIYRNCbfuPVjhEM", "categories": [ "Fast food restaurant" ], "fid": "0x8640d9445a64ddfd:0x438463f5b8df2634", "cid": "4865123404486747700", "reviewsCount": 8, "imagesCount": 3.0, "scrapedAt": "2025-07-04T15:42:09.162Z", "price_category": "Low ($1-15)", "service_options": [ "Curbside pickup", "No-contact delivery", "Delivery", "Drive-through", "Takeout", "Dine-in" ], "has_drive_through": true }, "geometry": { "type": "Point", "coordinates": [ -10619806.585335472598672, 3481153.760704441927373 ] } },
{ "type": "Feature", "properties": { "title": "Starbucks", "price": "$$", "categoryName": "Coffee shop", "address": "1206 W 43rd St, Houston, TX 77018", "neighborhood": "Central Northwest", "street": "1206 W 43rd St", "city": "Houston", "postalCode": "77018", "state": "Texas", "countryCode": "US", "website": "https://www.starbucks.com/store-locator/store/10801/", "phone": "(713) 476-0251", "phoneUnformatted": "+17134760251", "claimThisBusiness": false, "totalScore": 3.8, "permanentlyClosed": false, "temporarilyClosed": false, "placeId": "ChIJNQ9X-LHHQIYRcLmwovTfhw4", "categories": [ "Coffee shop", "Breakfast restaurant", "Cafe", "Coffee store", "Espresso bar", "Internet cafe" ], "fid": "0x8640c7b1f8570f35:0xe87dff4a2b0b970", "cid": "1047051680181434736", "reviewsCount": 950, "imagesCount": 153.0, "scrapedAt": "2025-07-04T15:42:10.137Z", "price_category": "Medium ($16-35)", "service_options": [ "Outdoor seating", "No-contact delivery", "Delivery", "Drive-through", "Takeout", "Dine-in" ], "has_drive_through": true }, "geometry": { "type": "Point", "coordinates": [ -10623263.311559433117509, 3481541.434229532256722 ] } },
{ "type": "Feature", "properties": { "title": "Christie's Seafood & Steaks", "price": "$$", "categoryName": "Seafood restaurant", "address": "6029 Westheimer Rd, Houston, TX 77057", "neighborhood": "Westside", "street": "6029 Westheimer Rd", "city": "Houston", "postalCode": "77057", "state": "Texas", "countryCode": "US", "website": "https://www.christies-restaurant.com/", "phone": "(713) 978-6563", "phoneUnformatted": "+17139786563", "claimThisBusiness": false, "totalScore": 4.4, "permanentlyClosed": false, "temporarilyClosed": false, "placeId": "ChIJe07S6cTDQIYRAYsMCyV_cZ8", "categories": [ "Seafood restaurant", "American restaurant", "Banquet hall", "Bar", "Steak house" ], "fid": "0x8640c3c4e9d24e7b:0x9f717f250b0c8b01", "cid": "11489103921474734849", "reviewsCount": 1153, "imagesCount": 1143.0, "scrapedAt": "2025-07-04T15:42:11.332Z", "price_category": "Medium ($16-35)", "service_options": [ "No-contact delivery", "Delivery", "Drive-through", "Takeout", "Dine-in" ], "has_drive_through": true }, "geometry": { "type": "Point", "coordinates": [ -10629862.264181964099407, 3469819.961654896847904 ] } },
{ "type": "Feature", "properties": { "title": "Chick-fil-A", "price": "$", "categoryName": "Fast food restaurant", "address": "7660 Katy Fwy, Houston, TX 77024", "neighborhood": "Spring Branch East", "street": "7660 Katy Fwy", "city": "Houston", "postalCode": "77024", "state": "Texas", "countryCode": "US", "website": "https://www.chick-fil-a.com/locations/tx/i-10-and-silber-road?utm_source=yext&utm_medium=link", "phone": "(713) 686-8542", "phoneUnformatted": "+17136868542", "claimThisBusiness": false, "totalScore": 4.4, "permanentlyClosed": false, "temporarilyClosed": false, "placeId": "ChIJh2llUaPGQIYR_YBQJyrDYYA", "categories": [ "Fast food restaurant", "Caterer", "Chicken restaurant" ], "fid": "0x8640c6a351656987:0x8061c32a275080fd", "cid": "9250889695411339517", "reviewsCount": 2551, "imagesCount": 410.0, "scrapedAt": "2025-07-04T15:42:12.319Z", "price_category": "Low ($1-15)", "service_options": [ "Outdoor seating", "Curbside pickup", "Delivery", "Drive-through", "Takeout", "Dine-in" ], "has_drive_through": true }, "geometry": { "type": "Point", "coordinates": [ -10627398.641399268060923, 3476173.187865318264812 ] } },
{ "type": "Feature", "properties": { "title": "Stuffed Belly", "price": "$10–20", "categoryName": "Sandwich shop", "address": "8133 Long Point Rd, Houston, TX 77055", "neighborhood": "Spring Branch East", "street": "8133 Long Point Rd", "city": "Houston", "postalCode": "77055", "state": "Texas", "countryCode": "US", "website": "https://www.stuffedbelly.co/", "phone": "(832) 224-5422", "phoneUnformatted": "+18322245422", "claimThisBusiness": false, "totalScore": 4.3, "permanentlyClosed": false, "temporarilyClosed": false, "placeId": "ChIJv2n4wxrFQIYRn1H78T-Vshg", "categories": [ "Sandwich shop", "Hamburger restaurant" ], "fid": "0x8640c51ac3f869bf:0x18b2953ff1fb519f", "cid": "1779648904640024991", "reviewsCount": 431, "imagesCount": 393.0, "scrapedAt": "2025-07-04T15:42:12.418Z", "price_category": "Low ($1-15)", "service_options": [ "No-contact delivery", "Delivery", "Drive-through", "Onsite services", "Takeout", "Dine-in" ], "has_drive_through": true }, "geometry": { "type": "Point", "coordinates": [ -10630054.234643835574389, 3478220.668802133761346 ] } },
{ "type": "Feature", "properties": { "title": "Jack in the Box", "price": "$", "categoryName": "Fast food restaurant", "address": "4550 San Felipe St, Houston, TX 77027", "neighborhood": "Afton Oaks / River Oaks Area", "street": "4550 San Felipe St", "city": "Houston", "postalCode": "77027", "state": "Texas", "countryCode": "US", "website": "https://locations.jackinthebox.com/us/tx/houston/4550-san-felipe-st?utm_source=google&utm_medium=local&utm_campaign=google-local", "phone": "(713) 626-5771", "phoneUnformatted": "+17136265771", "claimThisBusiness": false, "totalScore": 3.6, "permanentlyClosed": false, "temporarilyClosed": false, "placeId": "ChIJv6XWHj7BQIYRSfg93Jv5jw4", "categories": [ "Fast food restaurant", "American restaurant", "Breakfast restaurant", "Chicken restaurant", "Dessert restaurant", "Hamburger restaurant", "Delivery Restaurant", "Mexican restaurant" ], "fid": "0x8640c13e1ed6a5bf:0xe8ff99bdc3df849", "cid": "1049331686010910793", "reviewsCount": 1148, "imagesCount": 169.0, "scrapedAt": "2025-07-04T15:42:13.316Z", "price_category": "Low ($1-15)", "service_options": [ "No-contact delivery", "Delivery", "Drive-through", "Takeout", "Dine-in" ], "has_drive_through": true }, "geometry": { "type": "Point", "coordinates": [ -10626064.878052277490497, 3471101.448835316579789 ] } },
{ "type": "Feature", "properties": { "title": "El Pollo Loco", "price": "$", "categoryName": "Mexican restaurant", "address": "1108 Silber Rd, Houston, TX 77055", "neighborhood": "Spring Branch East", "street": "1108 Silber Rd", "city": "Houston", "postalCode": "77055", "state": "Texas", "countryCode": "US", "website": "https://restaurants.elpolloloco.com/tx/houston/1108-silber-rd?utm_source=gmb&utm_medium=yext", "phone": "(713) 680-9513", "phoneUnformatted": "+17136809513", "claimThisBusiness": false, "totalScore": 4.0, "permanentlyClosed": false, "temporarilyClosed": false, "placeId": "ChIJGRnOS6PGQIYRJ0ooMXyNOJE", "categories": [ "Mexican restaurant", "Caterer", "Chicken restaurant", "Fast food restaurant" ], "fid": "0x8640c6a34bce1919:0x91388d7c31284a27", "cid": "10464269298735532583", "reviewsCount": 935, "imagesCount": 310.0, "scrapedAt": "2025-07-04T15:42:13.395Z", "price_category": "Low ($1-15)", "service_options": [ "No-contact delivery", "Delivery", "Drive-through", "Onsite services", "Takeout", "Dine-in" ], "has_drive_through": true }, "geometry": { "type": "Point", "coordinates": [ -10627401.569101875647902, 3476380.159541255328804 ] } },
{ "type": "Feature", "properties": { "title": "McDonald's", "price": "$", "categoryName": "Fast food restaurant", "address": "8147 Katy Fwy, Houston, TX 77024", "neighborhood": "Westside", "street": "8147 Katy Fwy", "city": "Houston", "postalCode": "77024", "state": "Texas", "countryCode": "US", "website": "https://www.mcdonalds.com/us/en-us/location/TX/HOUSTON/8147-KATY-FREEWAY/37033.html?cid=RF:YXT:GMB::Clicks", "phone": "(713) 688-1934", "phoneUnformatted": "+17136881934", "claimThisBusiness": false, "totalScore": 3.8, "permanentlyClosed": false, "temporarilyClosed": false, "placeId": "ChIJ-XN-hhvEQIYRxOIaEuSVaCU", "categories": [ "Fast food restaurant", "Breakfast restaurant", "Coffee shop", "Hamburger restaurant", "Restaurant", "Sandwich shop" ], "fid": "0x8640c41b867e73f9:0x256895e4121ae2c4", "cid": "2695569183770075844", "reviewsCount": 1689, "imagesCount": 353.0, "scrapedAt": "2025-07-04T15:42:13.395Z", "price_category": "Low ($1-15)", "service_options": [ "Curbside pickup", "No-contact delivery", "Delivery", "Drive-through", "Onsite services", "Takeout", "Dine-in" ], "has_drive_through": true }, "geometry": { "type": "Point", "coordinates": [ -10629153.915998147800565, 3475682.733725438360125 ] } },
{ "type": "Feature", "properties": { "title": "Jack in the Box", "price": "$", "categoryName": "Fast food restaurant", "address": "7699 Katy Fwy, Houston, TX 77024", "neighborhood": "Westside", "street": "7699 Katy Fwy", "city": "Houston", "postalCode": "77024", "state": "Texas", "countryCode": "US", "website": "https://locations.jackinthebox.com/us/tx/houston/7699-katy-fwy?utm_source=google&utm_medium=local&utm_campaign=google-local", "phone": "(346) 200-5767", "phoneUnformatted": "+13462005767", "claimThisBusiness": false, "totalScore": 3.5, "permanentlyClosed": false, "temporarilyClosed": false, "placeId": "ChIJP0Ft1qTGQIYRXWVhjwKeBl0", "categories": [ "Fast food restaurant", "American restaurant", "Breakfast restaurant", "Chicken restaurant", "Dessert restaurant", "Hamburger restaurant", "Delivery Restaurant", "Mexican restaurant" ], "fid": "0x8640c6a4d66d413f:0x5d069e028f61655d", "cid": "6703218829220210013", "reviewsCount": 1306, "imagesCount": 187.0, "scrapedAt": "2025-07-04T15:42:13.395Z", "price_category": "Low ($1-15)", "service_options": [ "Curbside pickup", "No-contact delivery", "Delivery", "Drive-through", "Takeout", "Dine-in" ], "has_drive_through": true }, "geometry": { "type": "Point", "coordinates": [ -10627407.001493027433753, 3475727.830405447166413 ] } },
{ "type": "Feature", "properties": { "title": "Burger King", "price": "$", "categoryName": "Fast food restaurant", "address": "4401 W 18th St, Houston, TX 77092", "neighborhood": "Lazybrook / Timbergrove", "street": "4401 W 18th St", "city": "Houston", "postalCode": "77092", "state": "Texas", "countryCode": "US", "website": "https://burgerking.com/store-locator/store/restaurant_9632", "phone": "(713) 688-2535", "phoneUnformatted": "+17136882535", "claimThisBusiness": false, "totalScore": 3.6, "permanentlyClosed": false, "temporarilyClosed": false, "placeId": "ChIJL_i3MuzGQIYRU-BmVxQsQmE", "categories": [ "Fast food restaurant", "Breakfast restaurant", "Delivery service", "Family restaurant" ], "fid": "0x8640c6ec32b7f82f:0x61422c145766e053", "cid": "7008212436019241043", "reviewsCount": 542, "imagesCount": 170.0, "scrapedAt": "2025-07-04T15:42:13.395Z", "price_category": "Low ($1-15)", "service_options": [ "Delivery", "Drive-through", "Takeout", "Dine-in" ], "has_drive_through": true }, "geometry": { "type": "Point", "coordinates": [ -10625675.226438652724028, 3477999.889711672440171 ] } },
{ "type": "Feature", "properties": { "title": "Starbucks", "price": null, "categoryName": "Coffee shop", "address": "1511 Wirt Rd, Houston, TX 77055", "neighborhood": "Spring Branch East", "street": "1511 Wirt Rd", "city": "Houston", "postalCode": "77055", "state": "Texas", "countryCode": "US", "website": null, "phone": "(832) 615-3143", "phoneUnformatted": "+18326153143", "claimThisBusiness": false, "totalScore": 4.1, "permanentlyClosed": false, "temporarilyClosed": false, "placeId": "ChIJlVmrF6DFQIYRkcTua2MnDGA", "categories": [ "Coffee shop", "Breakfast restaurant", "Cafe", "Coffee store", "Espresso bar", "Internet cafe" ], "fid": "0x8640c5a017ab5995:0x600c27636beec491", "cid": "6920950035327665297", "reviewsCount": 92, "imagesCount": 41.0, "scrapedAt": "2025-07-04T15:42:14.137Z", "price_category": null, "service_options": [ "Outdoor seating", "Curbside pickup", "No-contact delivery", "Delivery", "Drive-through", "Takeout", "Dine-in" ], "has_drive_through": true }, "geometry": { "type": "Point", "coordinates": [ -10629383.679427145048976, 3477570.824558611493558 ] } },
{ "type": "Feature", "properties": { "title": "Dunkin'", "price": null, "categoryName": "Coffee shop", "address": "1106 Silber Rd, Houston, TX 77055", "neighborhood": "Spring Branch East", "street": "1106 Silber Rd", "city": "Houston", "postalCode": "77055", "state": "Texas", "countryCode": "US", "website": "https://locations.dunkindonuts.com/en/tx/houston/1106-silber-road/365559?utm_source=google&utm_medium=local&utm_campaign=localmaps&utm_content=365559&y_source=1_MTA5MTY1NTE3OC03MTUtbG9jYXRpb24ud2Vic2l0ZQ%3D%3D", "phone": "(346) 651-2881", "phoneUnformatted": "+13466512881", "claimThisBusiness": false, "totalScore": 3.5, "permanentlyClosed": false, "temporarilyClosed": false, "placeId": "ChIJnel_DwDHQIYReCclY18q3JA", "categories": [ "Coffee shop", "Bagel shop", "Bakery", "Breakfast restaurant", "Donut shop", "Fast food restaurant", "Takeout Restaurant" ], "fid": "0x8640c7000f7fe99d:0x90dc2a5f63252778", "cid": "10438264625511606136", "reviewsCount": 23, "imagesCount": 114.0, "scrapedAt": "2025-07-04T15:42:14.137Z", "price_category": null, "service_options": [ "Curbside pickup", "Delivery", "Drive-through", "Takeout", "Dine-in" ], "has_drive_through": true }, "geometry": { "type": "Point", "coordinates": [ -10627398.162725456058979, 3476304.558568326756358 ] } },
{ "type": "Feature", "properties": { "title": "Raising Cane's Chicken Fingers", "price": "$", "categoryName": "Fast food restaurant", "address": "Galleria 1 Mall, 5015 Westheimer Rd Suite 1470, Houston, TX 77056", "neighborhood": "Westside", "street": "Galleria 1 Mall, 5015 Westheimer Rd Suite 1470", "city": "Houston", "postalCode": "77056", "state": "Texas", "countryCode": "US", "website": "https://locations.raisingcanes.com/tx/houston/5015-westheimer-rd.-galleria-1-mall-suite-1470", "phone": "(713) 993-0811", "phoneUnformatted": "+17139930811", "claimThisBusiness": false, "totalScore": 4.2, "permanentlyClosed": false, "temporarilyClosed": false, "placeId": "ChIJe0YosG7BQIYRi0mXEJWiCTU", "categories": [ "Fast food restaurant", "American restaurant", "Chicken restaurant", "Southern restaurant (US)" ], "fid": "0x8640c16eb028467b:0x3509a2951097498b", "cid": "3821764519912753547", "reviewsCount": 177, "imagesCount": 49.0, "scrapedAt": "2025-07-04T15:42:14.167Z", "price_category": "Low ($1-15)", "service_options": [ "Curbside pickup", "Drive-through", "Takeout", "Dine-in" ], "has_drive_through": true }, "geometry": { "type": "Point", "coordinates": [ -10626931.021614292636514, 3470100.266846685204655 ] } },
{ "type": "Feature", "properties": { "title": "Raising Cane's Chicken Fingers", "price": "$", "categoryName": "Fast food restaurant", "address": "1902 Westheimer Rd, Houston, TX 77098", "neighborhood": "Montrose", "street": "1902 Westheimer Rd", "city": "Houston", "postalCode": "77098", "state": "Texas", "countryCode": "US", "website": "https://www.raisingcanes.com/", "phone": "(713) 528-9020", "phoneUnformatted": "+17135289020", "claimThisBusiness": false, "totalScore": 4.4, "permanentlyClosed": false, "temporarilyClosed": false, "placeId": "ChIJy1CI0JbAQIYRpKdVTZuKcPQ", "categories": [ "Fast food restaurant", "American restaurant", "Chicken restaurant", "Southern restaurant (US)" ], "fid": "0x8640c096d08850cb:0xf4708a9b4d55a7a4", "cid": "17613730542268032932", "reviewsCount": 2972, "imagesCount": 414.0, "scrapedAt": "2025-07-04T15:42:14.883Z", "price_category": "Low ($1-15)", "service_options": [ "Curbside pickup", "Drive-through", "Takeout", "Dine-in" ], "has_drive_through": true }, "geometry": { "type": "Point", "coordinates": [ -10620715.163887379691005, 3470565.250534050632268 ] } },
{ "type": "Feature", "properties": { "title": "Pepperoni's Pizza - Montrose", "price": "$", "categoryName": "Pizza restaurant", "address": "2710B Montrose Blvd, Houston, TX 77006", "neighborhood": "Montrose", "street": "2710B Montrose Blvd", "city": "Houston", "postalCode": "77006", "state": "Texas", "countryCode": "US", "website": "http://www.pepperonis.net/", "phone": "(713) 526-0202", "phoneUnformatted": "+17135260202", "claimThisBusiness": false, "totalScore": 4.4, "permanentlyClosed": false, "temporarilyClosed": false, "placeId": "ChIJMxdSr2G_QIYRRkq-MLqsL64", "categories": [ "Pizza restaurant", "Lunch restaurant", "Pizza delivery", "Pizza Takeout", "Restaurant" ], "fid": "0x8640bf61af521733:0xae2facba30be4a46", "cid": "12551440602186533446", "reviewsCount": 996, "imagesCount": 335.0, "scrapedAt": "2025-07-04T15:42:14.883Z", "price_category": "Low ($1-15)", "service_options": [ "Outdoor seating", "No-contact delivery", "Delivery", "Drive-through", "Takeout", "Dine-in" ], "has_drive_through": true }, "geometry": { "type": "Point", "coordinates": [ -10618954.07841107994318, 3470851.418480791617185 ] } },
{ "type": "Feature", "properties": { "title": "Tortilleria Las Milpas", "price": null, "categoryName": "Mexican restaurant", "address": "2228 Wirt Rd, Houston, TX 77055", "neighborhood": "Spring Branch East", "street": "2228 Wirt Rd", "city": "Houston", "postalCode": "77055", "state": "Texas", "countryCode": "US", "website": null, "phone": "(832) 649-7678", "phoneUnformatted": "+18326497678", "claimThisBusiness": true, "totalScore": 4.3, "permanentlyClosed": false, "temporarilyClosed": false, "placeId": "ChIJp7TjJNPFQIYRopB8b0wyQbM", "categories": [ "Mexican restaurant" ], "fid": "0x8640c5d324e3b4a7:0xb341324c6f7c90a2", "cid": "12916660510144630946", "reviewsCount": 177, "imagesCount": 69.0, "scrapedAt": "2025-07-04T15:42:16.009Z", "price_category": null, "service_options": [ "Drive-through", "Takeout", "Dine-in" ], "has_drive_through": true }, "geometry": { "type": "Point", "coordinates": [ -10629318.980539096519351, 3479648.730458051431924 ] } },
{ "type": "Feature", "properties": { "title": "McDonald's", "price": "$", "categoryName": "Fast food restaurant", "address": "1736 Wirt Rd, Houston, TX 77055", "neighborhood": "Spring Branch East", "street": "1736 Wirt Rd", "city": "Houston", "postalCode": "77055", "state": "Texas", "countryCode": "US", "website": "https://www.mcdonalds.com/us/en-us/location/TX/HOUSTON/1736-WIRT-RD/20638.html?cid=RF:YXT:GMB::Clicks", "phone": "(713) 290-1770", "phoneUnformatted": "+17132901770", "claimThisBusiness": false, "totalScore": 3.7, "permanentlyClosed": false, "temporarilyClosed": false, "placeId": "ChIJ_3bokiXEQIYR4wDgvIThZeY", "categories": [ "Fast food restaurant", "Breakfast restaurant", "Coffee shop", "Hamburger restaurant", "Restaurant", "Sandwich shop" ], "fid": "0x8640c42592e876ff:0xe665e184bce000e3", "cid": "16601923561591931107", "reviewsCount": 1932, "imagesCount": 247.0, "scrapedAt": "2025-07-04T15:42:16.495Z", "price_category": "Low ($1-15)", "service_options": [ "Curbside pickup", "No-contact delivery", "Delivery", "Drive-through", "Onsite services", "Takeout", "Dine-in" ], "has_drive_through": true }, "geometry": { "type": "Point", "coordinates": [ -10629279.105897495523095, 3478117.231850075535476 ] } },
{ "type": "Feature", "properties": { "title": "Atomic Wings", "price": "$", "categoryName": "Chicken wings restaurant", "address": "11200 Northwest Fwy #100, Houston, TX 77092", "neighborhood": "Central Northwest", "street": "11200 Northwest Fwy #100", "city": "Houston", "postalCode": "77092", "state": "Texas", "countryCode": "US", "website": "https://atomicwingshouston.com/", "phone": "(346) 406-2879", "phoneUnformatted": "+13464062879", "claimThisBusiness": false, "totalScore": 4.7, "permanentlyClosed": false, "temporarilyClosed": false, "placeId": "ChIJXT0eCUzHQIYRqvfL3o9AW10", "categories": [ "Chicken wings restaurant", "American restaurant", "Chicken restaurant", "Halal restaurant" ], "fid": "0x8640c74c091e3d5d:0x5d5b408fdecbf7aa", "cid": "6727041455070377898", "reviewsCount": 384, "imagesCount": 149.0, "scrapedAt": "2025-07-04T15:42:16.863Z", "price_category": "Low ($1-15)", "service_options": [ "Curbside pickup", "No-contact delivery", "Delivery", "Drive-through", "Takeout", "Dine-in" ], "has_drive_through": true }, "geometry": { "type": "Point", "coordinates": [ -10627476.698626212775707, 3480426.423273456748575 ] } },
{ "type": "Feature", "properties": { "title": "KFC", "price": "$", "categoryName": "Chicken restaurant", "address": "7904 Long Point Rd, Houston, TX 77055", "neighborhood": "Spring Branch East", "street": "7904 Long Point Rd", "city": "Houston", "postalCode": "77055", "state": "Texas", "countryCode": "US", "website": "https://locations.kfc.com/tx/houston/7904-long-point-road", "phone": "(713) 464-6067", "phoneUnformatted": "+17134646067", "claimThisBusiness": false, "totalScore": 3.1, "permanentlyClosed": false, "temporarilyClosed": false, "placeId": "ChIJlX97gi_EQIYRnEoX-ZEqjZc", "categories": [ "Chicken restaurant", "Fast food restaurant" ], "fid": "0x8640c42f827b7f95:0x978d2a91f9174a9c", "cid": "10920431477880998556", "reviewsCount": 314, "imagesCount": 79.0, "scrapedAt": "2025-07-04T15:42:17.378Z", "price_category": "Low ($1-15)", "service_options": [ "Curbside pickup", "No-contact delivery", "Delivery", "Drive-through", "Takeout", "Dine-in" ], "has_drive_through": true }, "geometry": { "type": "Point", "coordinates": [ -10629426.214604577049613, 3478274.36962468829006 ] } },
{ "type": "Feature", "properties": { "title": "Chick-fil-A", "price": "$", "categoryName": "Chicken restaurant", "address": "11011 Northwest Fwy, Houston, TX 77092", "neighborhood": "Spring Branch East", "street": "11011 Northwest Fwy", "city": "Houston", "postalCode": "77092", "state": "Texas", "countryCode": "US", "website": "https://www.chick-fil-a.com/locations/tx/northway-center?utm_source=yext&utm_medium=link", "phone": "(713) 956-8000", "phoneUnformatted": "+17139568000", "claimThisBusiness": false, "totalScore": 4.4, "permanentlyClosed": false, "temporarilyClosed": false, "placeId": "ChIJoybn2eLHQIYRbVrGeXDY4Pg", "categories": [ "Chicken restaurant", "Caterer", "Fast food restaurant" ], "fid": "0x8640c7e2d9e726a3:0xf8e0d87079c65a6d", "cid": "17933571693780294253", "reviewsCount": 745, "imagesCount": 209.0, "scrapedAt": "2025-07-04T15:42:17.746Z", "price_category": "Low ($1-15)", "service_options": [ "Curbside pickup", "Delivery", "Drive-through", "Takeout", "Dine-in" ], "has_drive_through": true }, "geometry": { "type": "Point", "coordinates": [ -10627421.317179542034864, 3480126.659596772864461 ] } },
{ "type": "Feature", "properties": { "title": "Wendy's", "price": "$", "categoryName": "Fast food restaurant", "address": "12486 Northwest Fwy, Houston, TX 77092", "neighborhood": "Northside", "street": "12486 Northwest Fwy", "city": "Houston", "postalCode": "77092", "state": "Texas", "countryCode": "US", "website": "https://locations.wendys.com/united-states/tx/houston/12486-northwest-freeway?utm_source=Yext&utm_medium=Google_My_Business&utm_campaign=Local_Search&utm_content=EN_US", "phone": "(832) 581-4380", "phoneUnformatted": "+18325814380", "claimThisBusiness": false, "totalScore": 3.7, "permanentlyClosed": false, "temporarilyClosed": false, "placeId": "ChIJEc974ufFQIYRksGAxDBJl4M", "categories": [ "Fast food restaurant", "Hamburger restaurant", "Restaurant" ], "fid": "0x8640c5e7e27bcf11:0x83974930c480c192", "cid": "9482128014255899026", "reviewsCount": 1292, "imagesCount": 331.0, "scrapedAt": "2025-07-04T15:42:17.746Z", "price_category": "Low ($1-15)", "service_options": [ "Delivery", "Drive-through", "Takeout", "Dine-in" ], "has_drive_through": true }, "geometry": { "type": "Point", "coordinates": [ -10629678.386647071689367, 3482772.194416636135429 ] } },
{ "type": "Feature", "properties": { "title": "Taqueria San Jose Vista Hermosa (Food Truck)", "price": "$", "categoryName": "Mexican restaurant", "address": "2322 Wirt Rd, Houston, TX 77055", "neighborhood": "Spring Branch East", "street": "2322 Wirt Rd", "city": "Houston", "postalCode": "77055", "state": "Texas", "countryCode": "US", "website": null, "phone": "(713) 454-9550", "phoneUnformatted": "+17134549550", "claimThisBusiness": false, "totalScore": 2.3, "permanentlyClosed": false, "temporarilyClosed": false, "placeId": "ChIJ4-_GC7TFQIYR7Oi6i1Pzrx8", "categories": [ "Mexican restaurant" ], "fid": "0x8640c5b40bc6efe3:0x1faff3538bbae8ec", "cid": "2283311076252248300", "reviewsCount": 3, "imagesCount": 18.0, "scrapedAt": "2025-07-04T15:42:18.744Z", "price_category": "Low ($1-15)", "service_options": [ "Curbside pickup", "No-contact delivery", "Delivery", "Drive-through", "Takeout" ], "has_drive_through": true }, "geometry": { "type": "Point", "coordinates": [ -10629324.602173380553722, 3479848.111348789185286 ] } },
{ "type": "Feature", "properties": { "title": "Taco Bell", "price": "$", "categoryName": "Fast food restaurant", "address": "5211 W 34th St, Houston, TX 77092", "neighborhood": "Central Northwest", "street": "5211 W 34th St", "city": "Houston", "postalCode": "77092", "state": "Texas", "countryCode": "US", "website": "https://locations.tacobell.com/tx/houston/5211-34th-street.html?utm_source=yext&utm_campaign=googlelistings&utm_medium=referral&utm_term=035737&utm_content=website&y_source=1_NjE0MzEzOC03MTUtbG9jYXRpb24ud2Vic2l0ZQ%3D%3D", "phone": "(713) 316-9377", "phoneUnformatted": "+17133169377", "claimThisBusiness": false, "totalScore": 3.9, "permanentlyClosed": false, "temporarilyClosed": false, "placeId": "ChIJ8_u3QGPGQIYRQIv9a-dNdAk", "categories": [ "Fast food restaurant", "Burrito restaurant", "Takeout Restaurant", "Mexican restaurant", "Restaurant", "Taco restaurant", "Tex-Mex restaurant" ], "fid": "0x8640c66340b7fbf3:0x9744de76bfd8b40", "cid": "681255099984350016", "reviewsCount": 823, "imagesCount": 248.0, "scrapedAt": "2025-07-04T15:42:18.745Z", "price_category": "Low ($1-15)", "service_options": [ "Delivery", "Drive-through", "Takeout", "Dine-in" ], "has_drive_through": true }, "geometry": { "type": "Point", "coordinates": [ -10627286.709651276469231, 3480315.475381882395595 ] } },
{ "type": "Feature", "properties": { "title": "Jimmy John's", "price": "$", "categoryName": "Sandwich shop", "address": "5101 Bingle Rd Suite 101, Houston, TX 77092", "neighborhood": "Northside", "street": "5101 Bingle Rd Suite 101", "city": "Houston", "postalCode": "77092", "state": "Texas", "countryCode": "US", "website": "https://locations.jimmyjohns.com/tx/houston/sandwiches-2694.html?utm_source=google%20my%20business&utm_medium=organic&utm_campaign=website%20link", "phone": "(713) 462-2000", "phoneUnformatted": "+17134622000", "claimThisBusiness": false, "totalScore": 4.2, "permanentlyClosed": false, "temporarilyClosed": false, "placeId": "ChIJia-SZujFQIYRbCEYuUxkluc", "categories": [ "Sandwich shop", "Caterer", "Fast food restaurant", "Delivery Restaurant", "Takeout Restaurant" ], "fid": "0x8640c5e86692af89:0xe796644cb918216c", "cid": "16687635749953610092", "reviewsCount": 242, "imagesCount": 63.0, "scrapedAt": "2025-07-04T15:42:18.745Z", "price_category": "Low ($1-15)", "service_options": [ "No-contact delivery", "Delivery", "Drive-through", "Takeout", "Dine-in" ], "has_drive_through": true }, "geometry": { "type": "Point", "coordinates": [ -10629831.629058096557856, 3482951.501124676782638 ] } },
{ "type": "Feature", "properties": { "title": "Church's Texas Chicken", "price": "$", "categoryName": "Chicken restaurant", "address": "9481 Kempwood Dr, Houston, TX 77080", "neighborhood": "Spring Branch Central", "street": "9481 Kempwood Dr", "city": "Houston", "postalCode": "77080", "state": "Texas", "countryCode": "US", "website": "https://locations.churchs.com/tx/houston/9481-kempwood-drive", "phone": "(713) 996-7370", "phoneUnformatted": "+17139967370", "claimThisBusiness": false, "totalScore": 3.7, "permanentlyClosed": false, "temporarilyClosed": false, "placeId": "ChIJY5iZ0QXFQIYRsRkzoMTqy30", "categories": [ "Chicken restaurant", "Family restaurant", "Fast food restaurant" ], "fid": "0x8640c505d1999863:0x7dcbeac4a03319b1", "cid": "9064596805235448241", "reviewsCount": 431, "imagesCount": 170.0, "scrapedAt": "2025-07-04T15:42:18.745Z", "price_category": "Low ($1-15)", "service_options": [ "Delivery", "Drive-through", "Onsite services", "Takeout", "Dine-in" ], "has_drive_through": true }, "geometry": { "type": "Point", "coordinates": [ -10633847.156861940398812, 3480633.938310690689832 ] } },
{ "type": "Feature", "properties": { "title": "Dunkin'", "price": "$", "categoryName": "Coffee shop", "address": "5101 Bingle Rd Suite 100, Houston, TX 77092", "neighborhood": "Northside", "street": "5101 Bingle Rd Suite 100", "city": "Houston", "postalCode": "77092", "state": "Texas", "countryCode": "US", "website": "https://locations.dunkindonuts.com/en/tx/houston/5101-bingle-rd/353796?utm_source=google&utm_medium=local&utm_campaign=localmaps&utm_content=353796&y_source=1_MTIxMTAxNDAtNzE1LWxvY2F0aW9uLndlYnNpdGU%3D", "phone": "(281) 414-3785", "phoneUnformatted": "+12814143785", "claimThisBusiness": false, "totalScore": 3.8, "permanentlyClosed": false, "temporarilyClosed": false, "placeId": "ChIJ1XniZejFQIYRiDbh-aIrZfA", "categories": [ "Coffee shop", "Bagel shop", "Bakery", "Breakfast restaurant", "Donut shop", "Fast food restaurant", "Takeout Restaurant" ], "fid": "0x8640c5e865e279d5:0xf0652ba2f9e13688", "cid": "17322299520727463560", "reviewsCount": 1062, "imagesCount": 237.0, "scrapedAt": "2025-07-04T15:42:19.648Z", "price_category": "Low ($1-15)", "service_options": [ "Curbside pickup", "Delivery", "Drive-through", "Onsite services", "Takeout", "Dine-in" ], "has_drive_through": true }, "geometry": { "type": "Point", "coordinates": [ -10629818.593545725569129, 3482950.859455776866525 ] } },
{ "type": "Feature", "properties": { "title": "Burger King", "price": "$", "categoryName": "Fast food restaurant", "address": "7607 W Tidwell Rd, Houston, TX 77040", "neighborhood": "Fairbanks / Northwest Crossing", "street": "7607 W Tidwell Rd", "city": "Houston", "postalCode": "77040", "state": "Texas", "countryCode": "US", "website": "https://burgerking.com/store-locator/store/restaurant_3995", "phone": "(713) 996-7776", "phoneUnformatted": "+17139967776", "claimThisBusiness": false, "totalScore": 3.3, "permanentlyClosed": false, "temporarilyClosed": false, "placeId": "ChIJB4-AjI7FQIYRjZcICOPSM-c", "categories": [ "Fast food restaurant", "Breakfast restaurant", "Delivery service", "Family restaurant" ], "fid": "0x8640c58e8c808f07:0xe733d2e30808978d", "cid": "16659891319107786637", "reviewsCount": 987, "imagesCount": 210.0, "scrapedAt": "2025-07-04T15:42:23.262Z", "price_category": "Low ($1-15)", "service_options": [ "Delivery", "Drive-through", "Takeout", "Dine-in" ], "has_drive_through": true }, "geometry": { "type": "Point", "coordinates": [ -10631593.248867951333523, 3484439.207012693863362 ] } },
{ "type": "Feature", "properties": { "title": "Masy's Tacos (Food Truck)", "price": null, "categoryName": "Mexican restaurant", "address": "3502 Mangum Rd, Houston, TX 77092", "neighborhood": "Central Northwest", "street": "3502 Mangum Rd", "city": "Houston", "postalCode": "77092", "state": "Texas", "countryCode": "US", "website": null, "phone": "(281) 662-4748", "phoneUnformatted": "+12816624748", "claimThisBusiness": false, "totalScore": 4.1, "permanentlyClosed": false, "temporarilyClosed": false, "placeId": "ChIJj8G5I2fGQIYRp12ZOYSmwA8", "categories": [ "Mexican restaurant" ], "fid": "0x8640c66723b9c18f:0xfc0a68439995da7", "cid": "1135090192929611175", "reviewsCount": 17, "imagesCount": 19.0, "scrapedAt": "2025-07-04T15:42:23.383Z", "price_category": null, "service_options": [ "Curbside pickup", "Drive-through", "Takeout" ], "has_drive_through": true }, "geometry": { "type": "Point", "coordinates": [ -10626470.615332322195172, 3480534.870087343733758 ] } },
{ "type": "Feature", "properties": { "title": "McDonald's", "price": "$", "categoryName": "Fast food restaurant", "address": "10450 Northwest Fwy, Houston, TX 77092", "neighborhood": "Central Northwest", "street": "10450 Northwest Fwy", "city": "Houston", "postalCode": "77092", "state": "Texas", "countryCode": "US", "website": "https://www.mcdonalds.com/us/en-us/location/TX/HOUSTON/10450-NORTHWEST-FWY/6754.html?cid=RF:YXT:GMB::Clicks", "phone": "(713) 812-8899", "phoneUnformatted": "+17138128899", "claimThisBusiness": false, "totalScore": 3.7, "permanentlyClosed": false, "temporarilyClosed": false, "placeId": "ChIJVXymrIvGQIYRDCXjnn7VWI4", "categories": [ "Fast food restaurant", "Breakfast restaurant", "Coffee shop", "Hamburger restaurant", "Restaurant", "Sandwich shop" ], "fid": "0x8640c68baca67c55:0x8e58d57e9ee3250c", "cid": "10257182891144586508", "reviewsCount": 1833, "imagesCount": 257.0, "scrapedAt": "2025-07-04T15:42:23.383Z", "price_category": "Low ($1-15)", "service_options": [ "Curbside pickup", "No-contact delivery", "Delivery", "Drive-through", "Onsite services", "Takeout", "Dine-in" ], "has_drive_through": true }, "geometry": { "type": "Point", "coordinates": [ -10626541.514716008678079, 3479457.114742191508412 ] } },
{ "type": "Feature", "properties": { "title": "Starbucks", "price": "$$", "categoryName": "Coffee shop", "address": "5340 W 34th St, Houston, TX 77092", "neighborhood": "Central Northwest", "street": "5340 W 34th St", "city": "Houston", "postalCode": "77092", "state": "Texas", "countryCode": "US", "website": "https://www.starbucks.com/store-locator/store/1014213/", "phone": "(713) 683-6376", "phoneUnformatted": "+17136836376", "claimThisBusiness": false, "totalScore": 4.1, "permanentlyClosed": false, "temporarilyClosed": false, "placeId": "ChIJT7xXo3zGQIYRmNpzTMQg_GA", "categories": [ "Coffee shop", "Breakfast restaurant", "Cafe", "Coffee store", "Espresso bar", "Internet cafe" ], "fid": "0x8640c67ca357bc4f:0x60fc20c44c73da98", "cid": "6988496749240507032", "reviewsCount": 1463, "imagesCount": 581.0, "scrapedAt": "2025-07-04T15:42:24.300Z", "price_category": "Medium ($16-35)", "service_options": [ "Outdoor seating", "Curbside pickup", "No-contact delivery", "Delivery", "Drive-through", "Onsite services", "Takeout", "Dine-in" ], "has_drive_through": true }, "geometry": { "type": "Point", "coordinates": [ -10627375.086195016279817, 3480408.306124178692698 ] } },
{ "type": "Feature", "properties": { "title": "Hartz Chicken Buffet", "price": "$", "categoryName": "Fast food restaurant", "address": "5780 Hollister St, Houston, TX 77040", "neighborhood": "Fairbanks / Northwest Crossing", "street": "5780 Hollister St", "city": "Houston", "postalCode": "77040", "state": "Texas", "countryCode": "US", "website": "http://www.hartz-chicken.com/", "phone": "(713) 462-5780", "phoneUnformatted": "+17134625780", "claimThisBusiness": false, "totalScore": 3.9, "permanentlyClosed": false, "temporarilyClosed": false, "placeId": "ChIJ2wz_oY7FQIYRu1Grc-6uoEI", "categories": [ "Fast food restaurant", "Buffet restaurant", "Chicken restaurant" ], "fid": "0x8640c58ea1ff0cdb:0x42a0aeee73ab51bb", "cid": "4801029541943005627", "reviewsCount": 840, "imagesCount": 85.0, "scrapedAt": "2025-07-04T15:42:24.521Z", "price_category": "Low ($1-15)", "service_options": [ "Drive-through", "Takeout", "Dine-in" ], "has_drive_through": true }, "geometry": { "type": "Point", "coordinates": [ -10631486.972150091081858, 3484592.623109749983996 ] } },
{ "type": "Feature", "properties": { "title": "Starbucks", "price": "$$", "categoryName": "Coffee shop", "address": "12035 Northwest Fwy, Houston, TX 77092", "neighborhood": "Langwood", "street": "12035 Northwest Fwy", "city": "Houston", "postalCode": "77092", "state": "Texas", "countryCode": "US", "website": "https://www.starbucks.com/store-locator/store/15521/", "phone": "(281) 743-6738", "phoneUnformatted": "+12817436738", "claimThisBusiness": false, "totalScore": 4.2, "permanentlyClosed": false, "temporarilyClosed": false, "placeId": "ChIJq1HfPNzFQIYREueaPhC_reQ", "categories": [ "Coffee shop", "Breakfast restaurant", "Cafe", "Coffee store", "Espresso bar", "Internet cafe" ], "fid": "0x8640c5dc3cdf51ab:0xe4adbf103e9ae712", "cid": "16478036688109233938", "reviewsCount": 776, "imagesCount": 154.0, "scrapedAt": "2025-07-04T15:42:24.522Z", "price_category": "Medium ($16-35)", "service_options": [ "Outdoor seating", "Curbside pickup", "Delivery", "Drive-through", "Takeout", "Dine-in" ], "has_drive_through": true }, "geometry": { "type": "Point", "coordinates": [ -10629094.649501249194145, 3481907.984604449942708 ] } },
{ "type": "Feature", "properties": { "title": "Main Bird Hot Chicken - Westchase", "price": "$", "categoryName": "Chicken restaurant", "address": "10705 Westheimer Rd STE A, Houston, TX 77042", "neighborhood": "Westside", "street": "10705 Westheimer Rd STE A", "city": "Houston", "postalCode": "77042", "state": "Texas", "countryCode": "US", "website": "http://www.mainbirdhotchicken.com/", "phone": "(346) 867-1776", "phoneUnformatted": "+13468671776", "claimThisBusiness": false, "totalScore": 4.8, "permanentlyClosed": false, "temporarilyClosed": false, "placeId": "ChIJ4XEwwzTdQIYRneiCyQiGWo8", "categories": [ "Chicken restaurant", "Halal restaurant", "Takeout Restaurant" ], "fid": "0x8640dd34c33071e1:0x8f5a8608c982e89d", "cid": "10329716067626313885", "reviewsCount": 1721, "imagesCount": 314.0, "scrapedAt": "2025-07-04T15:42:32.204Z", "price_category": "Low ($1-15)", "service_options": [ "Outdoor seating", "Delivery", "Drive-through", "Takeout", "Dine-in" ], "has_drive_through": true }, "geometry": { "type": "Point", "coordinates": [ -10638235.32666121609509, 3469684.580435545183718 ] } },
{ "type": "Feature", "properties": { "title": "Twin Crab", "price": "$$", "categoryName": "Seafood restaurant", "address": "10465 Richmond Ave., Houston, TX 77042", "neighborhood": "Westside", "street": "10465 Richmond Ave.", "city": "Houston", "postalCode": "77042", "state": "Texas", "countryCode": "US", "website": "https://dine.bychronos.com/l/houston-seafood-twin-crab-juicy-seafood-and-bar-richmond-802", "phone": "(281) 688-6868", "phoneUnformatted": "+12816886868", "claimThisBusiness": false, "totalScore": 4.1, "permanentlyClosed": false, "temporarilyClosed": false, "placeId": "ChIJzW8HE4nDQIYRcQg00NTH-gc", "categories": [ "Seafood restaurant", "Crab house" ], "fid": "0x8640c38913076fcd:0x7fac7d4d0340871", "cid": "574991619283224689", "reviewsCount": 409, "imagesCount": 272.0, "scrapedAt": "2025-07-04T15:42:34.754Z", "price_category": "Medium ($16-35)", "service_options": [ "Curbside pickup", "No-contact delivery", "Delivery", "Drive-through", "Takeout", "Dine-in" ], "has_drive_through": true }, "geometry": { "type": "Point", "coordinates": [ -10637604.356655448675156, 3468512.400203872472048 ] } },
{ "type": "Feature", "properties": { "title": "Coffee Fellows", "price": "$", "categoryName": "Coffee shop", "address": "1127 Eldridge Pkwy #100, Houston, TX 77077", "neighborhood": "Westside", "street": "1127 Eldridge Pkwy #100", "city": "Houston", "postalCode": "77077", "state": "Texas", "countryCode": "US", "website": "https://www.coffeefellows.com/", "phone": "(281) 809-5043", "phoneUnformatted": "+12818095043", "claimThisBusiness": false, "totalScore": 4.5, "permanentlyClosed": false, "temporarilyClosed": false, "placeId": "ChIJI5P5IufbQIYRG7Yhhgpfnwo", "categories": [ "Coffee shop", "Breakfast restaurant", "Cafe", "European restaurant", "Lunch restaurant", "Takeout Restaurant" ], "fid": "0x8640dbe722f99323:0xa9f5f0a8621b61b", "cid": "765434960480941595", "reviewsCount": 106, "imagesCount": 223.0, "scrapedAt": "2025-07-04T15:42:35.434Z", "price_category": "Low ($1-15)", "service_options": [ "Outdoor seating", "Curbside pickup", "No-contact delivery", "Delivery", "Drive-through", "Takeout", "Dine-in" ], "has_drive_through": true }, "geometry": { "type": "Point", "coordinates": [ -10644711.004079641774297, 3473692.904177932534367 ] } },
{ "type": "Feature", "properties": { "title": "Wendy's", "price": "$", "categoryName": "Fast food restaurant", "address": "10780 Westheimer Rd, Houston, TX 77042", "neighborhood": "Westside", "street": "10780 Westheimer Rd", "city": "Houston", "postalCode": "77042", "state": "Texas", "countryCode": "US", "website": "https://locations.wendys.com/united-states/tx/houston/10780-westheimer-road?utm_source=Yext&utm_medium=Google_My_Business&utm_campaign=Local_Search&utm_content=EN_US", "phone": "(832) 509-2297", "phoneUnformatted": "+18325092297", "claimThisBusiness": false, "totalScore": 3.8, "permanentlyClosed": false, "temporarilyClosed": false, "placeId": "ChIJ8VSr4MvcQIYReTmC7U5McEc", "categories": [ "Fast food restaurant", "Hamburger restaurant", "Restaurant" ], "fid": "0x8640dccbe0ab54f1:0x47704c4eed823979", "cid": "5147698275960371577", "reviewsCount": 1715, "imagesCount": 337.0, "scrapedAt": "2025-07-04T15:42:36.782Z", "price_category": "Low ($1-15)", "service_options": [ "Delivery", "Drive-through", "Takeout", "Dine-in" ], "has_drive_through": true }, "geometry": { "type": "Point", "coordinates": [ -10638433.931764740496874, 3469810.833633931353688 ] } },
{ "type": "Feature", "properties": { "title": "Jack in the Box", "price": "$", "categoryName": "Fast food restaurant", "address": "10454 Richmond Ave., Houston, TX 77042", "neighborhood": "Westside", "street": "10454 Richmond Ave.", "city": "Houston", "postalCode": "77042", "state": "Texas", "countryCode": "US", "website": "https://locations.jackinthebox.com/us/tx/houston/10454-richmond-ave?utm_source=google&utm_medium=local&utm_campaign=google-local", "phone": "(346) 789-0092", "phoneUnformatted": "+13467890092", "claimThisBusiness": false, "totalScore": 3.2, "permanentlyClosed": false, "temporarilyClosed": false, "placeId": "ChIJfXf7BS3DQIYRo1FdeoacTSc", "categories": [ "Fast food restaurant", "American restaurant", "Breakfast restaurant", "Chicken restaurant", "Dessert restaurant", "Hamburger restaurant", "Delivery Restaurant", "Mexican restaurant" ], "fid": "0x8640c32d05fb777d:0x274d9c867a5d51a3", "cid": "2832091842078396835", "reviewsCount": 1487, "imagesCount": 399.0, "scrapedAt": "2025-07-04T15:42:36.782Z", "price_category": "Low ($1-15)", "service_options": [ "Curbside pickup", "No-contact delivery", "Delivery", "Drive-through", "Takeout", "Dine-in" ], "has_drive_through": true }, "geometry": { "type": "Point", "coordinates": [ -10637633.889716358855367, 3468650.832847270183265 ] } },
{ "type": "Feature", "properties": { "title": "Taco Bell", "price": "$", "categoryName": "Fast food restaurant", "address": "10615 Westheimer Rd, Houston, TX 77042", "neighborhood": "Westside", "street": "10615 Westheimer Rd", "city": "Houston", "postalCode": "77042", "state": "Texas", "countryCode": "US", "website": "https://locations.tacobell.com/tx/houston/10615-westheimer-rd-.html?utm_source=yext&utm_campaign=googlelistings&utm_medium=referral&utm_term=027792&utm_content=website&y_source=1_MzkxNjY2MS03MTUtbG9jYXRpb24ud2Vic2l0ZQ%3D%3D", "phone": "(713) 952-9422", "phoneUnformatted": "+17139529422", "claimThisBusiness": false, "totalScore": 3.7, "permanentlyClosed": false, "temporarilyClosed": false, "placeId": "ChIJzWoRe8vcQIYRWgS8-jvKP88", "categories": [ "Fast food restaurant", "Breakfast restaurant", "Lunch restaurant", "Takeout Restaurant", "Mexican restaurant", "Restaurant", "Tex-Mex restaurant", "Vegetarian restaurant" ], "fid": "0x8640dccb7b116acd:0xcf3fca3bfabc045a", "cid": "14933877248342361178", "reviewsCount": 1466, "imagesCount": 304.0, "scrapedAt": "2025-07-04T15:42:36.782Z", "price_category": "Low ($1-15)", "service_options": [ "Delivery", "Drive-through", "Takeout", "Dine-in" ], "has_drive_through": true }, "geometry": { "type": "Point", "coordinates": [ -10638124.374524740502238, 3469710.707874269224703 ] } },
{ "type": "Feature", "properties": { "title": "Taco Cabana", "price": "$", "categoryName": "Taco restaurant", "address": "11079 Westheimer Rd, Houston, TX 77042", "neighborhood": "Westside", "street": "11079 Westheimer Rd", "city": "Houston", "postalCode": "77042", "state": "Texas", "countryCode": "US", "website": "https://www.tacocabana.com/?utm_source=google-business-profile&utm_medium=organic&utm_campaign=business-listing&utm_id=20409", "phone": "(713) 953-0696", "phoneUnformatted": "+17139530696", "claimThisBusiness": false, "totalScore": 3.8, "permanentlyClosed": false, "temporarilyClosed": false, "placeId": "ChIJw2KHu8jcQIYR3isR-Z6Ou9c", "categories": [ "Taco restaurant", "Mexican restaurant", "Tex-Mex restaurant" ], "fid": "0x8640dcc8bb8762c3:0xd7bb8e9ef9112bde", "cid": "15545175352234027998", "reviewsCount": 1318, "imagesCount": 309.0, "scrapedAt": "2025-07-04T15:42:36.783Z", "price_category": "Low ($1-15)", "service_options": [ "Outdoor seating", "Curbside pickup", "No-contact delivery", "Delivery", "Drive-through", "Takeout", "Dine-in" ], "has_drive_through": true }, "geometry": { "type": "Point", "coordinates": [ -10638806.317725339904428, 3469690.234111357945949 ] } },
{ "type": "Feature", "properties": { "title": "Burger King", "price": "$", "categoryName": "Fast food restaurant", "address": "14504 Memorial Dr, Houston, TX 77079", "neighborhood": "Westside", "street": "14504 Memorial Dr", "city": "Houston", "postalCode": "77079", "state": "Texas", "countryCode": "US", "website": "https://burgerking.com/store-locator/store/restaurant_11115", "phone": "(281) 589-1800", "phoneUnformatted": "+12815891800", "claimThisBusiness": false, "totalScore": 3.0, "permanentlyClosed": false, "temporarilyClosed": false, "placeId": "ChIJ-xEXlXjbQIYR8hKeMS7C-y4", "categories": [ "Fast food restaurant", "Breakfast restaurant", "Delivery service", "Family restaurant" ], "fid": "0x8640db78951711fb:0x2efbc22e319e12f2", "cid": "3385513048555786994", "reviewsCount": 540, "imagesCount": 152.0, "scrapedAt": "2025-07-04T15:42:37.032Z", "price_category": "Low ($1-15)", "service_options": [ "Delivery", "Drive-through", "Takeout", "Dine-in" ], "has_drive_through": true }, "geometry": { "type": "Point", "coordinates": [ -10642437.626306712627411, 3474085.0333560439758 ] } },
{ "type": "Feature", "properties": { "title": "Jimmy John's", "price": "$", "categoryName": "Sandwich shop", "address": "1120 Eldridge Pkwy Suite 190, Houston, TX 77079", "neighborhood": "Westside", "street": "1120 Eldridge Pkwy Suite 190", "city": "Houston", "postalCode": "77079", "state": "Texas", "countryCode": "US", "website": "https://locations.jimmyjohns.com/tx/houston/sandwiches-679.html?utm_source=google%20my%20business&utm_medium=organic&utm_campaign=website%20link", "phone": "(281) 493-6060", "phoneUnformatted": "+12814936060", "claimThisBusiness": false, "totalScore": 3.6, "permanentlyClosed": false, "temporarilyClosed": false, "placeId": "ChIJzwOvWIvbQIYRxXjj0HcXbfQ", "categories": [ "Sandwich shop", "Caterer", "Fast food restaurant", "Delivery Restaurant", "Takeout Restaurant" ], "fid": "0x8640db8b58af03cf:0xf46d1777d0e378c5", "cid": "17612759521088993477", "reviewsCount": 149, "imagesCount": 43.0, "scrapedAt": "2025-07-04T15:42:37.033Z", "price_category": "Low ($1-15)", "service_options": [ "No-contact delivery", "Delivery", "Drive-through", "Takeout", "Dine-in" ], "has_drive_through": true }, "geometry": { "type": "Point", "coordinates": [ -10644831.997234186157584, 3473807.218914415687323 ] } },
{ "type": "Feature", "properties": { "title": "Dunkin'", "price": null, "categoryName": "Coffee shop", "address": "14490 Memorial Dr, Houston, TX 77079", "neighborhood": "Westside", "street": "14490 Memorial Dr", "city": "Houston", "postalCode": "77079", "state": "Texas", "countryCode": "US", "website": "https://locations.dunkindonuts.com/en/tx/houston/14490-memorial-drive/365661?utm_source=google&utm_medium=local&utm_campaign=localmaps&utm_content=365661&y_source=1_MTA5MTY1NTE3Ni03MTUtbG9jYXRpb24ud2Vic2l0ZQ%3D%3D", "phone": "(346) 888-1426", "phoneUnformatted": "+13468881426", "claimThisBusiness": false, "totalScore": 3.0, "permanentlyClosed": false, "temporarilyClosed": false, "placeId": "ChIJCyMWaQDbQIYRktw_wGHg2SU", "categories": [ "Coffee shop", "Bagel shop", "Bakery", "Breakfast restaurant", "Donut shop", "Fast food restaurant", "Takeout Restaurant" ], "fid": "0x8640db006916230b:0x25d9e061c03fdc92", "cid": "2727457759791406226", "reviewsCount": 46, "imagesCount": 134.0, "scrapedAt": "2025-07-04T15:42:37.033Z", "price_category": null, "service_options": [ "Curbside pickup", "Delivery", "Drive-through", "Takeout", "Dine-in" ], "has_drive_through": true }, "geometry": { "type": "Point", "coordinates": [ -10642367.650874799117446, 3474081.609211275354028 ] } },
{ "type": "Feature", "properties": { "title": "Starbucks", "price": "$$", "categoryName": "Coffee shop", "address": "1535 Eldridge Pkwy, Houston, TX 77077", "neighborhood": "Westside", "street": "1535 Eldridge Pkwy", "city": "Houston", "postalCode": "77077", "state": "Texas", "countryCode": "US", "website": "https://www.starbucks.com/store-locator/store/17411/", "phone": "(281) 596-8895", "phoneUnformatted": "+12815968895", "claimThisBusiness": false, "totalScore": 4.3, "permanentlyClosed": false, "temporarilyClosed": false, "placeId": "ChIJibZjUnPcQIYRgxtNWi0vsIM", "categories": [ "Coffee shop", "Breakfast restaurant", "Cafe", "Coffee store", "Espresso bar", "Internet cafe" ], "fid": "0x8640dc735263b689:0x83b02f2d5a4d1b83", "cid": "9489136286704671619", "reviewsCount": 706, "imagesCount": 98.0, "scrapedAt": "2025-07-04T15:42:37.033Z", "price_category": "Medium ($16-35)", "service_options": [ "Outdoor seating", "Curbside pickup", "No-contact delivery", "Delivery", "Drive-through", "Takeout", "Dine-in" ], "has_drive_through": true }, "geometry": { "type": "Point", "coordinates": [ -10644875.233724407851696, 3472197.711323643103242 ] } },
{ "type": "Feature", "properties": { "title": "Wendy's", "price": "$", "categoryName": "Fast food restaurant", "address": "16500 El Camino Real, Houston, TX 77062", "neighborhood": "Clear Lake", "street": "16500 El Camino Real", "city": "Houston", "postalCode": "77062", "state": "Texas", "countryCode": "US", "website": "https://locations.wendys.com/united-states/tx/houston/16500-el-camino-real?utm_source=Yext&utm_medium=Google_My_Business&utm_campaign=Local_Search&utm_content=EN_US", "phone": "(832) 284-7263", "phoneUnformatted": "+18322847263", "claimThisBusiness": false, "totalScore": 3.7, "permanentlyClosed": false, "temporarilyClosed": false, "placeId": "ChIJJQCxSWecQIYRDy4Eais_xq4", "categories": [ "Fast food restaurant", "Hamburger restaurant", "Restaurant" ], "fid": "0x86409c6749b10025:0xaec63f2b6a042e0f", "cid": "12593822863682973199", "reviewsCount": 842, "imagesCount": 256.0, "scrapedAt": "2025-07-04T15:42:49.192Z", "price_category": "Low ($1-15)", "service_options": [ "Delivery", "Drive-through", "Takeout", "Dine-in" ], "has_drive_through": true }, "geometry": { "type": "Point", "coordinates": [ -10589108.532561017200351, 3446830.072476458270103 ] } },
{ "type": "Feature", "properties": { "title": "Church's Texas Chicken", "price": "$", "categoryName": "Chicken restaurant", "address": "1201 Bay Area Blvd, League City, TX 77058", "neighborhood": "Clear Lake", "street": "1201 Bay Area Blvd", "city": "League City", "postalCode": "77058", "state": "Texas", "countryCode": "US", "website": "https://locations.churchs.com/tx/league-city/1201-bay-area-boulevard", "phone": "(281) 486-1555", "phoneUnformatted": "+12814861555", "claimThisBusiness": false, "totalScore": 3.7, "permanentlyClosed": false, "temporarilyClosed": false, "placeId": "ChIJzdDoBlycQIYRnBCx5FYBgk8", "categories": [ "Chicken restaurant", "Family restaurant", "Fast food restaurant" ], "fid": "0x86409c5c06e8d0cd:0x4f820156e4b1109c", "cid": "5729143148684316828", "reviewsCount": 761, "imagesCount": 218.0, "scrapedAt": "2025-07-04T15:42:50.108Z", "price_category": "Low ($1-15)", "service_options": [ "Delivery", "Drive-through", "Onsite services", "Takeout", "Dine-in" ], "has_drive_through": true }, "geometry": { "type": "Point", "coordinates": [ -10588468.03360684029758, 3446824.876724775414914 ] } },
{ "type": "Feature", "properties": { "title": "Dunkin'", "price": "$", "categoryName": "Coffee shop", "address": "1525 Bay Area Blvd, Houston, TX 77058", "neighborhood": "Clear Lake", "street": "1525 Bay Area Blvd", "city": "Houston", "postalCode": "77058", "state": "Texas", "countryCode": "US", "website": "https://locations.dunkindonuts.com/en/tx/houston/1525-bay-area-blvd/352553?utm_source=google&utm_medium=local&utm_campaign=localmaps&utm_content=352553&y_source=1_MTIxMDk3ODgtNzE1LWxvY2F0aW9uLndlYnNpdGU%3D", "phone": "(346) 771-8229", "phoneUnformatted": "+13467718229", "claimThisBusiness": false, "totalScore": 4.0, "permanentlyClosed": false, "temporarilyClosed": false, "placeId": "ChIJg7wKDVucQIYRBO_4SlAsxD4", "categories": [ "Coffee shop", "Bagel shop", "Bakery", "Breakfast restaurant", "Donut shop", "Fast food restaurant", "Takeout Restaurant" ], "fid": "0x86409c5b0d0abc83:0x3ec42c504af8ef04", "cid": "4522788649153654532", "reviewsCount": 775, "imagesCount": 188.0, "scrapedAt": "2025-07-04T15:42:50.946Z", "price_category": "Low ($1-15)", "service_options": [ "Curbside pickup", "Delivery", "Drive-through", "Onsite services", "Takeout", "Dine-in" ], "has_drive_through": true }, "geometry": { "type": "Point", "coordinates": [ -10588129.566695084795356, 3447556.346489240415394 ] } },
{ "type": "Feature", "properties": { "title": "Popeyes Louisiana Kitchen", "price": "$", "categoryName": "Fast food restaurant", "address": "14266 Gulf Fwy, Houston, TX 77034", "neighborhood": "South Belt / Ellington", "street": "14266 Gulf Fwy", "city": "Houston", "postalCode": "77034", "state": "Texas", "countryCode": "US", "website": "https://www.popeyes.com/store-locator/store/restaurant_83329?utm_source=yext&utm_medium=referral&utm_campaign=organic-local-listings", "phone": "(281) 484-9191", "phoneUnformatted": "+12814849191", "claimThisBusiness": false, "totalScore": 3.5, "permanentlyClosed": false, "temporarilyClosed": false, "placeId": "ChIJPyS9simaQIYRsqKXVZDN8uM", "categories": [ "Fast food restaurant", "Breakfast restaurant", "Delivery service", "Family restaurant" ], "fid": "0x86409a29b2bd243f:0xe3f2cd905597a2b2", "cid": "16425416810768605874", "reviewsCount": 1125, "imagesCount": 117.0, "scrapedAt": "2025-07-04T15:42:51.620Z", "price_category": "Low ($1-15)", "service_options": [ "Outdoor seating", "No-contact delivery", "Delivery", "Drive-through", "Takeout", "Dine-in" ], "has_drive_through": true }, "geometry": { "type": "Point", "coordinates": [ -10596801.076729154214263, 3451322.05651000328362 ] } },
{ "type": "Feature", "properties": { "title": "McDonald's", "price": "$", "categoryName": "Fast food restaurant", "address": "14270 Gulf Fwy, Houston, TX 77034", "neighborhood": "South Belt / Ellington", "street": "14270 Gulf Fwy", "city": "Houston", "postalCode": "77034", "state": "Texas", "countryCode": "US", "website": "https://www.mcdonalds.com/us/en-us/location/TX/HOUSTON/14270-GULF-FREEWAY/25290.html?cid=RF:YXT:GMB::Clicks", "phone": "(281) 484-7113", "phoneUnformatted": "+12814847113", "claimThisBusiness": false, "totalScore": 3.8, "permanentlyClosed": false, "temporarilyClosed": false, "placeId": "ChIJ14e3rimaQIYRJxjaHXIVxEM", "categories": [ "Fast food restaurant", "Breakfast restaurant", "Coffee shop", "Hamburger restaurant", "Restaurant", "Sandwich shop" ], "fid": "0x86409a29aeb787d7:0x43c415721dda1827", "cid": "4883051475847747623", "reviewsCount": 1457, "imagesCount": 213.0, "scrapedAt": "2025-07-04T15:42:51.620Z", "price_category": "Low ($1-15)", "service_options": [ "Curbside pickup", "No-contact delivery", "Delivery", "Drive-through", "Onsite services", "Takeout", "Dine-in" ], "has_drive_through": true }, "geometry": { "type": "Point", "coordinates": [ -10596756.582328682765365, 3451288.105995976366103 ] } },
{ "type": "Feature", "properties": { "title": "Chick-fil-A", "price": "$", "categoryName": "Chicken restaurant", "address": "3101 W Holcombe Blvd, Houston, TX 77025", "neighborhood": "Braeswood", "street": "3101 W Holcombe Blvd", "city": "Houston", "postalCode": "77025", "state": "Texas", "countryCode": "US", "website": "https://www.chick-fil-a.com/locations/tx/holcombe-buffalo-speedway?utm_source=yext&utm_medium=link", "phone": "(713) 660-8200", "phoneUnformatted": "+17136608200", "claimThisBusiness": false, "totalScore": 4.4, "permanentlyClosed": false, "temporarilyClosed": false, "placeId": "ChIJ89wfIEbAQIYRGNiPdJEcOPI", "categories": [ "Chicken restaurant", "Caterer", "Fast food restaurant" ], "fid": "0x8640c046201fdcf3:0xf2381c91748fd818", "cid": "17453731766925776920", "reviewsCount": 2908, "imagesCount": 432.0, "scrapedAt": "2025-07-04T15:42:57.302Z", "price_category": "Low ($1-15)", "service_options": [ "Curbside pickup", "No-contact delivery", "Delivery", "Drive-through", "Takeout", "Dine-in" ], "has_drive_through": true }, "geometry": { "type": "Point", "coordinates": [ -10622698.821553569287062, 3465766.770420395303518 ] } },
{ "type": "Feature", "properties": { "title": "Taco Cabana", "price": "$", "categoryName": "Taco restaurant", "address": "3905 Kirby Dr, Houston, TX 77098", "neighborhood": "Greenway / Upper Kirby Area", "street": "3905 Kirby Dr", "city": "Houston", "postalCode": "77098", "state": "Texas", "countryCode": "US", "website": "https://www.tacocabana.com/?utm_source=google-business-profile&utm_medium=organic&utm_campaign=business-listing&utm_id=20404", "phone": "(713) 528-6933", "phoneUnformatted": "+17135286933", "claimThisBusiness": false, "totalScore": 3.8, "permanentlyClosed": false, "temporarilyClosed": false, "placeId": "ChIJtdiDmfPAQIYRLUJjEG0pOPQ", "categories": [ "Taco restaurant", "Mexican restaurant", "Tex-Mex restaurant" ], "fid": "0x8640c0f39983d8b5:0xf438296d1063422d", "cid": "17597861092353327661", "reviewsCount": 1631, "imagesCount": 393.0, "scrapedAt": "2025-07-04T15:42:58.295Z", "price_category": "Low ($1-15)", "service_options": [ "Outdoor seating", "Curbside pickup", "No-contact delivery", "Delivery", "Drive-through", "Takeout", "Dine-in" ], "has_drive_through": true }, "geometry": { "type": "Point", "coordinates": [ -10621914.241782458499074, 3469124.391690192744136 ] } },
{ "type": "Feature", "properties": { "title": "McDonald's", "price": "$", "categoryName": "Fast food restaurant", "address": "1405 Post Oak Blvd, Houston, TX 77056", "neighborhood": "Westside", "street": "1405 Post Oak Blvd", "city": "Houston", "postalCode": "77056", "state": "Texas", "countryCode": "US", "website": "https://www.mcdonalds.com/us/en-us/location/TX/HOUSTON/1405-POST-OAK-BLVD/10756.html?cid=RF:YXT:GMB::Clicks", "phone": null, "phoneUnformatted": null, "claimThisBusiness": false, "totalScore": 3.4, "permanentlyClosed": false, "temporarilyClosed": false, "placeId": "ChIJ6fCeJkfBQIYR5qIomB3CPRs", "categories": [ "Fast food restaurant", "Breakfast restaurant", "Coffee shop", "Hamburger restaurant", "Restaurant", "Sandwich shop" ], "fid": "0x8640c147269ef0e9:0x1b3dc21d9828a2e6", "cid": "1962938444966044390", "reviewsCount": 1549, "imagesCount": 379.0, "scrapedAt": "2025-07-04T15:42:59.210Z", "price_category": "Low ($1-15)", "service_options": [ "Curbside pickup", "No-contact delivery", "Delivery", "Drive-through", "Onsite services", "Takeout", "Dine-in" ], "has_drive_through": true }, "geometry": { "type": "Point", "coordinates": [ -10626441.638868866488338, 3471808.781187284737825 ] } },
{ "type": "Feature", "properties": { "title": "Popeyes Louisiana Kitchen", "price": "$", "categoryName": "Chicken restaurant", "address": "5625 Richmond Ave., Houston, TX 77057", "neighborhood": "Westside", "street": "5625 Richmond Ave.", "city": "Houston", "postalCode": "77057", "state": "Texas", "countryCode": "US", "website": "https://www.popeyes.com/store-locator/store/restaurant_82145?utm_source=yext&utm_medium=referral&utm_campaign=organic-local-listings", "phone": "(713) 784-8320", "phoneUnformatted": "+17137848320", "claimThisBusiness": false, "totalScore": 3.9, "permanentlyClosed": false, "temporarilyClosed": false, "placeId": "ChIJyR_F1dfDQIYR5DIFkE8GCZY", "categories": [ "Chicken restaurant", "Cajun restaurant", "Fast food restaurant", "Restaurant", "Seafood restaurant" ], "fid": "0x8640c3d7d5c51fc9:0x9609064f900532e4", "cid": "10811179319268029156", "reviewsCount": 1328, "imagesCount": 249.0, "scrapedAt": "2025-07-04T15:43:00.198Z", "price_category": "Low ($1-15)", "service_options": [ "Outdoor seating", "No-contact delivery", "Delivery", "Drive-through", "Takeout", "Dine-in" ], "has_drive_through": true }, "geometry": { "type": "Point", "coordinates": [ -10628539.154110241681337, 3469041.808315731585026 ] } },
{ "type": "Feature", "properties": { "title": "Starbucks", "price": "$$", "categoryName": "Coffee shop", "address": "2521 Post Oak Blvd, Houston, TX 77056", "neighborhood": "Westside", "street": "2521 Post Oak Blvd", "city": "Houston", "postalCode": "77056", "state": "Texas", "countryCode": "US", "website": "https://www.starbucks.com/store-locator/store/9290/", "phone": "(713) 621-7685", "phoneUnformatted": "+17136217685", "claimThisBusiness": false, "totalScore": 4.0, "permanentlyClosed": false, "temporarilyClosed": false, "placeId": "ChIJFVYSk2vBQIYRidRQqat7UVw", "categories": [ "Coffee shop", "Breakfast restaurant", "Cafe", "Coffee store", "Espresso bar", "Internet cafe" ], "fid": "0x8640c16b93125615:0x5c517baba950d489", "cid": "6652234101813204105", "reviewsCount": 2804, "imagesCount": 981.0, "scrapedAt": "2025-07-04T15:43:00.236Z", "price_category": "Medium ($16-35)", "service_options": [ "Outdoor seating", "Curbside pickup", "No-contact delivery", "Delivery", "Drive-through", "Takeout", "Dine-in" ], "has_drive_through": true }, "geometry": { "type": "Point", "coordinates": [ -10626628.188071539625525, 3470359.616129556670785 ] } },
{ "type": "Feature", "properties": { "title": "El Taquito Kitchen (Food Truck)", "price": "$", "categoryName": "Mexican restaurant", "address": "3400 Dunvale Rd, Houston, TX 77063", "neighborhood": "Westside", "street": "3400 Dunvale Rd", "city": "Houston", "postalCode": "77063", "state": "Texas", "countryCode": "US", "website": null, "phone": "(713) 543-0627", "phoneUnformatted": "+17135430627", "claimThisBusiness": false, "totalScore": 4.6, "permanentlyClosed": false, "temporarilyClosed": false, "placeId": "ChIJN-cKkU3DQIYRjOrhQQCm8FY", "categories": [ "Mexican restaurant", "Taco restaurant" ], "fid": "0x8640c34d910ae737:0x56f0a60041e1ea8c", "cid": "6264689601707895436", "reviewsCount": 31, "imagesCount": 26.0, "scrapedAt": "2025-07-04T15:43:00.822Z", "price_category": "Low ($1-15)", "service_options": [ "Curbside pickup", "Drive-through", "Takeout" ], "has_drive_through": true }, "geometry": { "type": "Point", "coordinates": [ -10632577.569201393052936, 3468657.498777505476028 ] } },
{ "type": "Feature", "properties": { "title": "Pollo Campero", "price": "$$", "categoryName": "Chicken restaurant", "address": "5616 Bellaire Blvd, Houston, TX 77081", "neighborhood": "Gulfton", "street": "5616 Bellaire Blvd", "city": "Houston", "postalCode": "77081", "state": "Texas", "countryCode": "US", "website": "http://www.campero.com/", "phone": "(833) 226-7376", "phoneUnformatted": "+18332267376", "claimThisBusiness": false, "totalScore": 4.1, "permanentlyClosed": false, "temporarilyClosed": false, "placeId": "ChIJrRcCPSfCQIYRDmKsB0EaKGY", "categories": [ "Chicken restaurant", "Chicken shop", "Fast food restaurant", "Fried chicken takeaway", "Restaurant" ], "fid": "0x8640c2273d0217ad:0x66281a4107ac620e", "cid": "7361162457541009934", "reviewsCount": 1901, "imagesCount": 466.0, "scrapedAt": "2025-07-04T15:43:02.962Z", "price_category": "Medium ($16-35)", "service_options": [ "Curbside pickup", "No-contact delivery", "Delivery", "Drive-through", "Takeout", "Dine-in" ], "has_drive_through": true }, "geometry": { "type": "Point", "coordinates": [ -10628745.451390579342842, 3465802.053522911854088 ] } },
{ "type": "Feature", "properties": { "title": "Houston Street Tacos (Food Truck)", "price": "$", "categoryName": "Mexican restaurant", "address": "6500 Southwest Fwy, Houston, TX 77074", "neighborhood": "Sharpstown", "street": "6500 Southwest Fwy", "city": "Houston", "postalCode": "77074", "state": "Texas", "countryCode": "US", "website": null, "phone": "(832) 714-6559", "phoneUnformatted": "+18327146559", "claimThisBusiness": false, "totalScore": 4.0, "permanentlyClosed": false, "temporarilyClosed": false, "placeId": "ChIJbUESHs7nQIYRsTZ26O8rvjY", "categories": [ "Mexican restaurant" ], "fid": "0x8640e7ce1e12416d:0x36be2befe87636b1", "cid": "3944638633020372657", "reviewsCount": 44, "imagesCount": 46.0, "scrapedAt": "2025-07-04T15:43:02.962Z", "price_category": "Low ($1-15)", "service_options": [ "Curbside pickup", "No-contact delivery", "Delivery", "Drive-through", "Takeout", "Dine-in" ], "has_drive_through": true }, "geometry": { "type": "Point", "coordinates": [ -10630769.172941507771611, 3467445.561249869409949 ] } },
{ "type": "Feature", "properties": { "title": "Jack in the Box", "price": "$", "categoryName": "Fast food restaurant", "address": "9645 Westheimer Rd, Houston, TX 77063", "neighborhood": "Westside", "street": "9645 Westheimer Rd", "city": "Houston", "postalCode": "77063", "state": "Texas", "countryCode": "US", "website": "https://locations.jackinthebox.com/us/tx/houston/9645-westheimer-rd?utm_source=google&utm_medium=local&utm_campaign=google-local", "phone": "(346) 327-2101", "phoneUnformatted": "+13463272101", "claimThisBusiness": false, "totalScore": 3.6, "permanentlyClosed": false, "temporarilyClosed": false, "placeId": "ChIJC6JPfhbDQIYRlV1_yRbYDVE", "categories": [ "Fast food restaurant", "American restaurant", "Breakfast restaurant", "Chicken restaurant", "Dessert restaurant", "Hamburger restaurant", "Delivery Restaurant", "Mexican restaurant" ], "fid": "0x8640c3167e4fa20b:0x510dd816c97f5d95", "cid": "5840561884150848917", "reviewsCount": 1182, "imagesCount": 173.0, "scrapedAt": "2025-07-04T15:43:03.505Z", "price_category": "Low ($1-15)", "service_options": [ "Curbside pickup", "No-contact delivery", "Delivery", "Drive-through", "Takeout", "Dine-in" ], "has_drive_through": true }, "geometry": { "type": "Point", "coordinates": [ -10635253.444857183843851, 3469775.898501191288233 ] } },
{ "type": "Feature", "properties": { "title": "McDonald's", "price": "$", "categoryName": "Fast food restaurant", "address": "3941 Fondren Rd, Houston, TX 77063", "neighborhood": "Westside", "street": "3941 Fondren Rd", "city": "Houston", "postalCode": "77063", "state": "Texas", "countryCode": "US", "website": "https://www.mcdonalds.com/us/en-us/location/TX/HOUSTON/3941-FONDREN-ROAD/22190.html?cid=RF:YXT:GMB::Clicks", "phone": "(713) 781-5835", "phoneUnformatted": "+17137815835", "claimThisBusiness": false, "totalScore": 3.8, "permanentlyClosed": false, "temporarilyClosed": false, "placeId": "ChIJjYkudQDDQIYReUgj1MjNOaw", "categories": [ "Fast food restaurant", "Breakfast restaurant", "Coffee shop", "Hamburger restaurant", "Restaurant", "Sandwich shop" ], "fid": "0x8640c300752e898d:0xac39cdc8d4234879", "cid": "12410176510632347769", "reviewsCount": 2127, "imagesCount": 270.0, "scrapedAt": "2025-07-04T15:43:03.926Z", "price_category": "Low ($1-15)", "service_options": [ "Curbside pickup", "No-contact delivery", "Delivery", "Drive-through", "Onsite services", "Takeout", "Dine-in" ], "has_drive_through": true }, "geometry": { "type": "Point", "coordinates": [ -10633225.125811286270618, 3467868.263827364891768 ] } },
{ "type": "Feature", "properties": { "title": "Jack in the Box", "price": "$", "categoryName": "Fast food restaurant", "address": "6006 Hillcroft Ave, Houston, TX 77081", "neighborhood": "Sharpstown", "street": "6006 Hillcroft Ave", "city": "Houston", "postalCode": "77081", "state": "Texas", "countryCode": "US", "website": "https://locations.jackinthebox.com/us/tx/houston/6006-hillcroft-ave?utm_source=google&utm_medium=local&utm_campaign=google-local", "phone": "(713) 271-7117", "phoneUnformatted": "+17132717117", "claimThisBusiness": false, "totalScore": 3.8, "permanentlyClosed": false, "temporarilyClosed": false, "placeId": "ChIJBQ0f_jXCQIYRcK2-qBGWSKU", "categories": [ "Fast food restaurant", "American restaurant", "Breakfast restaurant", "Chicken restaurant", "Dessert restaurant", "Hamburger restaurant", "Delivery Restaurant", "Mexican restaurant" ], "fid": "0x8640c235fe1f0d05:0xa5489611a8bead70", "cid": "11909934217170955632", "reviewsCount": 911, "imagesCount": 165.0, "scrapedAt": "2025-07-04T15:43:03.927Z", "price_category": "Low ($1-15)", "service_options": [ "No-contact delivery", "Delivery", "Drive-through", "Takeout", "Dine-in" ], "has_drive_through": true }, "geometry": { "type": "Point", "coordinates": [ -10630837.712351989001036, 3467035.959204410202801 ] } },
{ "type": "Feature", "properties": { "title": "El Rey de las Tortas", "price": null, "categoryName": "Fast food restaurant", "address": "3400 Dunvale Rd, Houston, TX 77063", "neighborhood": "Westside", "street": "3400 Dunvale Rd", "city": "Houston", "postalCode": "77063", "state": "Texas", "countryCode": "US", "website": null, "phone": "(346) 390-8266", "phoneUnformatted": "+13463908266", "claimThisBusiness": false, "totalScore": 3.1, "permanentlyClosed": false, "temporarilyClosed": false, "placeId": "ChIJ6Q1qDcjDQIYRduRC_TC6s3E", "categories": [ "Fast food restaurant", "Catering equipment rental service", "Caterer", "Food court", "Mexican restaurant", "Mobile caterer", "Restaurant", "Taco restaurant" ], "fid": "0x8640c3c80d6a0de9:0x71b3ba30fd42e476", "cid": "8193096866687280246", "reviewsCount": 11, "imagesCount": 94.0, "scrapedAt": "2025-07-04T15:43:04.178Z", "price_category": null, "service_options": [ "Delivery", "Drive-through", "Takeout", "Dine-in" ], "has_drive_through": true }, "geometry": { "type": "Point", "coordinates": [ -10632577.569201393052936, 3468657.498777505476028 ] } },
{ "type": "Feature", "properties": { "title": "Chick-fil-A", "price": "$", "categoryName": "Chicken restaurant", "address": "5001 Beechnut St, Houston, TX 77096", "neighborhood": "Meyerland Area", "street": "5001 Beechnut St", "city": "Houston", "postalCode": "77096", "state": "Texas", "countryCode": "US", "website": "https://www.chick-fil-a.com/locations/tx/meyerland-plaza?utm_source=yext&utm_medium=link", "phone": "(713) 839-7700", "phoneUnformatted": "+17138397700", "claimThisBusiness": false, "totalScore": 4.4, "permanentlyClosed": false, "temporarilyClosed": false, "placeId": "ChIJ12Dwne_BQIYR8ILJccnan_o", "categories": [ "Chicken restaurant", "Caterer", "Fast food restaurant" ], "fid": "0x8640c1ef9df060d7:0xfa9fdac971c982f0", "cid": "18059393589511291632", "reviewsCount": 3053, "imagesCount": 357.0, "scrapedAt": "2025-07-04T15:43:04.503Z", "price_category": "Low ($1-15)", "service_options": [ "Delivery", "Drive-through", "Takeout", "Dine-in" ], "has_drive_through": true }, "geometry": { "type": "Point", "coordinates": [ -10627128.324279775843024, 3463615.670699478127062 ] } },
{ "type": "Feature", "properties": { "title": "Taco Bell", "price": "$", "categoryName": "Fast food restaurant", "address": "5600 Bellaire Blvd, Houston, TX 77081", "neighborhood": "Gulfton", "street": "5600 Bellaire Blvd", "city": "Houston", "postalCode": "77081", "state": "Texas", "countryCode": "US", "website": "https://locations.tacobell.com/tx/houston/5600-bellaire.html?utm_source=yext&utm_campaign=googlelistings&utm_medium=referral&utm_term=035699&utm_content=website&y_source=1_MzkxNzE2My03MTUtbG9jYXRpb24ud2Vic2l0ZQ%3D%3D", "phone": "(713) 665-0356", "phoneUnformatted": "+17136650356", "claimThisBusiness": false, "totalScore": 4.0, "permanentlyClosed": false, "temporarilyClosed": false, "placeId": "ChIJGYTRQyfCQIYRInTePaITEyw", "categories": [ "Fast food restaurant", "Burrito restaurant", "Takeout Restaurant", "Mexican restaurant", "Restaurant", "Taco restaurant", "Tex-Mex restaurant" ], "fid": "0x8640c22743d18419:0x2c1313a23dde7422", "cid": "3175903749769950242", "reviewsCount": 880, "imagesCount": 280.0, "scrapedAt": "2025-07-04T15:43:04.919Z", "price_category": "Low ($1-15)", "service_options": [ "Delivery", "Drive-through", "Takeout", "Dine-in" ], "has_drive_through": true }, "geometry": { "type": "Point", "coordinates": [ -10628657.308617768809199, 3465809.230627887882292 ] } },
{ "type": "Feature", "properties": { "title": "Layne's Chicken Fingers- Houston", "price": "$", "categoryName": "Chicken restaurant", "address": "2359 S Shepherd Dr, Houston, TX 77019", "neighborhood": "Montrose", "street": "2359 S Shepherd Dr", "city": "Houston", "postalCode": "77019", "state": "Texas", "countryCode": "US", "website": "https://www.layneschickenfingers.com/houston-tx-shepherd/", "phone": "(713) 581-1875", "phoneUnformatted": "+17135811875", "claimThisBusiness": false, "totalScore": 4.5, "permanentlyClosed": false, "temporarilyClosed": false, "placeId": "ChIJn-6QXl_BQIYRITMLhNIz04I", "categories": [ "Chicken restaurant", "Caterer", "Chicken shop", "Family restaurant", "Fast food restaurant", "Halal restaurant", "Delivery Restaurant", "Takeout Restaurant" ], "fid": "0x8640c15f5e90ee9f:0x82d333d2840b3321", "cid": "9426935424268055329", "reviewsCount": 341, "imagesCount": 184.0, "scrapedAt": "2025-07-04T15:43:05.333Z", "price_category": "Low ($1-15)", "service_options": [ "Delivery", "Drive-through", "Takeout", "Dine-in" ], "has_drive_through": true }, "geometry": { "type": "Point", "coordinates": [ -10621032.157269360497594, 3470810.544281961861998 ] } },
{ "type": "Feature", "properties": { "title": "Jack in the Box", "price": "$", "categoryName": "Fast food restaurant", "address": "8410 Hillcroft St, Houston, TX 77096", "neighborhood": "Braeburn", "street": "8410 Hillcroft St", "city": "Houston", "postalCode": "77096", "state": "Texas", "countryCode": "US", "website": "https://locations.jackinthebox.com/us/tx/houston/8410-hillcroft-st?utm_source=google&utm_medium=local&utm_campaign=google-local", "phone": "(346) 327-2060", "phoneUnformatted": "+13463272060", "claimThisBusiness": false, "totalScore": 3.4, "permanentlyClosed": false, "temporarilyClosed": false, "placeId": "ChIJffAi5BHCQIYR-st1XPvo2gQ", "categories": [ "Fast food restaurant", "American restaurant", "Breakfast restaurant", "Chicken restaurant", "Dessert restaurant", "Hamburger restaurant", "Delivery Restaurant", "Mexican restaurant" ], "fid": "0x8640c211e422f07d:0x4dae8fb5c75cbfa", "cid": "349848087360293882", "reviewsCount": 824, "imagesCount": 157.0, "scrapedAt": "2025-07-04T15:43:05.533Z", "price_category": "Low ($1-15)", "service_options": [ "No-contact delivery", "Delivery", "Drive-through", "Takeout", "Dine-in" ], "has_drive_through": true }, "geometry": { "type": "Point", "coordinates": [ -10630203.970490902662277, 3463426.549096806906164 ] } },
{ "type": "Feature", "properties": { "title": "Little Caesars Pizza", "price": "$", "categoryName": "Pizza restaurant", "address": "6715 Bissonnet St, Houston, TX 77074", "neighborhood": "Braeburn", "street": "6715 Bissonnet St", "city": "Houston", "postalCode": "77074", "state": "Texas", "countryCode": "US", "website": null, "phone": "(713) 988-4300", "phoneUnformatted": "+17139884300", "claimThisBusiness": false, "totalScore": 2.9, "permanentlyClosed": false, "temporarilyClosed": false, "placeId": "ChIJn1ABQBDCQIYREC6VKW8MSsM", "categories": [ "Pizza restaurant", "Fast food restaurant", "Pizza delivery", "Pizza Takeout" ], "fid": "0x8640c2104001509f:0xc34a0c6f29952e10", "cid": "14072073657251081744", "reviewsCount": 1013, "imagesCount": 130.0, "scrapedAt": "2025-07-04T15:43:06.490Z", "price_category": "Low ($1-15)", "service_options": [ "Delivery", "Drive-through", "Onsite services", "Takeout" ], "has_drive_through": true }, "geometry": { "type": "Point", "coordinates": [ -10631171.748748011887074, 3463776.244924070313573 ] } },
{ "type": "Feature", "properties": { "title": "Cicis Pizza", "price": "$", "categoryName": "Pizza restaurant", "address": "5901 Bellaire Blvd Stes 5 / 6, Houston, TX 77081", "neighborhood": "Gulfton", "street": "5901 Bellaire Blvd Stes 5 / 6", "city": "Houston", "postalCode": "77081", "state": "Texas", "countryCode": "US", "website": "https://www.cicis.com/locations/tx-houston-5901-bellaire-blvd?utm_source=google&utm_medium=local&utm_campaign=google-local", "phone": "(713) 667-9700", "phoneUnformatted": "+17136679700", "claimThisBusiness": false, "totalScore": 3.8, "permanentlyClosed": false, "temporarilyClosed": false, "placeId": "ChIJfTs0eiTCQIYRY_ZZWfwiNog", "categories": [ "Pizza restaurant", "Buffet restaurant", "Caterer", "Chicken wings restaurant", "Family restaurant", "Italian restaurant", "Takeout Restaurant", "Pizza delivery", "Pizza Takeout", "Restaurant" ], "fid": "0x8640c2247a343b7d:0x883622fc5959f663", "cid": "9815070905126745699", "reviewsCount": 1238, "imagesCount": 758.0, "scrapedAt": "2025-07-04T15:43:08.218Z", "price_category": "Low ($1-15)", "service_options": [ "Curbside pickup", "No-contact delivery", "Delivery", "Drive-through", "Takeout", "Dine-in" ], "has_drive_through": true }, "geometry": { "type": "Point", "coordinates": [ -10629333.997538404539227, 3465673.212353113107383 ] } },
{ "type": "Feature", "properties": { "title": "Stuff'd Wings", "price": "$", "categoryName": "Chicken restaurant", "address": "401 Richmond Ave., Houston, TX 77002", "neighborhood": "Midtown", "street": "401 Richmond Ave.", "city": "Houston", "postalCode": "77002", "state": "Texas", "countryCode": "US", "website": "http://www.stuffdwings.com/", "phone": "(713) 702-1286", "phoneUnformatted": "+17137021286", "claimThisBusiness": false, "totalScore": 4.1, "permanentlyClosed": false, "temporarilyClosed": false, "placeId": "ChIJwyofznC_QIYRmSOTCiHBrws", "categories": [ "Chicken restaurant", "Restaurant" ], "fid": "0x8640bf70ce1f2ac3:0xbafc1210a932399", "cid": "842104002997068697", "reviewsCount": 621, "imagesCount": 513.0, "scrapedAt": "2025-07-04T15:43:08.414Z", "price_category": "Low ($1-15)", "service_options": [ "Delivery", "Drive-through", "Takeout", "Dine-in" ], "has_drive_through": true }, "geometry": { "type": "Point", "coordinates": [ -10618134.343944776803255, 3469446.000145992264152 ] } },
{ "type": "Feature", "properties": { "title": "McDonald's", "price": "$", "categoryName": "Fast food restaurant", "address": "1302 Westheimer Rd, Houston, TX 77006", "neighborhood": "Montrose", "street": "1302 Westheimer Rd", "city": "Houston", "postalCode": "77006", "state": "Texas", "countryCode": "US", "website": "https://www.mcdonalds.com/us/en-us/location/TX/HOUSTON/1302-WESTHEIMER/7728.html?cid=RF:YXT:GMB::Clicks", "phone": "(713) 528-0016", "phoneUnformatted": "+17135280016", "claimThisBusiness": false, "totalScore": 3.6, "permanentlyClosed": false, "temporarilyClosed": false, "placeId": "ChIJE5pvFp7AQIYRfkwNG4W6RKg", "categories": [ "Fast food restaurant", "Breakfast restaurant", "Coffee shop", "Hamburger restaurant", "Restaurant", "Sandwich shop" ], "fid": "0x8640c09e166f9a13:0xa844ba851b0d4c7e", "cid": "12125021177635490942", "reviewsCount": 2270, "imagesCount": 398.0, "scrapedAt": "2025-07-04T15:43:09.456Z", "price_category": "Low ($1-15)", "service_options": [ "Curbside pickup", "No-contact delivery", "Delivery", "Drive-through", "Takeout", "Dine-in" ], "has_drive_through": true }, "geometry": { "type": "Point", "coordinates": [ -10619311.024358307942748, 3470710.949224924203008 ] } },
{ "type": "Feature", "properties": { "title": "Yummy's Hot Chicken", "price": "$", "categoryName": "Chicken restaurant", "address": "323 Westheimer Rd, Houston, TX 77006", "neighborhood": "Montrose", "street": "323 Westheimer Rd", "city": "Houston", "postalCode": "77006", "state": "Texas", "countryCode": "US", "website": "https://yummyshotchicken.com/", "phone": "(832) 290-0602", "phoneUnformatted": "+18322900602", "claimThisBusiness": false, "totalScore": 4.6, "permanentlyClosed": false, "temporarilyClosed": false, "placeId": "ChIJzU26zrjBQIYRvGpUiEIoES0", "categories": [ "Chicken restaurant", "Chicken wings restaurant", "Fast food restaurant", "Halal restaurant", "Middle Eastern restaurant", "Restaurant" ], "fid": "0x8640c1b8ceba4dcd:0x2d11284288546abc", "cid": "3247421072531024572", "reviewsCount": 485, "imagesCount": 276.0, "scrapedAt": "2025-07-04T15:43:09.457Z", "price_category": "Low ($1-15)", "service_options": [ "Outdoor seating", "Curbside pickup", "No-contact delivery", "Delivery", "Drive-through", "Onsite services", "Takeout", "Dine-in" ], "has_drive_through": true }, "geometry": { "type": "Point", "coordinates": [ -10618278.146462982520461, 3470738.976283198688179 ] } },
{ "type": "Feature", "properties": { "title": "Chick-fil-A", "price": null, "categoryName": "Chicken restaurant", "address": "7900 Main St, Houston, TX 77025", "neighborhood": "Braeswood", "street": "7900 Main St", "city": "Houston", "postalCode": "77025", "state": "Texas", "countryCode": "US", "website": "https://www.chick-fil-a.com/locations/tx/main-kirby?utm_source=yext&utm_medium=link", "phone": "(713) 395-3888", "phoneUnformatted": "+17133953888", "claimThisBusiness": false, "totalScore": 3.8, "permanentlyClosed": false, "temporarilyClosed": false, "placeId": "ChIJd7W3R5nBQIYRDuCSCq0hi1U", "categories": [ "Chicken restaurant", "Caterer", "Fast food restaurant" ], "fid": "0x8640c19947b7b577:0x558b21ad0a92e00e", "cid": "6164057542077112334", "reviewsCount": 539, "imagesCount": 153.0, "scrapedAt": "2025-07-04T15:43:10.511Z", "price_category": null, "service_options": [ "No-contact delivery", "Delivery", "Drive-through", "Takeout" ], "has_drive_through": true }, "geometry": { "type": "Point", "coordinates": [ -10621567.470436688512564, 3464340.673254310153425 ] } },
{ "type": "Feature", "properties": { "title": "Oui Banh Mi", "price": "$", "categoryName": "Vietnamese restaurant", "address": "1601 Richmond Ave., Houston, TX 77006", "neighborhood": "Montrose", "street": "1601 Richmond Ave.", "city": "Houston", "postalCode": "77006", "state": "Texas", "countryCode": "US", "website": "http://www.ouieats.com/", "phone": "(832) 831-5172", "phoneUnformatted": "+18328315172", "claimThisBusiness": false, "totalScore": 3.9, "permanentlyClosed": false, "temporarilyClosed": false, "placeId": "ChIJcXmhh4TAQIYR5erB6Ma9YCk", "categories": [ "Vietnamese restaurant", "Restaurant" ], "fid": "0x8640c08487a17971:0x2960bdc6e8c1eae5", "cid": "2981591615325465317", "reviewsCount": 950, "imagesCount": 400.0, "scrapedAt": "2025-07-04T15:43:10.604Z", "price_category": "Low ($1-15)", "service_options": [ "No-contact delivery", "Delivery", "Drive-through", "Takeout", "Dine-in" ], "has_drive_through": true }, "geometry": { "type": "Point", "coordinates": [ -10619847.350533001124859, 3469422.988471410702914 ] } },
{ "type": "Feature", "properties": { "title": "Popeyes Louisiana Kitchen", "price": "$", "categoryName": "Chicken restaurant", "address": "9120 S Main St, Houston, TX 77025", "neighborhood": "Braeswood", "street": "9120 S Main St", "city": "Houston", "postalCode": "77025", "state": "Texas", "countryCode": "US", "website": "https://www.popeyes.com/store-locator/store/restaurant_82146?utm_source=yext&utm_medium=referral&utm_campaign=organic-local-listings", "phone": "(713) 664-9805", "phoneUnformatted": "+17136649805", "claimThisBusiness": false, "totalScore": 3.7, "permanentlyClosed": false, "temporarilyClosed": false, "placeId": "ChIJsWG5ZyTAQIYRXpaG50obcqk", "categories": [ "Chicken restaurant", "Cajun restaurant", "Fast food restaurant", "Restaurant", "Seafood restaurant" ], "fid": "0x8640c02467b961b1:0xa9721b4ae786965e", "cid": "12209851548280723038", "reviewsCount": 2134, "imagesCount": 289.0, "scrapedAt": "2025-07-04T15:43:11.875Z", "price_category": "Low ($1-15)", "service_options": [ "Outdoor seating", "No-contact delivery", "Delivery", "Drive-through", "Onsite services", "Takeout", "Dine-in" ], "has_drive_through": true }, "geometry": { "type": "Point", "coordinates": [ -10622259.009377393871546, 3463285.302353346254677 ] } },
{ "type": "Feature", "properties": { "title": "Wendy's", "price": "$", "categoryName": "Fast food restaurant", "address": "9500 S Main St, Houston, TX 77025", "neighborhood": "Braeswood", "street": "9500 S Main St", "city": "Houston", "postalCode": "77025", "state": "Texas", "countryCode": "US", "website": "https://locations.wendys.com/united-states/tx/houston/9500-south-main-street?utm_source=Yext&utm_medium=Google_My_Business&utm_campaign=Local_Search&utm_content=EN_US", "phone": "(281) 965-5046", "phoneUnformatted": "+12819655046", "claimThisBusiness": false, "totalScore": 3.5, "permanentlyClosed": false, "temporarilyClosed": false, "placeId": "ChIJ_bCGIybAQIYRIR-vWZtOOhk", "categories": [ "Fast food restaurant", "Hamburger restaurant", "Restaurant" ], "fid": "0x8640c0262386b0fd:0x193a4e9b59af1f21", "cid": "1817851828728962849", "reviewsCount": 1234, "imagesCount": 301.0, "scrapedAt": "2025-07-04T15:43:11.876Z", "price_category": "Low ($1-15)", "service_options": [ "Delivery", "Drive-through", "Takeout", "Dine-in" ], "has_drive_through": true }, "geometry": { "type": "Point", "coordinates": [ -10622634.467755941674113, 3462741.44702117703855 ] } },
{ "type": "Feature", "properties": { "title": "Taco Cabana", "price": "$", "categoryName": "Taco restaurant", "address": "8101 Main St, Houston, TX 77025", "neighborhood": "Astrodome Area", "street": "8101 Main St", "city": "Houston", "postalCode": "77025", "state": "Texas", "countryCode": "US", "website": "https://www.tacocabana.com/?utm_source=google-business-profile&utm_medium=organic&utm_campaign=business-listing&utm_id=20402", "phone": "(713) 668-4863", "phoneUnformatted": "+17136684863", "claimThisBusiness": false, "totalScore": 3.6, "permanentlyClosed": false, "temporarilyClosed": false, "placeId": "ChIJcy6yez3AQIYReDiCaaGppow", "categories": [ "Taco restaurant", "Mexican restaurant", "Tex-Mex restaurant" ], "fid": "0x8640c03d7bb22e73:0x8ca6a9a169823878", "cid": "10134974522168850552", "reviewsCount": 1979, "imagesCount": 319.0, "scrapedAt": "2025-07-04T15:43:11.876Z", "price_category": "Low ($1-15)", "service_options": [ "Outdoor seating", "Curbside pickup", "No-contact delivery", "Delivery", "Drive-through", "Takeout", "Dine-in" ], "has_drive_through": true }, "geometry": { "type": "Point", "coordinates": [ -10621602.40249289944768, 3464081.048014345578849 ] } },
{ "type": "Feature", "properties": { "title": "Burger King", "price": "$", "categoryName": "Fast food restaurant", "address": "9349 S Main St, Houston, TX 77025", "neighborhood": "South Main", "street": "9349 S Main St", "city": "Houston", "postalCode": "77025", "state": "Texas", "countryCode": "US", "website": "https://burgerking.com/store-locator/store/restaurant_1722", "phone": "(713) 661-7041", "phoneUnformatted": "+17136617041", "claimThisBusiness": false, "totalScore": 3.6, "permanentlyClosed": false, "temporarilyClosed": false, "placeId": "ChIJN4af1xfAQIYR7t3EWz56wgY", "categories": [ "Fast food restaurant", "Breakfast restaurant", "Delivery service", "Family restaurant" ], "fid": "0x8640c017d79f8637:0x6c27a3e5bc4ddee", "cid": "487086117955624430", "reviewsCount": 985, "imagesCount": 228.0, "scrapedAt": "2025-07-04T15:43:13.080Z", "price_category": "Low ($1-15)", "service_options": [ "Delivery", "Drive-through", "Takeout", "Dine-in" ], "has_drive_through": true }, "geometry": { "type": "Point", "coordinates": [ -10622414.355726797133684, 3462876.101740208920091 ] } },
{ "type": "Feature", "properties": { "title": "Dunkin'", "price": "$", "categoryName": "Coffee shop", "address": "9405 S Main St, Houston, TX 77025", "neighborhood": "South Main", "street": "9405 S Main St", "city": "Houston", "postalCode": "77025", "state": "Texas", "countryCode": "US", "website": "https://locations.dunkindonuts.com/en/tx/houston/9405-main-st/357119?utm_source=google&utm_medium=local&utm_campaign=localmaps&utm_content=357119&y_source=1_MTIxMTA3OTAtNzE1LWxvY2F0aW9uLndlYnNpdGU%3D", "phone": "(346) 771-8212", "phoneUnformatted": "+13467718212", "claimThisBusiness": false, "totalScore": 3.5, "permanentlyClosed": false, "temporarilyClosed": false, "placeId": "ChIJmW_RtsnBQIYRykUPpgkWWsY", "categories": [ "Coffee shop", "Bagel shop", "Bakery", "Breakfast restaurant", "Donut shop", "Fast food restaurant", "Takeout Restaurant" ], "fid": "0x8640c1c9b6d16f99:0xc65a1609a60f45ca", "cid": "14292760598110225866", "reviewsCount": 592, "imagesCount": 211.0, "scrapedAt": "2025-07-04T15:43:14.188Z", "price_category": "Low ($1-15)", "service_options": [ "Curbside pickup", "Delivery", "Drive-through", "Onsite services", "Takeout", "Dine-in" ], "has_drive_through": true }, "geometry": { "type": "Point", "coordinates": [ -10622511.493114462122321, 3462737.308355280198157 ] } },
{ "type": "Feature", "properties": { "title": "Urban Bird Hot Chicken", "price": "$10–20", "categoryName": "Chicken restaurant", "address": "10001 Westheimer Rd Suite #2126, Houston, TX 77042", "neighborhood": "Westside", "street": "10001 Westheimer Rd Suite #2126", "city": "Houston", "postalCode": "77042", "state": "Texas", "countryCode": "US", "website": "https://www.urbanbirdhotchicken.com/", "phone": "(346) 428-1010", "phoneUnformatted": "+13464281010", "claimThisBusiness": false, "totalScore": 4.6, "permanentlyClosed": false, "temporarilyClosed": false, "placeId": "ChIJr9KpJwDDQIYRXS1dqO6aOVY", "categories": [ "Chicken restaurant", "Caterer", "Chicken wings restaurant", "Fried chicken takeaway", "Halal restaurant" ], "fid": "0x8640c30027a9d2af:0x56399aeea85d2d5d", "cid": "6213167510751882589", "reviewsCount": 167, "imagesCount": 107.0, "scrapedAt": "2025-07-04T15:43:14.561Z", "price_category": "Low ($1-15)", "service_options": [ "No-contact delivery", "Delivery", "Drive-through", "Takeout", "Dine-in" ], "has_drive_through": true }, "geometry": { "type": "Point", "coordinates": [ -10636699.139952166005969, 3469728.386872979812324 ] } },
{ "type": "Feature", "properties": { "title": "Chick-fil-A", "price": "$", "categoryName": "Chicken restaurant", "address": "8609 Westheimer Rd, Houston, TX 77063", "neighborhood": "Westside", "street": "8609 Westheimer Rd", "city": "Houston", "postalCode": "77063", "state": "Texas", "countryCode": "US", "website": "https://www.chick-fil-a.com/locations/tx/westheimer-fondren?utm_source=yext&utm_medium=link", "phone": "(713) 278-2300", "phoneUnformatted": "+17132782300", "claimThisBusiness": false, "totalScore": 4.1, "permanentlyClosed": false, "temporarilyClosed": false, "placeId": "ChIJkeW3MafDQIYRhKV7X2fjnLk", "categories": [ "Chicken restaurant", "Caterer", "Fast food restaurant" ], "fid": "0x8640c3a731b7e591:0xb99ce3675f7ba584", "cid": "13374815026506605956", "reviewsCount": 3508, "imagesCount": 479.0, "scrapedAt": "2025-07-04T15:43:16.587Z", "price_category": "Low ($1-15)", "service_options": [ "Outdoor seating", "Curbside pickup", "No-contact delivery", "Delivery", "Drive-through", "Takeout", "Dine-in" ], "has_drive_through": true }, "geometry": { "type": "Point", "coordinates": [ -10632983.139502201229334, 3469781.193250986747444 ] } },
{ "type": "Feature", "properties": { "title": "McDonald's", "price": "$", "categoryName": "Fast food restaurant", "address": "10703 Westheimer Rd, Houston, TX 77042", "neighborhood": "Westside", "street": "10703 Westheimer Rd", "city": "Houston", "postalCode": "77042", "state": "Texas", "countryCode": "US", "website": "https://www.mcdonalds.com/us/en-us/location/TX/HOUSTON/10703-WESTHEIMER/33246.html?cid=RF:YXT:GMB::Clicks", "phone": "(713) 780-1103", "phoneUnformatted": "+17137801103", "claimThisBusiness": false, "totalScore": 3.7, "permanentlyClosed": false, "temporarilyClosed": false, "placeId": "ChIJvb-agcvcQIYRJ0BPaDWgrbE", "categories": [ "Fast food restaurant", "Breakfast restaurant", "Coffee shop", "Hamburger restaurant", "Restaurant", "Sandwich shop" ], "fid": "0x8640dccb819abfbd:0xb1ada035684f4027", "cid": "12803065466927923239", "reviewsCount": 1767, "imagesCount": 321.0, "scrapedAt": "2025-07-04T15:43:17.526Z", "price_category": "Low ($1-15)", "service_options": [ "Curbside pickup", "No-contact delivery", "Delivery", "Drive-through", "Onsite services", "Takeout", "Dine-in" ], "has_drive_through": true }, "geometry": { "type": "Point", "coordinates": [ -10638197.44463849812746, 3469685.41374361468479 ] } },
{ "type": "Feature", "properties": { "title": "Taco Bell", "price": "$", "categoryName": "Fast food restaurant", "address": "9601 Westheimer Rd, Houston, TX 77063", "neighborhood": "Westside", "street": "9601 Westheimer Rd", "city": "Houston", "postalCode": "77063", "state": "Texas", "countryCode": "US", "website": "https://locations.tacobell.com/tx/houston/9601-westheimer-rd.html?utm_source=yext&utm_campaign=googlelistings&utm_medium=referral&utm_term=035751&utm_content=website&y_source=1_ODk1ODA3NS03MTUtbG9jYXRpb24ud2Vic2l0ZQ%3D%3D", "phone": "(713) 782-1508", "phoneUnformatted": "+17137821508", "claimThisBusiness": false, "totalScore": 3.9, "permanentlyClosed": false, "temporarilyClosed": false, "placeId": "ChIJV5IjVBHDQIYR5bXu_OzGG30", "categories": [ "Fast food restaurant", "Breakfast restaurant", "Burrito restaurant", "Lunch restaurant", "Takeout Restaurant", "Mexican restaurant", "Restaurant", "Taco restaurant", "Tex-Mex restaurant", "Vegetarian restaurant" ], "fid": "0x8640c31154239257:0x7d1bc6ecfceeb5e5", "cid": "9015017800270263781", "reviewsCount": 710, "imagesCount": 105.0, "scrapedAt": "2025-07-04T15:43:20.005Z", "price_category": "Low ($1-15)", "service_options": [ "No-contact delivery", "Delivery", "Drive-through", "Takeout", "Dine-in" ], "has_drive_through": true }, "geometry": { "type": "Point", "coordinates": [ -10634928.147041188552976, 3469781.975284433458 ] } },
{ "type": "Feature", "properties": { "title": "McDonald's", "price": "$", "categoryName": "Fast food restaurant", "address": "4390 W Sam Houston Pkwy N, Houston, TX 77043", "neighborhood": "Spring Branch North", "street": "4390 W Sam Houston Pkwy N", "city": "Houston", "postalCode": "77043", "state": "Texas", "countryCode": "US", "website": "https://www.mcdonalds.com/us/en-us/location/TX/HOUSTON/4390-W-SAM-HOUSTON-PKY-N/20748.html?cid=RF:YXT:GMB::Clicks", "phone": null, "phoneUnformatted": null, "claimThisBusiness": false, "totalScore": 3.8, "permanentlyClosed": false, "temporarilyClosed": false, "placeId": "ChIJHbsN58raQIYRkSSrHiPR1C8", "categories": [ "Fast food restaurant", "Breakfast restaurant", "Coffee shop", "Hamburger restaurant", "Restaurant", "Sandwich shop" ], "fid": "0x8640dacae70dbb1d:0x2fd4d1231eab2491", "cid": "3446609563613865105", "reviewsCount": 1742, "imagesCount": 255.0, "scrapedAt": "2025-07-04T15:43:21.828Z", "price_category": "Low ($1-15)", "service_options": [ "Curbside pickup", "No-contact delivery", "Delivery", "Drive-through", "Onsite services", "Takeout", "Dine-in" ], "has_drive_through": true }, "geometry": { "type": "Point", "coordinates": [ -10637981.139735938981175, 3481896.58949711965397 ] } },
{ "type": "Feature", "properties": { "title": "Hartz Chicken Buffet", "price": "$", "categoryName": "Fast food restaurant", "address": "2563 Gessner Rd, Houston, TX 77080", "neighborhood": "Spring Branch North", "street": "2563 Gessner Rd", "city": "Houston", "postalCode": "77080", "state": "Texas", "countryCode": "US", "website": "http://www.hartz-chicken.com/", "phone": "(713) 939-8069", "phoneUnformatted": "+17139398069", "claimThisBusiness": false, "totalScore": 3.8, "permanentlyClosed": false, "temporarilyClosed": false, "placeId": "ChIJifwMjCPFQIYRzPAJshYPeJQ", "categories": [ "Fast food restaurant", "Buffet restaurant", "Chicken restaurant" ], "fid": "0x8640c5238c0cfc89:0x94780f16b209f0cc", "cid": "10698317504969306316", "reviewsCount": 482, "imagesCount": 59.0, "scrapedAt": "2025-07-04T15:43:21.829Z", "price_category": "Low ($1-15)", "service_options": [ "Drive-through", "Takeout", "Dine-in" ], "has_drive_through": true }, "geometry": { "type": "Point", "coordinates": [ -10636089.877247106283903, 3480330.769633488263935 ] } },
{ "type": "Feature", "properties": { "title": "Taco Cabana", "price": "$", "categoryName": "Taco restaurant", "address": "11305 Clay Rd, Houston, TX 77041", "neighborhood": "Northwest Houston", "street": "11305 Clay Rd", "city": "Houston", "postalCode": "77041", "state": "Texas", "countryCode": "US", "website": "https://www.tacocabana.com/?utm_source=google-business-profile&utm_medium=organic&utm_campaign=business-listing&utm_id=20259", "phone": "(713) 460-5166", "phoneUnformatted": "+17134605166", "claimThisBusiness": false, "totalScore": 3.7, "permanentlyClosed": false, "temporarilyClosed": false, "placeId": "ChIJIcxzUcraQIYRWdz-2cZ_5EM", "categories": [ "Taco restaurant", "Mexican restaurant", "Tex-Mex restaurant" ], "fid": "0x8640daca5173cc21:0x43e47fc6d9fedc59", "cid": "4892175587268811865", "reviewsCount": 1933, "imagesCount": 315.0, "scrapedAt": "2025-07-04T15:43:21.829Z", "price_category": "Low ($1-15)", "service_options": [ "Outdoor seating", "Curbside pickup", "No-contact delivery", "Delivery", "Drive-through", "Takeout", "Dine-in" ], "has_drive_through": true }, "geometry": { "type": "Point", "coordinates": [ -10638216.235368544235826, 3481909.665640285704285 ] } },
{ "type": "Feature", "properties": { "title": "Taco Bell", "price": "$", "categoryName": "Fast food restaurant", "address": "10251 Clay Rd, Houston, TX 77043", "neighborhood": "Spring Branch North", "street": "10251 Clay Rd", "city": "Houston", "postalCode": "77043", "state": "Texas", "countryCode": "US", "website": "https://locations.tacobell.com/tx/houston/10251-clay-rd.html?utm_source=yext&utm_campaign=googlelistings&utm_medium=referral&utm_term=037667&utm_content=website&y_source=1_MjQ2NTAwNzgtNzE1LWxvY2F0aW9uLndlYnNpdGU%3D", "phone": "(346) 250-1410", "phoneUnformatted": "+13462501410", "claimThisBusiness": false, "totalScore": 4.1, "permanentlyClosed": false, "temporarilyClosed": false, "placeId": "ChIJ2WqTiT_FQIYR1EJG-qABpbU", "categories": [ "Fast food restaurant", "Burrito restaurant", "Takeout Restaurant", "Mexican restaurant", "Restaurant", "Taco restaurant", "Tex-Mex restaurant" ], "fid": "0x8640c53f89936ad9:0xb5a501a0fa4642d4", "cid": "13088869682927518420", "reviewsCount": 278, "imagesCount": 49.0, "scrapedAt": "2025-07-04T15:43:21.829Z", "price_category": "Low ($1-15)", "service_options": [ "Delivery", "Drive-through", "Takeout", "Dine-in" ], "has_drive_through": true }, "geometry": { "type": "Point", "coordinates": [ -10636230.696402959525585, 3481945.865709722507745 ] } },
{ "type": "Feature", "properties": { "title": "Dairy Queen", "price": "$", "categoryName": "Fast food restaurant", "address": "2405 Campbell Rd, Houston, TX 77080", "neighborhood": "Spring Branch North", "street": "2405 Campbell Rd", "city": "Houston", "postalCode": "77080", "state": "Texas", "countryCode": "US", "website": "https://dqtexas.com/?y_source=1_MjkzMzkxMDItNzE1LWxvY2F0aW9uLndlYnNpdGU%3D", "phone": "(713) 464-4055", "phoneUnformatted": "+17134644055", "claimThisBusiness": false, "totalScore": 3.8, "permanentlyClosed": false, "temporarilyClosed": false, "placeId": "ChIJp4BQpQPFQIYRwWKj98pNbwA", "categories": [ "Fast food restaurant", "Ice cream shop" ], "fid": "0x8640c503a55080a7:0x6f4dcaf7a362c1", "cid": "31329256548295361", "reviewsCount": 635, "imagesCount": 251.0, "scrapedAt": "2025-07-04T15:43:21.829Z", "price_category": "Low ($1-15)", "service_options": [ "Delivery", "Drive-through", "Takeout", "Dine-in" ], "has_drive_through": true }, "geometry": { "type": "Point", "coordinates": [ -10634028.329333206638694, 3479948.187867441680282 ] } },
{ "type": "Feature", "properties": { "title": "Dunkin'", "price": "$", "categoryName": "Coffee shop", "address": "10705 Westheimer Rd, Houston, TX 77042", "neighborhood": "Westside", "street": "10705 Westheimer Rd", "city": "Houston", "postalCode": "77042", "state": "Texas", "countryCode": "US", "website": "https://locations.dunkindonuts.com/en/tx/houston/10705-westheimer-rd/351458?utm_source=google&utm_medium=local&utm_campaign=localmaps&utm_content=351458&y_source=1_MTIxMDg5ODEtNzE1LWxvY2F0aW9uLndlYnNpdGU%3D", "phone": "(713) 900-6370", "phoneUnformatted": "+17139006370", "claimThisBusiness": false, "totalScore": 3.5, "permanentlyClosed": false, "temporarilyClosed": false, "placeId": "ChIJOzl4hcvcQIYRXn45wGIPpCU", "categories": [ "Coffee shop", "Bagel shop", "Bakery", "Breakfast restaurant", "Donut shop", "Fast food restaurant", "Takeout Restaurant" ], "fid": "0x8640dccb8578393b:0x25a40f62c0397e5e", "cid": "2712309792390086238", "reviewsCount": 949, "imagesCount": 330.0, "scrapedAt": "2025-07-04T15:43:21.961Z", "price_category": "Low ($1-15)", "service_options": [ "Curbside pickup", "Delivery", "Drive-through", "Onsite services", "Takeout", "Dine-in" ], "has_drive_through": true }, "geometry": { "type": "Point", "coordinates": [ -10638240.669996773824096, 3469699.785111289471388 ] } },
{ "type": "Feature", "properties": { "title": "Tim Hortons", "price": "$", "categoryName": "Coffee shop", "address": "8910 Westheimer Rd, Houston, TX 77063", "neighborhood": "Westside", "street": "8910 Westheimer Rd", "city": "Houston", "postalCode": "77063", "state": "Texas", "countryCode": "US", "website": "https://locations.timhortons.com/en/tx/houston/8910-westheimer-rd/", "phone": "(346) 241-7660", "phoneUnformatted": "+13462417660", "claimThisBusiness": false, "totalScore": 4.1, "permanentlyClosed": false, "temporarilyClosed": false, "placeId": "ChIJWTeo_VvDQIYRnzi6zI2-tKw", "categories": [ "Coffee shop", "Bakery", "Breakfast restaurant", "Cafe", "Donut shop", "Fast food restaurant" ], "fid": "0x8640c35bfda83759:0xacb4be8dccba389f", "cid": "12444781186565945503", "reviewsCount": 378, "imagesCount": 345.0, "scrapedAt": "2025-07-04T15:43:21.961Z", "price_category": "Low ($1-15)", "service_options": [ "Delivery", "Drive-through", "Takeout", "Dine-in" ], "has_drive_through": true }, "geometry": { "type": "Point", "coordinates": [ -10633457.438456622883677, 3469876.935010842978954 ] } },
{ "type": "Feature", "properties": { "title": "Little Caesars Pizza", "price": "$", "categoryName": "Pizza restaurant", "address": "10245 Kempwood Dr, Houston, TX 77043", "neighborhood": "Spring Branch North", "street": "10245 Kempwood Dr", "city": "Houston", "postalCode": "77043", "state": "Texas", "countryCode": "US", "website": null, "phone": "(713) 462-7422", "phoneUnformatted": "+17134627422", "claimThisBusiness": false, "totalScore": 3.6, "permanentlyClosed": false, "temporarilyClosed": false, "placeId": "ChIJwxGUtiTFQIYRV7GEqwGf8w4", "categories": [ "Pizza restaurant", "Fast food restaurant", "Pizza delivery", "Pizza Takeout" ], "fid": "0x8640c524b69411c3:0xef39f01ab84b157", "cid": "1077379565393064279", "reviewsCount": 1078, "imagesCount": 127.0, "scrapedAt": "2025-07-04T15:43:22.458Z", "price_category": "Low ($1-15)", "service_options": [ "Delivery", "Drive-through", "Takeout" ], "has_drive_through": true }, "geometry": { "type": "Point", "coordinates": [ -10636312.29358971118927, 3480679.629792912863195 ] } },
{ "type": "Feature", "properties": { "title": "Starbucks", "price": "$$", "categoryName": "Coffee shop", "address": "2745 Gessner Rd, Houston, TX 77080", "neighborhood": "Spring Branch North", "street": "2745 Gessner Rd", "city": "Houston", "postalCode": "77080", "state": "Texas", "countryCode": "US", "website": "https://www.starbucks.com/store-locator/store/90538/", "phone": "(713) 462-0493", "phoneUnformatted": "+17134620493", "claimThisBusiness": false, "totalScore": 4.0, "permanentlyClosed": false, "temporarilyClosed": false, "placeId": "ChIJ2eDIlyTFQIYRN0chBA3gFOg", "categories": [ "Coffee shop", "Breakfast restaurant", "Cafe", "Coffee store", "Espresso bar", "Internet cafe" ], "fid": "0x8640c52497c8e0d9:0xe814e00d04214737", "cid": "16723237662841980727", "reviewsCount": 1048, "imagesCount": 131.0, "scrapedAt": "2025-07-04T15:43:22.459Z", "price_category": "Medium ($16-35)", "service_options": [ "Outdoor seating", "No-contact delivery", "Delivery", "Drive-through", "Onsite services", "Takeout", "Dine-in" ], "has_drive_through": true }, "geometry": { "type": "Point", "coordinates": [ -10636107.354407159611583, 3480585.23170349560678 ] } },
{ "type": "Feature", "properties": { "title": "Starbucks", "price": null, "categoryName": "Coffee shop", "address": "4395 W Sam Houston Pkwy N, Houston, TX 77043", "neighborhood": "Northwest Houston", "street": "4395 W Sam Houston Pkwy N", "city": "Houston", "postalCode": "77043", "state": "Texas", "countryCode": "US", "website": null, "phone": "(346) 374-0441", "phoneUnformatted": "+13463740441", "claimThisBusiness": false, "totalScore": 4.2, "permanentlyClosed": false, "temporarilyClosed": false, "placeId": "ChIJdQ86NhnbQIYR3FCKGiOAebg", "categories": [ "Coffee shop", "Breakfast restaurant", "Cafe", "Coffee store", "Espresso bar", "Internet cafe" ], "fid": "0x8640db19363a0f75:0xb87980231a8a50dc", "cid": "13292796663418212572", "reviewsCount": 106, "imagesCount": 24.0, "scrapedAt": "2025-07-04T15:43:22.459Z", "price_category": null, "service_options": [ "Outdoor seating", "Drive-through", "Takeout", "Dine-in" ], "has_drive_through": true }, "geometry": { "type": "Point", "coordinates": [ -10638234.502896985039115, 3481862.519726483616978 ] } },
{ "type": "Feature", "properties": { "title": "Pappadeaux Seafood Kitchen", "price": "$$$", "categoryName": "Seafood restaurant", "address": "6015 Westheimer Rd, Houston, TX 77057", "neighborhood": "Westside", "street": "6015 Westheimer Rd", "city": "Houston", "postalCode": "77057", "state": "Texas", "countryCode": "US", "website": "https://pappadeaux.com/location/13", "phone": "(713) 782-6310", "phoneUnformatted": "+17137826310", "claimThisBusiness": false, "totalScore": 4.4, "permanentlyClosed": false, "temporarilyClosed": false, "placeId": "ChIJwW-0zcTDQIYRxkrH5etAkuI", "categories": [ "Seafood restaurant" ], "fid": "0x8640c3c4cdb46fc1:0xe29240ebe5c74ac6", "cid": "16326182981088004806", "reviewsCount": 3925, "imagesCount": 2353.0, "scrapedAt": "2025-07-04T15:43:23.964Z", "price_category": "High ($36-60)", "service_options": [ "Outdoor seating", "Curbside pickup", "Drive-through", "Takeout", "Dine-in" ], "has_drive_through": true }, "geometry": { "type": "Point", "coordinates": [ -10629730.083418594673276, 3469794.654489097651094 ] } },
{ "type": "Feature", "properties": { "title": "Raising Cane's Chicken Fingers", "price": "$", "categoryName": "Fast food restaurant", "address": "7531 Westheimer Rd, Houston, TX 77063", "neighborhood": "Westside", "street": "7531 Westheimer Rd", "city": "Houston", "postalCode": "77063", "state": "Texas", "countryCode": "US", "website": "https://locations.raisingcanes.com/tx/houston/7531-westheimer-rd", "phone": "(713) 780-3475", "phoneUnformatted": "+17137803475", "claimThisBusiness": false, "totalScore": 4.4, "permanentlyClosed": false, "temporarilyClosed": false, "placeId": "ChIJy0VMa7nDQIYRyLiql3qH0Oc", "categories": [ "Fast food restaurant", "American restaurant", "Chicken restaurant", "Southern restaurant (US)" ], "fid": "0x8640c3b96b4c45cb:0xe7d0877a97aab8c8", "cid": "16703999978517477576", "reviewsCount": 1991, "imagesCount": 257.0, "scrapedAt": "2025-07-04T15:43:25.694Z", "price_category": "Low ($1-15)", "service_options": [ "Curbside pickup", "Drive-through", "Takeout", "Dine-in" ], "has_drive_through": true }, "geometry": { "type": "Point", "coordinates": [ -10631271.557803457602859, 3469815.846352507825941 ] } },
{ "type": "Feature", "properties": { "title": "Church's Texas Chicken", "price": "$10–20", "categoryName": "Chicken restaurant", "address": "15811 John F Kennedy Blvd, Houston, TX 77032", "neighborhood": "Iah / Airport Area", "street": "15811 John F Kennedy Blvd", "city": "Houston", "postalCode": "77032", "state": "Texas", "countryCode": "US", "website": "https://locations.churchs.com/tx/houston/15811-john-f.-kennedy-boulevard", "phone": "(281) 219-0480", "phoneUnformatted": "+12812190480", "claimThisBusiness": false, "totalScore": 3.4, "permanentlyClosed": false, "temporarilyClosed": false, "placeId": "ChIJN6XrIpi2QIYRbov4m12aqus", "categories": [ "Chicken restaurant", "Family restaurant", "Fast food restaurant" ], "fid": "0x8640b69822eba537:0xebaa9a5d9bf88b6e", "cid": "16981555071793269614", "reviewsCount": 350, "imagesCount": 171.0, "scrapedAt": "2025-07-04T15:43:26.520Z", "price_category": "Low ($1-15)", "service_options": [ "Delivery", "Drive-through", "Onsite services", "Takeout", "Dine-in" ], "has_drive_through": true }, "geometry": { "type": "Point", "coordinates": [ -10612362.717777820304036, 3496861.478312555234879 ] } },
{ "type": "Feature", "properties": { "title": "Chick-fil-A", "price": "$", "categoryName": "Chicken restaurant", "address": "2267 W Sam Houston Pkwy N, Houston, TX 77043", "neighborhood": "Northwest Houston", "street": "2267 W Sam Houston Pkwy N", "city": "Houston", "postalCode": "77043", "state": "Texas", "countryCode": "US", "website": "https://www.chick-fil-a.com/locations/tx/beltway-8-hammerly-blvd?utm_source=yext&utm_medium=link", "phone": "(713) 561-5596", "phoneUnformatted": "+17135615596", "claimThisBusiness": false, "totalScore": 4.4, "permanentlyClosed": false, "temporarilyClosed": false, "placeId": "ChIJTbFywb3bQIYRgMVnJv-usjw", "categories": [ "Chicken restaurant", "Caterer", "Fast food restaurant" ], "fid": "0x8640dbbdc172b14d:0x3cb2aeff2667c580", "cid": "4373750599014401408", "reviewsCount": 2256, "imagesCount": 305.0, "scrapedAt": "2025-07-04T15:43:26.869Z", "price_category": "Low ($1-15)", "service_options": [ "Outdoor seating", "No-contact delivery", "Delivery", "Drive-through", "Takeout", "Dine-in" ], "has_drive_through": true }, "geometry": { "type": "Point", "coordinates": [ -10638188.082669323310256, 3479400.291321489028633 ] } },
{ "type": "Feature", "properties": { "title": "Wendy's", "price": "$", "categoryName": "Fast food restaurant", "address": "1225 Gessner Rd, Houston, TX 77055", "neighborhood": "Northwest Houston", "street": "1225 Gessner Rd", "city": "Houston", "postalCode": "77055", "state": "Texas", "countryCode": "US", "website": "https://locations.wendys.com/united-states/tx/houston/1225-gessner?utm_source=Yext&utm_medium=Google_My_Business&utm_campaign=Local_Search&utm_content=EN_US", "phone": "(713) 465-4713", "phoneUnformatted": "+17134654713", "claimThisBusiness": false, "totalScore": 4.0, "permanentlyClosed": false, "temporarilyClosed": false, "placeId": "ChIJEQJDxMDEQIYRz6gaOvFK5p4", "categories": [ "Fast food restaurant", "Hamburger restaurant", "Restaurant" ], "fid": "0x8640c4c0c4430211:0x9ee64af13a1aa8cf", "cid": "11449921502558464207", "reviewsCount": 1373, "imagesCount": 329.0, "scrapedAt": "2025-07-04T15:43:26.869Z", "price_category": "Low ($1-15)", "service_options": [ "Delivery", "Drive-through", "Takeout", "Dine-in" ], "has_drive_through": true }, "geometry": { "type": "Point", "coordinates": [ -10636024.532706011086702, 3476657.914206486660987 ] } },
{ "type": "Feature", "properties": { "title": "Jack in the Box", "price": "$", "categoryName": "Fast food restaurant", "address": "2277 W Sam Houston Pkwy N, Houston, TX 77043", "neighborhood": "Northwest Houston", "street": "2277 W Sam Houston Pkwy N", "city": "Houston", "postalCode": "77043", "state": "Texas", "countryCode": "US", "website": "https://locations.jackinthebox.com/us/tx/houston/2277-w-sam-houston-pkwy-n?utm_source=google&utm_medium=local&utm_campaign=google-local", "phone": "(713) 827-7618", "phoneUnformatted": "+17138277618", "claimThisBusiness": false, "totalScore": 3.7, "permanentlyClosed": false, "temporarilyClosed": false, "placeId": "ChIJwXGwdNXaQIYR9_ZFV20pdXE", "categories": [ "Fast food restaurant", "American restaurant", "Breakfast restaurant", "Chicken restaurant", "Dessert restaurant", "Hamburger restaurant", "Delivery Restaurant", "Mexican restaurant" ], "fid": "0x8640dad574b071c1:0x7175296d5745f6f7", "cid": "8175486248153380599", "reviewsCount": 935, "imagesCount": 168.0, "scrapedAt": "2025-07-04T15:43:26.870Z", "price_category": "Low ($1-15)", "service_options": [ "Curbside pickup", "No-contact delivery", "Delivery", "Drive-through", "Takeout", "Dine-in" ], "has_drive_through": true }, "geometry": { "type": "Point", "coordinates": [ -10638188.049273476004601, 3479434.726617963984609 ] } },
{ "type": "Feature", "properties": { "title": "Burger King", "price": "$", "categoryName": "Fast food restaurant", "address": "10075 Long Point Rd, Houston, TX 77055", "neighborhood": "Northwest Houston", "street": "10075 Long Point Rd", "city": "Houston", "postalCode": "77055", "state": "Texas", "countryCode": "US", "website": "https://burgerking.com/store-locator/store/restaurant_191", "phone": "(713) 468-8272", "phoneUnformatted": "+17134688272", "claimThisBusiness": false, "totalScore": 4.0, "permanentlyClosed": false, "temporarilyClosed": false, "placeId": "ChIJZQAdecHEQIYR---Musvjzbw", "categories": [ "Fast food restaurant", "Breakfast restaurant", "Delivery service", "Family restaurant" ], "fid": "0x8640c4c1791d0065:0xbccde3cbba8ceffb", "cid": "13604780513503801339", "reviewsCount": 719, "imagesCount": 180.0, "scrapedAt": "2025-07-04T15:43:26.870Z", "price_category": "Low ($1-15)", "service_options": [ "Delivery", "Drive-through", "Takeout", "Dine-in" ], "has_drive_through": true }, "geometry": { "type": "Point", "coordinates": [ -10635867.917314412072301, 3477086.961671074386686 ] } },
{ "type": "Feature", "properties": { "title": "Dairy Queen", "price": "$", "categoryName": "Fast food restaurant", "address": "735 S Texas 6, Houston, TX 77079", "neighborhood": "Westside", "street": "735 S Texas 6", "city": "Houston", "postalCode": "77079", "state": "Texas", "countryCode": "US", "website": "https://dqtexas.com/?y_source=1_MjkzMzk0MTUtNzE1LWxvY2F0aW9uLndlYnNpdGU%3D", "phone": "(281) 556-1048", "phoneUnformatted": "+12815561048", "claimThisBusiness": false, "totalScore": 3.8, "permanentlyClosed": false, "temporarilyClosed": false, "placeId": "ChIJm0IjUeLbQIYRi6VKhMNGcdg", "categories": [ "Fast food restaurant", "Ice cream shop" ], "fid": "0x8640dbe25123429b:0xd87146c3844aa58b", "cid": "15596324790112789899", "reviewsCount": 866, "imagesCount": 100.0, "scrapedAt": "2025-07-04T15:43:27.504Z", "price_category": "Low ($1-15)", "service_options": [ "Delivery", "Drive-through", "Takeout", "Dine-in" ], "has_drive_through": true }, "geometry": { "type": "Point", "coordinates": [ -10647021.328791564330459, 3474839.470369460526854 ] } },
{ "type": "Feature", "properties": { "title": "Subway", "price": "$", "categoryName": "Sandwich shop", "address": "802 Hwy South, Houston, TX 77079", "neighborhood": "Westside", "street": "802 Hwy South", "city": "Houston", "postalCode": "77079", "state": "Texas", "countryCode": "US", "website": "https://restaurants.subway.com/united-states/tx/houston/802-hwy-south?utm_source=yxt-goog&utm_medium=local&utm_term=acq&utm_content=5821&utm_campaign=evergreen-2020&y_source=1_MTQ4OTk2NjEtNzE1LWxvY2F0aW9uLndlYnNpdGU%3D", "phone": "(281) 759-9454", "phoneUnformatted": "+12817599454", "claimThisBusiness": false, "totalScore": 3.3, "permanentlyClosed": false, "temporarilyClosed": false, "placeId": "ChIJSU5s4vzbQIYRW0a8KQjK1U0", "categories": [ "Sandwich shop", "Caterer", "Fast food restaurant", "Takeout Restaurant", "Restaurant" ], "fid": "0x8640dbfce26c4e49:0x4dd5ca0829bc465b", "cid": "5608611047368574555", "reviewsCount": 205, "imagesCount": 247.0, "scrapedAt": "2025-07-04T15:43:27.505Z", "price_category": "Low ($1-15)", "service_options": [ "Outdoor seating", "Delivery", "Drive-through", "Takeout", "Dine-in" ], "has_drive_through": true }, "geometry": { "type": "Point", "coordinates": [ -10647082.599039299413562, 3474655.583004076499492 ] } },
{ "type": "Feature", "properties": { "title": "R&B Musical Snoballs LLC", "price": null, "categoryName": "Ice cream shop", "address": "767 Memorial Mews St, Houston, TX 77079", "neighborhood": "Westside", "street": "767 Memorial Mews St", "city": "Houston", "postalCode": "77079", "state": "Texas", "countryCode": "US", "website": "https://www.facebook.com/RBMusicalSnoballsLLC/", "phone": "(832) 657-1558", "phoneUnformatted": "+18326571558", "claimThisBusiness": false, "totalScore": 5.0, "permanentlyClosed": false, "temporarilyClosed": false, "placeId": "ChIJwX_gsA3bQIYR3vifZ_hyDTE", "categories": [ "Ice cream shop", "Family restaurant", "Fast food restaurant" ], "fid": "0x8640db0db0e07fc1:0x310d72f8679ff8de", "cid": "3534607693771700446", "reviewsCount": 18, "imagesCount": 30.0, "scrapedAt": "2025-07-04T15:43:27.505Z", "price_category": null, "service_options": [ "Curbside pickup", "Drive-through", "Takeout" ], "has_drive_through": true }, "geometry": { "type": "Point", "coordinates": [ -10644753.606048768386245, 3475058.733010022435337 ] } },
{ "type": "Feature", "properties": { "title": "Starbucks", "price": "$$", "categoryName": "Coffee shop", "address": "803 S Texas 6, Houston, TX 77079", "neighborhood": "Westside", "street": "803 S Texas 6", "city": "Houston", "postalCode": "77079", "state": "Texas", "countryCode": "US", "website": "https://www.starbucks.com/store-locator/store/8213/", "phone": "(281) 496-1468", "phoneUnformatted": "+12814961468", "claimThisBusiness": false, "totalScore": 4.1, "permanentlyClosed": false, "temporarilyClosed": false, "placeId": "ChIJzduG_OLbQIYRUu4cs-nipW0", "categories": [ "Coffee shop", "Breakfast restaurant", "Cafe", "Coffee store", "Espresso bar", "Internet cafe" ], "fid": "0x8640dbe2fc86dbcd:0x6da5e2e9b31cee52", "cid": "7900970614651678290", "reviewsCount": 839, "imagesCount": 132.0, "scrapedAt": "2025-07-04T15:43:27.505Z", "price_category": "Medium ($16-35)", "service_options": [ "Outdoor seating", "Curbside pickup", "No-contact delivery", "Delivery", "Drive-through", "Onsite services", "Takeout", "Dine-in" ], "has_drive_through": true }, "geometry": { "type": "Point", "coordinates": [ -10646973.606125861406326, 3474691.608714498579502 ] } },
{ "type": "Feature", "properties": { "title": "McDonald's", "price": "$", "categoryName": "Fast food restaurant", "address": "1303 Gessner Rd, Houston, TX 77055", "neighborhood": "Northwest Houston", "street": "1303 Gessner Rd", "city": "Houston", "postalCode": "77055", "state": "Texas", "countryCode": "US", "website": "https://www.mcdonalds.com/us/en-us/location/TX/HOUSTON/1303-GESSNER-ROAD/2080.html?cid=RF:YXT:GMB::Clicks", "phone": "(713) 461-9224", "phoneUnformatted": "+17134619224", "claimThisBusiness": false, "totalScore": 3.7, "permanentlyClosed": false, "temporarilyClosed": false, "placeId": "ChIJb9rm3cDEQIYRphr60JPKROE", "categories": [ "Fast food restaurant", "Breakfast restaurant", "Coffee shop", "Hamburger restaurant", "Restaurant", "Sandwich shop" ], "fid": "0x8640c4c0dde6da6f:0xe144ca93d0fa1aa6", "cid": "16232321693165165222", "reviewsCount": 2056, "imagesCount": 279.0, "scrapedAt": "2025-07-04T15:43:28.109Z", "price_category": "Low ($1-15)", "service_options": [ "Curbside pickup", "No-contact delivery", "Delivery", "Drive-through", "Onsite services", "Takeout", "Dine-in" ], "has_drive_through": true }, "geometry": { "type": "Point", "coordinates": [ -10636032.959591463208199, 3476745.382388055790216 ] } },
{ "type": "Feature", "properties": { "title": "McDonald's", "price": "$", "categoryName": "Fast food restaurant", "address": "10170 Hammerly Blvd, Houston, TX 77080", "neighborhood": "Spring Branch North", "street": "10170 Hammerly Blvd", "city": "Houston", "postalCode": "77080", "state": "Texas", "countryCode": "US", "website": "https://www.mcdonalds.com/us/en-us/location/TX/HOUSTON/10170-HAMMERLY-BOULEVARD/11989.html?cid=RF:YXT:GMB::Clicks", "phone": "(713) 935-9340", "phoneUnformatted": "+17139359340", "claimThisBusiness": false, "totalScore": 3.6, "permanentlyClosed": false, "temporarilyClosed": false, "placeId": "ChIJHVoU6yDFQIYRvT4HMte6Quo", "categories": [ "Fast food restaurant", "Breakfast restaurant", "Coffee shop", "Hamburger restaurant", "Restaurant", "Sandwich shop" ], "fid": "0x8640c520eb145a1d:0xea42bad732073ebd", "cid": "16880259786758110909", "reviewsCount": 1640, "imagesCount": 236.0, "scrapedAt": "2025-07-04T15:43:28.109Z", "price_category": "Low ($1-15)", "service_options": [ "Curbside pickup", "No-contact delivery", "Delivery", "Drive-through", "Onsite services", "Takeout", "Dine-in" ], "has_drive_through": true }, "geometry": { "type": "Point", "coordinates": [ -10635959.310616355389357, 3479532.503349222242832 ] } },
{ "type": "Feature", "properties": { "title": "Raising Cane's Chicken Fingers", "price": "$", "categoryName": "Fast food restaurant", "address": "1331 Gessner Rd, Houston, TX 77055", "neighborhood": "Northwest Houston", "street": "1331 Gessner Rd", "city": "Houston", "postalCode": "77055", "state": "Texas", "countryCode": "US", "website": "https://locations.raisingcanes.com/tx/houston/1331-gessner-rd", "phone": "(346) 216-4806", "phoneUnformatted": "+13462164806", "claimThisBusiness": false, "totalScore": 4.3, "permanentlyClosed": false, "temporarilyClosed": false, "placeId": "ChIJhdqmzt3FQIYR4w8EFAeeUX8", "categories": [ "Fast food restaurant", "American restaurant", "Chicken restaurant", "Southern restaurant (US)" ], "fid": "0x8640c5ddcea6da85:0x7f519e0714040fe3", "cid": "9174287669168181219", "reviewsCount": 486, "imagesCount": 96.0, "scrapedAt": "2025-07-04T15:43:28.110Z", "price_category": "Low ($1-15)", "service_options": [ "Outdoor seating", "Curbside pickup", "Drive-through", "Takeout", "Dine-in" ], "has_drive_through": true }, "geometry": { "type": "Point", "coordinates": [ -10636014.436028195545077, 3476954.351532862056047 ] } },
{ "type": "Feature", "properties": { "title": "Subway", "price": "$", "categoryName": "Sandwich shop", "address": "10780 Westview Dr, Houston, TX 77043", "neighborhood": "Northwest Houston", "street": "10780 Westview Dr", "city": "Houston", "postalCode": "77043", "state": "Texas", "countryCode": "US", "website": "https://restaurants.subway.com/united-states/tx/houston/10780-westview-dr?utm_source=yxt-goog&utm_medium=local&utm_term=acq&utm_content=43104&utm_campaign=evergreen-2020&y_source=1_MTQ4OTQ2ODMtNzE1LWxvY2F0aW9uLndlYnNpdGU%3D", "phone": "(713) 932-0077", "phoneUnformatted": "+17139320077", "claimThisBusiness": false, "totalScore": 4.1, "permanentlyClosed": false, "temporarilyClosed": false, "placeId": "ChIJW1YJSTTbQIYR6Zv-iuFb1Tk", "categories": [ "Sandwich shop", "Caterer", "Fast food restaurant", "Takeout Restaurant", "Restaurant" ], "fid": "0x8640db344909565b:0x39d55be18afe9be9", "cid": "4167338054458973161", "reviewsCount": 949, "imagesCount": 362.0, "scrapedAt": "2025-07-04T15:43:29.344Z", "price_category": "Low ($1-15)", "service_options": [ "Delivery", "Drive-through", "Takeout", "Dine-in" ], "has_drive_through": true }, "geometry": { "type": "Point", "coordinates": [ -10638282.169902941212058, 3476758.222392723895609 ] } },
{ "type": "Feature", "properties": { "title": "Starbucks", "price": "$$", "categoryName": "Coffee shop", "address": "3925 Gulf Fwy, Houston, TX 77003", "neighborhood": "Greater Eastwood", "street": "3925 Gulf Fwy", "city": "Houston", "postalCode": "77003", "state": "Texas", "countryCode": "US", "website": null, "phone": "(346) 326-7984", "phoneUnformatted": "+13463267984", "claimThisBusiness": false, "totalScore": 3.2, "permanentlyClosed": false, "temporarilyClosed": false, "placeId": "ChIJbeRVDey_QIYRXwF2AvasGYE", "categories": [ "Coffee shop", "Breakfast restaurant", "Cafe", "Coffee store", "Espresso bar", "Internet cafe" ], "fid": "0x8640bfec0d55e46d:0x8119acf60276015f", "cid": "9302656677913690463", "reviewsCount": 295, "imagesCount": 49.0, "scrapedAt": "2025-07-04T15:44:00.540Z", "price_category": "Medium ($16-35)", "service_options": [ "Outdoor seating", "Drive-through", "Onsite services", "Takeout", "Dine-in" ], "has_drive_through": true }, "geometry": { "type": "Point", "coordinates": [ -10613535.535405021160841, 3469299.367127184290439 ] } },
{ "type": "Feature", "properties": { "title": "Slim Chickens", "price": "$10–20", "categoryName": "Chicken restaurant", "address": "30255 TX-494 Loop, Kingwood, TX 77339", "neighborhood": "Kingwood", "street": "30255 TX-494 Loop", "city": "Kingwood", "postalCode": "77339", "state": "Texas", "countryCode": "US", "website": "https://slimchickens.com/location/kingwood-tx-30255-loop-494-77339/", "phone": null, "phoneUnformatted": null, "claimThisBusiness": false, "totalScore": 3.9, "permanentlyClosed": false, "temporarilyClosed": false, "placeId": "ChIJi3K2SLWyQIYRYTFC-sbbmf0", "categories": [ "Chicken restaurant", "Chicken shop", "Chicken wings restaurant", "Family restaurant", "Fast food restaurant", "Fried chicken takeaway", "Lunch restaurant", "Takeout Restaurant", "Southern restaurant (US)" ], "fid": "0x8640b2b548b6728b:0xfd99dbc6fa423161", "cid": "18273878610681147745", "reviewsCount": 839, "imagesCount": 596.0, "scrapedAt": "2025-07-04T15:44:01.723Z", "price_category": "Low ($1-15)", "service_options": [ "Outdoor seating", "No-contact delivery", "Delivery", "Drive-through", "Onsite services", "Takeout", "Dine-in" ], "has_drive_through": true }, "geometry": { "type": "Point", "coordinates": [ -10602336.694443678483367, 3512246.143557740841061 ] } },
{ "type": "Feature", "properties": { "title": "Popeyes Louisiana Kitchen", "price": "$", "categoryName": "Chicken restaurant", "address": "1101 N Shepherd Dr, Houston, TX 77008", "neighborhood": "Greater Heights", "street": "1101 N Shepherd Dr", "city": "Houston", "postalCode": "77008", "state": "Texas", "countryCode": "US", "website": "https://www.popeyes.com/store-locator/store/restaurant_81704?utm_source=yext&utm_medium=referral&utm_campaign=organic-local-listings", "phone": "(713) 869-7501", "phoneUnformatted": "+17138697501", "claimThisBusiness": false, "totalScore": 3.8, "permanentlyClosed": false, "temporarilyClosed": false, "placeId": "ChIJK_8be0HHQIYRWMRiOR2VXFA", "categories": [ "Chicken restaurant", "Cajun restaurant", "Fast food restaurant", "Restaurant", "Seafood restaurant" ], "fid": "0x8640c7417b1bff2b:0x505c951d3962c458", "cid": "5790667173640979544", "reviewsCount": 1804, "imagesCount": 172.0, "scrapedAt": "2025-07-04T15:44:07.429Z", "price_category": "Low ($1-15)", "service_options": [ "Outdoor seating", "No-contact delivery", "Delivery", "Drive-through", "Onsite services", "Takeout", "Dine-in" ], "has_drive_through": true }, "geometry": { "type": "Point", "coordinates": [ -10621010.672607637941837, 3476683.196413307450712 ] } },
{ "type": "Feature", "properties": { "title": "The Taco Stand", "price": "$", "categoryName": "Taco restaurant", "address": "2018 N Shepherd Dr, Houston, TX 77008", "neighborhood": "Greater Heights", "street": "2018 N Shepherd Dr", "city": "Houston", "postalCode": "77008", "state": "Texas", "countryCode": "US", "website": "http://tacostandhtx.com/", "phone": "(832) 409-6433", "phoneUnformatted": "+18324096433", "claimThisBusiness": false, "totalScore": 4.1, "permanentlyClosed": false, "temporarilyClosed": false, "placeId": "ChIJ6Wbs2FzHQIYR-mAQntA9Wz0", "categories": [ "Taco restaurant", "Restaurant" ], "fid": "0x8640c75cd8ec66e9:0x3d5b3dd09e1060fa", "cid": "4421195425408639226", "reviewsCount": 1277, "imagesCount": 698.0, "scrapedAt": "2025-07-04T15:44:07.517Z", "price_category": "Low ($1-15)", "service_options": [ "Outdoor seating", "Delivery", "Drive-through", "Takeout", "Dine-in" ], "has_drive_through": true }, "geometry": { "type": "Point", "coordinates": [ -10620984.167436879128218, 3478455.371018412522972 ] } },
{ "type": "Feature", "properties": { "title": "Burger King", "price": "$", "categoryName": "Fast food restaurant", "address": "1040 N Shepherd Dr, Houston, TX 77008", "neighborhood": "Greater Heights", "street": "1040 N Shepherd Dr", "city": "Houston", "postalCode": "77008", "state": "Texas", "countryCode": "US", "website": "https://burgerking.com/store-locator/store/restaurant_124", "phone": "(713) 864-5293", "phoneUnformatted": "+17138645293", "claimThisBusiness": false, "totalScore": 3.5, "permanentlyClosed": false, "temporarilyClosed": false, "placeId": "ChIJ2dWj30PHQIYRizss8oWAII0", "categories": [ "Fast food restaurant", "Breakfast restaurant", "Delivery service", "Family restaurant" ], "fid": "0x8640c743dfa3d5d9:0x8d208085f22c3b8b", "cid": "10169269271384570763", "reviewsCount": 749, "imagesCount": 168.0, "scrapedAt": "2025-07-04T15:44:08.013Z", "price_category": "Low ($1-15)", "service_options": [ "Delivery", "Drive-through", "Takeout", "Dine-in" ], "has_drive_through": true }, "geometry": { "type": "Point", "coordinates": [ -10620944.192607736214995, 3476579.977082645054907 ] } },
{ "type": "Feature", "properties": { "title": "Starbucks", "price": "$$", "categoryName": "Coffee shop", "address": "Hawthorne Square, 3407 Montrose Blvd, Houston, TX 77006", "neighborhood": "Montrose", "street": "Hawthorne Square, 3407 Montrose Blvd", "city": "Houston", "postalCode": "77006", "state": "Texas", "countryCode": "US", "website": "https://www.starbucks.com/store-locator/store/16563/", "phone": "(713) 521-7278", "phoneUnformatted": "+17135217278", "claimThisBusiness": false, "totalScore": 4.0, "permanentlyClosed": false, "temporarilyClosed": false, "placeId": "ChIJPzWbxWO_QIYRBYrtBrLE51Y", "categories": [ "Coffee shop", "Breakfast restaurant", "Cafe", "Coffee store", "Espresso bar", "Internet cafe" ], "fid": "0x8640bf63c59b353f:0x56e7c4b206ed8a05", "cid": "6262190075781417477", "reviewsCount": 642, "imagesCount": 179.0, "scrapedAt": "2025-07-04T15:44:08.176Z", "price_category": "Medium ($16-35)", "service_options": [ "Outdoor seating", "Curbside pickup", "Delivery", "Drive-through", "Takeout", "Dine-in" ], "has_drive_through": true }, "geometry": { "type": "Point", "coordinates": [ -10618825.715906247496605, 3470443.759294351562858 ] } },
{ "type": "Feature", "properties": { "title": "Via 313 Pizza", "price": "$$", "categoryName": "Pizza restaurant", "address": "1541 N Shepherd Dr Suite 1000, Houston, TX 77008", "neighborhood": "Greater Heights", "street": "1541 N Shepherd Dr Suite 1000", "city": "Houston", "postalCode": "77008", "state": "Texas", "countryCode": "US", "website": "https://locations.via313.com/locations/1541-north-shepherd-drive/", "phone": "(346) 743-4313", "phoneUnformatted": "+13467434313", "claimThisBusiness": false, "totalScore": 4.7, "permanentlyClosed": false, "temporarilyClosed": false, "placeId": "ChIJy7L-eQDHQIYRIFPKZiQl4fA", "categories": [ "Pizza restaurant", "Bar", "Gluten-free restaurant", "Lunch restaurant", "Takeout Restaurant", "Pizza delivery", "Pizza Takeout", "Restaurant", "Salad shop", "Wine bar" ], "fid": "0x8640c70079feb2cb:0xf0e1252466ca5320", "cid": "17357195277136188192", "reviewsCount": 308, "imagesCount": 235.0, "scrapedAt": "2025-07-04T15:44:08.606Z", "price_category": "Medium ($16-35)", "service_options": [ "Outdoor seating", "Curbside pickup", "Delivery", "Drive-through", "Onsite services", "Takeout", "Dine-in" ], "has_drive_through": true }, "geometry": { "type": "Point", "coordinates": [ -10621015.826700061559677, 3477785.75943074375391 ] } },
{ "type": "Feature", "properties": { "title": "Wolfsmiths Heights", "price": "$", "categoryName": "Coffee shop", "address": "636 W 26th St, Houston, TX 77008", "neighborhood": "Greater Heights", "street": "636 W 26th St", "city": "Houston", "postalCode": "77008", "state": "Texas", "countryCode": "US", "website": "http://wolfsmithsheights.com/", "phone": "(832) 433-3283", "phoneUnformatted": "+18324333283", "claimThisBusiness": false, "totalScore": 4.8, "permanentlyClosed": false, "temporarilyClosed": false, "placeId": "ChIJgcsTwZrHQIYRNylYmlhX4os", "categories": [ "Coffee shop", "Clothing store", "Event venue", "Motorcycle dealer", "Taco restaurant" ], "fid": "0x8640c79ac113cb81:0x8be257589a582937", "cid": "10079714954066798903", "reviewsCount": 214, "imagesCount": 425.0, "scrapedAt": "2025-07-04T15:44:08.606Z", "price_category": "Low ($1-15)", "service_options": [ "Outdoor seating", "Curbside pickup", "Delivery", "Drive-through", "Onsite services", "Takeout", "Dine-in" ], "has_drive_through": true }, "geometry": { "type": "Point", "coordinates": [ -10620952.419118106365204, 3479109.160236148163676 ] } },
{ "type": "Feature", "properties": { "title": "McDonald's", "price": "$", "categoryName": "Fast food restaurant", "address": "2022 Yale St, Houston, TX 77008", "neighborhood": "Greater Heights", "street": "2022 Yale St", "city": "Houston", "postalCode": "77008", "state": "Texas", "countryCode": "US", "website": "https://www.mcdonalds.com/us/en-us/location/TX/HOUSTON/2022-YALE-STREET/13653.html?cid=RF:YXT:GMB::Clicks", "phone": "(713) 880-5880", "phoneUnformatted": "+17138805880", "claimThisBusiness": false, "totalScore": 3.6, "permanentlyClosed": false, "temporarilyClosed": false, "placeId": "ChIJI9z4nWTHQIYReoke174Bb00", "categories": [ "Fast food restaurant", "Breakfast restaurant", "Coffee shop", "Hamburger restaurant", "Restaurant", "Sandwich shop" ], "fid": "0x8640c7649df8dc23:0x4d6f01bed71e897a", "cid": "5579680382499850618", "reviewsCount": 1187, "imagesCount": 254.0, "scrapedAt": "2025-07-04T15:44:09.472Z", "price_category": "Low ($1-15)", "service_options": [ "Curbside pickup", "No-contact delivery", "Delivery", "Drive-through", "Onsite services", "Takeout", "Dine-in" ], "has_drive_through": true }, "geometry": { "type": "Point", "coordinates": [ -10619751.125965159386396, 3478459.732838410418481 ] } },
{ "type": "Feature", "properties": { "title": "Wendy's", "price": "$", "categoryName": "Fast food restaurant", "address": "715 W 28th St, Houston, TX 77008", "neighborhood": "Greater Heights", "street": "715 W 28th St", "city": "Houston", "postalCode": "77008", "state": "Texas", "countryCode": "US", "website": "https://locations.wendys.com/united-states/tx/houston/715-w-28th-st?utm_source=Yext&utm_medium=Google_My_Business&utm_campaign=Local_Search&utm_content=EN_US", "phone": "(832) 509-2884", "phoneUnformatted": "+18325092884", "claimThisBusiness": false, "totalScore": 3.7, "permanentlyClosed": false, "temporarilyClosed": false, "placeId": "ChIJd1S7DnTHQIYRr9W6QawE41o", "categories": [ "Fast food restaurant", "Hamburger restaurant", "Restaurant" ], "fid": "0x8640c7740ebb5477:0x5ae304ac41bad5af", "cid": "6549083421010482607", "reviewsCount": 1414, "imagesCount": 329.0, "scrapedAt": "2025-07-04T15:44:14.132Z", "price_category": "Low ($1-15)", "service_options": [ "Delivery", "Drive-through", "Takeout", "Dine-in" ], "has_drive_through": true }, "geometry": { "type": "Point", "coordinates": [ -10621130.808602102100849, 3479433.828527834732085 ] } },
{ "type": "Feature", "properties": { "title": "Taco Cabana", "price": "$", "categoryName": "Taco restaurant", "address": "700 North Loop, 610 West Freeway, Houston, TX 77018", "neighborhood": "Central Northwest", "street": "700 North Loop, 610 West Freeway", "city": "Houston", "postalCode": "77018", "state": "TX", "countryCode": "US", "website": "https://www.tacocabana.com/?utm_source=google-business-profile&utm_medium=organic&utm_campaign=business-listing&utm_id=20141", "phone": "(713) 864-4233", "phoneUnformatted": "+17138644233", "claimThisBusiness": false, "totalScore": 3.9, "permanentlyClosed": false, "temporarilyClosed": false, "placeId": "ChIJQ5sXXKXHQIYRchg4ASoYMRk", "categories": [ "Taco restaurant", "Mexican restaurant", "Tex-Mex restaurant" ], "fid": "0x8640c7a55c179b43:0x1931182a01381872", "cid": "1815258693495167090", "reviewsCount": 1081, "imagesCount": 280.0, "scrapedAt": "2025-07-04T15:44:14.132Z", "price_category": "Low ($1-15)", "service_options": [ "Outdoor seating", "Curbside pickup", "No-contact delivery", "Delivery", "Drive-through", "Takeout", "Dine-in" ], "has_drive_through": true }, "geometry": { "type": "Point", "coordinates": [ -10621086.625896206125617, 3479591.418647992890328 ] } },
{ "type": "Feature", "properties": { "title": "Starbucks", "price": "$$", "categoryName": "Coffee shop", "address": "445 N Loop W, Houston, TX 77008", "neighborhood": "Greater Heights", "street": "445 N Loop W", "city": "Houston", "postalCode": "77008", "state": "Texas", "countryCode": "US", "website": "https://www.starbucks.com/store-locator/store/17276/", "phone": "(713) 864-6710", "phoneUnformatted": "+17138646710", "claimThisBusiness": false, "totalScore": 3.7, "permanentlyClosed": false, "temporarilyClosed": false, "placeId": "ChIJrwuMSHfHQIYROkTv7aaQTgQ", "categories": [ "Coffee shop", "Breakfast restaurant", "Cafe", "Coffee store", "Espresso bar", "Internet cafe" ], "fid": "0x8640c777488c0baf:0x44e90a6edef443a", "cid": "310344470965994554", "reviewsCount": 1992, "imagesCount": 340.0, "scrapedAt": "2025-07-04T15:44:14.993Z", "price_category": "Medium ($16-35)", "service_options": [ "Outdoor seating", "Curbside pickup", "No-contact delivery", "Delivery", "Drive-through", "Onsite services", "Takeout", "Dine-in" ], "has_drive_through": true }, "geometry": { "type": "Point", "coordinates": [ -10620499.103887695819139, 3479449.403985538519919 ] } },
{ "type": "Feature", "properties": { "title": "Starbucks", "price": "$$", "categoryName": "Coffee shop", "address": "3017 N Durham Dr, Houston, TX 77018", "neighborhood": "Central Northwest", "street": "3017 N Durham Dr", "city": "Houston", "postalCode": "77018", "state": "Texas", "countryCode": "US", "website": "https://www.starbucks.com/store-locator/store/1006920/", "phone": "(281) 635-6722", "phoneUnformatted": "+12816356722", "claimThisBusiness": false, "totalScore": 4.0, "permanentlyClosed": false, "temporarilyClosed": false, "placeId": "ChIJdS15ynXHQIYRYRvssp10E5g", "categories": [ "Coffee shop", "Breakfast restaurant", "Cafe", "Coffee store", "Espresso bar", "Internet cafe" ], "fid": "0x8640c775ca792d75:0x9813749db2ec1b61", "cid": "10958230538983054177", "reviewsCount": 1316, "imagesCount": 288.0, "scrapedAt": "2025-07-04T15:44:14.993Z", "price_category": "Medium ($16-35)", "service_options": [ "Outdoor seating", "Delivery", "Drive-through", "Onsite services", "Takeout", "Dine-in" ], "has_drive_through": true }, "geometry": { "type": "Point", "coordinates": [ -10621107.687543865293264, 3479768.153337542898953 ] } },
{ "type": "Feature", "properties": { "title": "Taqueria Los Comales (Food Truck)", "price": null, "categoryName": "Mexican restaurant", "address": "4903 Cornish St, Houston, TX 77007", "neighborhood": "Washington Avenue Coalition / Memorial Park", "street": "4903 Cornish St", "city": "Houston", "postalCode": "77007", "state": "Texas", "countryCode": "US", "website": null, "phone": "(832) 607-3987", "phoneUnformatted": "+18326073987", "claimThisBusiness": false, "totalScore": 4.2, "permanentlyClosed": false, "temporarilyClosed": false, "placeId": "ChIJy4CawuPHQIYR8c-abrMycn4", "categories": [ "Mexican restaurant" ], "fid": "0x8640c7e3c29a80cb:0x7e7232b36e9acff1", "cid": "9111400742360109041", "reviewsCount": 16, "imagesCount": 8.0, "scrapedAt": "2025-07-04T15:44:16.629Z", "price_category": null, "service_options": [ "Curbside pickup", "Drive-through", "Takeout", "Dine-in" ], "has_drive_through": true }, "geometry": { "type": "Point", "coordinates": [ -10621110.915809098631144, 3475163.158543325029314 ] } },
{ "type": "Feature", "properties": { "title": "Wendy's", "price": "$", "categoryName": "Fast food restaurant", "address": "2007 S Durham Dr, Houston, TX 77007", "neighborhood": "Washington Avenue Coalition / Memorial Park", "street": "2007 S Durham Dr", "city": "Houston", "postalCode": "77007", "state": "Texas", "countryCode": "US", "website": "https://locations.wendys.com/united-states/tx/houston/2007-durham?utm_source=Yext&utm_medium=Google_My_Business&utm_campaign=Local_Search&utm_content=EN_US", "phone": "(832) 509-2447", "phoneUnformatted": "+18325092447", "claimThisBusiness": false, "totalScore": 3.6, "permanentlyClosed": false, "temporarilyClosed": false, "placeId": "ChIJeSc4a0nHQIYRxV7Lw-z1ZNg", "categories": [ "Fast food restaurant", "Hamburger restaurant", "Restaurant" ], "fid": "0x8640c7496b382779:0xd864f5ecc3cb5ec5", "cid": "15592858207109471941", "reviewsCount": 1507, "imagesCount": 412.0, "scrapedAt": "2025-07-04T15:44:16.630Z", "price_category": "Low ($1-15)", "service_options": [ "Delivery", "Drive-through", "Onsite services", "Takeout", "Dine-in" ], "has_drive_through": true }, "geometry": { "type": "Point", "coordinates": [ -10621110.503926981240511, 3475073.790139664895833 ] } },
{ "type": "Feature", "properties": { "title": "McDonald's", "price": "$", "categoryName": "Fast food restaurant", "address": "6509 Washington Ave, Houston, TX 77007", "neighborhood": "Washington Avenue Coalition / Memorial Park", "street": "6509 Washington Ave", "city": "Houston", "postalCode": "77007", "state": "Texas", "countryCode": "US", "website": "https://www.mcdonalds.com/us/en-us/location/TX/HOUSTON/6509-WASHINGTON/7589.html?cid=RF:YXT:GMB::Clicks", "phone": "(713) 880-3930", "phoneUnformatted": "+17138803930", "claimThisBusiness": false, "totalScore": 3.8, "permanentlyClosed": false, "temporarilyClosed": false, "placeId": "ChIJ47XI2i3HQIYR6w6Y1xs_y_U", "categories": [ "Fast food restaurant", "Breakfast restaurant", "Coffee shop", "Hamburger restaurant", "Restaurant", "Sandwich shop" ], "fid": "0x8640c72ddac8b5e3:0xf5cb3f1bd7980eeb", "cid": "17711319348378341099", "reviewsCount": 1360, "imagesCount": 238.0, "scrapedAt": "2025-07-04T15:44:16.630Z", "price_category": "Low ($1-15)", "service_options": [ "Curbside pickup", "No-contact delivery", "Delivery", "Drive-through", "Onsite services", "Takeout", "Dine-in" ], "has_drive_through": true }, "geometry": { "type": "Point", "coordinates": [ -10622917.141338912770152, 3474723.863930787425488 ] } },
{ "type": "Feature", "properties": { "title": "Starbucks", "price": "$$", "categoryName": "Coffee shop", "address": "6201 Washington Ave, Houston, TX 77007", "neighborhood": "Washington Avenue Coalition / Memorial Park", "street": "6201 Washington Ave", "city": "Houston", "postalCode": "77007", "state": "Texas", "countryCode": "US", "website": "https://www.starbucks.com/store-locator/store/1021960", "phone": "(713) 864-2185", "phoneUnformatted": "+17138642185", "claimThisBusiness": false, "totalScore": 4.3, "permanentlyClosed": false, "temporarilyClosed": false, "placeId": "ChIJfxuB5UbHQIYRJcYQooeeCLU", "categories": [ "Coffee shop", "Breakfast restaurant", "Cafe", "Coffee store", "Espresso bar", "Internet cafe" ], "fid": "0x8640c746e5811b7f:0xb5089e87a210c625", "cid": "13044850626055423525", "reviewsCount": 472, "imagesCount": 93.0, "scrapedAt": "2025-07-04T15:44:16.630Z", "price_category": "Medium ($16-35)", "service_options": [ "Outdoor seating", "Curbside pickup", "No-contact delivery", "Delivery", "Drive-through", "Takeout", "Dine-in" ], "has_drive_through": true }, "geometry": { "type": "Point", "coordinates": [ -10622616.534185975790024, 3474346.361135139595717 ] } },
{ "type": "Feature", "properties": { "title": "Starbucks", "price": "$$", "categoryName": "Coffee shop", "address": "1801 Durham Dr, Houston, TX 77007", "neighborhood": "Washington Avenue Coalition / Memorial Park", "street": "1801 Durham Dr", "city": "Houston", "postalCode": "77007", "state": "Texas", "countryCode": "US", "website": "https://www.starbucks.com/store-locator/store/7178/", "phone": "(713) 862-4394", "phoneUnformatted": "+17138624394", "claimThisBusiness": false, "totalScore": 4.1, "permanentlyClosed": false, "temporarilyClosed": false, "placeId": "ChIJ_S_G4EvHQIYRC2hwWpPf39U", "categories": [ "Coffee shop", "Breakfast restaurant", "Cafe", "Coffee store", "Espresso bar", "Internet cafe" ], "fid": "0x8640c74be0c62ffd:0xd5dfdf935a70680b", "cid": "15411282273855629323", "reviewsCount": 797, "imagesCount": 205.0, "scrapedAt": "2025-07-04T15:44:16.630Z", "price_category": "Medium ($16-35)", "service_options": [ "Outdoor seating", "Curbside pickup", "No-contact delivery", "Delivery", "Drive-through", "Takeout", "Dine-in" ], "has_drive_through": true }, "geometry": { "type": "Point", "coordinates": [ -10621090.021140675991774, 3474853.334490839857608 ] } },
{ "type": "Feature", "properties": { "title": "Bambolino's", "price": "$10–20", "categoryName": "Pizza restaurant", "address": "1525 Westheimer Rd, Houston, TX 77006", "neighborhood": "Montrose", "street": "1525 Westheimer Rd", "city": "Houston", "postalCode": "77006", "state": "Texas", "countryCode": "US", "website": "https://bambolinositaliancafe.com/", "phone": "(713) 524-3305", "phoneUnformatted": "+17135243305", "claimThisBusiness": false, "totalScore": 4.3, "permanentlyClosed": false, "temporarilyClosed": false, "placeId": "ChIJ2xvVA5zAQIYRk4zYO88a-UU", "categories": [ "Pizza restaurant" ], "fid": "0x8640c09c03d51bdb:0x45f91acf3bd88c93", "cid": "5042090735182580883", "reviewsCount": 653, "imagesCount": 401.0, "scrapedAt": "2025-07-04T15:44:20.139Z", "price_category": "Low ($1-15)", "service_options": [ "Outdoor seating", "No-contact delivery", "Delivery", "Drive-through", "Takeout", "Dine-in" ], "has_drive_through": true }, "geometry": { "type": "Point", "coordinates": [ -10619734.650680521503091, 3470503.594483891502023 ] } },
{ "type": "Feature", "properties": { "title": "Starbucks", "price": "$$", "categoryName": "Coffee shop", "address": "The Shops on Memorial, 5535 Memorial Dr, Houston, TX 77007", "neighborhood": "Washington Avenue Coalition / Memorial Park", "street": "The Shops on Memorial, 5535 Memorial Dr", "city": "Houston", "postalCode": "77007", "state": "Texas", "countryCode": "US", "website": "https://www.starbucks.com/store-locator/store/11482/", "phone": "(713) 861-7654", "phoneUnformatted": "+17138617654", "claimThisBusiness": false, "totalScore": 4.2, "permanentlyClosed": false, "temporarilyClosed": false, "placeId": "ChIJj2DVWMjAQIYRSkPwa2x3ppA", "categories": [ "Coffee shop", "Breakfast restaurant", "Cafe", "Coffee store", "Espresso bar", "Internet cafe" ], "fid": "0x8640c0c858d5608f:0x90a6776c6bf0434a", "cid": "10423149695146672970", "reviewsCount": 326, "imagesCount": 80.0, "scrapedAt": "2025-07-04T15:44:24.526Z", "price_category": "Medium ($16-35)", "service_options": [ "Outdoor seating", "Curbside pickup", "No-contact delivery", "Delivery", "Drive-through", "Takeout", "Dine-in" ], "has_drive_through": true }, "geometry": { "type": "Point", "coordinates": [ -10621802.96681946143508, 3472869.506483335513622 ] } },
{ "type": "Feature", "properties": { "title": "Starbucks", "price": "$$", "categoryName": "Coffee shop", "address": "1938 W Gray St, Houston, TX 77019", "neighborhood": "Montrose", "street": "1938 W Gray St", "city": "Houston", "postalCode": "77019", "state": "Texas", "countryCode": "US", "website": "https://www.starbucks.com/store-locator/store/18511/", "phone": "(713) 522-3029", "phoneUnformatted": "+17135223029", "claimThisBusiness": false, "totalScore": 3.8, "permanentlyClosed": false, "temporarilyClosed": false, "placeId": "ChIJq2Gwpr7AQIYR7N1s4KrP_LI", "categories": [ "Coffee shop", "Breakfast restaurant", "Cafe", "Coffee store", "Espresso bar", "Internet cafe" ], "fid": "0x8640c0bea6b061ab:0xb2fccfaae06cddec", "cid": "12897411765698878956", "reviewsCount": 358, "imagesCount": 99.0, "scrapedAt": "2025-07-04T15:44:24.526Z", "price_category": "Medium ($16-35)", "service_options": [ "Outdoor seating", "Curbside pickup", "No-contact delivery", "Delivery", "Drive-through", "Takeout", "Dine-in" ], "has_drive_through": true }, "geometry": { "type": "Point", "coordinates": [ -10620496.810706187039614, 3471976.112537749111652 ] } },
{ "type": "Feature", "properties": { "title": "Churromania Silber", "price": "$", "categoryName": "Fast food restaurant", "address": "1118 Silber Rd suite m, Houston, TX 77055", "neighborhood": "Spring Branch East", "street": "1118 Silber Rd suite m", "city": "Houston", "postalCode": "77055", "state": "Texas", "countryCode": "US", "website": "https://www.churromania.com/", "phone": "(713) 933-6895", "phoneUnformatted": "+17139336895", "claimThisBusiness": false, "totalScore": 4.2, "permanentlyClosed": false, "temporarilyClosed": false, "placeId": "ChIJ0wsyqCnHQIYRnatB49UzFns", "categories": [ "Fast food restaurant", "Dessert shop" ], "fid": "0x8640c729a8320bd3:0x7b1633d5e341ab9d", "cid": "8869333509886552989", "reviewsCount": 47, "imagesCount": 32.0, "scrapedAt": "2025-07-04T15:44:31.999Z", "price_category": "Low ($1-15)", "service_options": [ "No-contact delivery", "Delivery", "Drive-through", "Takeout", "Dine-in" ], "has_drive_through": true }, "geometry": { "type": "Point", "coordinates": [ -10627133.745538976043463, 3476444.357866609934717 ] } },
{ "type": "Feature", "properties": { "title": "Chick-fil-A", "price": "$", "categoryName": "Chicken restaurant", "address": "Sage Road and Westpark Toll, 5325 S Rice Ave, Houston, TX 77081", "neighborhood": "Gulfton", "street": "Sage Road and Westpark Toll, 5325 S Rice Ave", "city": "Houston", "postalCode": "77081", "state": "Texas", "countryCode": "US", "website": "https://www.chick-fil-a.com/locations/tx/s-rice-and-westpark?utm_source=yext&utm_medium=link", "phone": "(713) 349-0234", "phoneUnformatted": "+17133490234", "claimThisBusiness": false, "totalScore": 4.3, "permanentlyClosed": false, "temporarilyClosed": false, "placeId": "ChIJIWKPf3HBQIYROwbYKZ3tgrg", "categories": [ "Chicken restaurant" ], "fid": "0x8640c1717f8f6221:0xb882ed9d29d8063b", "cid": "13295450309218797115", "reviewsCount": 3136, "imagesCount": 578.0, "scrapedAt": "2025-07-04T15:44:32.154Z", "price_category": "Low ($1-15)", "service_options": [ "Outdoor seating", "No-contact delivery", "Delivery", "Drive-through", "Takeout", "Dine-in" ], "has_drive_through": true }, "geometry": { "type": "Point", "coordinates": [ -10627404.608123974874616, 3468146.039678317029029 ] } },
{ "type": "Feature", "properties": { "title": "El Pollo Loco", "price": "$", "categoryName": "Mexican restaurant", "address": "5321 S Rice Ave, Houston, TX 77081", "neighborhood": "Gulfton", "street": "5321 S Rice Ave", "city": "Houston", "postalCode": "77081", "state": "Texas", "countryCode": "US", "website": "https://restaurants.elpolloloco.com/tx/houston/5321-s-rice-ave?utm_source=gmb&utm_medium=yext", "phone": "(713) 668-6428", "phoneUnformatted": "+17136686428", "claimThisBusiness": false, "totalScore": 4.0, "permanentlyClosed": false, "temporarilyClosed": false, "placeId": "ChIJbfq6O3jBQIYR_gV68BbzH3g", "categories": [ "Mexican restaurant", "Caterer", "Chicken restaurant", "Fast food restaurant" ], "fid": "0x8640c1783bbafa6d:0x781ff316f07a05fe", "cid": "8655904288678741502", "reviewsCount": 1539, "imagesCount": 441.0, "scrapedAt": "2025-07-04T15:44:33.496Z", "price_category": "Low ($1-15)", "service_options": [ "No-contact delivery", "Delivery", "Drive-through", "Onsite services", "Takeout", "Dine-in" ], "has_drive_through": true }, "geometry": { "type": "Point", "coordinates": [ -10627406.400367775931954, 3468185.905555670615286 ] } },
{ "type": "Feature", "properties": { "title": "Starbucks", "price": "$$", "categoryName": "Coffee shop", "address": "5767 Woodway Dr, Houston, TX 77057", "neighborhood": "Westside", "street": "5767 Woodway Dr", "city": "Houston", "postalCode": "77057", "state": "Texas", "countryCode": "US", "website": "https://www.starbucks.com/store-locator/store/14747/", "phone": "(713) 706-3261", "phoneUnformatted": "+17137063261", "claimThisBusiness": false, "totalScore": 4.4, "permanentlyClosed": false, "temporarilyClosed": false, "placeId": "ChIJ22jQE_7DQIYRJX-5rcqkbok", "categories": [ "Coffee shop", "Breakfast restaurant", "Cafe", "Coffee store", "Espresso bar", "Internet cafe" ], "fid": "0x8640c3fe13d068db:0x896ea4caadb97f25", "cid": "9903033821039263525", "reviewsCount": 287, "imagesCount": 73.0, "scrapedAt": "2025-07-04T15:44:36.224Z", "price_category": "Medium ($16-35)", "service_options": [ "Outdoor seating", "Curbside pickup", "Delivery", "Drive-through", "Takeout", "Dine-in" ], "has_drive_through": true }, "geometry": { "type": "Point", "coordinates": [ -10629047.483432998880744, 3472706.549012067262083 ] } },
{ "type": "Feature", "properties": { "title": "Burger King", "price": "$", "categoryName": "Fast food restaurant", "address": "4212 Richmond Ave., Houston, TX 77027", "neighborhood": "Greenway / Upper Kirby Area", "street": "4212 Richmond Ave.", "city": "Houston", "postalCode": "77027", "state": "Texas", "countryCode": "US", "website": "https://burgerking.com/store-locator/store/restaurant_446", "phone": "(346) 348-1361", "phoneUnformatted": "+13463481361", "claimThisBusiness": false, "totalScore": 3.6, "permanentlyClosed": false, "temporarilyClosed": false, "placeId": "ChIJawYtcAXBQIYRQbgnSzr9iIg", "categories": [ "Fast food restaurant", "Breakfast restaurant", "Delivery service", "Family restaurant" ], "fid": "0x8640c105702d066b:0x8888fd3a4b27b841", "cid": "9838391812801673281", "reviewsCount": 832, "imagesCount": null, "scrapedAt": "2025-07-04T15:44:37.401Z", "price_category": "Low ($1-15)", "service_options": [ "Delivery", "Drive-through", "Takeout", "Dine-in" ], "has_drive_through": true }, "geometry": { "type": "Point", "coordinates": [ -10624967.57956762984395, 3469263.523184900172055 ] } },
{ "type": "Feature", "properties": { "title": "Jack in the Box", "price": "$", "categoryName": "Fast food restaurant", "address": "3302 Richmond Ave., Houston, TX 77098", "neighborhood": "Greenway / Upper Kirby Area", "street": "3302 Richmond Ave.", "city": "Houston", "postalCode": "77098", "state": "Texas", "countryCode": "US", "website": "https://locations.jackinthebox.com/us/tx/houston/3302-richmond-ave?utm_source=google&utm_medium=local&utm_campaign=google-local", "phone": "(346) 476-1653", "phoneUnformatted": "+13464761653", "claimThisBusiness": false, "totalScore": 3.4, "permanentlyClosed": false, "temporarilyClosed": false, "placeId": "ChIJCw7Pv_rAQIYRbjwPiVLRRas", "categories": [ "Fast food restaurant", "American restaurant", "Breakfast restaurant", "Chicken restaurant", "Dessert restaurant", "Hamburger restaurant", "Delivery Restaurant", "Mexican restaurant" ], "fid": "0x8640c0fabfcf0e0b:0xab45d152890f3c6e", "cid": "12341500506295712878", "reviewsCount": 727, "imagesCount": null, "scrapedAt": "2025-07-04T15:44:37.401Z", "price_category": "Low ($1-15)", "service_options": [ "No-contact delivery", "Delivery", "Drive-through", "Takeout", "Dine-in" ], "has_drive_through": true }, "geometry": { "type": "Point", "coordinates": [ -10622844.661218456923962, 3469457.755986724514514 ] } },
{ "type": "Feature", "properties": { "title": "La Siberia Original Houston", "price": null, "categoryName": "Mexican restaurant", "address": "2030A Bingle Rd, Houston, TX 77055", "neighborhood": "Spring Branch East", "street": "2030A Bingle Rd", "city": "Houston", "postalCode": "77055", "state": "Texas", "countryCode": "US", "website": null, "phone": "(346) 618-5728", "phoneUnformatted": "+13466185728", "claimThisBusiness": false, "totalScore": 4.5, "permanentlyClosed": false, "temporarilyClosed": false, "placeId": "ChIJnZaEHgDFQIYRmlcpkgzeuc0", "categories": [ "Mexican restaurant", "Restaurant" ], "fid": "0x8640c5001e84969d:0xcdb9de0c9229579a", "cid": "14824123794039855002", "reviewsCount": 114, "imagesCount": 135.0, "scrapedAt": "2025-07-04T15:44:38.903Z", "price_category": null, "service_options": [ "No-contact delivery", "Delivery", "Drive-through", "Takeout", "Dine-in" ], "has_drive_through": true }, "geometry": { "type": "Point", "coordinates": [ -10631063.646390501409769, 3479192.834728803019971 ] } },
{ "type": "Feature", "properties": { "title": "Chick-fil-A", "price": "$", "categoryName": "Chicken restaurant", "address": "2715 Southwest Fwy, Houston, TX 77098", "neighborhood": "Greenway / Upper Kirby Area", "street": "2715 Southwest Fwy", "city": "Houston", "postalCode": "77098", "state": "Texas", "countryCode": "US", "website": "https://www.chick-fil-a.com/locations/tx/59-kirby?utm_source=yext&utm_medium=link", "phone": "(713) 523-2442", "phoneUnformatted": "+17135232442", "claimThisBusiness": false, "totalScore": 4.4, "permanentlyClosed": false, "temporarilyClosed": false, "placeId": "ChIJXStWsPbAQIYR2HCGSPaumKE", "categories": [ "Chicken restaurant", "Caterer", "Fast food restaurant" ], "fid": "0x8640c0f6b0562b5d:0xa198aef6488670d8", "cid": "11644249209368375512", "reviewsCount": 3905, "imagesCount": 606.0, "scrapedAt": "2025-07-04T15:44:40.400Z", "price_category": "Low ($1-15)", "service_options": [ "Outdoor seating", "Delivery", "Drive-through", "Onsite services", "Takeout", "Dine-in" ], "has_drive_through": true }, "geometry": { "type": "Point", "coordinates": [ -10622203.672458520159125, 3468854.145273630041629 ] } },
{ "type": "Feature", "properties": { "title": "McDonald's", "price": "$", "categoryName": "Fast food restaurant", "address": "940 N Wilcrest Dr, Houston, TX 77079", "neighborhood": "Westside", "street": "940 N Wilcrest Dr", "city": "Houston", "postalCode": "77079", "state": "Texas", "countryCode": "US", "website": "https://www.mcdonalds.com/us/en-us/location/TX/HOUSTON/940-N-WILCREST-DRIVE/14136.html?cid=RF:YXT:GMB::Clicks", "phone": "(713) 973-9003", "phoneUnformatted": "+17139739003", "claimThisBusiness": false, "totalScore": 3.6, "permanentlyClosed": false, "temporarilyClosed": false, "placeId": "ChIJK-Bs_EbbQIYRzzu4i6QKens", "categories": [ "Fast food restaurant", "Breakfast restaurant", "Coffee shop", "Hamburger restaurant", "Restaurant", "Sandwich shop" ], "fid": "0x8640db46fc6ce02b:0x7b7a0aa48bb83bcf", "cid": "8897435715658857423", "reviewsCount": 2268, "imagesCount": 376.0, "scrapedAt": "2025-07-04T15:44:50.184Z", "price_category": "Low ($1-15)", "service_options": [ "Curbside pickup", "No-contact delivery", "Delivery", "Drive-through", "Onsite services", "Takeout", "Dine-in" ], "has_drive_through": true }, "geometry": { "type": "Point", "coordinates": [ -10639384.544556368142366, 3475747.403132120147347 ] } },
{ "type": "Feature", "properties": { "title": "Slim Chickens", "price": "$", "categoryName": "Chicken restaurant", "address": "11919 Westheimer Rd, Houston, TX 77077", "neighborhood": "Westside", "street": "11919 Westheimer Rd", "city": "Houston", "postalCode": "77077", "state": "Texas", "countryCode": "US", "website": "https://slimchickens.com/location/houston-tx-11919-westheimer-rd-77077/", "phone": null, "phoneUnformatted": null, "claimThisBusiness": false, "totalScore": 4.0, "permanentlyClosed": false, "temporarilyClosed": false, "placeId": "ChIJD7Z6ClPdQIYR9Dsfe8hKnLA", "categories": [ "Chicken restaurant", "Chicken shop", "Chicken wings restaurant", "Family restaurant", "Fast food restaurant", "Fried chicken takeaway", "Lunch restaurant", "Takeout Restaurant", "Southern restaurant (US)" ], "fid": "0x8640dd530a7ab60f:0xb09c4ac87b1f3bf4", "cid": "12726128871961738228", "reviewsCount": 409, "imagesCount": 410.0, "scrapedAt": "2025-07-04T15:44:50.390Z", "price_category": "Low ($1-15)", "service_options": [ "Outdoor seating", "No-contact delivery", "Delivery", "Drive-through", "Onsite services", "Takeout", "Dine-in" ], "has_drive_through": true }, "geometry": { "type": "Point", "coordinates": [ -10641019.549577394500375, 3469668.632211503572762 ] } },
{ "type": "Feature", "properties": { "title": "Domino's Pizza", "price": "$", "categoryName": "Pizza restaurant", "address": "13429 Briar Forest Dr, Houston, TX 77077", "neighborhood": "Westside", "street": "13429 Briar Forest Dr", "city": "Houston", "postalCode": "77077", "state": "Texas", "countryCode": "US", "website": "https://www.dominos.com/index.html", "phone": "(281) 954-4474", "phoneUnformatted": "+12819544474", "claimThisBusiness": false, "totalScore": 3.1, "permanentlyClosed": false, "temporarilyClosed": false, "placeId": "ChIJ6dqzxoDdQIYRMzYysnRDg1s", "categories": [ "Pizza restaurant", "Chicken restaurant", "Delivery service", "Takeout Restaurant" ], "fid": "0x8640dd80c6b3dae9:0x5b834374b2323633", "cid": "6594188447885440563", "reviewsCount": 72, "imagesCount": 73.0, "scrapedAt": "2025-07-04T15:44:50.689Z", "price_category": "Low ($1-15)", "service_options": [ "No-contact delivery", "Delivery", "Drive-through", "Takeout", "Dine-in" ], "has_drive_through": true }, "geometry": { "type": "Point", "coordinates": [ -10645293.327467931434512, 3472151.626873061060905 ] } },
{ "type": "Feature", "properties": { "title": "Starbucks", "price": "$$", "categoryName": "Coffee shop", "address": "11611 Katy Fwy, Houston, TX 77079", "neighborhood": "Westside", "street": "11611 Katy Fwy", "city": "Houston", "postalCode": "77079", "state": "Texas", "countryCode": "US", "website": "https://www.starbucks.com/store-locator/store/9591/", "phone": "(281) 584-9063", "phoneUnformatted": "+12815849063", "claimThisBusiness": false, "totalScore": 4.0, "permanentlyClosed": false, "temporarilyClosed": false, "placeId": "ChIJK_dOfWzbQIYRX-fisUQ3fyA", "categories": [ "Coffee shop", "Breakfast restaurant", "Cafe", "Coffee store", "Espresso bar", "Internet cafe" ], "fid": "0x8640db6c7d4ef72b:0x207f3744b1e2e75f", "cid": "2341651099437688671", "reviewsCount": 993, "imagesCount": 121.0, "scrapedAt": "2025-07-04T15:44:50.951Z", "price_category": "Medium ($16-35)", "service_options": [ "Outdoor seating", "Delivery", "Drive-through", "Takeout", "Dine-in" ], "has_drive_through": true }, "geometry": { "type": "Point", "coordinates": [ -10640882.381700839847326, 3475788.780436255969107 ] } },
{ "type": "Feature", "properties": { "title": "Chick-fil-A", "price": "$", "categoryName": "Chicken restaurant", "address": "2606 S Kirkwood Rd, Houston, TX 77077", "neighborhood": "Westside", "street": "2606 S Kirkwood Rd", "city": "Houston", "postalCode": "77077", "state": "Texas", "countryCode": "US", "website": "https://www.chick-fil-a.com/locations/tx/westheimer-kirkwood?utm_source=yext&utm_medium=link", "phone": "(281) 759-5799", "phoneUnformatted": "+12817595799", "claimThisBusiness": false, "totalScore": 4.4, "permanentlyClosed": false, "temporarilyClosed": false, "placeId": "ChIJqRcEGezcQIYRUB8imY7HQOA", "categories": [ "Chicken restaurant", "Caterer", "Fast food restaurant" ], "fid": "0x8640dcec190417a9:0xe040c78e99221f50", "cid": "16159134878273773392", "reviewsCount": 3173, "imagesCount": 350.0, "scrapedAt": "2025-07-04T15:44:51.167Z", "price_category": "Low ($1-15)", "service_options": [ "Delivery", "Drive-through", "Takeout", "Dine-in" ], "has_drive_through": true }, "geometry": { "type": "Point", "coordinates": [ -10640937.284473698586226, 3469581.686534075066447 ] } },
{ "type": "Feature", "properties": { "title": "McDonald's", "price": "$", "categoryName": "Fast food restaurant", "address": "12625 Westheimer Dr, Houston, TX 77077", "neighborhood": "Westside", "street": "12625 Westheimer Dr", "city": "Houston", "postalCode": "77077", "state": "Texas", "countryCode": "US", "website": "https://www.mcdonalds.com/us/en-us/location/TX/HOUSTON/12625-WESTHEIMER-DR/12404.html?cid=RF:YXT:GMB::Clicks", "phone": "(281) 493-6779", "phoneUnformatted": "+12814936779", "claimThisBusiness": false, "totalScore": 3.7, "permanentlyClosed": false, "temporarilyClosed": false, "placeId": "ChIJp-8WkR_cQIYRyx3PGgN17eI", "categories": [ "Fast food restaurant", "Breakfast restaurant", "Coffee shop", "Hamburger restaurant", "Restaurant", "Sandwich shop" ], "fid": "0x8640dc1f9116efa7:0xe2ed75031acf1dcb", "cid": "16351854478247271883", "reviewsCount": 2543, "imagesCount": 421.0, "scrapedAt": "2025-07-04T15:44:51.168Z", "price_category": "Low ($1-15)", "service_options": [ "Curbside pickup", "No-contact delivery", "Delivery", "Drive-through", "Onsite services", "Takeout", "Dine-in" ], "has_drive_through": true }, "geometry": { "type": "Point", "coordinates": [ -10642905.201563892886043, 3469625.108019048348069 ] } },
{ "type": "Feature", "properties": { "title": "Jack in the Box", "price": "$", "categoryName": "Fast food restaurant", "address": "11910 Westheimer Rd, Houston, TX 77077", "neighborhood": "Westside", "street": "11910 Westheimer Rd", "city": "Houston", "postalCode": "77077", "state": "Texas", "countryCode": "US", "website": "https://locations.jackinthebox.com/us/tx/houston/11910-westheimer-rd?utm_source=google&utm_medium=local&utm_campaign=google-local", "phone": "(281) 752-4889", "phoneUnformatted": "+12817524889", "claimThisBusiness": false, "totalScore": 3.4, "permanentlyClosed": false, "temporarilyClosed": false, "placeId": "ChIJoXHGQ-zcQIYRQN29SSv9QJ0", "categories": [ "Fast food restaurant", "American restaurant", "Breakfast restaurant", "Chicken restaurant", "Dessert restaurant", "Hamburger restaurant", "Delivery Restaurant", "Mexican restaurant" ], "fid": "0x8640dcec43c671a1:0x9d40fd2b49bddd40", "cid": "11331335024826768704", "reviewsCount": 1046, "imagesCount": 221.0, "scrapedAt": "2025-07-04T15:44:51.949Z", "price_category": "Low ($1-15)", "service_options": [ "No-contact delivery", "Delivery", "Drive-through", "Takeout", "Dine-in" ], "has_drive_through": true }, "geometry": { "type": "Point", "coordinates": [ -10640980.242665197700262, 3469774.693401057273149 ] } },
{ "type": "Feature", "properties": { "title": "Starbucks", "price": "$$", "categoryName": "Coffee shop", "address": "11805 Westheimer Rd, Houston, TX 77077", "neighborhood": "Westside", "street": "11805 Westheimer Rd", "city": "Houston", "postalCode": "77077", "state": "Texas", "countryCode": "US", "website": "https://www.starbucks.com/store-locator/store/15164/", "phone": "(281) 556-8382", "phoneUnformatted": "+12815568382", "claimThisBusiness": false, "totalScore": 4.1, "permanentlyClosed": false, "temporarilyClosed": false, "placeId": "ChIJFRKVdwDdQIYRtILg5LF9Ofc", "categories": [ "Coffee shop", "Breakfast restaurant", "Cafe", "Coffee store", "Espresso bar", "Internet cafe" ], "fid": "0x8640dd0077951215:0xf7397db1e4e082b4", "cid": "17814408004043309748", "reviewsCount": 877, "imagesCount": 171.0, "scrapedAt": "2025-07-04T15:44:51.950Z", "price_category": "Medium ($16-35)", "service_options": [ "Outdoor seating", "Curbside pickup", "No-contact delivery", "Delivery", "Drive-through", "Takeout", "Dine-in" ], "has_drive_through": true }, "geometry": { "type": "Point", "coordinates": [ -10640596.190421959385276, 3469660.42734510358423 ] } },
{ "type": "Feature", "properties": { "title": "Popeyes Louisiana Kitchen", "price": "€", "categoryName": "Chicken restaurant", "address": "14467 Memorial Dr, Houston, TX 77079, United States", "neighborhood": "Westside", "street": "14467 Memorial Dr", "city": "Houston", "postalCode": "77079", "state": "Texas", "countryCode": "US", "website": "https://www.popeyes.com/store-locator/store/restaurant_81739?utm_source=yext&utm_medium=referral&utm_campaign=organic-local-listings", "phone": "+1 281-870-8210", "phoneUnformatted": "+12818708210", "claimThisBusiness": false, "totalScore": 3.3, "permanentlyClosed": false, "temporarilyClosed": false, "placeId": "ChIJsTe-23jbQIYRyCnncGqGPT0", "categories": [ "Chicken restaurant", "Cajun restaurant", "Fast food restaurant", "Restaurant", "Seafood restaurant" ], "fid": "0x8640db78dbbe37b1:0x3d3d866a70e729c8", "cid": "4412831001611807176", "reviewsCount": 1026, "imagesCount": 203.0, "scrapedAt": "2025-07-04T15:44:53.003Z", "price_category": "Low ($1-15)", "service_options": [ "Outdoor seating", "No-contact delivery", "Delivery", "Drive-through", "Takeaway", "Dine-in" ], "has_drive_through": true }, "geometry": { "type": "Point", "coordinates": [ -10642309.542100604623556, 3474005.30360022559762 ] } },
{ "type": "Feature", "properties": { "title": "Los Trompos Houston ( Movil )", "price": null, "categoryName": "Mexican restaurant", "address": "9834 Meadowglen Ln, Houston, TX 77042", "neighborhood": "Westside", "street": "9834 Meadowglen Ln", "city": "Houston", "postalCode": "77042", "state": "Texas", "countryCode": "US", "website": "https://www.facebook.com/lostromposhouston", "phone": "(409) 363-8223", "phoneUnformatted": "+14093638223", "claimThisBusiness": false, "totalScore": 3.5, "permanentlyClosed": false, "temporarilyClosed": false, "placeId": "ChIJVWoaOAPDQIYRYAIwUcDLcVY", "categories": [ "Mexican restaurant" ], "fid": "0x8640c303381a6a55:0x5671cbc051300260", "cid": "6228983786486366816", "reviewsCount": 11, "imagesCount": 3.0, "scrapedAt": "2025-07-04T15:44:54.400Z", "price_category": null, "service_options": [ "Curbside pickup", "No-contact delivery", "Delivery", "Drive-through", "Takeout", "Dine-in" ], "has_drive_through": true }, "geometry": { "type": "Point", "coordinates": [ -10635811.879082746803761, 3469189.028100823517889 ] } },
{ "type": "Feature", "properties": { "title": "Starbucks", "price": "€€", "categoryName": "Coffee shop", "address": "14607 Memorial Drive Memorial &, Dairy Ashford Rd, Houston, TX 77079, United States", "neighborhood": "Westside", "street": "14607 Memorial Drive Memorial &, Dairy Ashford Rd", "city": "Houston", "postalCode": "77079", "state": "TX", "countryCode": "US", "website": "https://www.starbucks.com/store-locator/store/18549/", "phone": "+1 281-496-1598", "phoneUnformatted": "+12814961598", "claimThisBusiness": false, "totalScore": 4.3, "permanentlyClosed": false, "temporarilyClosed": false, "placeId": "ChIJxS17xoPbQIYRRo2d4I_WE_Q", "categories": [ "Coffee shop", "Breakfast restaurant", "Cafe", "Coffee store", "Espresso bar", "Internet cafe" ], "fid": "0x8640db83c67b2dc5:0xf413d68fe09d8d46", "cid": "17587636883249007942", "reviewsCount": 527, "imagesCount": 104.0, "scrapedAt": "2025-07-04T15:44:54.511Z", "price_category": "Medium ($16-35)", "service_options": [ "Outdoor seating", "Kerbside pickup", "No-contact delivery", "Delivery", "Drive-through", "Takeaway", "Dine-in" ], "has_drive_through": true }, "geometry": { "type": "Point", "coordinates": [ -10642941.936995852738619, 3473997.724361757747829 ] } },
{ "type": "Feature", "properties": { "title": "McDonald's", "price": "$", "categoryName": "Fast food restaurant", "address": "1920 Wilcrest Dr, Houston, TX 77042", "neighborhood": "Westside", "street": "1920 Wilcrest Dr", "city": "Houston", "postalCode": "77042", "state": "Texas", "countryCode": "US", "website": "https://www.mcdonalds.com/us/en-us/location/TX/HOUSTON/1920-WILCREST/7043.html?cid=RF:YXT:GMB::Clicks", "phone": "(713) 952-7322", "phoneUnformatted": "+17139527322", "claimThisBusiness": false, "totalScore": 3.5, "permanentlyClosed": false, "temporarilyClosed": false, "placeId": "ChIJy-CaVbfcQIYREkQIjfo0Bt4", "categories": [ "Fast food restaurant", "Breakfast restaurant", "Coffee shop", "Hamburger restaurant", "Restaurant", "Sandwich shop" ], "fid": "0x8640dcb7559ae0cb:0xde0634fa8d084412", "cid": "15998532976992863250", "reviewsCount": 1209, "imagesCount": 227.0, "scrapedAt": "2025-07-04T15:44:54.900Z", "price_category": "Low ($1-15)", "service_options": [ "Curbside pickup", "No-contact delivery", "Delivery", "Drive-through", "Onsite services", "Takeout", "Dine-in" ], "has_drive_through": true }, "geometry": { "type": "Point", "coordinates": [ -10639083.124771147966385, 3471063.561250365804881 ] } },
{ "type": "Feature", "properties": { "title": "Taqueria milindo huetamo#2", "price": null, "categoryName": "Mexican restaurant", "address": "12790 S Dairy Ashford Rd, Houston, TX 77099", "neighborhood": "Westside", "street": "12790 S Dairy Ashford Rd", "city": "Houston", "postalCode": "77099", "state": "Texas", "countryCode": "US", "website": null, "phone": "(713) 380-0289", "phoneUnformatted": "+17133800289", "claimThisBusiness": false, "totalScore": 4.3, "permanentlyClosed": false, "temporarilyClosed": false, "placeId": "ChIJK4oF58fnQIYR2nUjK_Xd7ww", "categories": [ "Mexican restaurant" ], "fid": "0x8640e7c7e7058a2b:0xcefddf52b2375da", "cid": "932207692949452250", "reviewsCount": 6, "imagesCount": 6.0, "scrapedAt": "2025-07-04T15:44:55.149Z", "price_category": null, "service_options": [ "Curbside pickup", "Drive-through", "Takeout", "Dine-in" ], "has_drive_through": true }, "geometry": { "type": "Point", "coordinates": [ -10641961.802275266498327, 3460057.935798961669207 ] } },
{ "type": "Feature", "properties": { "title": "Louisiana Famous Fried Chicken", "price": "$", "categoryName": "Fast food restaurant", "address": "3760 S Gessner Rd, Houston, TX 77063", "neighborhood": "Westside", "street": "3760 S Gessner Rd", "city": "Houston", "postalCode": "77063", "state": "Texas", "countryCode": "US", "website": "http://louisianafamousfriedchicken.net/", "phone": "(713) 278-5332", "phoneUnformatted": "+17132785332", "claimThisBusiness": false, "totalScore": 3.6, "permanentlyClosed": false, "temporarilyClosed": false, "placeId": "ChIJn36hCx_DQIYRVwFNJPEGRbU", "categories": [ "Fast food restaurant", "Restaurant" ], "fid": "0x8640c31f0ba17e9f:0xb54506f1244d0157", "cid": "13061853927023903063", "reviewsCount": 432, "imagesCount": 130.0, "scrapedAt": "2025-07-04T15:44:56.102Z", "price_category": "Low ($1-15)", "service_options": [ "Delivery", "Drive-through", "Takeout", "Dine-in" ], "has_drive_through": true }, "geometry": { "type": "Point", "coordinates": [ -10635418.743169061839581, 3468017.841596345882863 ] } },
{ "type": "Feature", "properties": { "title": "Tepatitlan mexican grill", "price": "$", "categoryName": "Mexican restaurant", "address": "10530 W Bellfort Ave, Houston, TX 77031", "neighborhood": "Brays Oaks", "street": "10530 W Bellfort Ave", "city": "Houston", "postalCode": "77031", "state": "Texas", "countryCode": "US", "website": "http://www.tepatitlanmexicangrill.com/", "phone": "(281) 530-6358", "phoneUnformatted": "+12815306358", "claimThisBusiness": true, "totalScore": 3.7, "permanentlyClosed": false, "temporarilyClosed": false, "placeId": "ChIJWy73deHnQIYRSDkJm2HIcH4", "categories": [ "Mexican restaurant" ], "fid": "0x8640e7e175f72e5b:0x7e70c8619b093948", "cid": "9111002367708969288", "reviewsCount": 1228, "imagesCount": 373.0, "scrapedAt": "2025-07-04T15:44:56.210Z", "price_category": "Low ($1-15)", "service_options": [ "Drive-through", "Takeout", "Dine-in" ], "has_drive_through": true }, "geometry": { "type": "Point", "coordinates": [ -10638190.654149560257792, 3459148.688496570568532 ] } },
{ "type": "Feature", "properties": { "title": "Popeyes Louisiana Kitchen", "price": "$", "categoryName": "Chicken restaurant", "address": "11855 Wilcrest Dr, Houston, TX 77031", "neighborhood": "Brays Oaks", "street": "11855 Wilcrest Dr", "city": "Houston", "postalCode": "77031", "state": "Texas", "countryCode": "US", "website": "https://www.popeyes.com/store-locator/store/restaurant_84534?utm_source=yext&utm_medium=referral&utm_campaign=organic-local-listings", "phone": "(832) 988-5726", "phoneUnformatted": "+18329885726", "claimThisBusiness": false, "totalScore": 3.8, "permanentlyClosed": false, "temporarilyClosed": false, "placeId": "ChIJKfVGuuDnQIYRxzU0U9rST-w", "categories": [ "Chicken restaurant", "Cajun restaurant", "Fast food restaurant", "Restaurant", "Seafood restaurant" ], "fid": "0x8640e7e0ba46f529:0xec4fd2da533435c7", "cid": "17028060551251768775", "reviewsCount": 897, "imagesCount": 152.0, "scrapedAt": "2025-07-04T15:44:56.210Z", "price_category": "Low ($1-15)", "service_options": [ "Outdoor seating", "No-contact delivery", "Delivery", "Drive-through", "Takeout", "Dine-in" ], "has_drive_through": true }, "geometry": { "type": "Point", "coordinates": [ -10638385.340807009488344, 3458656.7437679534778 ] } },
{ "type": "Feature", "properties": { "title": "Wendy's", "price": "$", "categoryName": "Fast food restaurant", "address": "10731 W Bellfort Ave, Houston, TX 77099", "neighborhood": "Westside", "street": "10731 W Bellfort Ave", "city": "Houston", "postalCode": "77099", "state": "Texas", "countryCode": "US", "website": "https://locations.wendys.com/united-states/tx/houston/10731-w-bellfort-street?utm_source=Yext&utm_medium=Google_My_Business&utm_campaign=Local_Search&utm_content=EN_US", "phone": "(832) 509-3672", "phoneUnformatted": "+18325093672", "claimThisBusiness": false, "totalScore": 3.7, "permanentlyClosed": false, "temporarilyClosed": false, "placeId": "ChIJ82nvKuTnQIYRx3OrlcAaBrw", "categories": [ "Fast food restaurant", "Hamburger restaurant", "Restaurant" ], "fid": "0x8640e7e42aef69f3:0xbc061ac095ab73c7", "cid": "13548545943437800391", "reviewsCount": 1113, "imagesCount": 278.0, "scrapedAt": "2025-07-04T15:44:56.211Z", "price_category": "Low ($1-15)", "service_options": [ "Delivery", "Drive-through", "Takeout", "Dine-in" ], "has_drive_through": true }, "geometry": { "type": "Point", "coordinates": [ -10638745.659734807908535, 3459246.990026880521327 ] } },
{ "type": "Feature", "properties": { "title": "McDonald's", "price": "$", "categoryName": "Fast food restaurant", "address": "10638 W Bellfort Ave, Houston, TX 77099", "neighborhood": "Westside", "street": "10638 W Bellfort Ave", "city": "Houston", "postalCode": "77099", "state": "Texas", "countryCode": "US", "website": "https://www.mcdonalds.com/us/en-us/location/TX/HOUSTON/10638-W-BELLFORT/2804.html?cid=RF:YXT:GMB::Clicks", "phone": "(281) 498-8910", "phoneUnformatted": "+12814988910", "claimThisBusiness": false, "totalScore": 3.4, "permanentlyClosed": false, "temporarilyClosed": false, "placeId": "ChIJ_TcSVOHnQIYRqhU6t5Eh288", "categories": [ "Fast food restaurant", "Breakfast restaurant", "Coffee shop", "Hamburger restaurant", "Restaurant", "Sandwich shop" ], "fid": "0x8640e7e1541237fd:0xcfdb2191b73a15aa", "cid": "14977601895478728106", "reviewsCount": 2072, "imagesCount": 332.0, "scrapedAt": "2025-07-04T15:44:57.060Z", "price_category": "Low ($1-15)", "service_options": [ "Curbside pickup", "No-contact delivery", "Delivery", "Drive-through", "Onsite services", "Takeout", "Dine-in" ], "has_drive_through": true }, "geometry": { "type": "Point", "coordinates": [ -10638440.610934186726809, 3459236.780672261025757 ] } },
{ "type": "Feature", "properties": { "title": "Burger King", "price": "$", "categoryName": "Fast food restaurant", "address": "11935 Wilcrest Dr, Houston, TX 77031", "neighborhood": "Brays Oaks", "street": "11935 Wilcrest Dr", "city": "Houston", "postalCode": "77031", "state": "Texas", "countryCode": "US", "website": "https://burgerking.com/store-locator/store/restaurant_415", "phone": "(281) 564-1997", "phoneUnformatted": "+12815641997", "claimThisBusiness": false, "totalScore": 3.4, "permanentlyClosed": false, "temporarilyClosed": false, "placeId": "ChIJ7eyjId7nQIYRwndfNTKaYZk", "categories": [ "Fast food restaurant", "Breakfast restaurant", "Delivery service", "Family restaurant" ], "fid": "0x8640e7de21a3eced:0x99619a32355f77c2", "cid": "11052284500978399170", "reviewsCount": 600, "imagesCount": 148.0, "scrapedAt": "2025-07-04T15:44:57.060Z", "price_category": "Low ($1-15)", "service_options": [ "Delivery", "Drive-through", "Takeout", "Dine-in" ], "has_drive_through": true }, "geometry": { "type": "Point", "coordinates": [ -10638319.283821171149611, 3458519.494473749306053 ] } },
{ "type": "Feature", "properties": { "title": "Starbucks", "price": "$$", "categoryName": "Coffee shop", "address": "11623 Southwest Fwy, Houston, TX 77031", "neighborhood": "Brays Oaks", "street": "11623 Southwest Fwy", "city": "Houston", "postalCode": "77031", "state": "Texas", "countryCode": "US", "website": "https://www.starbucks.com/store-locator/store/10224/", "phone": "(281) 879-1751", "phoneUnformatted": "+12818791751", "claimThisBusiness": false, "totalScore": 3.7, "permanentlyClosed": false, "temporarilyClosed": false, "placeId": "ChIJqxtR1ODnQIYRg42xnwYK4aw", "categories": [ "Coffee shop", "Breakfast restaurant", "Cafe", "Coffee store", "Espresso bar", "Internet cafe" ], "fid": "0x8640e7e0d4511bab:0xace10a069fb18d83", "cid": "12457249067848797571", "reviewsCount": 2107, "imagesCount": 291.0, "scrapedAt": "2025-07-04T15:44:57.061Z", "price_category": "Medium ($16-35)", "service_options": [ "Outdoor seating", "Curbside pickup", "No-contact delivery", "Delivery", "Drive-through", "Takeout", "Dine-in" ], "has_drive_through": true }, "geometry": { "type": "Point", "coordinates": [ -10638478.804651478305459, 3458842.003811791073531 ] } },
{ "type": "Feature", "properties": { "title": "Chick-fil-A", "price": "$", "categoryName": "Chicken restaurant", "address": "18323 Gulf Fwy, Webster, TX 77598", "neighborhood": "Clear Lake", "street": "18323 Gulf Fwy", "city": "Webster", "postalCode": "77598", "state": "Texas", "countryCode": "US", "website": "https://www.chick-fil-a.com/locations/tx/el-dorado-boulevard?utm_source=yext&utm_medium=link", "phone": "(281) 488-1112", "phoneUnformatted": "+12814881112", "claimThisBusiness": false, "totalScore": 4.5, "permanentlyClosed": false, "temporarilyClosed": false, "placeId": "ChIJ6cqKWoObQIYRX2v_pXzCrHM", "categories": [ "Chicken restaurant", "Caterer", "Fast food restaurant" ], "fid": "0x86409b835a8acae9:0x73acc27ca5ff6b5f", "cid": "8335250850972658527", "reviewsCount": 3698, "imagesCount": 333.0, "scrapedAt": "2025-07-04T15:45:08.372Z", "price_category": "Low ($1-15)", "service_options": [ "Outdoor seating", "Curbside pickup", "No-contact delivery", "Delivery", "Drive-through", "Onsite services", "Takeout", "Dine-in" ], "has_drive_through": true }, "geometry": { "type": "Point", "coordinates": [ -10592472.140030929818749, 3446570.594581856857985 ] } },
{ "type": "Feature", "properties": { "title": "Popeyes Louisiana Kitchen", "price": "$", "categoryName": "Chicken restaurant", "address": "125 El Dorado Blvd, Webster, TX 77598", "neighborhood": "Clear Lake", "street": "125 El Dorado Blvd", "city": "Webster", "postalCode": "77598", "state": "Texas", "countryCode": "US", "website": "https://www.popeyes.com/store-locator/store/restaurant_239102?utm_source=yext&utm_medium=referral&utm_campaign=organic-local-listings", "phone": "(281) 554-2855", "phoneUnformatted": "+12815542855", "claimThisBusiness": false, "totalScore": 3.5, "permanentlyClosed": false, "temporarilyClosed": false, "placeId": "ChIJ7XIIPt-bQIYRNK0BuRUML70", "categories": [ "Chicken restaurant", "Cajun restaurant", "Fast food restaurant", "Restaurant", "Seafood restaurant" ], "fid": "0x86409bdf3e0872ed:0xbd2f0c15b901ad34", "cid": "13632127884511522100", "reviewsCount": 688, "imagesCount": 110.0, "scrapedAt": "2025-07-04T15:45:08.372Z", "price_category": "Low ($1-15)", "service_options": [ "Outdoor seating", "No-contact delivery", "Delivery", "Drive-through", "Onsite services", "Takeout", "Dine-in" ], "has_drive_through": true }, "geometry": { "type": "Point", "coordinates": [ -10592261.712797483429313, 3446552.678565098904073 ] } },
{ "type": "Feature", "properties": { "title": "Starbucks", "price": "$$", "categoryName": "Coffee shop", "address": "225 El Dorado Blvd, Webster, TX 77598", "neighborhood": "Clear Lake", "street": "225 El Dorado Blvd", "city": "Webster", "postalCode": "77598", "state": "Texas", "countryCode": "US", "website": "https://www.starbucks.com/store-locator/store/1012073/", "phone": "(281) 381-4687", "phoneUnformatted": "+12813814687", "claimThisBusiness": false, "totalScore": 4.3, "permanentlyClosed": false, "temporarilyClosed": false, "placeId": "ChIJMWftdISbQIYRTvjKndK8AvY", "categories": [ "Coffee shop", "Breakfast restaurant", "Cafe", "Coffee store", "Espresso bar", "Internet cafe" ], "fid": "0x86409b8474ed6731:0xf602bcd29dcaf84e", "cid": "17726938696060172366", "reviewsCount": 1158, "imagesCount": 158.0, "scrapedAt": "2025-07-04T15:45:09.399Z", "price_category": "Medium ($16-35)", "service_options": [ "Outdoor seating", "No-contact delivery", "Delivery", "Drive-through", "Onsite services", "Takeout", "Dine-in" ], "has_drive_through": true }, "geometry": { "type": "Point", "coordinates": [ -10592034.520848724991083, 3446659.036082605365664 ] } },
{ "type": "Feature", "properties": { "title": "Wendy's", "price": "$", "categoryName": "Fast food restaurant", "address": "5916 Richmond Ave., Houston, TX 77057", "neighborhood": "Westside", "street": "5916 Richmond Ave.", "city": "Houston", "postalCode": "77057", "state": "Texas", "countryCode": "US", "website": "https://locations.wendys.com/united-states/tx/houston/5916-richmond-avenue?utm_source=Yext&utm_medium=Google_My_Business&utm_campaign=Local_Search&utm_content=EN_US", "phone": "(713) 783-0836", "phoneUnformatted": "+17137830836", "claimThisBusiness": false, "totalScore": 4.0, "permanentlyClosed": false, "temporarilyClosed": false, "placeId": "ChIJZdS6zNDDQIYRZkTqZxFEHP0", "categories": [ "Fast food restaurant", "Hamburger restaurant", "Restaurant" ], "fid": "0x8640c3d0ccbad465:0xfd1c441167ea4466", "cid": "18238527432492205158", "reviewsCount": 895, "imagesCount": 284.0, "scrapedAt": "2025-07-04T15:45:12.764Z", "price_category": "Low ($1-15)", "service_options": [ "Delivery", "Drive-through", "Takeout", "Dine-in" ], "has_drive_through": true }, "geometry": { "type": "Point", "coordinates": [ -10629114.297391375526786, 3469130.352789434604347 ] } },
{ "type": "Feature", "properties": { "title": "Wendy's", "price": "$", "categoryName": "Fast food restaurant", "address": "6101 Hillcroft St, Houston, TX 77081", "neighborhood": "Gulfton", "street": "6101 Hillcroft St", "city": "Houston", "postalCode": "77081", "state": "Texas", "countryCode": "US", "website": "https://locations.wendys.com/united-states/tx/houston/6101-hillcroft?utm_source=Yext&utm_medium=Google_My_Business&utm_campaign=Local_Search&utm_content=EN_US", "phone": "(832) 410-3124", "phoneUnformatted": "+18324103124", "claimThisBusiness": false, "totalScore": 3.8, "permanentlyClosed": false, "temporarilyClosed": false, "placeId": "ChIJ5YhoezbCQIYR78STy6VG_is", "categories": [ "Fast food restaurant", "Hamburger restaurant", "Restaurant" ], "fid": "0x8640c2367b6888e5:0x2bfe46a5cb93c4ef", "cid": "3170048865614415087", "reviewsCount": 1003, "imagesCount": 296.0, "scrapedAt": "2025-07-04T15:45:13.489Z", "price_category": "Low ($1-15)", "service_options": [ "Delivery", "Drive-through", "Takeout", "Dine-in" ], "has_drive_through": true }, "geometry": { "type": "Point", "coordinates": [ -10630627.207194898277521, 3466965.642678099218756 ] } },
{ "type": "Feature", "properties": { "title": "Slim Chickens", "price": "$10–20", "categoryName": "Chicken restaurant", "address": "3511 Fountain View Dr Suite C, Houston, TX 77057", "neighborhood": "Westside", "street": "3511 Fountain View Dr Suite C", "city": "Houston", "postalCode": "77057", "state": "Texas", "countryCode": "US", "website": "https://slimchickens.com/location/houston-tx-3511-fountain-view-drive-77057/", "phone": "(281) 220-6814", "phoneUnformatted": "+12812206814", "claimThisBusiness": false, "totalScore": 4.9, "permanentlyClosed": false, "temporarilyClosed": false, "placeId": "ChIJE6qY1erDQIYRoi97_WlnjCY", "categories": [ "Chicken restaurant" ], "fid": "0x8640c3ead598aa13:0x268c6769fd7b2fa2", "cid": "2777708775102689186", "reviewsCount": 99, "imagesCount": 135.0, "scrapedAt": "2025-07-04T15:45:13.823Z", "price_category": "Low ($1-15)", "service_options": [ "Delivery", "Drive-through", "Takeout", "Dine-in" ], "has_drive_through": true }, "geometry": { "type": "Point", "coordinates": [ -10629215.987746214494109, 3468445.677714508958161 ] } },
{ "type": "Feature", "properties": { "title": "McDonald's", "price": "$1–10", "categoryName": "Fast food restaurant", "address": "3110 FM 1960, Humble, TX 77338, United States", "neighborhood": "Iah / Airport Area", "street": "3110 FM 1960", "city": "Humble", "postalCode": "77338", "state": "Texas", "countryCode": "US", "website": "https://www.mcdonalds.com/us/en-us/location/TX/HUMBLE/3110-FM-1960-WEST/6546.html?cid=RF:YXT:GMB::Clicks", "phone": "+1 281-821-3346", "phoneUnformatted": "+12818213346", "claimThisBusiness": false, "totalScore": 3.7, "permanentlyClosed": false, "temporarilyClosed": false, "placeId": "ChIJ1x6LuW61QIYRt6GmvWrfV_8", "categories": [ "Fast food restaurant", "Breakfast restaurant", "Coffee shop", "Hamburger restaurant", "Restaurant", "Sandwich shop" ], "fid": "0x8640b56eb98b1ed7:0xff57df6abda6a1b7", "cid": "18399420452186792375", "reviewsCount": 2262, "imagesCount": 289.0, "scrapedAt": "2025-07-04T15:45:14.528Z", "price_category": "Low ($1-15)", "service_options": [ "Kerbside pickup", "No-contact delivery", "Delivery", "Drive-through", "On-site services", "Takeaway", "Dine-in" ], "has_drive_through": true }, "geometry": { "type": "Point", "coordinates": [ -10617581.709464682266116, 3506071.842388080898672 ] } },
{ "type": "Feature", "properties": { "title": "Taqueria Mexico Lindo", "price": "$10–20", "categoryName": "Mexican restaurant", "address": "7626 Clarewood Dr, Houston, TX 77036", "neighborhood": "Sharpstown", "street": "7626 Clarewood Dr", "city": "Houston", "postalCode": "77036", "state": "Texas", "countryCode": "US", "website": "https://www.mexlindohou.com/", "phone": "(713) 271-0174", "phoneUnformatted": "+17132710174", "claimThisBusiness": false, "totalScore": 4.3, "permanentlyClosed": false, "temporarilyClosed": false, "placeId": "ChIJZadL6VfCQIYRgIWkr7xXc9I", "categories": [ "Mexican restaurant" ], "fid": "0x8640c257e94ba765:0xd27357bcafa48580", "cid": "15164560838198855040", "reviewsCount": 750, "imagesCount": 193.0, "scrapedAt": "2025-07-04T15:45:15.828Z", "price_category": "Low ($1-15)", "service_options": [ "Drive-through", "Takeout", "Dine-in" ], "has_drive_through": true }, "geometry": { "type": "Point", "coordinates": [ -10633114.418577691540122, 3466326.979596374556422 ] } },
{ "type": "Feature", "properties": { "title": "Jack in the Box", "price": "$", "categoryName": "Fast food restaurant", "address": "2801 Hillcroft Ave, Houston, TX 77057", "neighborhood": "Westside", "street": "2801 Hillcroft Ave", "city": "Houston", "postalCode": "77057", "state": "Texas", "countryCode": "US", "website": "https://locations.jackinthebox.com/us/tx/houston/2801-hillcroft-ave?utm_source=google&utm_medium=local&utm_campaign=google-local", "phone": "(281) 845-9418", "phoneUnformatted": "+12818459418", "claimThisBusiness": false, "totalScore": 3.6, "permanentlyClosed": false, "temporarilyClosed": false, "placeId": "ChIJ_drb9bjDQIYRfLl4juO8VPU", "categories": [ "Fast food restaurant", "American restaurant", "Breakfast restaurant", "Chicken restaurant", "Dessert restaurant", "Hamburger restaurant", "Delivery Restaurant", "Mexican restaurant" ], "fid": "0x8640c3b8f5dbdafd:0xf554bce38e78b97c", "cid": "17677962122869913980", "reviewsCount": 958, "imagesCount": 245.0, "scrapedAt": "2025-07-04T15:45:16.294Z", "price_category": "Low ($1-15)", "service_options": [ "No-contact delivery", "Delivery", "Drive-through", "Onsite services", "Takeout", "Dine-in" ], "has_drive_through": true }, "geometry": { "type": "Point", "coordinates": [ -10631052.837267946451902, 3469636.453781088348478 ] } },
{ "type": "Feature", "properties": { "title": "Pizza Seven", "price": "$$", "categoryName": "Pizza restaurant", "address": "2649 Winrock Blvd, Houston, TX 77057", "neighborhood": "Westside", "street": "2649 Winrock Blvd", "city": "Houston", "postalCode": "77057", "state": "Texas", "countryCode": "US", "website": "http://www.pizzasevenwinrock.com/", "phone": "(713) 278-8884", "phoneUnformatted": "+17132788884", "claimThisBusiness": false, "totalScore": 4.0, "permanentlyClosed": false, "temporarilyClosed": false, "placeId": "ChIJhUI9LMfDQIYRowAoAvoYsDg", "categories": [ "Pizza restaurant", "Caterer", "Delivery service", "Restaurant" ], "fid": "0x8640c3c72c3d4285:0x38b018fa022800a3", "cid": "4084792324082106531", "reviewsCount": 138, "imagesCount": null, "scrapedAt": "2025-07-04T15:45:17.497Z", "price_category": "Medium ($16-35)", "service_options": [ "Curbside pickup", "No-contact delivery", "Delivery", "Drive-through", "Takeout", "Dine-in" ], "has_drive_through": true }, "geometry": { "type": "Point", "coordinates": [ -10630565.102050984278321, 3470003.574711168184876 ] } },
{ "type": "Feature", "properties": { "title": "Taquería Tariacuri", "price": null, "categoryName": "Mexican restaurant", "address": "7608 Clarewood Dr, Houston, TX 77036", "neighborhood": "Sharpstown", "street": "7608 Clarewood Dr", "city": "Houston", "postalCode": "77036", "state": "Texas", "countryCode": "US", "website": null, "phone": "(346) 365-5300", "phoneUnformatted": "+13463655300", "claimThisBusiness": false, "totalScore": 4.1, "permanentlyClosed": false, "temporarilyClosed": false, "placeId": "ChIJ15ng7FfCQIYRjrwSo-lJMDY", "categories": [ "Mexican restaurant" ], "fid": "0x8640c257ece099d7:0x363049e9a312bc8e", "cid": "3904702144742341774", "reviewsCount": 94, "imagesCount": 277.0, "scrapedAt": "2025-07-04T15:45:18.736Z", "price_category": null, "service_options": [ "Outdoor seating", "Curbside pickup", "Drive-through", "Onsite services", "Takeout", "Dine-in" ], "has_drive_through": true }, "geometry": { "type": "Point", "coordinates": [ -10633080.020855037495494, 3466302.268872008193284 ] } },
{ "type": "Feature", "properties": { "title": "Luna Pizzeria", "price": "$", "categoryName": "Pizza restaurant", "address": "7705 Westheimer Rd #200, Houston, TX 77063", "neighborhood": "Westside", "street": "7705 Westheimer Rd #200", "city": "Houston", "postalCode": "77063", "state": "Texas", "countryCode": "US", "website": "https://www.lunapizzeria.com/", "phone": "(281) 974-1818", "phoneUnformatted": "+12819741818", "claimThisBusiness": false, "totalScore": 4.7, "permanentlyClosed": false, "temporarilyClosed": false, "placeId": "ChIJM5R2X7nDQIYRUDU0EBiFbb0", "categories": [ "Pizza restaurant", "Salad shop", "Sandwich shop" ], "fid": "0x8640c3b95f769433:0xbd6d851810343550", "cid": "13649712384027407696", "reviewsCount": 610, "imagesCount": 402.0, "scrapedAt": "2025-07-04T15:45:18.904Z", "price_category": "Low ($1-15)", "service_options": [ "No-contact delivery", "Delivery", "Drive-through", "Takeout", "Dine-in" ], "has_drive_through": true }, "geometry": { "type": "Point", "coordinates": [ -10631449.724648471921682, 3469816.384803212247789 ] } },
{ "type": "Feature", "properties": { "title": "Popeyes Louisiana Kitchen", "price": "$", "categoryName": "Chicken restaurant", "address": "9287 Richmond Ave., Houston, TX 77063", "neighborhood": "Westside", "street": "9287 Richmond Ave.", "city": "Houston", "postalCode": "77063", "state": "Texas", "countryCode": "US", "website": "https://www.popeyes.com/store-locator/store/restaurant_81680?utm_source=yext&utm_medium=referral&utm_campaign=organic-local-listings", "phone": "(713) 784-2080", "phoneUnformatted": "+17137842080", "claimThisBusiness": false, "totalScore": 3.7, "permanentlyClosed": false, "temporarilyClosed": false, "placeId": "ChIJ1-_B_QTDQIYRcZsYnAYL-Z0", "categories": [ "Chicken restaurant", "Cajun restaurant", "Fast food restaurant", "Restaurant", "Seafood restaurant" ], "fid": "0x8640c304fdc1efd7:0x9df90b069c189b71", "cid": "11383141656172206961", "reviewsCount": 855, "imagesCount": 76.0, "scrapedAt": "2025-07-04T15:45:20.040Z", "price_category": "Low ($1-15)", "service_options": [ "Outdoor seating", "No-contact delivery", "Delivery", "Drive-through", "Takeout", "Dine-in" ], "has_drive_through": true }, "geometry": { "type": "Point", "coordinates": [ -10634127.036325694993138, 3468714.851558442227542 ] } },
{ "type": "Feature", "properties": { "title": "McDonald's", "price": "$", "categoryName": "Fast food restaurant", "address": "9601 1/2 Westheimer Rd, Houston, TX 77063", "neighborhood": "Westside", "street": "9601 1/2 Westheimer Rd", "city": "Houston", "postalCode": "77063", "state": "Texas", "countryCode": "US", "website": "https://www.mcdonalds.com/us/en-us/location/TX/HOUSTON/9601-12-WESTHEIMER-RD/3232.html?cid=RF:YXT:GMB::Clicks", "phone": "(713) 789-0082", "phoneUnformatted": "+17137890082", "claimThisBusiness": false, "totalScore": 3.7, "permanentlyClosed": false, "temporarilyClosed": false, "placeId": "ChIJNfAmVBHDQIYRSPuL6eZq8MA", "categories": [ "Fast food restaurant", "Breakfast restaurant", "Coffee shop", "Hamburger restaurant", "Restaurant", "Sandwich shop" ], "fid": "0x8640c3115426f035:0xc0f06ae6e98bfb48", "cid": "13902729589686008648", "reviewsCount": 1689, "imagesCount": 329.0, "scrapedAt": "2025-07-04T15:45:20.040Z", "price_category": "Low ($1-15)", "service_options": [ "Curbside pickup", "No-contact delivery", "Delivery", "Drive-through", "Onsite services", "Takeout", "Dine-in" ], "has_drive_through": true }, "geometry": { "type": "Point", "coordinates": [ -10634971.762017680332065, 3469771.48834806215018 ] } },
{ "type": "Feature", "properties": { "title": "McDonald's", "price": "$", "categoryName": "Fast food restaurant", "address": "4643 Beechnut St, Houston, TX 77096", "neighborhood": "Meyerland Area", "street": "4643 Beechnut St", "city": "Houston", "postalCode": "77096", "state": "Texas", "countryCode": "US", "website": "https://www.mcdonalds.com/us/en-us/location/TX/HOUSTON/4643-BEECHNUT-STREET/17578.html?cid=RF:YXT:GMB::Clicks", "phone": "(713) 664-9644", "phoneUnformatted": "+17136649644", "claimThisBusiness": false, "totalScore": 3.6, "permanentlyClosed": false, "temporarilyClosed": false, "placeId": "ChIJ3xCiiArqQIYRiVlQYbrsNcQ", "categories": [ "Fast food restaurant", "Breakfast restaurant", "Coffee shop", "Hamburger restaurant", "Restaurant", "Sandwich shop" ], "fid": "0x8640ea0a88a210df:0xc435ecba61505989", "cid": "14138466890440268169", "reviewsCount": 1425, "imagesCount": 264.0, "scrapedAt": "2025-07-04T15:45:20.158Z", "price_category": "Low ($1-15)", "service_options": [ "Curbside pickup", "No-contact delivery", "Delivery", "Drive-through", "Onsite services", "Takeout", "Dine-in" ], "has_drive_through": true }, "geometry": { "type": "Point", "coordinates": [ -10626349.633309727534652, 3463619.117687180172652 ] } },
{ "type": "Feature", "properties": { "title": "Chipotle Mexican Grill", "price": "$", "categoryName": "Mexican restaurant", "address": "8825 W Loop S, Houston, TX 77096", "neighborhood": "Meyerland Area", "street": "8825 W Loop S", "city": "Houston", "postalCode": "77096", "state": "Texas", "countryCode": "US", "website": "https://locations.chipotle.com/tx/houston/8825-w-loop-s?utm_source=google&utm_medium=yext&utm_campaign=yext_listings", "phone": "(346) 353-7870", "phoneUnformatted": "+13463537870", "claimThisBusiness": false, "totalScore": 2.7, "permanentlyClosed": false, "temporarilyClosed": false, "placeId": "ChIJPWQtnefBQIYRHT-PLpMNnl4", "categories": [ "Mexican restaurant", "Caterer", "Fast food restaurant" ], "fid": "0x8640c1e79d2d643d:0x5e9e0d932e8f3f1d", "cid": "6817901811678002973", "reviewsCount": 125, "imagesCount": 35.0, "scrapedAt": "2025-07-04T15:45:20.159Z", "price_category": "Low ($1-15)", "service_options": [ "Drive-through", "Takeout", "Dine-in" ], "has_drive_through": true }, "geometry": { "type": "Point", "coordinates": [ -10626349.711233370006084, 3463156.729825235437602 ] } },
{ "type": "Feature", "properties": { "title": "Starbucks", "price": "$$", "categoryName": "Coffee shop", "address": "4660 N Braeswood Blvd, Houston, TX 77096", "neighborhood": "Meyerland Area", "street": "4660 N Braeswood Blvd", "city": "Houston", "postalCode": "77096", "state": "Texas", "countryCode": "US", "website": "https://www.starbucks.com/store-locator/store/1014701", "phone": "(713) 253-8653", "phoneUnformatted": "+17132538653", "claimThisBusiness": false, "totalScore": 4.0, "permanentlyClosed": false, "temporarilyClosed": false, "placeId": "ChIJn6dCS-fBQIYRaFP_SvXihXQ", "categories": [ "Coffee shop", "Breakfast restaurant", "Cafe", "Coffee store", "Espresso bar", "Internet cafe" ], "fid": "0x8640c1e74b42a79f:0x7485e2f54aff5368", "cid": "8396366623455269736", "reviewsCount": 1032, "imagesCount": 165.0, "scrapedAt": "2025-07-04T15:45:20.159Z", "price_category": "Medium ($16-35)", "service_options": [ "Outdoor seating", "Delivery", "Drive-through", "Takeout", "Dine-in" ], "has_drive_through": true }, "geometry": { "type": "Point", "coordinates": [ -10626325.499244123697281, 3462827.052356116939336 ] } },
{ "type": "Feature", "properties": { "title": "Bullseye Burgers", "price": null, "categoryName": "Fast food restaurant", "address": "7050 Southwest Fwy, Houston, TX 77074", "neighborhood": "Sharpstown", "street": "7050 Southwest Fwy", "city": "Houston", "postalCode": "77074", "state": "Texas", "countryCode": "US", "website": null, "phone": "(702) 572-7928", "phoneUnformatted": "+17025727928", "claimThisBusiness": false, "totalScore": null, "permanentlyClosed": false, "temporarilyClosed": false, "placeId": "ChIJR92WICPDQIYRq0wOTbQh64M", "categories": [ "Fast food restaurant" ], "fid": "0x8640c3232096dd47:0x83eb21b44d0e4cab", "cid": "9505728496766176427", "reviewsCount": 0, "imagesCount": 1.0, "scrapedAt": "2025-07-04T15:45:20.781Z", "price_category": null, "service_options": [ "Curbside pickup", "Drive-through", "Takeout", "Dine-in" ], "has_drive_through": true }, "geometry": { "type": "Point", "coordinates": [ -10632079.525799583643675, 3466132.678707827348262 ] } },
{ "type": "Feature", "properties": { "title": "Burger King", "price": "$", "categoryName": "Fast food restaurant", "address": "9519 Westheimer Rd, Houston, TX 77063", "neighborhood": "Westside", "street": "9519 Westheimer Rd", "city": "Houston", "postalCode": "77063", "state": "Texas", "countryCode": "US", "website": "https://burgerking.com/store-locator/store/restaurant_3693", "phone": "(713) 784-2904", "phoneUnformatted": "+17137842904", "claimThisBusiness": false, "totalScore": 3.4, "permanentlyClosed": false, "temporarilyClosed": false, "placeId": "ChIJBYCegRHDQIYRokVU9V9ioQc", "categories": [ "Fast food restaurant", "Breakfast restaurant", "Delivery service", "Family restaurant" ], "fid": "0x8640c311819e8005:0x7a1625ff55445a2", "cid": "549828793793267106", "reviewsCount": 779, "imagesCount": 177.0, "scrapedAt": "2025-07-04T15:45:21.050Z", "price_category": "Low ($1-15)", "service_options": [ "Delivery", "Drive-through", "Takeout", "Dine-in" ], "has_drive_through": true }, "geometry": { "type": "Point", "coordinates": [ -10634652.230551306158304, 3469774.872884049545974 ] } },
{ "type": "Feature", "properties": { "title": "Starbucks", "price": "$$", "categoryName": "Coffee shop", "address": "9235 Westheimer Rd, Houston, TX 77063", "neighborhood": "Westside", "street": "9235 Westheimer Rd", "city": "Houston", "postalCode": "77063", "state": "Texas", "countryCode": "US", "website": "https://www.starbucks.com/store-locator/store/1007383/", "phone": "(713) 266-5257", "phoneUnformatted": "+17132665257", "claimThisBusiness": false, "totalScore": 4.0, "permanentlyClosed": false, "temporarilyClosed": false, "placeId": "ChIJLUkkmg7DQIYRszYG-NE_7N0", "categories": [ "Coffee shop", "Breakfast restaurant", "Cafe", "Coffee store", "Espresso bar", "Internet cafe" ], "fid": "0x8640c30e9a24492d:0xddec3fd1f80636b3", "cid": "15991226547927660211", "reviewsCount": 612, "imagesCount": 108.0, "scrapedAt": "2025-07-04T15:45:21.051Z", "price_category": "Medium ($16-35)", "service_options": [ "Outdoor seating", "Curbside pickup", "No-contact delivery", "Delivery", "Drive-through", "Onsite services", "Takeout", "Dine-in" ], "has_drive_through": true }, "geometry": { "type": "Point", "coordinates": [ -10633978.146506756544113, 3469781.962464213371277 ] } },
{ "type": "Feature", "properties": { "title": "Church's Texas Chicken", "price": "$10–20", "categoryName": "Chicken restaurant", "address": "6008 Chimney Rock Rd, Houston, TX 77081", "neighborhood": "Gulfton", "street": "6008 Chimney Rock Rd", "city": "Houston", "postalCode": "77081", "state": "Texas", "countryCode": "US", "website": "https://locations.churchs.com/tx/houston/6008-chimney-rock-road", "phone": "(713) 664-4416", "phoneUnformatted": "+17136644416", "claimThisBusiness": false, "totalScore": 3.7, "permanentlyClosed": false, "temporarilyClosed": false, "placeId": "ChIJ5XnuM4fBQIYRfn94MaFFX7E", "categories": [ "Chicken restaurant", "Family restaurant", "Fast food restaurant" ], "fid": "0x8640c18733ee79e5:0xb15f45a131787f7e", "cid": "12781010826122788734", "reviewsCount": 925, "imagesCount": 224.0, "scrapedAt": "2025-07-04T15:45:23.441Z", "price_category": "Low ($1-15)", "service_options": [ "Delivery", "Drive-through", "Onsite services", "Takeout", "Dine-in" ], "has_drive_through": true }, "geometry": { "type": "Point", "coordinates": [ -10628350.100219028070569, 3467110.364915454294533 ] } },
{ "type": "Feature", "properties": { "title": "Wendy's", "price": "€", "categoryName": "Fast food restaurant", "address": "3150 Farm to Market 1960 Rd E, Humble, TX 77338, United States", "neighborhood": "Iah / Airport Area", "street": "3150 Farm to Market 1960 Rd E", "city": "Humble", "postalCode": "77338", "state": "Texas", "countryCode": "US", "website": "https://locations.wendys.com/united-states/tx/humble/3150-fm-1960-rd-e?utm_source=Yext&utm_medium=Google_My_Business&utm_campaign=Local_Search&utm_content=EN_US", "phone": "+1 713-282-3485", "phoneUnformatted": "+17132823485", "claimThisBusiness": false, "totalScore": 2.6, "permanentlyClosed": false, "temporarilyClosed": false, "placeId": "ChIJvXEDXwC1QIYRDGfuAiDBnXY", "categories": [ "Fast food restaurant" ], "fid": "0x8640b5005f0371bd:0x769dc12002ee670c", "cid": "8547200011051362060", "reviewsCount": 30, "imagesCount": 217.0, "scrapedAt": "2025-07-04T15:45:29.327Z", "price_category": "Low ($1-15)", "service_options": [ "Delivery", "Drive-through", "Takeaway", "Dine-in" ], "has_drive_through": true }, "geometry": { "type": "Point", "coordinates": [ -10617425.439163506031036, 3506045.447795210871845 ] } },
{ "type": "Feature", "properties": { "title": "Taco Bell", "price": "€", "categoryName": "Fast food restaurant", "address": "3140 FM 1960, Humble, TX 77338, United States", "neighborhood": "Iah / Airport Area", "street": "3140 FM 1960", "city": "Humble", "postalCode": "77338", "state": "Texas", "countryCode": "US", "website": "https://locations.tacobell.com/tx/humble/3140-fm-1960-w.html?utm_source=yext&utm_campaign=googlelistings&utm_medium=referral&utm_term=035714&utm_content=website&y_source=1_MzkxNjk4OC03MTUtbG9jYXRpb24ud2Vic2l0ZQ%3D%3D", "phone": "+1 281-821-8612", "phoneUnformatted": "+12818218612", "claimThisBusiness": false, "totalScore": 3.8, "permanentlyClosed": false, "temporarilyClosed": false, "placeId": "ChIJU8gHamy1QIYRR-rmqn3qSac", "categories": [ "Fast food restaurant", "Breakfast restaurant", "Lunch restaurant", "Takeout restaurant", "Mexican restaurant", "Restaurant", "Tex-Mex restaurant", "Vegetarian restaurant" ], "fid": "0x8640b56c6a07c853:0xa749ea7daae6ea47", "cid": "12054423703092914759", "reviewsCount": 843, "imagesCount": 212.0, "scrapedAt": "2025-07-04T15:45:29.327Z", "price_category": "Low ($1-15)", "service_options": [ "Delivery", "Drive-through", "Takeaway", "Dine-in" ], "has_drive_through": true }, "geometry": { "type": "Point", "coordinates": [ -10617253.305834893137217, 3506008.12518847733736 ] } },
{ "type": "Feature", "properties": { "title": "Popeyes Louisiana Kitchen", "price": "$10–20", "categoryName": "Chicken restaurant", "address": "1420 Barker Cypress Rd, Houston, TX 77084", "neighborhood": "Energy Corridor", "street": "1420 Barker Cypress Rd", "city": "Houston", "postalCode": "77084", "state": "Texas", "countryCode": "US", "website": "https://www.popeyes.com/store-locator/store/restaurant_84766?utm_source=yext&utm_medium=referral&utm_campaign=organic-local-listings", "phone": "(832) 321-5514", "phoneUnformatted": "+18323215514", "claimThisBusiness": false, "totalScore": 3.4, "permanentlyClosed": false, "temporarilyClosed": false, "placeId": "ChIJmRqnDuLYQIYRHQj3n4QLuPw", "categories": [ "Chicken restaurant", "Cajun restaurant", "Fast food restaurant", "Restaurant", "Seafood restaurant" ], "fid": "0x8640d8e20ea71a99:0xfcb80b849ff7081d", "cid": "18210317757519955997", "reviewsCount": 1430, "imagesCount": 154.0, "scrapedAt": "2025-07-04T15:45:35.755Z", "price_category": "Low ($1-15)", "service_options": [ "Outdoor seating", "No-contact delivery", "Delivery", "Drive-through", "Onsite services", "Takeout", "Dine-in" ], "has_drive_through": true }, "geometry": { "type": "Point", "coordinates": [ -10651921.067310780286789, 3476357.98201255640015 ] } },
{ "type": "Feature", "properties": { "title": "Velvet Taco", "price": "$10–20", "categoryName": "Taco restaurant", "address": "2001 N Shepherd Dr, Houston, TX 77008", "neighborhood": "Greater Heights", "street": "2001 N Shepherd Dr", "city": "Houston", "postalCode": "77008", "state": "Texas", "countryCode": "US", "website": "https://www.velvettaco.com/location/the-heights/", "phone": "(346) 895-8226", "phoneUnformatted": "+13468958226", "claimThisBusiness": false, "totalScore": 4.6, "permanentlyClosed": false, "temporarilyClosed": false, "placeId": "ChIJF2BZe4THQIYR6A69TD7cPbI", "categories": [ "Taco restaurant", "Mexican restaurant" ], "fid": "0x8640c7847b596017:0xb23ddc3e4cbd0ee8", "cid": "12843663872464064232", "reviewsCount": 752, "imagesCount": 594.0, "scrapedAt": "2025-07-04T15:46:04.948Z", "price_category": "Low ($1-15)", "service_options": [ "Outdoor seating", "Curbside pickup", "No-contact delivery", "Delivery", "Drive-through", "Takeout", "Dine-in" ], "has_drive_through": true }, "geometry": { "type": "Point", "coordinates": [ -10621037.656452206894755, 3478376.114441510755569 ] } },
{ "type": "Feature", "properties": { "title": "Starbucks", "price": null, "categoryName": "Coffee shop", "address": "1111 E 11th St, Houston, TX 77009", "neighborhood": "Greater Heights", "street": "1111 E 11th St", "city": "Houston", "postalCode": "77009", "state": "Texas", "countryCode": "US", "website": null, "phone": "(832) 838-0573", "phoneUnformatted": "+18328380573", "claimThisBusiness": false, "totalScore": 3.9, "permanentlyClosed": false, "temporarilyClosed": false, "placeId": "ChIJoR-dUAC5QIYRltImqgnKZsI", "categories": [ "Coffee shop", "Breakfast restaurant", "Cafe", "Coffee store", "Espresso bar", "Internet cafe" ], "fid": "0x8640b900509d1fa1:0xc266ca09aa26d296", "cid": "14008105833840693910", "reviewsCount": 42, "imagesCount": 18.0, "scrapedAt": "2025-07-04T15:46:05.384Z", "price_category": null, "service_options": [ "Outdoor seating", "Drive-through", "Takeout", "Dine-in" ], "has_drive_through": true }, "geometry": { "type": "Point", "coordinates": [ -10618395.688713312149048, 3476727.283262429293245 ] } },
{ "type": "Feature", "properties": { "title": "Taco Bell", "price": "$", "categoryName": "Fast food restaurant", "address": "3034 Ella Blvd, Houston, TX 77018", "neighborhood": "Central Northwest", "street": "3034 Ella Blvd", "city": "Houston", "postalCode": "77018", "state": "Texas", "countryCode": "US", "website": "https://locations.tacobell.com/tx/houston/3034-ella-blvd.html?utm_source=yext&utm_campaign=googlelistings&utm_medium=referral&utm_term=035708&utm_content=website&y_source=1_MzkxNjk3NS03MTUtbG9jYXRpb24ud2Vic2l0ZQ%3D%3D", "phone": "(713) 802-9794", "phoneUnformatted": "+17138029794", "claimThisBusiness": false, "totalScore": 3.9, "permanentlyClosed": false, "temporarilyClosed": false, "placeId": "ChIJJ0IBEQfHQIYR1xeYn87razY", "categories": [ "Fast food restaurant", "Burrito restaurant", "Takeout Restaurant", "Mexican restaurant", "Restaurant", "Taco restaurant", "Tex-Mex restaurant" ], "fid": "0x8640c70711014227:0x366bebce9f9817d7", "cid": "3921487173229483991", "reviewsCount": 1115, "imagesCount": 327.0, "scrapedAt": "2025-07-04T15:46:06.603Z", "price_category": "Low ($1-15)", "service_options": [ "Delivery", "Drive-through", "Takeout", "Dine-in" ], "has_drive_through": true }, "geometry": { "type": "Point", "coordinates": [ -10623114.521928038448095, 3479744.853728423360735 ] } },
{ "type": "Feature", "properties": { "title": "Starbucks", "price": "$$", "categoryName": "Coffee shop", "address": "217 Heights Blvd, Houston, TX 77007", "neighborhood": "Washington Avenue Coalition / Memorial Park", "street": "217 Heights Blvd", "city": "Houston", "postalCode": "77007", "state": "Texas", "countryCode": "US", "website": "https://www.starbucks.com/store-locator/store/90578/", "phone": "(832) 618-1149", "phoneUnformatted": "+18326181149", "claimThisBusiness": false, "totalScore": 3.8, "permanentlyClosed": false, "temporarilyClosed": false, "placeId": "ChIJry_NY1THQIYRNyILIjcFAtw", "categories": [ "Coffee shop", "Breakfast restaurant", "Cafe", "Coffee store", "Espresso bar", "Internet cafe" ], "fid": "0x8640c75463cd2faf:0xdc020537220b2237", "cid": "15853239372650062391", "reviewsCount": 1055, "imagesCount": 222.0, "scrapedAt": "2025-07-04T15:46:15.332Z", "price_category": "Medium ($16-35)", "service_options": [ "Outdoor seating", "No-contact delivery", "Delivery", "Drive-through", "Onsite services", "Takeout", "Dine-in" ], "has_drive_through": true }, "geometry": { "type": "Point", "coordinates": [ -10619689.232328277081251, 3474631.651420331560075 ] } },
{ "type": "Feature", "properties": { "title": "Dream Wings Patio & Food Truck", "price": "$$", "categoryName": "Chicken wings restaurant", "address": "3451 Ella Blvd, Houston, TX 77018", "neighborhood": "Central Northwest", "street": "3451 Ella Blvd", "city": "Houston", "postalCode": "77018", "state": "Texas", "countryCode": "US", "website": "http://www.dreamwings.online/", "phone": "(713) 878-3731", "phoneUnformatted": "+17138783731", "claimThisBusiness": false, "totalScore": 4.2, "permanentlyClosed": false, "temporarilyClosed": false, "placeId": "ChIJv90pzTbHQIYR_eJ6bH3OpDo", "categories": [ "Chicken wings restaurant", "Restaurant" ], "fid": "0x8640c736cd29ddbf:0x3aa4ce7d6c7ae2fd", "cid": "4225729388466594557", "reviewsCount": 980, "imagesCount": 354.0, "scrapedAt": "2025-07-04T15:46:16.623Z", "price_category": "Medium ($16-35)", "service_options": [ "Outdoor seating", "Delivery", "Drive-through", "Onsite services", "Takeout", "Dine-in" ], "has_drive_through": true }, "geometry": { "type": "Point", "coordinates": [ -10623220.787513948976994, 3480301.797819973900914 ] } },
{ "type": "Feature", "properties": { "title": "Dunkin'", "price": "$", "categoryName": "Coffee shop", "address": "3011 Ella Blvd, Houston, TX 77018", "neighborhood": "Central Northwest", "street": "3011 Ella Blvd", "city": "Houston", "postalCode": "77018", "state": "Texas", "countryCode": "US", "website": "https://locations.dunkindonuts.com/en/tx/houston/3011-ella-blvd/359980?utm_source=google&utm_medium=local&utm_campaign=localmaps&utm_content=359980&y_source=1_Mjk1MTI4NzMtNzE1LWxvY2F0aW9uLndlYnNpdGU%3D", "phone": "(346) 537-7506", "phoneUnformatted": "+13465377506", "claimThisBusiness": false, "totalScore": 2.7, "permanentlyClosed": false, "temporarilyClosed": false, "placeId": "ChIJC5dUubHHQIYRuez96hilp0M", "categories": [ "Coffee shop", "Bagel shop", "Bakery", "Breakfast restaurant", "Donut shop", "Fast food restaurant", "Takeout Restaurant" ], "fid": "0x8640c7b1b954970b:0x43a7a518eafdecb9", "cid": "4875046648092159161", "reviewsCount": 237, "imagesCount": 147.0, "scrapedAt": "2025-07-04T15:46:22.847Z", "price_category": "Low ($1-15)", "service_options": [ "Curbside pickup", "Delivery", "Drive-through", "Takeout", "Dine-in" ], "has_drive_through": true }, "geometry": { "type": "Point", "coordinates": [ -10623196.920615123584867, 3479671.542348918039352 ] } },
{ "type": "Feature", "properties": { "title": "Amanecer Mexican Café", "price": null, "categoryName": "Mexican restaurant", "address": "2409 Airline Dr #100, Houston, TX 77009", "neighborhood": "Greater Heights", "street": "2409 Airline Dr #100", "city": "Houston", "postalCode": "77009", "state": "Texas", "countryCode": "US", "website": "http://amanecermexcafe.com/", "phone": null, "phoneUnformatted": null, "claimThisBusiness": false, "totalScore": null, "permanentlyClosed": false, "temporarilyClosed": false, "placeId": "ChIJAfJLVsu5QIYRgM1duE0V1SE", "categories": [ "Mexican restaurant", "Cafe" ], "fid": "0x8640b9cb564bf201:0x21d5154db85dcd80", "cid": "2437878196840811904", "reviewsCount": 0, "imagesCount": 1.0, "scrapedAt": "2025-07-04T15:46:27.608Z", "price_category": null, "service_options": [ "Delivery", "Drive-through", "Takeout", "Dine-in" ], "has_drive_through": true }, "geometry": { "type": "Point", "coordinates": [ -10617898.981145391240716, 3479004.638449574820697 ] } },
{ "type": "Feature", "properties": { "title": "Starbucks", "price": "$$", "categoryName": "Coffee shop", "address": "2101 Smith St, Houston, TX 77002", "neighborhood": "Midtown", "street": "2101 Smith St", "city": "Houston", "postalCode": "77002", "state": "Texas", "countryCode": "US", "website": "https://www.starbucks.com/store-locator/store/7915/", "phone": "(713) 654-2180", "phoneUnformatted": "+17136542180", "claimThisBusiness": false, "totalScore": 4.0, "permanentlyClosed": false, "temporarilyClosed": false, "placeId": "ChIJgYAHPEC_QIYRyQ6G-UkDA0U", "categories": [ "Coffee shop", "Breakfast restaurant", "Cafe", "Coffee store", "Espresso bar", "Internet cafe" ], "fid": "0x8640bf403c078081:0x45030349f9860ec9", "cid": "4972822029800967881", "reviewsCount": 864, "imagesCount": 170.0, "scrapedAt": "2025-07-04T15:46:29.537Z", "price_category": "Medium ($16-35)", "service_options": [ "Outdoor seating", "Curbside pickup", "No-contact delivery", "Delivery", "Drive-through", "Takeout", "Dine-in" ], "has_drive_through": true }, "geometry": { "type": "Point", "coordinates": [ -10617062.927241738885641, 3471525.374291772954166 ] } },
{ "type": "Feature", "properties": { "title": "Dunkin'", "price": "$", "categoryName": "Coffee shop", "address": "2330 S Shepherd Dr, Houston, TX 77019", "neighborhood": "River Oaks", "street": "2330 S Shepherd Dr", "city": "Houston", "postalCode": "77019", "state": "Texas", "countryCode": "US", "website": "https://locations.dunkindonuts.com/en/tx/houston/2330-s-shepherd-dr/351712?utm_source=google&utm_medium=local&utm_campaign=localmaps&utm_content=351712&y_source=1_MTIxMDgwNjUtNzE1LWxvY2F0aW9uLndlYnNpdGU%3D", "phone": "(346) 771-9642", "phoneUnformatted": "+13467719642", "claimThisBusiness": false, "totalScore": 3.6, "permanentlyClosed": false, "temporarilyClosed": false, "placeId": "ChIJTfCZNZTAQIYRAtEwgkA9slA", "categories": [ "Coffee shop", "Bagel shop", "Bakery", "Breakfast restaurant", "Donut shop", "Fast food restaurant", "Takeout Restaurant" ], "fid": "0x8640c0943599f04d:0x50b23d408230d102", "cid": "5814777416160170242", "reviewsCount": 728, "imagesCount": 250.0, "scrapedAt": "2025-07-04T15:46:30.041Z", "price_category": "Low ($1-15)", "service_options": [ "Curbside pickup", "Delivery", "Drive-through", "Onsite services", "Takeout", "Dine-in" ], "has_drive_through": true }, "geometry": { "type": "Point", "coordinates": [ -10621091.468294056132436, 3470800.466786161065102 ] } },
{ "type": "Feature", "properties": { "title": "Starbucks", "price": "$$", "categoryName": "Coffee shop", "address": "2801 S Shepherd Dr, Houston, TX 77098", "neighborhood": "Montrose", "street": "2801 S Shepherd Dr", "city": "Houston", "postalCode": "77098", "state": "Texas", "countryCode": "US", "website": "https://www.starbucks.com/store-locator/store/15652/", "phone": "(713) 523-8533", "phoneUnformatted": "+17135238533", "claimThisBusiness": false, "totalScore": 3.9, "permanentlyClosed": false, "temporarilyClosed": false, "placeId": "ChIJ4Wxaw5PAQIYR7-Qg7_f9qTk", "categories": [ "Coffee shop", "Breakfast restaurant", "Cafe", "Coffee store", "Espresso bar", "Internet cafe" ], "fid": "0x8640c093c35a6ce1:0x39a9fdf7ef20e4ef", "cid": "4155131372536653039", "reviewsCount": 425, "imagesCount": 147.0, "scrapedAt": "2025-07-04T15:46:30.041Z", "price_category": "Medium ($16-35)", "service_options": [ "Outdoor seating", "No-contact delivery", "Delivery", "Drive-through", "Takeout", "Dine-in" ], "has_drive_through": true }, "geometry": { "type": "Point", "coordinates": [ -10621041.452446842566133, 3470238.742225442547351 ] } },
{ "type": "Feature", "properties": { "title": "Starbucks", "price": "$$", "categoryName": "Coffee shop", "address": "1801 Richmond Ave., Houston, TX 77098", "neighborhood": "Montrose", "street": "1801 Richmond Ave.", "city": "Houston", "postalCode": "77098", "state": "Texas", "countryCode": "US", "website": "https://www.starbucks.com/store-locator/store/1019679", "phone": "(346) 262-2674", "phoneUnformatted": "+13462622674", "claimThisBusiness": false, "totalScore": 4.3, "permanentlyClosed": false, "temporarilyClosed": false, "placeId": "ChIJK2BUgo_AQIYR4eCX8OQyMlw", "categories": [ "Coffee shop", "Breakfast restaurant", "Cafe", "Coffee store", "Espresso bar", "Internet cafe" ], "fid": "0x8640c08f8254602b:0x5c3232e4f097e0e1", "cid": "6643428359195320545", "reviewsCount": 641, "imagesCount": 123.0, "scrapedAt": "2025-07-04T15:46:30.538Z", "price_category": "Medium ($16-35)", "service_options": [ "Outdoor seating", "Delivery", "Drive-through", "Onsite services", "Takeout", "Dine-in" ], "has_drive_through": true }, "geometry": { "type": "Point", "coordinates": [ -10620419.721958812326193, 3469402.61772532062605 ] } },
{ "type": "Feature", "properties": { "title": "McDonald's", "price": "$", "categoryName": "Fast food restaurant", "address": "6000 Richmond Ave., Houston, TX 77057", "neighborhood": "Westside", "street": "6000 Richmond Ave.", "city": "Houston", "postalCode": "77057", "state": "Texas", "countryCode": "US", "website": "https://www.mcdonalds.com/us/en-us/location/TX/HOUSTON/6000-RICHMOND-AVE/35048.html?cid=RF:YXT:GMB::Clicks", "phone": "(713) 781-8085", "phoneUnformatted": "+17137818085", "claimThisBusiness": false, "totalScore": 3.6, "permanentlyClosed": false, "temporarilyClosed": false, "placeId": "ChIJQ4ZIk9DDQIYRolmBzlck7Qw", "categories": [ "Fast food restaurant", "Breakfast restaurant", "Coffee shop", "Hamburger restaurant", "Restaurant", "Sandwich shop" ], "fid": "0x8640c3d093488643:0xced2457ce8159a2", "cid": "931440657480898978", "reviewsCount": 2328, "imagesCount": 315.0, "scrapedAt": "2025-07-04T15:46:31.234Z", "price_category": "Low ($1-15)", "service_options": [ "Curbside pickup", "No-contact delivery", "Delivery", "Drive-through", "Onsite services", "Takeout", "Dine-in" ], "has_drive_through": true }, "geometry": { "type": "Point", "coordinates": [ -10629309.262347549200058, 3469151.55637773592025 ] } },
{ "type": "Feature", "properties": { "title": "Starbucks", "price": "$$", "categoryName": "Coffee shop", "address": "5540 Richmond Ave., Houston, TX 77056", "neighborhood": "Westside", "street": "5540 Richmond Ave.", "city": "Houston", "postalCode": "77056", "state": "Texas", "countryCode": "US", "website": "https://www.starbucks.com/store-locator/store/1014517/", "phone": "(832) 252-7441", "phoneUnformatted": "+18322527441", "claimThisBusiness": false, "totalScore": 4.2, "permanentlyClosed": false, "temporarilyClosed": false, "placeId": "ChIJwc0b_nzBQIYRzzSOIrzTsp0", "categories": [ "Coffee shop", "Breakfast restaurant", "Cafe", "Coffee store", "Espresso bar", "Internet cafe" ], "fid": "0x8640c17cfe1bcdc1:0x9db2d3bc228e34cf", "cid": "11363377614796240079", "reviewsCount": 1021, "imagesCount": 239.0, "scrapedAt": "2025-07-04T15:46:37.585Z", "price_category": "Medium ($16-35)", "service_options": [ "Outdoor seating", "Delivery", "Drive-through", "Takeout", "Dine-in" ], "has_drive_through": true }, "geometry": { "type": "Point", "coordinates": [ -10628321.246207013726234, 3469136.467726368457079 ] } },
{ "type": "Feature", "properties": { "title": "Starbucks", "price": "$$", "categoryName": "Coffee shop", "address": "1304 Post Oak Park Dr, Houston, TX 77027", "neighborhood": "Afton Oaks / River Oaks Area", "street": "1304 Post Oak Park Dr", "city": "Houston", "postalCode": "77027", "state": "Texas", "countryCode": "US", "website": "https://www.starbucks.ca/store-locator/store/1033864/post-oak-blvd-and-post-oak-park-dr-1304-post-oak-park-dr-houston-tx-770279206-us", "phone": "(713) 300-8751", "phoneUnformatted": "+17133008751", "claimThisBusiness": false, "totalScore": 4.1, "permanentlyClosed": false, "temporarilyClosed": false, "placeId": "ChIJbfafxXTBQIYR_-OeXk4IgCs", "categories": [ "Coffee shop", "Breakfast restaurant", "Cafe", "Coffee store", "Espresso bar", "Internet cafe" ], "fid": "0x8640c174c59ff66d:0x2b80084e5e9ee3ff", "cid": "3134514473337807871", "reviewsCount": 92, "imagesCount": 29.0, "scrapedAt": "2025-07-04T15:46:38.377Z", "price_category": "Medium ($16-35)", "service_options": [ "Outdoor seating", "No-contact delivery", "Delivery", "Drive-through", "Takeout", "Dine-in" ], "has_drive_through": true }, "geometry": { "type": "Point", "coordinates": [ -10625905.301562225446105, 3472035.275269873440266 ] } },
{ "type": "Feature", "properties": { "title": "Starbucks", "price": "$$", "categoryName": "Coffee shop", "address": "2625 Louisiana St, Houston, TX 77006", "neighborhood": "Midtown", "street": "2625 Louisiana St", "city": "Houston", "postalCode": "77006", "state": "Texas", "countryCode": "US", "website": "https://www.starbucks.com/store-locator/store/116413/", "phone": "(713) 528-2204", "phoneUnformatted": "+17135282204", "claimThisBusiness": false, "totalScore": 3.7, "permanentlyClosed": false, "temporarilyClosed": false, "placeId": "ChIJ6_pGSWq_QIYR-JIu5riXG1g", "categories": [ "Coffee shop", "Breakfast restaurant", "Cafe", "Coffee store", "Espresso bar", "Internet cafe" ], "fid": "0x8640bf6a4946faeb:0x581b97b8e62e92f8", "cid": "6348834920100434680", "reviewsCount": 1013, "imagesCount": 251.0, "scrapedAt": "2025-07-04T15:46:38.962Z", "price_category": "Medium ($16-35)", "service_options": [ "Outdoor seating", "Drive-through", "Onsite services", "Takeout", "Dine-in" ], "has_drive_through": true }, "geometry": { "type": "Point", "coordinates": [ -10617260.363490609452128, 3471001.992560306098312 ] } },
{ "type": "Feature", "properties": { "title": "Starbucks", "price": "$$", "categoryName": "Coffee shop", "address": "5015 Westheimer Rd Galleria, Houston, TX 77056", "neighborhood": "Westside", "street": "5015 Westheimer Rd Galleria", "city": "Houston", "postalCode": "77056", "state": "Texas", "countryCode": "US", "website": "https://www.starbucks.com/store-locator/store/15276/", "phone": "(713) 961-7533", "phoneUnformatted": "+17139617533", "claimThisBusiness": false, "totalScore": 3.9, "permanentlyClosed": false, "temporarilyClosed": false, "placeId": "ChIJo0n5vm7BQIYRcFQn6AykWaA", "categories": [ "Coffee shop", "Breakfast restaurant", "Cafe", "Coffee store", "Espresso bar", "Internet cafe" ], "fid": "0x8640c16ebef949a3:0xa059a40ce8275470", "cid": "11554446694337172592", "reviewsCount": 424, "imagesCount": 104.0, "scrapedAt": "2025-07-04T15:46:40.914Z", "price_category": "Medium ($16-35)", "service_options": [ "Delivery", "Drive-through", "Takeout", "Dine-in" ], "has_drive_through": true }, "geometry": { "type": "Point", "coordinates": [ -10626889.766611004248261, 3470044.395062611903995 ] } },
{ "type": "Feature", "properties": { "title": "Starbucks", "price": "$$", "categoryName": "Coffee shop", "address": "5409 S Rice Ave, Houston, TX 77081", "neighborhood": "Gulfton", "street": "5409 S Rice Ave", "city": "Houston", "postalCode": "77081", "state": "Texas", "countryCode": "US", "website": "https://www.starbucks.com/store-locator/store/1013881/", "phone": "(832) 523-2867", "phoneUnformatted": "+18325232867", "claimThisBusiness": false, "totalScore": 3.9, "permanentlyClosed": false, "temporarilyClosed": false, "placeId": "ChIJETlqOHjBQIYR1Z6FrhlJUkA", "categories": [ "Coffee shop", "Breakfast restaurant", "Cafe", "Coffee store", "Espresso bar", "Internet cafe" ], "fid": "0x8640c178386a3911:0x40524919ae859ed5", "cid": "4634847341168664277", "reviewsCount": 835, "imagesCount": 157.0, "scrapedAt": "2025-07-04T15:46:41.794Z", "price_category": "Medium ($16-35)", "service_options": [ "Outdoor seating", "Curbside pickup", "No-contact delivery", "Delivery", "Drive-through", "Takeout", "Dine-in" ], "has_drive_through": true }, "geometry": { "type": "Point", "coordinates": [ -10627410.875411305576563, 3468027.481083735823631 ] } },
{ "type": "Feature", "properties": { "title": "Wendy's", "price": "$1–10", "categoryName": "Fast food restaurant", "address": "5003 Kirby Dr, Houston, TX 77098", "neighborhood": "University Place", "street": "5003 Kirby Dr", "city": "Houston", "postalCode": "77098", "state": "Texas", "countryCode": "US", "website": "https://locations.wendys.com/united-states/tx/houston/5003-kirby?utm_source=Yext&utm_medium=Google_My_Business&utm_campaign=Local_Search&utm_content=EN_US", "phone": "(832) 509-1793", "phoneUnformatted": "+18325091793", "claimThisBusiness": false, "totalScore": 3.6, "permanentlyClosed": false, "temporarilyClosed": false, "placeId": "ChIJsYdxTPTAQIYR1IiRVyA8Er8", "categories": [ "Fast food restaurant", "Hamburger restaurant", "Restaurant" ], "fid": "0x8640c0f44c7187b1:0xbf123c20579188d4", "cid": "13768133120430803156", "reviewsCount": 1065, "imagesCount": 322.0, "scrapedAt": "2025-07-04T15:46:49.419Z", "price_category": "Low ($1-15)", "service_options": [ "Delivery", "Drive-through", "Takeout", "Dine-in" ], "has_drive_through": true }, "geometry": { "type": "Point", "coordinates": [ -10621909.510704100131989, 3468596.787663538008928 ] } },
{ "type": "Feature", "properties": { "title": "McDonald's", "price": "$", "categoryName": "Fast food restaurant", "address": "4920 Kirby Dr, Houston, TX 77098", "neighborhood": "Greenway / Upper Kirby Area", "street": "4920 Kirby Dr", "city": "Houston", "postalCode": "77098", "state": "Texas", "countryCode": "US", "website": "https://www.mcdonalds.com/us/en-us/location/TX/HOUSTON/4920-N-KIRBY-DR/2251.html?cid=RF:YXT:GMB::Clicks", "phone": "(713) 527-8907", "phoneUnformatted": "+17135278907", "claimThisBusiness": false, "totalScore": 3.7, "permanentlyClosed": false, "temporarilyClosed": false, "placeId": "ChIJZ6RZSvTAQIYRn6dz8lFxKOg", "categories": [ "Fast food restaurant", "Breakfast restaurant", "Coffee shop", "Hamburger restaurant", "Restaurant", "Sandwich shop" ], "fid": "0x8640c0f44a59a467:0xe8287151f273a79f", "cid": "16728745412641662879", "reviewsCount": 1826, "imagesCount": 311.0, "scrapedAt": "2025-07-04T15:46:50.788Z", "price_category": "Low ($1-15)", "service_options": [ "Curbside pickup", "No-contact delivery", "Delivery", "Drive-through", "Takeout", "Dine-in" ], "has_drive_through": true }, "geometry": { "type": "Point", "coordinates": [ -10621998.488373089581728, 3468623.669217288959771 ] } },
{ "type": "Feature", "properties": { "title": "Burger King", "price": "$", "categoryName": "Fast food restaurant", "address": "5115 Kirby Dr, Sugar Land, TX 77098", "neighborhood": "University Place", "street": "5115 Kirby Dr", "city": "Sugar Land", "postalCode": "77098", "state": "Texas", "countryCode": "US", "website": "https://burgerking.com/store-locator/store/restaurant_184", "phone": "(713) 529-6912", "phoneUnformatted": "+17135296912", "claimThisBusiness": false, "totalScore": 3.7, "permanentlyClosed": false, "temporarilyClosed": false, "placeId": "ChIJ8TI9pfXAQIYRBurMBI9UP0E", "categories": [ "Fast food restaurant", "Breakfast restaurant", "Delivery service", "Family restaurant" ], "fid": "0x8640c0f5a53d32f1:0x413f548f04ccea06", "cid": "4701569509235681798", "reviewsCount": 632, "imagesCount": 207.0, "scrapedAt": "2025-07-04T15:46:51.797Z", "price_category": "Low ($1-15)", "service_options": [ "Delivery", "Drive-through", "Takeout", "Dine-in" ], "has_drive_through": true }, "geometry": { "type": "Point", "coordinates": [ -10621913.239907041192055, 3468464.521494877990335 ] } },
{ "type": "Feature", "properties": { "title": "MOD Pizza", "price": "$10–20", "categoryName": "Pizza restaurant", "address": "2550 CityWest Blvd Suite 100, Houston, TX 77042", "neighborhood": "Westside", "street": "2550 CityWest Blvd Suite 100", "city": "Houston", "postalCode": "77042", "state": "Texas", "countryCode": "US", "website": "https://locations.modpizza.com/usa/tx/houston/2550-citywest-blvd?utm_source=google&utm_medium=yext", "phone": "(832) 975-8848", "phoneUnformatted": "+18329758848", "claimThisBusiness": false, "totalScore": 4.4, "permanentlyClosed": false, "temporarilyClosed": false, "placeId": "ChIJ35Hs0TTDQIYReh_YZTGA7BQ", "categories": [ "Pizza restaurant", "Restaurant" ], "fid": "0x8640c334d1ec91df:0x14ec803165d81f7a", "cid": "1507720924912689018", "reviewsCount": 1826, "imagesCount": 470.0, "scrapedAt": "2025-07-04T15:46:54.932Z", "price_category": "Low ($1-15)", "service_options": [ "Outdoor seating", "No-contact delivery", "Delivery", "Drive-through", "Takeout", "Dine-in" ], "has_drive_through": true }, "geometry": { "type": "Point", "coordinates": [ -10637870.911176154389977, 3469850.627750310115516 ] } },
{ "type": "Feature", "properties": { "title": "241delices (foodtruck)", "price": "$20–30", "categoryName": "Fast food restaurant", "address": "9545 Richmond Ave., Houston, TX 77063", "neighborhood": "Westside", "street": "9545 Richmond Ave.", "city": "Houston", "postalCode": "77063", "state": "Texas", "countryCode": "US", "website": null, "phone": "(832) 682-8087", "phoneUnformatted": "+18326828087", "claimThisBusiness": false, "totalScore": 5.0, "permanentlyClosed": false, "temporarilyClosed": false, "placeId": "ChIJtexZowDDQIYRPUM_oglKH8c", "categories": [ "Fast food restaurant" ], "fid": "0x8640c300a359ecb5:0xc71f4a09a23f433d", "cid": "14348268343062905661", "reviewsCount": 21, "imagesCount": 35.0, "scrapedAt": "2025-07-04T15:46:56.022Z", "price_category": "Medium ($16-35)", "service_options": [ "Curbside pickup", "Drive-through", "Takeout" ], "has_drive_through": true }, "geometry": { "type": "Point", "coordinates": [ -10634900.17245315015316, 3468671.061392376665026 ] } },
{ "type": "Feature", "properties": { "title": "Burger King", "price": "$", "categoryName": "Fast food restaurant", "address": "2615 S Dairy Ashford Rd, Houston, TX 77082", "neighborhood": "Westside", "street": "2615 S Dairy Ashford Rd", "city": "Houston", "postalCode": "77082", "state": "Texas", "countryCode": "US", "website": "https://burgerking.com/store-locator/store/restaurant_5155", "phone": "(281) 558-8382", "phoneUnformatted": "+12815588382", "claimThisBusiness": false, "totalScore": 3.1, "permanentlyClosed": false, "temporarilyClosed": false, "placeId": "ChIJy-KEPl_cQIYRK81YXMLZfCA", "categories": [ "Fast food restaurant", "Breakfast restaurant", "Delivery service", "Family restaurant" ], "fid": "0x8640dc5f3e84e2cb:0x207cd9c25c58cd2b", "cid": "2340985335122021675", "reviewsCount": 873, "imagesCount": 166.0, "scrapedAt": "2025-07-04T15:46:57.186Z", "price_category": "Low ($1-15)", "service_options": [ "Delivery", "Drive-through", "Takeout", "Dine-in" ], "has_drive_through": true }, "geometry": { "type": "Point", "coordinates": [ -10642740.092495147138834, 3469594.35272121662274 ] } },
{ "type": "Feature", "properties": { "title": "Starbucks", "price": "$$", "categoryName": "Coffee shop", "address": "12555 Westheimer Rd, Houston, TX 77077", "neighborhood": "Westside", "street": "12555 Westheimer Rd", "city": "Houston", "postalCode": "77077", "state": "Texas", "countryCode": "US", "website": "https://www.starbucks.com/store-locator/store/1015353", "phone": "(281) 753-6506", "phoneUnformatted": "+12817536506", "claimThisBusiness": false, "totalScore": 3.9, "permanentlyClosed": false, "temporarilyClosed": false, "placeId": "ChIJQZ0Fa1_cQIYRVAf53m6iJ4I", "categories": [ "Coffee shop", "Breakfast restaurant", "Cafe", "Coffee store", "Espresso bar", "Internet cafe" ], "fid": "0x8640dc5f6b059d41:0x8227a26edef90754", "cid": "9378643346093311828", "reviewsCount": 869, "imagesCount": 232.0, "scrapedAt": "2025-07-04T15:46:57.186Z", "price_category": "Medium ($16-35)", "service_options": [ "Outdoor seating", "Curbside pickup", "Delivery", "Drive-through", "Onsite services", "Takeout", "Dine-in" ], "has_drive_through": true }, "geometry": { "type": "Point", "coordinates": [ -10642672.755335165187716, 3469632.735959654673934 ] } },
{ "type": "Feature", "properties": { "title": "Raising Cane's Chicken Fingers", "price": "$", "categoryName": "Fast food restaurant", "address": "1640 W Bay Area Blvd, Friendswood, TX 77546", "neighborhood": "Clear Lake", "street": "1640 W Bay Area Blvd", "city": "Friendswood", "postalCode": "77546", "state": "Texas", "countryCode": "US", "website": "https://locations.raisingcanes.com/tx/friendswood/1640-west-bay-area-boulevard", "phone": "(281) 286-3932", "phoneUnformatted": "+12812863932", "claimThisBusiness": false, "totalScore": 4.4, "permanentlyClosed": false, "temporarilyClosed": false, "placeId": "ChIJM87IJzSbQIYRM1C4LXGA1-4", "categories": [ "Fast food restaurant", "American restaurant", "Chicken restaurant", "Southern restaurant (US)" ], "fid": "0x86409b3427c8ce33:0xeed780712db85033", "cid": "17210365724606353459", "reviewsCount": 1714, "imagesCount": 133.0, "scrapedAt": "2025-07-04T15:47:09.989Z", "price_category": "Low ($1-15)", "service_options": [ "Outdoor seating", "Curbside pickup", "Drive-through", "Takeout", "Dine-in" ], "has_drive_through": true }, "geometry": { "type": "Point", "coordinates": [ -10592257.493788780644536, 3444353.03624731535092 ] } },
{ "type": "Feature", "properties": { "title": "McDonald's", "price": "$", "categoryName": "Fast food restaurant", "address": "150 W El Dorado Blvd, Friendswood, TX 77546", "neighborhood": "Clear Lake", "street": "150 W El Dorado Blvd", "city": "Friendswood", "postalCode": "77546", "state": "Texas", "countryCode": "US", "website": "https://www.mcdonalds.com/us/en-us/location/TX/FRIENDSWOOD/150-W-EL-DORADO-BLVD/27324.html?cid=RF:YXT:GMB::Clicks", "phone": "(281) 280-8180", "phoneUnformatted": "+12812808180", "claimThisBusiness": false, "totalScore": 3.5, "permanentlyClosed": false, "temporarilyClosed": false, "placeId": "ChIJLUv8k52bQIYRmwIDJ83kqew", "categories": [ "Fast food restaurant", "Breakfast restaurant", "Coffee shop", "Hamburger restaurant", "Restaurant", "Sandwich shop" ], "fid": "0x86409b9d93fc4b2d:0xeca9e4cd2703029b", "cid": "17053413033789031067", "reviewsCount": 206, "imagesCount": 124.0, "scrapedAt": "2025-07-04T15:47:11.307Z", "price_category": "Low ($1-15)", "service_options": [ "Curbside pickup", "No-contact delivery", "Delivery", "Drive-through", "Onsite services", "Takeout", "Dine-in" ], "has_drive_through": true }, "geometry": { "type": "Point", "coordinates": [ -10593119.262494808062911, 3446155.538036039564759 ] } },
{ "type": "Feature", "properties": { "title": "Ceviches y Micheladas Guadalupe", "price": null, "categoryName": "Seafood restaurant", "address": "3850 Hillcroft St, Houston, TX 77057", "neighborhood": "Westside", "street": "3850 Hillcroft St", "city": "Houston", "postalCode": "77057", "state": "Texas", "countryCode": "US", "website": null, "phone": "(713) 836-0503", "phoneUnformatted": "+17138360503", "claimThisBusiness": false, "totalScore": 4.2, "permanentlyClosed": false, "temporarilyClosed": false, "placeId": "ChIJK2UAFrLDQIYRGglkkSCPdho", "categories": [ "Seafood restaurant" ], "fid": "0x8640c3b21600652b:0x1a768f209164091a", "cid": "1906868862278961434", "reviewsCount": 5, "imagesCount": 20.0, "scrapedAt": "2025-07-04T15:47:11.763Z", "price_category": null, "service_options": [ "Curbside pickup", "Delivery", "Drive-through", "Takeout", "Dine-in" ], "has_drive_through": true }, "geometry": { "type": "Point", "coordinates": [ -10631248.247502084821463, 3468229.604339377488941 ] } },
{ "type": "Feature", "properties": { "title": "NEXC3L FOOD", "price": null, "categoryName": "Pizza restaurant", "address": "100 Sharpstown Center, Houston, TX 77036, United States", "neighborhood": "Sharpstown", "street": "100 Sharpstown Center", "city": "Houston", "postalCode": "77036", "state": "Texas", "countryCode": "US", "website": null, "phone": "+1 754-272-6383", "phoneUnformatted": "+17542726383", "claimThisBusiness": false, "totalScore": 5.0, "permanentlyClosed": false, "temporarilyClosed": false, "placeId": "ChIJbUab6NjDQIYRsoIs__eSTbQ", "categories": [ "Pizza restaurant" ], "fid": "0x8640c3d8e89b466d:0xb44d92f7ff2c82b2", "cid": "12992202093869433522", "reviewsCount": 31, "imagesCount": 37.0, "scrapedAt": "2025-07-04T15:47:12.959Z", "price_category": null, "service_options": [ "Delivery", "Drive-through", "Takeaway", "Dine-in" ], "has_drive_through": true }, "geometry": { "type": "Point", "coordinates": [ -10632413.706910945475101, 3466031.415271658450365 ] } },
{ "type": "Feature", "properties": { "title": "McDonald's", "price": "$", "categoryName": "Fast food restaurant", "address": "7606 Westheimer Rd, Houston, TX 77057", "neighborhood": "Westside", "street": "7606 Westheimer Rd", "city": "Houston", "postalCode": "77057", "state": "Texas", "countryCode": "US", "website": "https://www.mcdonalds.com/us/en-us/location/TX/HOUSTON/7606-WESTHEIMER/13777.html?cid=RF:YXT:GMB::Clicks", "phone": "(713) 785-7606", "phoneUnformatted": "+17137857606", "claimThisBusiness": false, "totalScore": 3.6, "permanentlyClosed": false, "temporarilyClosed": false, "placeId": "ChIJ4d2ONrnDQIYRoxurvJS-DKo", "categories": [ "Fast food restaurant", "Breakfast restaurant", "Coffee shop", "Hamburger restaurant", "Restaurant", "Sandwich shop" ], "fid": "0x8640c3b9368edde1:0xaa0cbe94bcab1ba3", "cid": "12253378232198044579", "reviewsCount": 1531, "imagesCount": 315.0, "scrapedAt": "2025-07-04T15:47:13.028Z", "price_category": "Low ($1-15)", "service_options": [ "Curbside pickup", "No-contact delivery", "Delivery", "Drive-through", "Onsite services", "Takeout", "Dine-in" ], "has_drive_through": true }, "geometry": { "type": "Point", "coordinates": [ -10631292.118513407185674, 3469921.319019770715386 ] } },
{ "type": "Feature", "properties": { "title": "Starbucks", "price": "$$", "categoryName": "Coffee shop", "address": "7705 Westheimer Rd, Houston, TX 77063", "neighborhood": "Westside", "street": "7705 Westheimer Rd", "city": "Houston", "postalCode": "77063", "state": "Texas", "countryCode": "US", "website": "https://www.starbucks.com/store-locator/store/1012651/", "phone": "(713) 266-6474", "phoneUnformatted": "+17132666474", "claimThisBusiness": false, "totalScore": 3.8, "permanentlyClosed": false, "temporarilyClosed": false, "placeId": "ChIJuY6pv9vDQIYR-4lcWkju9Jc", "categories": [ "Coffee shop", "Breakfast restaurant", "Cafe", "Coffee store", "Espresso bar", "Internet cafe" ], "fid": "0x8640c3dbbfa98eb9:0x97f4ee485a5c89fb", "cid": "10949638588565588475", "reviewsCount": 718, "imagesCount": 172.0, "scrapedAt": "2025-07-04T15:47:13.028Z", "price_category": "Medium ($16-35)", "service_options": [ "Outdoor seating", "Curbside pickup", "Delivery", "Drive-through", "Takeout", "Dine-in" ], "has_drive_through": true }, "geometry": { "type": "Point", "coordinates": [ -10631443.846979357302189, 3469821.833412805106491 ] } },
{ "type": "Feature", "properties": { "title": "Pizza Patrón Bellaire Blvd.", "price": "$", "categoryName": "Pizza restaurant", "address": "5800 Bellaire Blvd Ste 6, Houston, TX 77081", "neighborhood": "Gulfton", "street": "5800 Bellaire Blvd Ste 6", "city": "Houston", "postalCode": "77081", "state": "Texas", "countryCode": "US", "website": "http://www.pizzapatron.com/", "phone": "(713) 218-9191", "phoneUnformatted": "+17132189191", "claimThisBusiness": false, "totalScore": 3.9, "permanentlyClosed": false, "temporarilyClosed": false, "placeId": "ChIJV5StJCTCQIYR2cJzeyh8ZGc", "categories": [ "Pizza restaurant" ], "fid": "0x8640c22424ad9457:0x67647c287b73c2d9", "cid": "7450216196889363161", "reviewsCount": 406, "imagesCount": 169.0, "scrapedAt": "2025-07-04T15:47:19.281Z", "price_category": "Low ($1-15)", "service_options": [ "Curbside pickup", "Delivery", "Drive-through", "Takeout", "Dine-in" ], "has_drive_through": true }, "geometry": { "type": "Point", "coordinates": [ -10629260.727049563080072, 3465804.578325456008315 ] } },
{ "type": "Feature", "properties": { "title": "Louisiana Famous Fried Chicken", "price": "€", "categoryName": "Fast food restaurant", "address": "2001 Fannin St, Houston, TX 77002, United States", "neighborhood": "Midtown", "street": "2001 Fannin St", "city": "Houston", "postalCode": "77002", "state": "Texas", "countryCode": "US", "website": "https://louisianafriedchickenhq.com/", "phone": "+1 713-497-5545", "phoneUnformatted": "+17134975545", "claimThisBusiness": false, "totalScore": 3.8, "permanentlyClosed": false, "temporarilyClosed": false, "placeId": "ChIJWVtjnxW_QIYRnTLZjwmKwV8", "categories": [ "Fast food restaurant" ], "fid": "0x8640bf159f635b59:0x5fc18a098fd9329d", "cid": "6899947877781025437", "reviewsCount": 891, "imagesCount": 270.0, "scrapedAt": "2025-07-04T15:47:25.636Z", "price_category": "Low ($1-15)", "service_options": [ "Delivery", "Drive-through", "Takeaway", "Dine-in" ], "has_drive_through": true }, "geometry": { "type": "Point", "coordinates": [ -10616560.508983939886093, 3471236.960370394401252 ] } },
{ "type": "Feature", "properties": { "title": "Taco Bell", "price": "$", "categoryName": "Fast food restaurant", "address": "1216 Barker Cypress Rd, Houston, TX 77084", "neighborhood": "Energy Corridor", "street": "1216 Barker Cypress Rd", "city": "Houston", "postalCode": "77084", "state": "Texas", "countryCode": "US", "website": "https://locations.tacobell.com/tx/houston/1216-barker-cypress.html?utm_source=yext&utm_campaign=googlelistings&utm_medium=referral&utm_term=036711&utm_content=website&y_source=1_MTY5MTM1MTMtNzE1LWxvY2F0aW9uLndlYnNpdGU%3D", "phone": "(346) 322-0436", "phoneUnformatted": "+13463220436", "claimThisBusiness": false, "totalScore": 3.8, "permanentlyClosed": false, "temporarilyClosed": false, "placeId": "ChIJe5p51_DZQIYRL8Bxy3q5UdI", "categories": [ "Fast food restaurant", "Breakfast restaurant", "Lunch restaurant", "Takeout Restaurant", "Mexican restaurant", "Restaurant", "Tex-Mex restaurant", "Vegetarian restaurant" ], "fid": "0x8640d9f0d7799a7b:0xd251b97acb71c02f", "cid": "15155098158128807983", "reviewsCount": 488, "imagesCount": 49.0, "scrapedAt": "2025-07-04T15:47:27.027Z", "price_category": "Low ($1-15)", "service_options": [ "Delivery", "Drive-through", "Takeout", "Dine-in" ], "has_drive_through": true }, "geometry": { "type": "Point", "coordinates": [ -10651940.436902176588774, 3476223.519539962057024 ] } },
{ "type": "Feature", "properties": { "title": "Starbucks", "price": "$$", "categoryName": "Coffee shop", "address": "18002 Park Row Blvd, Houston, TX 77084", "neighborhood": "Energy Corridor", "street": "18002 Park Row Blvd", "city": "Houston", "postalCode": "77084", "state": "Texas", "countryCode": "US", "website": "https://www.starbucks.com/store-locator/store/1024148", "phone": "(832) 584-9887", "phoneUnformatted": "+18325849887", "claimThisBusiness": false, "totalScore": 4.2, "permanentlyClosed": false, "temporarilyClosed": false, "placeId": "ChIJvwp46cLZQIYRYI8SW_X8LNA", "categories": [ "Coffee shop", "Breakfast restaurant", "Cafe", "Coffee store", "Espresso bar", "Internet cafe" ], "fid": "0x8640d9c2e9780abf:0xd02cfcf55b128f60", "cid": "15000642589589409632", "reviewsCount": 676, "imagesCount": 97.0, "scrapedAt": "2025-07-04T15:47:27.027Z", "price_category": "Medium ($16-35)", "service_options": [ "Outdoor seating", "Curbside pickup", "No-contact delivery", "Drive-through", "Onsite services", "Takeout", "Dine-in" ], "has_drive_through": true }, "geometry": { "type": "Point", "coordinates": [ -10652044.498362172394991, 3476506.863357755821198 ] } },
{ "type": "Feature", "properties": { "title": "El Taco Rico", "price": "$", "categoryName": "Mexican restaurant", "address": "1818 Hamilton St STE B, Houston, TX 77003", "neighborhood": "Downtown Houston", "street": "1818 Hamilton St STE B", "city": "Houston", "postalCode": "77003", "state": "Texas", "countryCode": "US", "website": "https://eltacoricotx.com/", "phone": "(832) 795-3665", "phoneUnformatted": "+18327953665", "claimThisBusiness": false, "totalScore": 4.7, "permanentlyClosed": false, "temporarilyClosed": false, "placeId": "ChIJiU6GmTK_QIYRJv8Xsnr9eGM", "categories": [ "Mexican restaurant" ], "fid": "0x8640bf3299864e89:0x6378fd7ab217ff26", "cid": "7167757510375898918", "reviewsCount": 208, "imagesCount": 111.0, "scrapedAt": "2025-07-04T15:47:36.221Z", "price_category": "Low ($1-15)", "service_options": [ "Delivery", "Drive-through", "Takeout", "Dine-in" ], "has_drive_through": true }, "geometry": { "type": "Point", "coordinates": [ -10615681.107270572334528, 3470971.541682436596602 ] } },
{ "type": "Feature", "properties": { "title": "Dripped Birria (Midtown)", "price": "$", "categoryName": "Mexican restaurant", "address": "2503 Bagby St, Houston, TX 77006", "neighborhood": "Midtown", "street": "2503 Bagby St", "city": "Houston", "postalCode": "77006", "state": "Texas", "countryCode": "US", "website": "https://www.drippedbirria.com/", "phone": "(346) 335-3519", "phoneUnformatted": "+13463353519", "claimThisBusiness": false, "totalScore": 4.7, "permanentlyClosed": false, "temporarilyClosed": false, "placeId": "ChIJfwmIw3-_QIYRbwjijd-7M6w", "categories": [ "Mexican restaurant" ], "fid": "0x8640bf7fc388097f:0xac33bbdf8de2086f", "cid": "12408467967168350319", "reviewsCount": 1768, "imagesCount": 411.0, "scrapedAt": "2025-07-04T15:47:44.459Z", "price_category": "Low ($1-15)", "service_options": [ "No-contact delivery", "Delivery", "Drive-through", "Onsite services", "Takeout", "Dine-in" ], "has_drive_through": true }, "geometry": { "type": "Point", "coordinates": [ -10617465.191353669390082, 3471264.232095266226679 ] } },
{ "type": "Feature", "properties": { "title": "Mezcal Houston", "price": null, "categoryName": "Mexican restaurant", "address": "2600 Travis St Suite #104, Houston, TX 77006", "neighborhood": "Midtown", "street": "2600 Travis St Suite #104", "city": "Houston", "postalCode": "77006", "state": "Texas", "countryCode": "US", "website": "https://mezcalhou.com/", "phone": "(713) 684-8239", "phoneUnformatted": "+17136848239", "claimThisBusiness": false, "totalScore": null, "permanentlyClosed": false, "temporarilyClosed": false, "placeId": "ChIJ71-eAQC_QIYR8FF9hXEDd3U", "categories": [ "Mexican restaurant" ], "fid": "0x8640bf00019e5fef:0x75770371857d51f0", "cid": "8464237810771907056", "reviewsCount": 0, "imagesCount": 3.0, "scrapedAt": "2025-07-04T15:47:58.822Z", "price_category": null, "service_options": [ "Curbside pickup", "Drive-through", "Takeout", "Dine-in" ], "has_drive_through": true }, "geometry": { "type": "Point", "coordinates": [ -10617148.008728552609682, 3470894.754504802171141 ] } },
{ "type": "Feature", "properties": { "title": "Taquería el Karnicerito DF (Food Truck)", "price": null, "categoryName": "Mexican restaurant", "address": "3801 Jeanetta St, Houston, TX 77063", "neighborhood": "Westside", "street": "3801 Jeanetta St", "city": "Houston", "postalCode": "77063", "state": "Texas", "countryCode": "US", "website": null, "phone": "(346) 217-4388", "phoneUnformatted": "+13462174388", "claimThisBusiness": false, "totalScore": 3.5, "permanentlyClosed": false, "temporarilyClosed": false, "placeId": "ChIJ3b0aZenFQIYRxfe-v-_j9Qg", "categories": [ "Mexican restaurant" ], "fid": "0x8640c5e9651abddd:0x8f5e3efbfbef7c5", "cid": "645672740451186629", "reviewsCount": 26, "imagesCount": 54.0, "scrapedAt": "2025-07-04T15:48:06.294Z", "price_category": null, "service_options": [ "Drive-through", "Takeout", "Dine-in" ], "has_drive_through": true }, "geometry": { "type": "Point", "coordinates": [ -10633770.591316174715757, 3468062.091004904359579 ] } },
{ "type": "Feature", "properties": { "title": "Sam’s Pizza", "price": "$$", "categoryName": "Pizza restaurant", "address": "8261 Richmond Ave., Houston, TX 77063", "neighborhood": "Westside", "street": "8261 Richmond Ave.", "city": "Houston", "postalCode": "77063", "state": "Texas", "countryCode": "US", "website": null, "phone": "(281) 506-2122", "phoneUnformatted": "+12815062122", "claimThisBusiness": false, "totalScore": 4.5, "permanentlyClosed": false, "temporarilyClosed": false, "placeId": "ChIJ7Wd2uiHDQIYR7mQd4sahOUA", "categories": [ "Pizza restaurant" ], "fid": "0x8640c321ba7667ed:0x4039a1c6e21d64ee", "cid": "4627907967669069038", "reviewsCount": 35, "imagesCount": 21.0, "scrapedAt": "2025-07-04T15:48:17.303Z", "price_category": "Medium ($16-35)", "service_options": [ "Curbside pickup", "No-contact delivery", "Delivery", "Drive-through", "Takeout", "Dine-in" ], "has_drive_through": true }, "geometry": { "type": "Point", "coordinates": [ -10632497.908973781391978, 3468711.069907657802105 ] } },
{ "type": "Feature", "properties": { "title": "Starbucks", "price": "€€", "categoryName": "Coffee shop", "address": "5801 Kirby Dr, Houston, TX 77005, United States", "neighborhood": "University Place", "street": "5801 Kirby Dr", "city": "Houston", "postalCode": "77005", "state": "Texas", "countryCode": "US", "website": "https://www.starbucks.com/store-locator/store/15185/", "phone": "+1 713-522-4898", "phoneUnformatted": "+17135224898", "claimThisBusiness": false, "totalScore": 4.1, "permanentlyClosed": false, "temporarilyClosed": false, "placeId": "ChIJx7Es7V7AQIYRC94dM83OSJI", "categories": [ "Coffee shop", "Breakfast restaurant", "Cafe", "Coffee store", "Espresso bar", "Internet cafe" ], "fid": "0x8640c05eed2cb1c7:0x9248cecd331dde0b", "cid": "10540902308581858827", "reviewsCount": 712, "imagesCount": 83.0, "scrapedAt": "2025-07-04T15:48:17.409Z", "price_category": "Medium ($16-35)", "service_options": [ "Outdoor seating", "No-contact delivery", "Delivery", "Drive-through", "On-site services", "Takeaway", "Dine-in" ], "has_drive_through": true }, "geometry": { "type": "Point", "coordinates": [ -10621915.009886944666505, 3467650.136436992324889 ] } },
{ "type": "Feature", "properties": { "title": "Jack in the Box", "price": "$", "categoryName": "Fast food restaurant", "address": "5801 Bellaire Blvd, Houston, TX 77081", "neighborhood": "Gulfton", "street": "5801 Bellaire Blvd", "city": "Houston", "postalCode": "77081", "state": "Texas", "countryCode": "US", "website": "https://locations.jackinthebox.com/us/tx/houston/5801-bellaire-blvd?utm_source=google&utm_medium=local&utm_campaign=google-local", "phone": "(832) 706-2830", "phoneUnformatted": "+18327062830", "claimThisBusiness": false, "totalScore": 3.7, "permanentlyClosed": false, "temporarilyClosed": false, "placeId": "ChIJ9XmaqCbCQIYR5K5t38WHQvI", "categories": [ "Fast food restaurant", "American restaurant", "Breakfast restaurant", "Chicken restaurant", "Dessert restaurant", "Hamburger restaurant", "Delivery Restaurant", "Mexican restaurant" ], "fid": "0x8640c226a89a79f5:0xf24287c5df6daee4", "cid": "17456664389568278244", "reviewsCount": 550, "imagesCount": 135.0, "scrapedAt": "2025-07-04T15:48:18.918Z", "price_category": "Low ($1-15)", "service_options": [ "No-contact delivery", "Delivery", "Drive-through", "Takeout", "Dine-in" ], "has_drive_through": true }, "geometry": { "type": "Point", "coordinates": [ -10629094.738556841388345, 3465716.223347260151058 ] } },
{ "type": "Feature", "properties": { "title": "Starbucks", "price": "$$", "categoryName": "Coffee shop", "address": "Town & Country Villlage, 12850 Memorial Dr Building #4, Houston, TX 77024", "neighborhood": "Westside", "street": "Town & Country Villlage, 12850 Memorial Dr Building #4", "city": "Houston", "postalCode": "77024", "state": "Texas", "countryCode": "US", "website": "https://www.starbucks.com/store-locator/store/15188/", "phone": "(713) 461-3918", "phoneUnformatted": "+17134613918", "claimThisBusiness": false, "totalScore": 4.3, "permanentlyClosed": false, "temporarilyClosed": false, "placeId": "ChIJOY0S1lLbQIYRSad9bxqll-E", "categories": [ "Coffee shop", "Breakfast restaurant", "Cafe", "Coffee store", "Espresso bar", "Internet cafe" ], "fid": "0x8640db52d6128d39:0xe197a51a6f7da749", "cid": "16255642912975333193", "reviewsCount": 482, "imagesCount": 212.0, "scrapedAt": "2025-07-04T15:48:23.511Z", "price_category": "Medium ($16-35)", "service_options": [ "Outdoor seating", "Delivery", "Drive-through", "Takeout", "Dine-in" ], "has_drive_through": true }, "geometry": { "type": "Point", "coordinates": [ -10637906.533413209021091, 3474479.970334590412676 ] } },
{ "type": "Feature", "properties": { "title": "La Neta Food Truck", "price": "$", "categoryName": "Mexican restaurant", "address": "1411 Westheimer Rd, Houston, TX 77006", "neighborhood": "Montrose", "street": "1411 Westheimer Rd", "city": "Houston", "postalCode": "77006", "state": "Texas", "countryCode": "US", "website": "https://brendajdr.wixsite.com/la-neta-food-truck", "phone": null, "phoneUnformatted": null, "claimThisBusiness": false, "totalScore": 4.4, "permanentlyClosed": false, "temporarilyClosed": false, "placeId": "ChIJzx6i2F_BQIYRNiivWARt1cc", "categories": [ "Mexican restaurant", "Taco restaurant" ], "fid": "0x8640c15fd8a21ecf:0xc7d56d0458af2836", "cid": "14399535249022199862", "reviewsCount": 47, "imagesCount": 18.0, "scrapedAt": "2025-07-04T15:48:34.406Z", "price_category": "Low ($1-15)", "service_options": [ "Curbside pickup", "No-contact delivery", "Delivery", "Drive-through", "Takeout" ], "has_drive_through": true }, "geometry": { "type": "Point", "coordinates": [ -10619463.765831626951694, 3470546.147255453746766 ] } },
{ "type": "Feature", "properties": { "title": "McDonald's", "price": "€", "categoryName": "Fast food restaurant", "address": "5512 Bellaire Blvd, Houston, TX 77081, United States", "neighborhood": "Gulfton", "street": "5512 Bellaire Blvd", "city": "Houston", "postalCode": "77081", "state": "Texas", "countryCode": "US", "website": "https://www.mcdonalds.com/us/en-us/location/TX/HOUSTON/5512-BELLAIRE-BOULEVARD/3300.html?cid=RF:YXT:GMB::Clicks", "phone": "+1 713-661-2159", "phoneUnformatted": "+17136612159", "claimThisBusiness": false, "totalScore": 3.7, "permanentlyClosed": false, "temporarilyClosed": false, "placeId": "ChIJtTZHWSfCQIYR2OyFyrgC_ng", "categories": [ "Fast food restaurant", "Breakfast restaurant", "Coffee shop", "Hamburger restaurant", "Restaurant", "Sandwich shop" ], "fid": "0x8640c227594736b5:0x78fe02b8ca85ecd8", "cid": "8718408921330871512", "reviewsCount": 2865, "imagesCount": 438.0, "scrapedAt": "2025-07-04T15:49:27.326Z", "price_category": "Low ($1-15)", "service_options": [ "Kerbside pickup", "No-contact delivery", "Delivery", "Drive-through", "On-site services", "Takeaway", "Dine-in" ], "has_drive_through": true }, "geometry": { "type": "Point", "coordinates": [ -10628572.661276971921325, 3465819.983476583380252 ] } }
]
}
